CRE	tf	TF	confidence	label	rationale
chr7:151695087-151695104	MEIS3	ESR1	0.46	0	Motif match 77% of max PWM score (strand +, rank 1). No ENCODE ChIP-seq data for zr751 cells. Motif-based prediction.
chr1:57399399-57399415	EMX1	PHOX2B	0.85	0	Motif match 100% of max PWM score (strand +, rank 1). No ENCODE ChIP-seq data for Kelly cells. Motif-based prediction.
chr6:107702919-107702936	NR2C2	ESR1	0.85	0	Motif match 100% of max PWM score (strand +, rank 1). No ENCODE ChIP-seq data for MDA-MB-231 cells. Motif-based prediction.
chr4:86936434-86936444	CEBPD	CEBPB	0.8	0	Motif match 100% of max PWM score (strand -, rank 1). No ENCODE ChIP-seq overlap for this TF in A549 cells (4 other TF(s) have peaks here). Motif-based prediction.
chr17:5509643-5509661	RHOXF1	TP63	0.66	0	Motif match 89% of max PWM score (strand +, rank 1). No ENCODE peak overlap at this locus in keratinocyte cells. Motif-based prediction.
chr3:72875662-72875681	TBX2	CTCF	0.29	0	Motif match 59% of max PWM score (strand -, rank 1). No ENCODE ChIP-seq data for HUES64 cells. Motif-based prediction.
chr18:35290401-35290409	SMAD2	TBX5	0.08	0	Motif match 15% of max PWM score (strand -, rank 1). No ENCODE ChIP-seq data for iPSC-derived-cardiomyocytes cells. Motif-based prediction.
chr6:20575422-20575434	FOXL1	FOXA1	0.8	0	Motif match 97% of max PWM score (strand +, rank 1). No ENCODE ChIP-seq data for mcf7-sictr cells. Motif-based prediction.
chr17:64385389-64385401	BATF	JUN	0.85	0	Motif match 100% of max PWM score (strand +, rank 1). No ENCODE ChIP-seq data for HAEC cells. Motif-based prediction.
chr15:87967303-87967322	ZNF317	CTCF	0.34	0	Motif match 68% of max PWM score (strand -, rank 1). No ENCODE ChIP-seq data for THP-1 cells. Motif-based prediction.
chr4:142226239-142226251	FOXA2	FOXA1	0.41	0	Motif match 74% of max PWM score (strand +, rank 1). No ENCODE peak overlap at this locus in LNCaP cells. Motif-based prediction.
chr7:130913438-130913456	ARNT	TP53	0.54	0	Motif match 82% of max PWM score (strand -, rank 1). No ENCODE ChIP-seq data for PHA-simulated-human-T-lynphocytes cells. Motif-based prediction.
chr14:104226027-104226037	ZEB1	ASCL1	0.85	0	Motif match 100% of max PWM score (strand -, rank 1). No ENCODE ChIP-seq data for h889 cells. Motif-based prediction.
chr2:24021553-24021572	SP5	CTCF	0.8	0	Motif match 100% of max PWM score (strand -, rank 1). No ENCODE ChIP-seq overlap for this TF in MCF7 cells (7 other TF(s) have peaks here). Motif-based prediction.
chr1:49813639-49813656	ZSCAN21	AR	0.55	0	Motif match 82% of max PWM score (strand +, rank 1). No ENCODE peak overlap at this locus in VCaP cells. Motif-based prediction.
chr7:5556417-5556431	FOXP3	RXRA	0.21	0	Motif match 53% of max PWM score (strand +, rank 1). No ENCODE ChIP-seq overlap for this TF in GM12878 cells (36 other TF(s) have peaks here). Motif-based prediction.
chr4:90943441-90943454	HOXA4	JUNB	0.85	0	Motif match 100% of max PWM score (strand -, rank 1). No ENCODE ChIP-seq data for MCF10A-ER-Src cells. Motif-based prediction.
chr4:147646479-147646491	BATF	FOS	0.85	0	Motif match 100% of max PWM score (strand -, rank 1). No ENCODE ChIP-seq data for MCF10A-ER-Src cells. Motif-based prediction.
chr12:103441778-103441798	TBR1	SPI1	0.61	0	Motif match 86% of max PWM score (strand +, rank 1). No ENCODE ChIP-seq data for MDM-monocyte-derived-macrophages- cells. Motif-based prediction.
chr22:32355951-32355970	CTCF	CTCF	0.55	1	Motif match 73% of max PWM score (strand -, rank 11). ENCODE CTCF ChIP-seq: 1 peak(s) overlap this locus in PANC1 cells. ZEB1 has higher motif score (100%) but no ENCODE evidence in PANC1.
chr10:50369147-50369158	FOXA2	FOXA2	0.64	1	Motif match 87% of max PWM score (strand +, rank 1). No ENCODE peak overlap at this locus in BJ cells. Motif-based prediction.
chr22:21816759-21816770	BATF	FOS	0.8	0	Motif match 100% of max PWM score (strand -, rank 1). No ENCODE ChIP-seq overlap for this TF in K562 cells (4 other TF(s) have peaks here). Motif-based prediction.
chr20:1777435-1777446	ZFP57	RUNX1	0.29	0	Motif match 59% of max PWM score (strand +, rank 1). No ENCODE ChIP-seq data for MV4-11 cells. Motif-based prediction.
chr7:18693584-18693603	ZKSCAN1	CTCF	0.26	0	Motif match 61% of max PWM score (strand +, rank 1). No ENCODE ChIP-seq overlap for this TF in SK-N-SH cells (6 other TF(s) have peaks here). Motif-based prediction.
chr16:59337608-59337625	FOXL1	AR	0.8	0	Motif match 97% of max PWM score (strand -, rank 1). No ENCODE peak overlap at this locus in LNCaP cells. Motif-based prediction.
chr1:205335825-205335844	ZEB1	CTCF	0.85	0	Motif match 100% of max PWM score (strand -, rank 1). No ENCODE ChIP-seq data for HSMM cells. Motif-based prediction.
chr12:112387517-112387536	NKX2-5	CTCF	0.3	0	Motif match 60% of max PWM score (strand -, rank 1). No ENCODE ChIP-seq data for gm2255 cells. Motif-based prediction.
chr18:45962648-45962659	BHLHE22	TCF3	0.85	0	Motif match 100% of max PWM score (strand +, rank 1). No ENCODE ChIP-seq data for kasumi1 cells. Motif-based prediction.
chr7:123550953-123550969	SCRT2	SCRT1	0.57	0	Motif match 83% of max PWM score (strand -, rank 1). No ENCODE peak overlap at this locus in HEK293 cells. Motif-based prediction.
chr3:49007576-49007595	SP5	CTCF	0.8	0	Motif match 100% of max PWM score (strand +, rank 1). No ENCODE ChIP-seq overlap for this TF in MCF-7 cells (18 other TF(s) have peaks here). Motif-based prediction.
chr3:94579851-94579864	MEIS1	SMAD2	0.29	0	Motif match 59% of max PWM score (strand +, rank 1). No ENCODE ChIP-seq data for endoderm cells. Motif-based prediction.
chr14:61297105-61297124	HOXA7	CTCF	0.8	0	Motif match 97% of max PWM score (strand +, rank 1). No ENCODE ChIP-seq data for heart-left-ventricle cells. Motif-based prediction.
chr4:21113773-21113785	FOXP3	FOXA1	0.46	0	Motif match 77% of max PWM score (strand +, rank 1). No ENCODE ChIP-seq data for zr751-e2 cells. Motif-based prediction.
chr2:107740761-107740773	FOXL1	FOXA1	0.61	0	Motif match 85% of max PWM score (strand +, rank 1). No ENCODE peak overlap at this locus in 22RV1 cells. Motif-based prediction.
chr5:93820673-93820684	SRY	SOX2	0.34	0	Motif match 68% of max PWM score (strand -, rank 1). No ENCODE ChIP-seq data for hnsc cells. Motif-based prediction.
chr17:70217224-70217235	FOXL1	FOXA2	0.8	0	Motif match 97% of max PWM score (strand +, rank 1). No ENCODE peak overlap at this locus in BJ cells. Motif-based prediction.
chr2:126658206-126658219	TEAD4	TEAD1	0.49	0	Motif match 79% of max PWM score (strand +, rank 1). No ENCODE ChIP-seq data for MCF-7-C4-12 cells. Motif-based prediction.
chr6:50333823-50333833	FOSB	JUN	0.39	0	Motif match 73% of max PWM score (strand -, rank 1). No ENCODE ChIP-seq data for MCF10A-ER-Src cells. Motif-based prediction.
chr14:55103379-55103389	BATF	JUN	0.85	0	Motif match 100% of max PWM score (strand -, rank 1). No ENCODE ChIP-seq data for MDA-MB-231 cells. Motif-based prediction.
chr5:78649354-78649373	ZBTB7A	CTCF	0.54	0	Motif match 81% of max PWM score (strand -, rank 1). No ENCODE ChIP-seq data for h1-emb cells. Motif-based prediction.
chr4:38857920-38857940	NFATC3	PPARG	0.36	0	Motif match 71% of max PWM score (strand +, rank 1). No ENCODE ChIP-seq data for asc cells. Motif-based prediction.
chr17:80792166-80792177	JUN	JUN	1.0	1	Motif match 100% of max PWM score (strand -, rank 2). ENCODE JUN ChIP-seq: 5 peak(s) overlap this locus in K562 cells. BATF has higher motif score (100%) but no ENCODE evidence in K562.
chr17:69175902-69175914	JUND	JUNB	0.77	0	Motif match 86% of max PWM score (strand +, rank 5). ENCODE JUND ChIP-seq: 1 peak(s) overlap this locus in A549 cells.
chr22:24768985-24769004	ZNF354C	CTCF	0.51	0	Motif match 79% of max PWM score (strand -, rank 1). No ENCODE ChIP-seq data for PC3-bone-mets-prostate-adenocarcinoma- cells. Motif-based prediction.
chr7:36946285-36946295	ALX3	RELA	0.22	0	Motif match 45% of max PWM score (strand +, rank 1). No ENCODE ChIP-seq data for HuH7 cells. Motif-based prediction.
chr3:81977750-81977762	OTX2	OTX2	0.85	1	Motif match 100% of max PWM score (strand +, rank 1). No ENCODE ChIP-seq data for D283-Med cells. Motif-based prediction.
chr4:16057186-16057196	TWIST1	HAND2	0.29	0	Motif match 58% of max PWM score (strand -, rank 1). No ENCODE ChIP-seq data for Kelly cells. Motif-based prediction.
chr1:91121077-91121096	ZNF354C	CTCF	0.45	0	Motif match 76% of max PWM score (strand -, rank 1). No ENCODE peak overlap at this locus in HeLa-S3 cells. Motif-based prediction.
chr11:36945603-36945623	ZNF354C	SPI1	0.41	0	Motif match 74% of max PWM score (strand -, rank 1). No ENCODE ChIP-seq data for kasumi1-sirunx1eto cells. Motif-based prediction.
chr20:63699248-63699258	RELB	RELA	0.34	0	Motif match 68% of max PWM score (strand -, rank 1). No ENCODE ChIP-seq data for HAEC cells. Motif-based prediction.
chr11:134050651-134050670	YY2	CTCF	0.36	0	Motif match 70% of max PWM score (strand -, rank 1). No ENCODE peak overlap at this locus in T47D cells. Motif-based prediction.
chr5:91505779-91505793	IKZF2	GABPA	0.85	0	Motif match 100% of max PWM score (strand +, rank 1). No ENCODE peak overlap at this locus in vcap cells. Motif-based prediction.
chr11:36019137-36019148	GATA3	GATA1	0.39	0	Motif match 72% of max PWM score (strand -, rank 1). No ENCODE ChIP-seq data for CD34 cells. Motif-based prediction.
chr1:7521538-7521558	ZNF384	SPI1	0.85	0	Motif match 100% of max PWM score (strand -, rank 1). No ENCODE ChIP-seq data for THP-1 cells. Motif-based prediction.
chr17:78442767-78442784	MXI1	NR3C1	0.85	0	Motif match 100% of max PWM score (strand +, rank 1). No ENCODE peak overlap at this locus in A549 cells. Motif-based prediction.
chr5:123345004-123345023	CTCFL	CTCF	0.55	0	Motif match 82% of max PWM score (strand -, rank 1). No ENCODE peak overlap at this locus in GM12871 cells. Motif-based prediction.
chr1:203306795-203306803	ARNT	HIF1A	0.54	0	Motif match 82% of max PWM score (strand -, rank 1). No ENCODE ChIP-seq data for PC3-bone-mets-prostate-adenocarcinoma- cells. Motif-based prediction.
chr16:3152334-3152346	GSC2	OTX2	0.5	0	Motif match 79% of max PWM score (strand -, rank 1). No ENCODE ChIP-seq data for HUES64 cells. Motif-based prediction.
chr6:159217685-159217704	MXI1	CTCF	0.8	0	Motif match 100% of max PWM score (strand +, rank 1). No ENCODE ChIP-seq overlap for this TF in pancreas cells (1 other TF(s) have peaks here). Motif-based prediction.
chr8:143344442-143344461	ZNF354C	CTCF	0.51	0	Motif match 79% of max PWM score (strand +, rank 1). No ENCODE peak overlap at this locus in T47D cells. Motif-based prediction.
chr10:58412856-58412868	FOXP3	FOXA1	0.56	0	Motif match 83% of max PWM score (strand +, rank 1). No ENCODE ChIP-seq data for mcf7-e2 cells. Motif-based prediction.
chrX:49079882-49079895	FOXD1	CREB1	0.85	0	Motif match 100% of max PWM score (strand -, rank 1). No ENCODE peak overlap at this locus in lncap cells. Motif-based prediction.
chr3:59728347-59728358	GSC2	GATA2	0.5	0	Motif match 79% of max PWM score (strand +, rank 1). No ENCODE peak overlap at this locus in lncap cells. Motif-based prediction.
chr1:54950837-54950856	CTCF	CTCF	0.6	1	Motif match 73% of max PWM score (strand +, rank 2). ENCODE CTCF ChIP-seq: 4 peak(s) overlap this locus in A549 cells.
chr2:149695462-149695473	ATOH7	MAX	0.74	0	Motif match 93% of max PWM score (strand -, rank 1). No ENCODE ChIP-seq data for MKL-1 cells. Motif-based prediction.
chr2:68110313-68110332	ISL2	CTCF	0.8	0	Motif match 100% of max PWM score (strand +, rank 1). No ENCODE ChIP-seq overlap for this TF in K562 cells (5 other TF(s) have peaks here). Motif-based prediction.
chr10:114489600-114489610	ETS1	FLI1	0.5	0	Motif match 79% of max PWM score (strand +, rank 1). No ENCODE ChIP-seq data for HUVEC-C cells. Motif-based prediction.
chr4:79678763-79678774	GATA2	GATA1	0.94	0	Motif match 93% of max PWM score (strand +, rank 3). ENCODE GATA2 ChIP-seq: 3 peak(s) overlap this locus in k562 cells. GATA5 has higher motif score (98%) but no ENCODE evidence in k562.
chr5:1642402-1642412	MXI1	MAX	0.85	0	Motif match 100% of max PWM score (strand +, rank 1). No ENCODE ChIP-seq data for H1-hESC cells. Motif-based prediction.
chr1:116376677-116376689	FOSL2	JUNB	0.83	0	Motif match 90% of max PWM score (strand +, rank 8). ENCODE FOSL2 ChIP-seq: 1 peak(s) overlap this locus in A549 cells. BATF has higher motif score (100%) but no ENCODE evidence in A549.
chr1:75368488-75368505	NKX3-1	AR	0.85	0	Motif match 100% of max PWM score (strand +, rank 1). No ENCODE peak overlap at this locus in LNCaP cells. Motif-based prediction.
chr16:75417637-75417654	FOXL1	NR3C1	0.8	0	Motif match 97% of max PWM score (strand -, rank 1). No ENCODE peak overlap at this locus in imr90 cells. Motif-based prediction.
chr6:70163058-70163069	ZNF341	RUNX1	0.32	0	Motif match 65% of max PWM score (strand +, rank 1). No ENCODE ChIP-seq data for tsu1621mt cells. Motif-based prediction.
chr9:132114277-132114298	REST	REST	1.0	1	Motif match 100% of max PWM score (strand +, rank 1). ENCODE REST ChIP-seq: 2 peak(s) overlap this locus in SK-N-SH cells.
chr18:11955534-11955544	BHLHE22	NEUROG2	0.85	0	Motif match 100% of max PWM score (strand +, rank 1). No ENCODE ChIP-seq data for MRC-5 cells. Motif-based prediction.
chr6:85361299-85361310	FOXL1	FOXA2	0.56	0	Motif match 82% of max PWM score (strand +, rank 1). No ENCODE peak overlap at this locus in BJ cells. Motif-based prediction.
chr9:72858481-72858499	HIF1A	RARA	0.26	0	Motif match 62% of max PWM score (strand +, rank 1). No ENCODE ChIP-seq overlap for this TF in HepG2 cells (101 other TF(s) have peaks here). Motif-based prediction.
chr22:19430178-19430191	TFAP2E	TFAP2C	0.5	0	Motif match 79% of max PWM score (strand -, rank 1). No ENCODE ChIP-seq data for a375-dmso cells. Motif-based prediction.
chr8:81542883-81542895	BATF	JUNB	0.85	0	Motif match 100% of max PWM score (strand -, rank 1). No ENCODE ChIP-seq data for MCF10A-ER-Src cells. Motif-based prediction.
chr2:223853496-223853508	MEIS3	FOXA1	0.55	0	Motif match 85% of max PWM score (strand -, rank 1). No ENCODE ChIP-seq overlap for this TF in MCF7 cells (3 other TF(s) have peaks here). Motif-based prediction.
chr22:33334907-33334918	STAT3	STAT3	0.37	1	Motif match 71% of max PWM score (strand +, rank 1). No ENCODE ChIP-seq data for MDA-MB-157 cells. Motif-based prediction.
chr3:188772551-188772570	ZNF417	CTCF	0.85	0	Motif match 100% of max PWM score (strand +, rank 1). No ENCODE peak overlap at this locus in T47D cells. Motif-based prediction.
chr5:163564070-163564080	IKZF2	FLI1	0.85	0	Motif match 100% of max PWM score (strand +, rank 1). No ENCODE ChIP-seq data for HUVEC-C cells. Motif-based prediction.
chr1:178655856-178655868	FOSB	JUNB	0.62	0	Motif match 86% of max PWM score (strand +, rank 1). No ENCODE ChIP-seq data for MCF10A-ER-Src cells. Motif-based prediction.
chr12:68497910-68497921	BATF	FOSL2	0.85	0	Motif match 100% of max PWM score (strand -, rank 1). No ENCODE ChIP-seq data for hesc cells. Motif-based prediction.
chr18:26703358-26703370	HOXA7	FOXA1	0.29	0	Motif match 68% of max PWM score (strand -, rank 1). No ENCODE ChIP-seq overlap for this TF in T47D cells (1 other TF(s) have peaks here). Motif-based prediction.
chr11:101870704-101870721	DMRTA2	NR3C1	0.25	0	Motif match 60% of max PWM score (strand +, rank 1). No ENCODE ChIP-seq overlap for this TF in A549 cells (12 other TF(s) have peaks here). Motif-based prediction.
chr1:216627456-216627475	RELB	CTCF	0.33	0	Motif match 66% of max PWM score (strand -, rank 1). No ENCODE peak overlap at this locus in T47D cells. Motif-based prediction.
chr1:179287694-179287704	YY2	CEBPB	0.22	0	Motif match 44% of max PWM score (strand +, rank 1). No ENCODE ChIP-seq data for SUM159PT cells. Motif-based prediction.
chr16:55944462-55944481	YY2	CTCF	0.85	0	Motif match 100% of max PWM score (strand +, rank 1). No ENCODE ChIP-seq data for normal-epidermal-keratinocytes cells. Motif-based prediction.
chr17:2025306-2025318	HES1	MYC	0.51	0	Motif match 83% of max PWM score (strand +, rank 1). No ENCODE ChIP-seq overlap for this TF in MCF-7 cells (7 other TF(s) have peaks here). Motif-based prediction.
chr7:135777342-135777354	FOXD1	FOXA1	0.85	0	Motif match 100% of max PWM score (strand +, rank 1). No ENCODE ChIP-seq data for vcap-dht24h cells. Motif-based prediction.
chr2:44845080-44845094	PGR	GABPA	0.32	0	Motif match 64% of max PWM score (strand -, rank 1). No ENCODE ChIP-seq data for jurkat cells. Motif-based prediction.
chr18:74260828-74260840	FOXL1	FOXA1	0.61	0	Motif match 85% of max PWM score (strand +, rank 1). No ENCODE peak overlap at this locus in LNCaP cells. Motif-based prediction.
chr1:235240004-235240014	CEBPD	CEBPB	0.43	0	Motif match 75% of max PWM score (strand -, rank 1). No ENCODE peak overlap at this locus in A549 cells. Motif-based prediction.
chr20:10006680-10006697	PGR	AR	0.78	0	Motif match 96% of max PWM score (strand -, rank 1). No ENCODE ChIP-seq data for lhsar-lacz cells. Motif-based prediction.
chr15:98000724-98000735	ZNF354C	RUNX1	0.54	0	Motif match 82% of max PWM score (strand +, rank 1). No ENCODE ChIP-seq data for NALM-6 cells. Motif-based prediction.
chr11:75547725-75547744	HIC2	CTCF	0.39	0	Motif match 73% of max PWM score (strand -, rank 1). No ENCODE ChIP-seq data for GM19239 cells. Motif-based prediction.
chrX:134739494-134739504	IKZF2	ERG	0.85	0	Motif match 100% of max PWM score (strand +, rank 1). No ENCODE ChIP-seq data for tsu1621mt-atra cells. Motif-based prediction.
chr1:44834524-44834542	GATA2	GATA1	0.85	0	Motif match 100% of max PWM score (strand -, rank 1). No ENCODE ChIP-seq data for CD36 cells. Motif-based prediction.
chr18:74402995-74403006	GATA2	GATA1	0.85	0	Motif match 100% of max PWM score (strand +, rank 1). No ENCODE ChIP-seq data for cd34 cells. Motif-based prediction.
chr11:82495101-82495120	HIC2	CTCF	0.56	0	Motif match 86% of max PWM score (strand -, rank 1). No ENCODE ChIP-seq overlap for this TF in RWPE2 cells (1 other TF(s) have peaks here). Motif-based prediction.
chr8:118111568-118111585	HOXA9	ESR1	0.54	0	Motif match 85% of max PWM score (strand +, rank 1). No ENCODE ChIP-seq overlap for this TF in MCF7 cells (1 other TF(s) have peaks here). Motif-based prediction.
chr1:7704684-7704696	YY1	YY1	0.75	1	Motif match 85% of max PWM score (strand +, rank 2). ENCODE YY1 ChIP-seq: 1 peak(s) overlap this locus in K562 cells. YY2 has higher motif score (100%) but no ENCODE evidence in K562.
chr2:190089021-190089029	GATA3	GATA3	0.31	1	Motif match 62% of max PWM score (strand +, rank 1). No ENCODE ChIP-seq data for jurkat cells. Motif-based prediction.
chr10:96614660-96614671	GATA2	GATA1	0.4	0	Motif match 76% of max PWM score (strand -, rank 1). No ENCODE ChIP-seq overlap for this TF in erythroblast cells (1 other TF(s) have peaks here). Motif-based prediction.
chr5:17213182-17213199	ZNF341	ESR1	0.32	0	Motif match 64% of max PWM score (strand -, rank 1). No ENCODE ChIP-seq data for mcf7-e2-tnf cells. Motif-based prediction.
chr12:74365793-74365812	CTCF	CTCF	0.9	1	Motif match 91% of max PWM score (strand -, rank 1). ENCODE CTCF ChIP-seq: 4 peak(s) overlap this locus in K562 cells.
chr15:63082630-63082640	CEBPG	CEBPB	0.3	0	Motif match 70% of max PWM score (strand -, rank 1). No ENCODE ChIP-seq overlap for this TF in A549 cells (2 other TF(s) have peaks here). Motif-based prediction.
chr5:139746648-139746664	ONECUT2	ONECUT1	0.85	0	Motif match 100% of max PWM score (strand +, rank 1). No ENCODE peak overlap at this locus in liver cells. Motif-based prediction.
chr1:23084987-23085004	DMRTA2	AR	0.85	0	Motif match 100% of max PWM score (strand +, rank 1). No ENCODE peak overlap at this locus in LNCaP cells. Motif-based prediction.
chr3:15685587-15685601	HOXA10	HOXB13	0.55	0	Motif match 82% of max PWM score (strand -, rank 1). No ENCODE peak overlap at this locus in LNCaP cells. Motif-based prediction.
chr20:54649622-54649641	ZEB1	CTCF	0.85	0	Motif match 100% of max PWM score (strand -, rank 1). No ENCODE ChIP-seq data for upper-lobe-of-left-lung cells. Motif-based prediction.
chr6:65776544-65776563	ZNF354C	CTCF	0.85	0	Motif match 100% of max PWM score (strand -, rank 1). No ENCODE peak overlap at this locus in GM12878 cells. Motif-based prediction.
chr8:93802243-93802254	NFYB	NFYC	0.57	0	Motif match 86% of max PWM score (strand -, rank 1). No ENCODE ChIP-seq overlap for this TF in HepG2 cells (4 other TF(s) have peaks here). Motif-based prediction.
chr1:228842417-228842431	JUND	JUN	1.0	0	Motif match 100% of max PWM score (strand -, rank 5). ENCODE JUND ChIP-seq: 1 peak(s) overlap this locus in A549 cells. BATF has higher motif score (100%) but no ENCODE evidence in A549.
chrX:77688981-77688996	BATF3	MAFK	0.47	0	Motif match 77% of max PWM score (strand -, rank 1). No ENCODE peak overlap at this locus in A549 cells. Motif-based prediction.
chr1:162168499-162168516	NR2C1	ESR1	0.79	0	Motif match 100% of max PWM score (strand +, rank 1). No ENCODE ChIP-seq overlap for this TF in mcf7 cells (19 other TF(s) have peaks here). Motif-based prediction.
chr3:41363240-41363253	DPRX	GATA6	0.85	0	Motif match 100% of max PWM score (strand -, rank 1). No ENCODE ChIP-seq data for definitive-endoderm-from-HUES8 cells. Motif-based prediction.
chr15:63395872-63395889	NR2C2	ESR1	0.85	0	Motif match 100% of max PWM score (strand +, rank 1). No ENCODE ChIP-seq data for ly2-etoh cells. Motif-based prediction.
chr4:74099721-74099734	JUND	JUNB	0.77	0	Motif match 86% of max PWM score (strand +, rank 4). ENCODE JUND ChIP-seq: 1 peak(s) overlap this locus in A549 cells.
chr7:20892747-20892760	ISL2	GATA6	0.85	0	Motif match 100% of max PWM score (strand -, rank 1). No ENCODE ChIP-seq data for WA01 cells. Motif-based prediction.
chr12:109428162-109428174	FOXD1	FOXA1	0.8	0	Motif match 100% of max PWM score (strand -, rank 1). No ENCODE ChIP-seq overlap for this TF in LNCaP cells (1 other TF(s) have peaks here). Motif-based prediction.
chr14:103815359-103815369	CEBPD	CEBPB	0.85	0	Motif match 100% of max PWM score (strand +, rank 1). No ENCODE ChIP-seq data for ls180-125 cells. Motif-based prediction.
chr1:203534644-203534655	FOSL2	FOSL2	0.72	1	Motif match 83% of max PWM score (strand +, rank 7). ENCODE FOSL2 ChIP-seq: 1 peak(s) overlap this locus in A549 cells.
chr9:18972541-18972558	OSR2	AR	0.4	0	Motif match 73% of max PWM score (strand +, rank 1). No ENCODE peak overlap at this locus in LNCaP cells. Motif-based prediction.
chrX:40097785-40097804	KLF7	CTCF	0.56	0	Motif match 86% of max PWM score (strand -, rank 1). No ENCODE ChIP-seq overlap for this TF in MCF-7 cells (6 other TF(s) have peaks here). Motif-based prediction.
chr2:105865757-105865768	JUN	JUN	1.0	1	Motif match 100% of max PWM score (strand -, rank 1). ENCODE JUN ChIP-seq: 1 peak(s) overlap this locus in K562 cells.
chr15:51500868-51500879	GSC2	GATA2	0.5	0	Motif match 79% of max PWM score (strand -, rank 1). No ENCODE peak overlap at this locus in lncap cells. Motif-based prediction.
chr4:152301621-152301631	CEBPB	CEBPB	0.87	1	Motif match 92% of max PWM score (strand -, rank 2). ENCODE CEBPB ChIP-seq: 1 peak(s) overlap this locus in HepG2 cells.
chr13:110348413-110348433	IKZF2	SPI1	0.85	0	Motif match 100% of max PWM score (strand -, rank 1). No ENCODE ChIP-seq data for macrophages-il4 cells. Motif-based prediction.
chr5:163347925-163347935	CEBPB	CEBPB	0.64	1	Motif match 78% of max PWM score (strand +, rank 4). ENCODE CEBPB ChIP-seq: 2 peak(s) overlap this locus in K562 cells. CEBPD has higher motif score (100%) but no ENCODE evidence in K562.
chr2:127771143-127771154	FOSL2	FOSL2	0.89	1	Motif match 94% of max PWM score (strand -, rank 8). ENCODE FOSL2 ChIP-seq: 1 peak(s) overlap this locus in A549 cells. BATF has higher motif score (100%) but no ENCODE evidence in A549.
chr11:64876964-64876981	ZNF549	ESR1	0.52	0	Motif match 80% of max PWM score (strand +, rank 1). No ENCODE ChIP-seq data for mcf7-shfoxa1-e2-tnf cells. Motif-based prediction.
chr8:111785021-111785033	NKX6-2	CDX2	0.47	0	Motif match 77% of max PWM score (strand +, rank 1). No ENCODE ChIP-seq data for naive-endoderm cells. Motif-based prediction.
chr3:125110783-125110797	JUND	JUN	0.77	0	Motif match 86% of max PWM score (strand -, rank 5). ENCODE JUND ChIP-seq: 1 peak(s) overlap this locus in K562 cells.
chr13:95980665-95980684	CTCF	CTCF	0.73	1	Motif match 81% of max PWM score (strand -, rank 1). ENCODE CTCF ChIP-seq: 3 peak(s) overlap this locus in GM12870 cells.
chr2:40550522-40550534	MEIS3	FOXA1	0.6	0	Motif match 85% of max PWM score (strand -, rank 1). No ENCODE ChIP-seq data for vcap-etoh cells. Motif-based prediction.
chr2:218356708-218356727	ZNF317	CTCF	0.34	0	Motif match 68% of max PWM score (strand -, rank 1). No ENCODE ChIP-seq data for heart-left-ventricle cells. Motif-based prediction.
chrX:105168912-105168929	MEIS3	ESR1	0.8	0	Motif match 100% of max PWM score (strand -, rank 1). No ENCODE ChIP-seq overlap for this TF in MCF7 cells (1 other TF(s) have peaks here). Motif-based prediction.
chr9:81370566-81370578	FOXP3	FOXA1	0.56	0	Motif match 83% of max PWM score (strand -, rank 1). No ENCODE ChIP-seq data for MCF7-WS8-cells cells. Motif-based prediction.
chr2:67871979-67871989	HNF4A	RELA	0.23	0	Motif match 47% of max PWM score (strand +, rank 1). No ENCODE ChIP-seq data for sgbs-tnf cells. Motif-based prediction.
chr11:118059086-118059097	FOS	JUN	1.0	0	Motif match 100% of max PWM score (strand -, rank 1). ENCODE FOS ChIP-seq: 1 peak(s) overlap this locus in MCF7 cells.
chr1:230500717-230500734	NR2C2	ESR1	0.85	0	Motif match 100% of max PWM score (strand -, rank 1). No ENCODE ChIP-seq data for endometrioid-adenocarcinoma cells. Motif-based prediction.
chr3:188892199-188892210	FOXL1	FOXA2	0.41	0	Motif match 74% of max PWM score (strand +, rank 1). No ENCODE peak overlap at this locus in BJ cells. Motif-based prediction.
chr4:40881258-40881271	TFAP2A	TFAP2A	0.72	1	Motif match 92% of max PWM score (strand -, rank 1). No ENCODE ChIP-seq data for hiPSC cells. Motif-based prediction.
chr6:143627594-143627614	ZNF384	SPI1	0.85	0	Motif match 100% of max PWM score (strand -, rank 1). No ENCODE ChIP-seq data for monocyte-derived-macrophages cells. Motif-based prediction.
chr12:51262868-51262887	CTCFL	CTCF	0.35	0	Motif match 69% of max PWM score (strand +, rank 1). No ENCODE ChIP-seq data for MCF10CA1a cells. Motif-based prediction.
chr10:89080201-89080211	FOSB	JUN	0.62	0	Motif match 86% of max PWM score (strand +, rank 1). No ENCODE ChIP-seq data for HAEC cells. Motif-based prediction.
chr3:14405457-14405473	MAFF	MAFF	0.26	1	Motif match 62% of max PWM score (strand -, rank 1). No ENCODE ChIP-seq overlap for this TF in K562 cells (13 other TF(s) have peaks here). Motif-based prediction.
chr3:194005343-194005353	FOSL2	FOSL2	0.89	1	Motif match 94% of max PWM score (strand -, rank 8). ENCODE FOSL2 ChIP-seq: 1 peak(s) overlap this locus in A549 cells. BATF has higher motif score (100%) but no ENCODE evidence in A549.
chr7:137321180-137321197	FOXA1	AR	0.3	0	Motif match 60% of max PWM score (strand -, rank 1). No ENCODE ChIP-seq data for CWR22 cells. Motif-based prediction.
chr2:219387382-219387395	NR1I3	HNF4A	0.59	0	Motif match 84% of max PWM score (strand +, rank 1). No ENCODE ChIP-seq data for HUES64 cells. Motif-based prediction.
chr2:1070819-1070838	SNAI1	CTCF	0.3	0	Motif match 60% of max PWM score (strand +, rank 1). No ENCODE ChIP-seq data for gp5d cells. Motif-based prediction.
chr18:65551461-65551473	FOXL1	FOXA1	0.56	0	Motif match 82% of max PWM score (strand -, rank 1). No ENCODE peak overlap at this locus in lncap cells. Motif-based prediction.
chr6:90285813-90285823	JUND	FOSL2	0.78	0	Motif match 87% of max PWM score (strand +, rank 7). ENCODE JUND ChIP-seq: 1 peak(s) overlap this locus in A549 cells. BATF has higher motif score (100%) but no ENCODE evidence in A549.
chr12:89138203-89138217	HOXC10	HOXB13	0.63	0	Motif match 87% of max PWM score (strand +, rank 1). No ENCODE peak overlap at this locus in LNCaP cells. Motif-based prediction.
chr11:113161580-113161597	ZSCAN21	AR	0.85	0	Motif match 100% of max PWM score (strand -, rank 1). No ENCODE peak overlap at this locus in vcap cells. Motif-based prediction.
chr1:73156339-73156349	CEBPB	CEBPB	0.48	1	Motif match 78% of max PWM score (strand -, rank 1). No ENCODE ChIP-seq data for SUM159PT cells. Motif-based prediction.
chr2:69914589-69914608	KLF7	CTCF	0.35	0	Motif match 73% of max PWM score (strand -, rank 1). No ENCODE ChIP-seq overlap for this TF in H54 cells (1 other TF(s) have peaks here). Motif-based prediction.
chr10:113231352-113231369	MEIS3	AR	0.25	0	Motif match 51% of max PWM score (strand +, rank 1). No ENCODE ChIP-seq data for vcap-r1881-4h cells. Motif-based prediction.
chr2:157194277-157194296	HIC2	CTCF	0.64	0	Motif match 88% of max PWM score (strand -, rank 1). No ENCODE ChIP-seq data for adrenal-gland cells. Motif-based prediction.
chr10:34858206-34858219	TFAP2E	TFAP2C	0.59	0	Motif match 84% of max PWM score (strand -, rank 1). No ENCODE ChIP-seq data for mcf7-etoh cells. Motif-based prediction.
chr10:21194559-21194571	FOXD1	FOXA1	0.85	0	Motif match 100% of max PWM score (strand -, rank 1). No ENCODE ChIP-seq data for ncih3122 cells. Motif-based prediction.
chr1:59646086-59646100	TWIST1	GABPA	0.85	0	Motif match 100% of max PWM score (strand +, rank 1). No ENCODE peak overlap at this locus in vcap cells. Motif-based prediction.
chr12:44169210-44169222	ZBTB7A	TFAP2C	0.28	0	Motif match 56% of max PWM score (strand +, rank 1). No ENCODE ChIP-seq data for mdamb453 cells. Motif-based prediction.
chr14:80579003-80579015	FOXL1	FOXA1	0.8	0	Motif match 97% of max PWM score (strand +, rank 1). No ENCODE ChIP-seq data for lncap1f5 cells. Motif-based prediction.
chr10:93859227-93859246	TBX2	CTCF	0.45	0	Motif match 76% of max PWM score (strand -, rank 1). No ENCODE ChIP-seq data for LUHMES cells. Motif-based prediction.
chr21:29951145-29951157	FOXD1	FOXA1	0.85	0	Motif match 100% of max PWM score (strand +, rank 1). No ENCODE peak overlap at this locus in VCaP cells. Motif-based prediction.
chr17:40547634-40547644	ZNF354C	KLF5	0.81	0	Motif match 98% of max PWM score (strand -, rank 1). No ENCODE ChIP-seq data for BICR31-Tongue-squamous-cell-carcinoma-cell- cells. Motif-based prediction.
chr5:172084550-172084562	FOXD1	FOXA1	0.85	0	Motif match 100% of max PWM score (strand -, rank 1). No ENCODE peak overlap at this locus in LNCaP cells. Motif-based prediction.
chr2:202780956-202780966	FOSB	JUN	0.62	0	Motif match 86% of max PWM score (strand -, rank 1). No ENCODE ChIP-seq data for HAEC cells. Motif-based prediction.
chr7:68236272-68236289	ZNF35	AR	0.34	0	Motif match 68% of max PWM score (strand +, rank 1). No ENCODE peak overlap at this locus in VCaP cells. Motif-based prediction.
chr9:22112077-22112091	BATF	JUN	0.85	0	Motif match 100% of max PWM score (strand -, rank 1). No ENCODE ChIP-seq data for HAEC cells. Motif-based prediction.
chr19:49497368-49497378	CLOCK	HIF1A	0.85	0	Motif match 100% of max PWM score (strand -, rank 1). No ENCODE ChIP-seq data for PC3-bone-mets-prostate-adenocarcinoma- cells. Motif-based prediction.
chr8:133157826-133157837	IKZF2	RUNX1	0.85	0	Motif match 100% of max PWM score (strand -, rank 1). No ENCODE ChIP-seq data for SKH1 cells. Motif-based prediction.
chr2:20618117-20618134	NR2C1	ESR1	0.79	0	Motif match 100% of max PWM score (strand -, rank 1). No ENCODE ChIP-seq overlap for this TF in mcf7 cells (24 other TF(s) have peaks here). Motif-based prediction.
chr15:50102986-50103004	MXI1	MITF	0.85	0	Motif match 100% of max PWM score (strand +, rank 1). No ENCODE peak overlap at this locus in K562 cells. Motif-based prediction.
chr13:27172115-27172134	ZNF417	CTCF	0.85	0	Motif match 100% of max PWM score (strand +, rank 1). No ENCODE peak overlap at this locus in DND-41 cells. Motif-based prediction.
chr2:218996180-218996199	CTCF	CTCF	0.86	1	Motif match 92% of max PWM score (strand +, rank 1). ENCODE CTCF ChIP-seq: 1 peak(s) overlap this locus in BE2C cells.
chr8:47383432-47383443	MAFK	JUN	0.38	0	Motif match 72% of max PWM score (strand +, rank 1). No ENCODE ChIP-seq data for HAEC cells. Motif-based prediction.
chr5:51731835-51731847	BATF	JUNB	0.85	0	Motif match 100% of max PWM score (strand -, rank 1). No ENCODE ChIP-seq data for MCF10A-ER-Src cells. Motif-based prediction.
chr15:66982392-66982402	BATF	FOSL1	0.85	0	Motif match 100% of max PWM score (strand +, rank 1). No ENCODE ChIP-seq data for MDA231-LM2-4175 cells. Motif-based prediction.
chr3:158168273-158168284	BATF	JUN	0.85	0	Motif match 100% of max PWM score (strand +, rank 1). No ENCODE ChIP-seq data for MDA-MB-231 cells. Motif-based prediction.
chr17:78353150-78353161	STAT3	STAT3	0.44	1	Motif match 76% of max PWM score (strand -, rank 1). No ENCODE ChIP-seq data for MDA-MB-157 cells. Motif-based prediction.
chr8:43436141-43436160	EBF1	CTCF	0.21	0	Motif match 42% of max PWM score (strand -, rank 1). No ENCODE peak overlap at this locus in SUDHL6 cells. Motif-based prediction.
chr5:175198205-175198219	MEIS1	SMAD3	0.44	0	Motif match 76% of max PWM score (strand +, rank 1). No ENCODE ChIP-seq data for MDA-MB-231 cells. Motif-based prediction.
chr12:103742413-103742430	HAND2	ESR1	0.85	0	Motif match 100% of max PWM score (strand +, rank 1). No ENCODE peak overlap at this locus in MCF7 cells. Motif-based prediction.
chr2:174300340-174300353	NFATC3	TEAD1	0.45	0	Motif match 76% of max PWM score (strand -, rank 1). No ENCODE ChIP-seq data for MCF-7-C4-12 cells. Motif-based prediction.
chr2:145749746-145749758	CEBPG	ATF3	0.83	0	Motif match 90% of max PWM score (strand -, rank 1). ENCODE CEBPG ChIP-seq: 1 peak(s) overlap this locus in K562 cells.
chr10:30098891-30098902	BNC2	JUN	0.35	0	Motif match 70% of max PWM score (strand -, rank 1). No ENCODE ChIP-seq data for MCF10A-ER-Src cells. Motif-based prediction.
chr4:1104395-1104412	KLF10	ESR1	0.85	0	Motif match 100% of max PWM score (strand -, rank 1). No ENCODE peak overlap at this locus in MCF7 cells. Motif-based prediction.
chr11:14381371-14381389	HES1	TP53	0.57	0	Motif match 83% of max PWM score (strand -, rank 1). No ENCODE ChIP-seq data for lymphoblastoid-cells cells. Motif-based prediction.
chr22:28253387-28253406	ZNF354C	CTCF	0.51	0	Motif match 79% of max PWM score (strand +, rank 1). No ENCODE peak overlap at this locus in keratinocyte cells. Motif-based prediction.
chr8:80865013-80865025	RHOXF1	NR4A1	0.33	0	Motif match 65% of max PWM score (strand -, rank 1). No ENCODE ChIP-seq data for kasumi1 cells. Motif-based prediction.
chr5:53592226-53592239	TBX18	EOMES	0.68	0	Motif match 90% of max PWM score (strand +, rank 1). No ENCODE ChIP-seq data for HUES64 cells. Motif-based prediction.
chr15:71185630-71185647	PGR	AR	0.83	0	Motif match 99% of max PWM score (strand +, rank 1). No ENCODE ChIP-seq data for plhsar-foxa1-hoxb13 cells. Motif-based prediction.
chr13:62358279-62358291	DMRTA2	FOXA1	0.73	0	Motif match 96% of max PWM score (strand -, rank 1). No ENCODE ChIP-seq overlap for this TF in VCaP cells (1 other TF(s) have peaks here). Motif-based prediction.
chr1:6348127-6348137	ARNT	MAX	0.8	0	Motif match 100% of max PWM score (strand +, rank 1). No ENCODE ChIP-seq overlap for this TF in K562 cells (37 other TF(s) have peaks here). Motif-based prediction.
chr7:96312220-96312233	NFIL3	JUND	0.76	0	Motif match 97% of max PWM score (strand +, rank 1). No ENCODE ChIP-seq overlap for this TF in liver cells (11 other TF(s) have peaks here). Motif-based prediction.
chr3:119705005-119705016	FOXA2	FOXA2	0.64	1	Motif match 87% of max PWM score (strand -, rank 1). No ENCODE peak overlap at this locus in BJ cells. Motif-based prediction.
chr18:10070585-10070598	ZNF354C	TFAP2C	0.3	0	Motif match 59% of max PWM score (strand -, rank 1). No ENCODE ChIP-seq data for mcf7-e2 cells. Motif-based prediction.
chr11:8658882-8658895	CREB3L4	CREB1	0.85	0	Motif match 100% of max PWM score (strand +, rank 1). No ENCODE ChIP-seq data for H1-hESC cells. Motif-based prediction.
chr8:141169219-141169231	ZEB1	CTCFL	0.85	0	Motif match 100% of max PWM score (strand -, rank 1). No ENCODE ChIP-seq data for ovcar8 cells. Motif-based prediction.
chr10:80924519-80924538	CTCF	CTCF	0.7	1	Motif match 79% of max PWM score (strand -, rank 1). ENCODE CTCF ChIP-seq: 3 peak(s) overlap this locus in A549 cells.
chr16:30776067-30776086	EBF1	CTCF	0.25	0	Motif match 61% of max PWM score (strand -, rank 1). No ENCODE ChIP-seq overlap for this TF in gm12891 cells (3 other TF(s) have peaks here). Motif-based prediction.
chr9:3882206-3882223	SRY	AR	0.26	0	Motif match 52% of max PWM score (strand +, rank 1). No ENCODE ChIP-seq data for LNCaP-C4-2 cells. Motif-based prediction.
chr17:58328518-58328528	HAND2	HAND2	0.35	1	Motif match 69% of max PWM score (strand -, rank 1). No ENCODE ChIP-seq data for Kelly cells. Motif-based prediction.
chr5:97046420-97046433	NR2C2	NR2F1	0.8	0	Motif match 100% of max PWM score (strand -, rank 1). No ENCODE ChIP-seq overlap for this TF in K562 cells (5 other TF(s) have peaks here). Motif-based prediction.
chr16:66508468-66508479	EN2	NFIC	0.8	0	Motif match 100% of max PWM score (strand +, rank 1). No ENCODE ChIP-seq overlap for this TF in Ishikawa cells (11 other TF(s) have peaks here). Motif-based prediction.
chr2:76669123-76669135	FOXL1	FOXA1	0.8	0	Motif match 97% of max PWM score (strand -, rank 1). No ENCODE ChIP-seq data for lncap-abl-shctr cells. Motif-based prediction.
chr7:111263114-111263126	E2F6	E2F1	0.85	0	Motif match 100% of max PWM score (strand +, rank 1). No ENCODE peak overlap at this locus in LNCaP cells. Motif-based prediction.
chr19:45079159-45079171	MNT	MYCN	0.85	0	Motif match 100% of max PWM score (strand +, rank 1). No ENCODE peak overlap at this locus in BE2C cells. Motif-based prediction.
chr11:120169268-120169287	VEZF1	CTCF	0.49	0	Motif match 78% of max PWM score (strand +, rank 1). No ENCODE ChIP-seq data for upper-lobe-of-left-lung cells. Motif-based prediction.
chrX:64206393-64206403	RELA	RELA	0.68	1	Motif match 90% of max PWM score (strand -, rank 1). No ENCODE ChIP-seq data for helab2-tnfa cells. Motif-based prediction.
chr17:63770442-63770455	NR2C1	NR2F1	1.0	0	Motif match 100% of max PWM score (strand +, rank 2). ENCODE NR2C1 ChIP-seq: 2 peak(s) overlap this locus in K562 cells. NR2C2 has higher motif score (100%) but no ENCODE evidence in K562.
chr1:224408271-224408283	FOXL1	FOXA1	0.61	0	Motif match 85% of max PWM score (strand -, rank 1). No ENCODE ChIP-seq data for zr751-dex cells. Motif-based prediction.
chr6:3345991-3346001	DMRTA2	MAX	0.44	0	Motif match 75% of max PWM score (strand +, rank 1). No ENCODE ChIP-seq data for u87mg cells. Motif-based prediction.
chr2:219369066-219369080	TFAP2E	TFAP2A	0.67	0	Motif match 92% of max PWM score (strand +, rank 1). No ENCODE ChIP-seq overlap for this TF in mcf7 cells (2 other TF(s) have peaks here). Motif-based prediction.
chr18:8814416-8814426	BATF	JUN	0.85	0	Motif match 100% of max PWM score (strand -, rank 1). No ENCODE ChIP-seq data for HAEC cells. Motif-based prediction.
chr13:80156867-80156880	ZEB1	TCF4	0.85	0	Motif match 100% of max PWM score (strand +, rank 1). No ENCODE ChIP-seq data for SU-DHL-2 cells. Motif-based prediction.
chr21:37637555-37637565	NEUROG2	NEUROG2	0.85	1	Motif match 100% of max PWM score (strand -, rank 1). No ENCODE ChIP-seq data for MRC-5 cells. Motif-based prediction.
chr3:67384957-67384976	ZNF770	CTCF	0.71	0	Motif match 92% of max PWM score (strand +, rank 1). No ENCODE ChIP-seq data for MDM-monocyte-derived-macrophages- cells. Motif-based prediction.
chr5:173472261-173472273	FOXL1	FOXA1	0.8	0	Motif match 97% of max PWM score (strand +, rank 1). No ENCODE ChIP-seq data for lncap-tnfa cells. Motif-based prediction.
chr6:26382009-26382021	OTX2	OTX2	0.85	1	Motif match 100% of max PWM score (strand +, rank 1). No ENCODE ChIP-seq data for D341-Med cells. Motif-based prediction.
chr1:7808433-7808452	ZNF354C	CTCF	0.51	0	Motif match 79% of max PWM score (strand +, rank 1). No ENCODE peak overlap at this locus in HEK293T cells. Motif-based prediction.
chr3:185709495-185709505	CLOCK	MAX	0.85	0	Motif match 100% of max PWM score (strand +, rank 1). No ENCODE ChIP-seq data for ncih2171 cells. Motif-based prediction.
chr10:101453703-101453720	NR2C2	ESR1	0.85	0	Motif match 100% of max PWM score (strand +, rank 1). No ENCODE peak overlap at this locus in MCF7 cells. Motif-based prediction.
chr12:84070621-84070632	BATF3	BATF	0.46	0	Motif match 77% of max PWM score (strand +, rank 1). No ENCODE peak overlap at this locus in GM12878 cells. Motif-based prediction.
chr1:27012970-27012980	MNT	MAX	0.85	0	Motif match 100% of max PWM score (strand +, rank 1). No ENCODE ChIP-seq data for HeLa cells. Motif-based prediction.
chr11:102011267-102011277	BATF	JUN	0.85	0	Motif match 100% of max PWM score (strand -, rank 1). No ENCODE ChIP-seq data for definitive-endoderm-from-HUES8 cells. Motif-based prediction.
chr7:101632888-101632901	BATF	SMAD3	0.85	0	Motif match 100% of max PWM score (strand -, rank 1). No ENCODE ChIP-seq data for MDA-MB-231 cells. Motif-based prediction.
chr15:97482726-97482745	ZNF354C	CTCF	0.81	0	Motif match 98% of max PWM score (strand +, rank 1). No ENCODE peak overlap at this locus in A549 cells. Motif-based prediction.
chr7:99505244-99505262	HNF4A	TP63	0.34	0	Motif match 69% of max PWM score (strand -, rank 1). No ENCODE peak overlap at this locus in keratinocytes cells. Motif-based prediction.
chr10:3227943-3227956	FOS	JUN	1.0	0	Motif match 100% of max PWM score (strand +, rank 4). ENCODE FOS ChIP-seq: 1 peak(s) overlap this locus in MCF7 cells. NFE2 has higher motif score (100%) but no ENCODE evidence in MCF7.
chr2:176105204-176105215	GATA2	GATA2	0.85	1	Motif match 100% of max PWM score (strand -, rank 1). No ENCODE ChIP-seq data for endometrial-stromal-cells cells. Motif-based prediction.
chr2:176502770-176502780	NFIL3	CEBPB	0.96	0	Motif match 97% of max PWM score (strand -, rank 1). ENCODE NFIL3 ChIP-seq: 1 peak(s) overlap this locus in HepG2 cells.
chr3:87333526-87333538	FOXD1	FOXA1	0.85	0	Motif match 100% of max PWM score (strand -, rank 1). No ENCODE ChIP-seq data for breast-tumor cells. Motif-based prediction.
chr8:141201350-141201360	OVOL2	MYB	0.85	0	Motif match 100% of max PWM score (strand -, rank 1). No ENCODE ChIP-seq data for AML cells. Motif-based prediction.
chr6:106195195-106195205	ATF4	CEBPB	0.64	0	Motif match 88% of max PWM score (strand +, rank 1). No ENCODE ChIP-seq data for SUM159PT cells. Motif-based prediction.
chr16:53356971-53356992	ZNF549	REST	0.37	0	Motif match 71% of max PWM score (strand -, rank 1). No ENCODE peak overlap at this locus in Panc1 cells. Motif-based prediction.
chr11:88292654-88292673	MXI1	CTCF	0.85	0	Motif match 100% of max PWM score (strand -, rank 1). No ENCODE peak overlap at this locus in pancreas cells. Motif-based prediction.
chr11:111379879-111379898	VEZF1	CTCF	0.49	0	Motif match 78% of max PWM score (strand -, rank 1). No ENCODE ChIP-seq data for GM19238 cells. Motif-based prediction.
chr21:34526873-34526887	EBF3	TFAP2A	0.64	0	Motif match 87% of max PWM score (strand -, rank 1). No ENCODE ChIP-seq data for WA09 cells. Motif-based prediction.
chr10:103715542-103715553	BATF	JUN	0.85	0	Motif match 100% of max PWM score (strand +, rank 1). No ENCODE ChIP-seq data for MDA-MB-231 cells. Motif-based prediction.
chr1:35637400-35637408	GATA2	GATA3	0.85	0	Motif match 100% of max PWM score (strand +, rank 1). No ENCODE ChIP-seq data for mcf7-e2 cells. Motif-based prediction.
chr5:136776438-136776451	FOXA2	JUND	0.36	0	Motif match 74% of max PWM score (strand -, rank 1). No ENCODE ChIP-seq overlap for this TF in T47D cells (5 other TF(s) have peaks here). Motif-based prediction.
chr7:15853938-15853955	HIC2	NR3C1	0.31	0	Motif match 63% of max PWM score (strand +, rank 1). No ENCODE ChIP-seq data for HASM2 cells. Motif-based prediction.
chr1:151056677-151056694	PGR	AR	0.83	0	Motif match 99% of max PWM score (strand +, rank 1). No ENCODE ChIP-seq data for ducap-androgen cells. Motif-based prediction.
chr15:48641593-48641612	MYB	CTCF	0.8	0	Motif match 100% of max PWM score (strand +, rank 1). No ENCODE ChIP-seq overlap for this TF in MCF7 cells (2 other TF(s) have peaks here). Motif-based prediction.
chr16:67417778-67417791	GATA2	GATA6	0.85	0	Motif match 100% of max PWM score (strand +, rank 1). No ENCODE ChIP-seq data for ags cells. Motif-based prediction.
chr2:133572674-133572686	TFAP2A	TFAP2C	0.85	0	Motif match 100% of max PWM score (strand -, rank 1). No ENCODE ChIP-seq data for UCLA1-hESCs cells. Motif-based prediction.
chr5:146896698-146896710	BNC2	FOS	0.35	0	Motif match 70% of max PWM score (strand +, rank 1). No ENCODE ChIP-seq data for MCF10A-ER-Src cells. Motif-based prediction.
chr15:40336936-40336955	TFAP2E	CTCF	0.58	0	Motif match 87% of max PWM score (strand -, rank 1). No ENCODE ChIP-seq overlap for this TF in gm12878 cells (3 other TF(s) have peaks here). Motif-based prediction.
chrX:2977902-2977919	NKX3-1	AR	0.85	0	Motif match 100% of max PWM score (strand -, rank 1). No ENCODE peak overlap at this locus in VCaP cells. Motif-based prediction.
chr16:25049779-25049796	FEZF2	AR	0.26	0	Motif match 51% of max PWM score (strand +, rank 1). No ENCODE peak overlap at this locus in LNCaP cells. Motif-based prediction.
chr7:100559945-100559964	CTCFL	CTCF	0.53	0	Motif match 81% of max PWM score (strand -, rank 1). No ENCODE ChIP-seq data for THP-1 cells. Motif-based prediction.
chr9:79568020-79568039	NR2C2	CTCF	0.85	0	Motif match 100% of max PWM score (strand -, rank 1). No ENCODE ChIP-seq data for bcbl1 cells. Motif-based prediction.
chr12:16427273-16427285	FOXD1	FOXA1	0.85	0	Motif match 100% of max PWM score (strand +, rank 1). No ENCODE peak overlap at this locus in A549 cells. Motif-based prediction.
chr6:20669695-20669715	IKZF2	SPI1	0.85	0	Motif match 100% of max PWM score (strand -, rank 1). No ENCODE ChIP-seq data for k562-saha cells. Motif-based prediction.
chr9:92965465-92965485	SPI1	SPI1	1.0	1	Motif match 100% of max PWM score (strand +, rank 1). ENCODE SPI1 ChIP-seq: 1 peak(s) overlap this locus in GM12878 cells.
chr9:84318646-84318659	TFAP2A	TFAP2A	0.51	1	Motif match 80% of max PWM score (strand -, rank 1). No ENCODE peak overlap at this locus in HeLa-S3 cells. Motif-based prediction.
chr9:130947033-130947044	BATF	JUN	0.85	0	Motif match 100% of max PWM score (strand -, rank 1). No ENCODE ChIP-seq data for MDA-MB-231 cells. Motif-based prediction.
chr11:62171365-62171384	CTCF	CTCF	0.64	1	Motif match 75% of max PWM score (strand +, rank 2). ENCODE CTCF ChIP-seq: 4 peak(s) overlap this locus in MCF7 cells. ZNF417 has higher motif score (100%) but no ENCODE evidence in MCF7.
chr1:11331047-11331062	NR2C2	NR2F1	0.85	0	Motif match 100% of max PWM score (strand -, rank 1). No ENCODE ChIP-seq data for cranial-neural-crest-cells cells. Motif-based prediction.
chr16:28322115-28322127	MXI1	MYCN	0.85	0	Motif match 100% of max PWM score (strand +, rank 1). No ENCODE peak overlap at this locus in be2c cells. Motif-based prediction.
chr4:107847887-107847904	SOX10	NR3C1	0.85	0	Motif match 100% of max PWM score (strand -, rank 1). No ENCODE ChIP-seq data for imr90-glucc cells. Motif-based prediction.
chr3:13193058-13193077	ZNF354C	CTCF	0.25	0	Motif match 59% of max PWM score (strand +, rank 1). No ENCODE ChIP-seq overlap for this TF in K562 cells (2 other TF(s) have peaks here). Motif-based prediction.
chr14:32044874-32044885	FOXP3	FOXA2	0.56	0	Motif match 83% of max PWM score (strand +, rank 1). No ENCODE ChIP-seq data for islet cells. Motif-based prediction.
chr4:54064929-54064946	ZNF189	NR3C1	0.33	0	Motif match 65% of max PWM score (strand +, rank 1). No ENCODE ChIP-seq data for HASM2 cells. Motif-based prediction.
chr2:148614458-148614469	FOXL1	FOXK2	0.36	0	Motif match 74% of max PWM score (strand +, rank 1). No ENCODE ChIP-seq overlap for this TF in K562 cells (48 other TF(s) have peaks here). Motif-based prediction.
chr22:23751161-23751171	ETV5	ETV4	0.72	0	Motif match 83% of max PWM score (strand -, rank 9). ENCODE ETV5 ChIP-seq: 1 peak(s) overlap this locus in HepG2 cells. ELK4 has higher motif score (100%) but no ENCODE evidence in HepG2.
chr1:33257140-33257157	RHOXF1	ESR1	0.62	0	Motif match 89% of max PWM score (strand +, rank 1). No ENCODE ChIP-seq overlap for this TF in MCF7 cells (11 other TF(s) have peaks here). Motif-based prediction.
chr22:35301687-35301697	ZNF341	RELA	0.38	0	Motif match 72% of max PWM score (strand -, rank 1). No ENCODE ChIP-seq data for monocyte-derived-macrophages cells. Motif-based prediction.
chr13:40146262-40146281	BATF	CTCF	0.85	0	Motif match 100% of max PWM score (strand -, rank 1). No ENCODE peak overlap at this locus in pancreas cells. Motif-based prediction.
chr5:104500936-104500952	EMX1	PHOX2B	0.85	0	Motif match 100% of max PWM score (strand +, rank 1). No ENCODE ChIP-seq data for Kelly cells. Motif-based prediction.
chr5:135579074-135579086	BATF	JUN	0.85	0	Motif match 100% of max PWM score (strand +, rank 1). No ENCODE ChIP-seq data for HAEC cells. Motif-based prediction.
chr12:53629674-53629684	NFIL3	CEBPB	0.33	0	Motif match 65% of max PWM score (strand -, rank 1). No ENCODE ChIP-seq data for ls180 cells. Motif-based prediction.
chr21:34129275-34129294	NKX2-4	CTCF	0.32	0	Motif match 64% of max PWM score (strand +, rank 1). No ENCODE peak overlap at this locus in A549 cells. Motif-based prediction.
chr5:170420998-170421017	NEUROG2	CTCF	0.85	0	Motif match 100% of max PWM score (strand -, rank 1). No ENCODE ChIP-seq data for WA09 cells. Motif-based prediction.
chr2:197889185-197889199	USF2	USF2	0.8	1	Motif match 88% of max PWM score (strand +, rank 2). ENCODE USF2 ChIP-seq: 1 peak(s) overlap this locus in GM12878 cells. MXI1 has higher motif score (100%) but no ENCODE evidence in GM12878.
chr5:37241293-37241310	SOX15	RXRA	0.58	0	Motif match 84% of max PWM score (strand -, rank 1). No ENCODE peak overlap at this locus in MCF7 cells. Motif-based prediction.
chrX:17291812-17291824	FOXD1	FOXA1	0.85	0	Motif match 100% of max PWM score (strand -, rank 1). No ENCODE ChIP-seq data for mcf7-tnf cells. Motif-based prediction.
chr8:6709493-6709501	BSX	GATA3	0.3	0	Motif match 61% of max PWM score (strand +, rank 1). No ENCODE peak overlap at this locus in MCF7 cells. Motif-based prediction.
chr7:54068326-54068340	FOXL1	HOXB13	0.56	0	Motif match 82% of max PWM score (strand -, rank 1). No ENCODE peak overlap at this locus in LNCaP cells. Motif-based prediction.
chr2:108492625-108492638	JUND	JUND	0.71	1	Motif match 83% of max PWM score (strand -, rank 8). ENCODE JUND ChIP-seq: 1 peak(s) overlap this locus in A549 cells. BATF has higher motif score (100%) but no ENCODE evidence in A549.
chr7:129052181-129052198	NR2C2	ESR1	0.85	0	Motif match 100% of max PWM score (strand +, rank 1). No ENCODE ChIP-seq data for patient-derived-pleaural-effusion cells. Motif-based prediction.
chrX:14873172-14873182	CEBPD	CEBPB	0.5	0	Motif match 79% of max PWM score (strand -, rank 1). No ENCODE ChIP-seq data for HEE cells. Motif-based prediction.
chr9:69673034-69673046	YY2	MYC	0.24	0	Motif match 48% of max PWM score (strand -, rank 1). No ENCODE ChIP-seq data for cd34 cells. Motif-based prediction.
chr12:12382898-12382910	FOXA2	FOXA1	0.64	0	Motif match 87% of max PWM score (strand +, rank 1). No ENCODE peak overlap at this locus in VCaP cells. Motif-based prediction.
chr2:69683331-69683341	BHLHE22	TFAP4	0.85	0	Motif match 100% of max PWM score (strand +, rank 1). No ENCODE ChIP-seq data for kasumi1 cells. Motif-based prediction.
chr11:86811807-86811818	BATF3	FOS	0.47	0	Motif match 77% of max PWM score (strand +, rank 1). No ENCODE ChIP-seq data for MCF10A-ER-Src cells. Motif-based prediction.
chr8:129731955-129731974	ZNF354C	CTCF	0.46	0	Motif match 79% of max PWM score (strand +, rank 1). No ENCODE ChIP-seq overlap for this TF in osteoblast cells (1 other TF(s) have peaks here). Motif-based prediction.
chr20:63520012-63520031	MAZ	CTCF	0.81	0	Motif match 89% of max PWM score (strand +, rank 1). ENCODE MAZ ChIP-seq: 1 peak(s) overlap this locus in MCF7 cells.
chr13:71122370-71122382	RHOXF1	RUNX3	0.34	0	Motif match 69% of max PWM score (strand +, rank 1). No ENCODE peak overlap at this locus in GM12878 cells. Motif-based prediction.
chr21:36354980-36354992	FOXA2	FOXA1	0.64	0	Motif match 87% of max PWM score (strand +, rank 1). No ENCODE ChIP-seq data for lncap-abl-shcreb1 cells. Motif-based prediction.
chr13:21638419-21638438	ZNF354C	CTCF	0.81	0	Motif match 98% of max PWM score (strand +, rank 1). No ENCODE ChIP-seq data for MDM-monocyte-derived-macrophages- cells. Motif-based prediction.
chr1:3925139-3925151	BATF	JUN	0.85	0	Motif match 100% of max PWM score (strand +, rank 1). No ENCODE ChIP-seq data for MDA-MB-231p27CK-DD cells. Motif-based prediction.
chr2:45820826-45820843	NR2C2	ESR1	0.8	0	Motif match 100% of max PWM score (strand -, rank 1). No ENCODE ChIP-seq overlap for this TF in MCF7 cells (1 other TF(s) have peaks here). Motif-based prediction.
chr5:137995732-137995744	CUX1	FOXA1	0.43	0	Motif match 75% of max PWM score (strand +, rank 1). No ENCODE ChIP-seq data for lncap-abl-shcreb1 cells. Motif-based prediction.
chr8:54101046-54101056	CEBPB	CEBPB	0.69	1	Motif match 81% of max PWM score (strand +, rank 2). ENCODE CEBPB ChIP-seq: 1 peak(s) overlap this locus in A549 cells.
chr12:28313875-28313886	SOX15	SOX2	0.73	0	Motif match 93% of max PWM score (strand +, rank 1). No ENCODE ChIP-seq data for hnsc cells. Motif-based prediction.
chr5:59206460-59206471	FOXP2	FOXO1	0.45	0	Motif match 76% of max PWM score (strand +, rank 1). No ENCODE ChIP-seq data for hesc cells. Motif-based prediction.
chr8:66535973-66535983	FOSL2	JUNB	0.88	0	Motif match 93% of max PWM score (strand +, rank 6). ENCODE FOSL2 ChIP-seq: 1 peak(s) overlap this locus in A549 cells. BATF has higher motif score (100%) but no ENCODE evidence in A549.
chr18:42298929-42298948	CTCF	CTCF	0.67	1	Motif match 80% of max PWM score (strand +, rank 6). ENCODE CTCF ChIP-seq: 2 peak(s) overlap this locus in HepG2 cells. NEUROG2 has higher motif score (100%) but no ENCODE evidence in HepG2.
chr12:43368638-43368651	BATF	JUND	0.85	0	Motif match 100% of max PWM score (strand -, rank 1). No ENCODE ChIP-seq data for artery-smooth-muscle cells. Motif-based prediction.
chr17:63928412-63928431	ZNF354C	CTCF	0.76	0	Motif match 98% of max PWM score (strand -, rank 1). No ENCODE ChIP-seq overlap for this TF in MCF-7 cells (1 other TF(s) have peaks here). Motif-based prediction.
chr11:128812463-128812478	EBF1	EBF1	0.83	1	Motif match 90% of max PWM score (strand -, rank 2). ENCODE EBF1 ChIP-seq: 2 peak(s) overlap this locus in GM12878 cells.
chr6:149717683-149717698	NR2C1	RXRA	0.79	0	Motif match 100% of max PWM score (strand +, rank 1). No ENCODE ChIP-seq overlap for this TF in liver cells (9 other TF(s) have peaks here). Motif-based prediction.
chr15:68775226-68775240	MSANTD3	ONECUT2	0.42	0	Motif match 74% of max PWM score (strand -, rank 1). No ENCODE peak overlap at this locus in LNCaP cells. Motif-based prediction.
chr6:25284218-25284230	FOXP3	FOXA1	0.56	0	Motif match 83% of max PWM score (strand -, rank 1). No ENCODE peak overlap at this locus in LNCaP cells. Motif-based prediction.
chr9:22107843-22107860	PGR	AR	0.71	0	Motif match 92% of max PWM score (strand +, rank 1). No ENCODE peak overlap at this locus in vcap cells. Motif-based prediction.
chr6:1335513-1335526	TFAP2C	TFAP2A	0.32	0	Motif match 65% of max PWM score (strand +, rank 1). No ENCODE ChIP-seq data for WA09 cells. Motif-based prediction.
chr1:29974471-29974483	FOS	FOS	1.0	1	Motif match 100% of max PWM score (strand +, rank 1). ENCODE FOS ChIP-seq: 1 peak(s) overlap this locus in MCF7 cells.
chr16:46790125-46790141	SP5	GLIS1	0.8	0	Motif match 100% of max PWM score (strand -, rank 1). No ENCODE ChIP-seq overlap for this TF in HEK293 cells (28 other TF(s) have peaks here). Motif-based prediction.
chr5:85758624-85758636	FOXA2	FOXA1	0.64	0	Motif match 87% of max PWM score (strand -, rank 1). No ENCODE ChIP-seq data for lncap-dht cells. Motif-based prediction.
chr22:27753035-27753049	FOSB	SMAD3	0.5	0	Motif match 79% of max PWM score (strand +, rank 1). No ENCODE ChIP-seq data for HCC1954 cells. Motif-based prediction.
chr9:127928845-127928862	MAZ	SP4	0.8	0	Motif match 100% of max PWM score (strand -, rank 1). No ENCODE ChIP-seq overlap for this TF in HEK293 cells (3 other TF(s) have peaks here). Motif-based prediction.
chr2:71459200-71459217	NR2C2	ESR1	0.85	0	Motif match 100% of max PWM score (strand +, rank 1). No ENCODE ChIP-seq data for mcf7-glyc cells. Motif-based prediction.
chr17:30715288-30715307	CTCFL	CTCF	0.53	0	Motif match 81% of max PWM score (strand -, rank 1). No ENCODE ChIP-seq data for THP-1 cells. Motif-based prediction.
chr11:128906074-128906093	CTCFL	CTCF	0.85	0	Motif match 100% of max PWM score (strand -, rank 1). No ENCODE ChIP-seq data for E14-retina cells. Motif-based prediction.
chr2:201220171-201220188	YY2	AR	0.29	0	Motif match 59% of max PWM score (strand -, rank 1). No ENCODE ChIP-seq data for CWR22 cells. Motif-based prediction.
chr3:102378424-102378442	NR2C2	TP63	0.3	0	Motif match 61% of max PWM score (strand -, rank 1). No ENCODE ChIP-seq data for HaCaT cells. Motif-based prediction.
chr11:103413648-103413665	NR2C2	AR	0.51	0	Motif match 80% of max PWM score (strand -, rank 1). No ENCODE peak overlap at this locus in LNCaP cells. Motif-based prediction.
chr5:136802560-136802579	ZEB1	CTCF	0.85	0	Motif match 100% of max PWM score (strand -, rank 1). No ENCODE ChIP-seq data for islet cells. Motif-based prediction.
chr20:38173315-38173325	CEBPD	CEBPB	0.35	0	Motif match 73% of max PWM score (strand +, rank 1). No ENCODE ChIP-seq overlap for this TF in IMR-90 cells (2 other TF(s) have peaks here). Motif-based prediction.
chr12:76096394-76096406	FOXD1	FOXA1	0.85	0	Motif match 100% of max PWM score (strand +, rank 1). No ENCODE peak overlap at this locus in LNCaP cells. Motif-based prediction.
chr1:112161845-112161862	FOXP3	ESR1	0.56	0	Motif match 83% of max PWM score (strand -, rank 1). No ENCODE peak overlap at this locus in MCF7 cells. Motif-based prediction.
chrX:45976132-45976144	FOXD1	FOXA1	0.85	0	Motif match 100% of max PWM score (strand +, rank 1). No ENCODE peak overlap at this locus in MCF7 cells. Motif-based prediction.
chr19:11597845-11597857	MXI1	MYC	0.85	0	Motif match 100% of max PWM score (strand +, rank 1). No ENCODE peak overlap at this locus in MCF10A cells. Motif-based prediction.
chr14:52025520-52025533	BATF	JUN	0.85	0	Motif match 100% of max PWM score (strand -, rank 1). No ENCODE ChIP-seq data for HAEC cells. Motif-based prediction.
chr7:36196199-36196209	BATF	JUNB	0.85	0	Motif match 100% of max PWM score (strand -, rank 1). No ENCODE ChIP-seq data for MCF10A-ER-Src cells. Motif-based prediction.
chr6:76708783-76708802	MSANTD3	CTCF	0.5	0	Motif match 79% of max PWM score (strand -, rank 1). No ENCODE ChIP-seq data for HeLa cells. Motif-based prediction.
chr10:12719543-12719557	IKZF2	ELF3	0.85	0	Motif match 100% of max PWM score (strand +, rank 1). No ENCODE ChIP-seq data for pdac-shctr cells. Motif-based prediction.
chr20:3738786-3738800	CEBPA	HLF	0.93	0	Motif match 96% of max PWM score (strand -, rank 2). ENCODE CEBPA ChIP-seq: 1 peak(s) overlap this locus in HepG2 cells. CEBPD has higher motif score (100%) but no ENCODE evidence in HepG2.
chr10:132453139-132453151	FOXP3	FOXA1	0.51	0	Motif match 83% of max PWM score (strand +, rank 1). No ENCODE ChIP-seq overlap for this TF in LNCaP cells (1 other TF(s) have peaks here). Motif-based prediction.
chr4:44583620-44583639	HIC2	CTCF	0.61	0	Motif match 86% of max PWM score (strand +, rank 1). No ENCODE ChIP-seq data for TTC-1240 cells. Motif-based prediction.
chr10:119504038-119504049	NEUROG2	MAX	0.85	0	Motif match 100% of max PWM score (strand -, rank 1). No ENCODE ChIP-seq data for MKL-1 cells. Motif-based prediction.
chr2:224142380-224142390	ATF4	CEBPB	0.68	0	Motif match 90% of max PWM score (strand +, rank 1). No ENCODE ChIP-seq data for hmsc-dmi-low cells. Motif-based prediction.
chr9:88778022-88778032	ZKSCAN5	RELA	0.27	0	Motif match 54% of max PWM score (strand -, rank 1). No ENCODE ChIP-seq data for HAEC cells. Motif-based prediction.
chr10:79562299-79562318	RELB	CTCF	0.29	0	Motif match 68% of max PWM score (strand -, rank 1). No ENCODE ChIP-seq overlap for this TF in GM12864 cells (1 other TF(s) have peaks here). Motif-based prediction.
chr7:136380579-136380599	IKZF2	SPI1	0.85	0	Motif match 100% of max PWM score (strand +, rank 1). No ENCODE peak overlap at this locus in K562 cells. Motif-based prediction.
chrX:48574959-48574978	HOXA7	CTCF	0.8	0	Motif match 97% of max PWM score (strand -, rank 1). No ENCODE ChIP-seq data for LUHMES cells. Motif-based prediction.
chr6:111030460-111030471	FOXP3	FOXA2	0.31	0	Motif match 62% of max PWM score (strand +, rank 1). No ENCODE ChIP-seq data for HUES64 cells. Motif-based prediction.
chr20:39771964-39771976	FOXA2	FOXA1	0.64	0	Motif match 87% of max PWM score (strand +, rank 1). No ENCODE ChIP-seq data for vcap-etoh cells. Motif-based prediction.
chr10:73767519-73767532	ZEB1	TCF4	0.85	0	Motif match 100% of max PWM score (strand -, rank 1). No ENCODE ChIP-seq data for TMD8 cells. Motif-based prediction.
chr1:223715281-223715298	MNX1	AR	0.28	0	Motif match 66% of max PWM score (strand +, rank 1). No ENCODE ChIP-seq overlap for this TF in HEK293 cells (59 other TF(s) have peaks here). Motif-based prediction.
chr8:38644526-38644543	DMRTA2	NR3C1	0.34	0	Motif match 68% of max PWM score (strand -, rank 1). No ENCODE peak overlap at this locus in A549 cells. Motif-based prediction.
chr22:37607318-37607326	DMRTA2	GATA3	0.73	0	Motif match 96% of max PWM score (strand +, rank 1). No ENCODE ChIP-seq overlap for this TF in T47D cells (2 other TF(s) have peaks here). Motif-based prediction.
chr21:14179649-14179659	EHF	FLI1	0.32	0	Motif match 65% of max PWM score (strand +, rank 1). No ENCODE ChIP-seq data for A-673-clone-Asp114 cells. Motif-based prediction.
chr5:6378714-6378726	ZBTB14	E2F1	0.28	0	Motif match 66% of max PWM score (strand +, rank 1). No ENCODE ChIP-seq overlap for this TF in MCF7 cells (7 other TF(s) have peaks here). Motif-based prediction.
chr19:15601219-15601233	NR2F2	NR2F6	0.8	0	Motif match 100% of max PWM score (strand -, rank 1). No ENCODE ChIP-seq overlap for this TF in HepG2 cells (1 other TF(s) have peaks here). Motif-based prediction.
chrX:1392378-1392392	VEZF1	GLIS3	0.35	0	Motif match 70% of max PWM score (strand -, rank 1). No ENCODE ChIP-seq data for H9 cells. Motif-based prediction.
chr7:88291979-88291991	FOXD1	FOXA1	0.85	0	Motif match 100% of max PWM score (strand -, rank 1). No ENCODE ChIP-seq data for primary-prostate-cancer cells. Motif-based prediction.
chr11:78630775-78630794	GSC2	CTCF	0.33	0	Motif match 67% of max PWM score (strand -, rank 1). No ENCODE peak overlap at this locus in gm12878 cells. Motif-based prediction.
chr17:59855844-59855856	ETS1	TEAD4	0.57	0	Motif match 74% of max PWM score (strand +, rank 3). ENCODE ETS1 ChIP-seq: 1 peak(s) overlap this locus in A549 cells. TEAD2 has higher motif score (80%) but no ENCODE evidence in A549.
chr12:65607721-65607733	NFYA	GRHL2	0.27	0	Motif match 65% of max PWM score (strand -, rank 1). No ENCODE ChIP-seq overlap for this TF in MCF7 cells (16 other TF(s) have peaks here). Motif-based prediction.
chr13:28321386-28321398	FOXA2	FOXA1	0.64	0	Motif match 87% of max PWM score (strand +, rank 1). No ENCODE ChIP-seq data for vcap-etoh cells. Motif-based prediction.
chr8:22877436-22877453	NR2C2	ESR1	0.54	0	Motif match 82% of max PWM score (strand -, rank 1). No ENCODE peak overlap at this locus in T47D cells. Motif-based prediction.
chr20:18465940-18465954	IKZF2	ELF3	0.85	0	Motif match 100% of max PWM score (strand +, rank 1). No ENCODE ChIP-seq data for pdac-shctr cells. Motif-based prediction.
chr2:191927434-191927447	BATF	JUN	0.85	0	Motif match 100% of max PWM score (strand -, rank 1). No ENCODE ChIP-seq data for HAEC cells. Motif-based prediction.
chr16:3059399-3059418	CTCFL	CTCF	0.85	0	Motif match 100% of max PWM score (strand +, rank 1). No ENCODE peak overlap at this locus in OCI-LY7 cells. Motif-based prediction.
chr9:17794398-17794417	ZEB1	CTCF	0.85	0	Motif match 100% of max PWM score (strand -, rank 1). No ENCODE peak overlap at this locus in DOHH2 cells. Motif-based prediction.
chr12:100877970-100877989	RELB	CTCF	0.33	0	Motif match 65% of max PWM score (strand +, rank 1). No ENCODE ChIP-seq data for MCF7L-P-immortalized-breast-epithelial-cell-line- cells. Motif-based prediction.
chr5:103263414-103263426	FOXD1	FOXA1	0.85	0	Motif match 100% of max PWM score (strand -, rank 1). No ENCODE peak overlap at this locus in LNCaP cells. Motif-based prediction.
chr15:51223891-51223902	ZNF354C	FOXO1	0.54	0	Motif match 82% of max PWM score (strand -, rank 1). No ENCODE ChIP-seq data for pre cells. Motif-based prediction.
chr1:85502977-85502996	ZNF354C	CTCF	0.51	0	Motif match 79% of max PWM score (strand -, rank 1). No ENCODE ChIP-seq data for SYO-1-Biphasic-synovial-sarcoma- cells. Motif-based prediction.
chr2:15176816-15176836	VEZF1	SPI1	0.85	0	Motif match 100% of max PWM score (strand -, rank 1). No ENCODE ChIP-seq data for lcl cells. Motif-based prediction.
chr4:9063896-9063909	GATA5	GATA6	0.81	0	Motif match 98% of max PWM score (strand +, rank 1). No ENCODE ChIP-seq data for definitive-endoderm-from-HUES8 cells. Motif-based prediction.
chr1:167410213-167410230	FOXD1	AR	0.85	0	Motif match 100% of max PWM score (strand -, rank 1). No ENCODE ChIP-seq data for vcap-dht24h-shrunx1 cells. Motif-based prediction.
chr1:6968445-6968451	ARNT	ARNT	0.85	1	Motif match 100% of max PWM score (strand -, rank 1). No ENCODE ChIP-seq data for t47d-haegin2 cells. Motif-based prediction.
chr2:241595779-241595798	ZNF317	CTCF	0.29	0	Motif match 68% of max PWM score (strand +, rank 1). No ENCODE ChIP-seq overlap for this TF in A549 cells (1 other TF(s) have peaks here). Motif-based prediction.
chr10:48414351-48414366	CREB1	MAFK	0.28	0	Motif match 66% of max PWM score (strand -, rank 1). No ENCODE ChIP-seq overlap for this TF in HepG2 cells (3 other TF(s) have peaks here). Motif-based prediction.
chr11:14041244-14041263	ZNF354C	CTCF	0.49	0	Motif match 82% of max PWM score (strand -, rank 1). No ENCODE ChIP-seq overlap for this TF in SK-N-SH cells (2 other TF(s) have peaks here). Motif-based prediction.
chr6:116387500-116387510	MYC	MAX	1.0	0	Motif match 100% of max PWM score (strand +, rank 6). ENCODE MYC ChIP-seq: 1 peak(s) overlap this locus in A549 cells.
chr8:4542061-4542080	PLAGL2	CTCF	0.28	0	Motif match 57% of max PWM score (strand +, rank 1). No ENCODE ChIP-seq data for hepatocytes cells. Motif-based prediction.
chr10:3825385-3825398	RHOXF1	HNF4A	0.34	0	Motif match 69% of max PWM score (strand +, rank 1). No ENCODE ChIP-seq data for gp5d cells. Motif-based prediction.
chr11:18063360-18063372	FOXA2	FOXA1	0.64	0	Motif match 87% of max PWM score (strand +, rank 1). No ENCODE ChIP-seq data for LNCaP95 cells. Motif-based prediction.
chr18:58945531-58945551	GABPA	SPI1	0.85	0	Motif match 100% of max PWM score (strand +, rank 1). No ENCODE peak overlap at this locus in dohh2 cells. Motif-based prediction.
chr12:29350194-29350206	FOXO4	FOXA1	0.27	0	Motif match 64% of max PWM score (strand -, rank 1). No ENCODE ChIP-seq overlap for this TF in MCF-7L cells (1 other TF(s) have peaks here). Motif-based prediction.
chr11:120622775-120622785	HAND2	NEUROG2	0.85	0	Motif match 100% of max PWM score (strand -, rank 1). No ENCODE ChIP-seq data for MRC-5 cells. Motif-based prediction.
chr2:201177471-201177483	BATF3	JUN	0.46	0	Motif match 77% of max PWM score (strand +, rank 1). No ENCODE ChIP-seq data for MCF10A-ER-Src cells. Motif-based prediction.
chr5:172315840-172315850	RELA	RELA	0.45	1	Motif match 79% of max PWM score (strand +, rank 1). No ENCODE ChIP-seq overlap for this TF in GM12878 cells (23 other TF(s) have peaks here). Motif-based prediction.
chr8:82447550-82447567	DMRTA2	RXRA	0.78	0	Motif match 96% of max PWM score (strand -, rank 1). No ENCODE peak overlap at this locus in MCF7 cells. Motif-based prediction.
chr8:63168458-63168469	TCFL5	MYC	0.23	0	Motif match 55% of max PWM score (strand +, rank 1). No ENCODE ChIP-seq overlap for this TF in MCF10A cells (3 other TF(s) have peaks here). Motif-based prediction.
chr3:195385077-195385093	SRF	SRF	0.27	1	Motif match 63% of max PWM score (strand -, rank 1). No ENCODE ChIP-seq overlap for this TF in Ishikawa cells (4 other TF(s) have peaks here). Motif-based prediction.
chr17:51537228-51537240	BATF	JUNB	0.85	0	Motif match 100% of max PWM score (strand -, rank 1). No ENCODE ChIP-seq data for MCF10A-ER-Src cells. Motif-based prediction.
chr1:232306563-232306580	PGR	AR	0.79	0	Motif match 96% of max PWM score (strand -, rank 1). No ENCODE ChIP-seq data for VCS2 cells. Motif-based prediction.
chr9:93431617-93431629	FOXL1	FOXA1	0.51	0	Motif match 82% of max PWM score (strand -, rank 1). No ENCODE ChIP-seq overlap for this TF in MCF7 cells (5 other TF(s) have peaks here). Motif-based prediction.
chr19:38384452-38384471	ZNF768	CTCF	0.37	0	Motif match 71% of max PWM score (strand -, rank 1). No ENCODE ChIP-seq data for h1-mesen cells. Motif-based prediction.
chr17:73874202-73874212	BATF	JUNB	0.85	0	Motif match 100% of max PWM score (strand -, rank 1). No ENCODE ChIP-seq data for MCF10A-ER-Src cells. Motif-based prediction.
chr15:68783865-68783884	CTCFL	CTCF	1.0	0	Motif match 100% of max PWM score (strand +, rank 1). ENCODE CTCFL ChIP-seq: 1 peak(s) overlap this locus in K562 cells.
chr13:110624850-110624862	ZNF341	MAFB	0.2	0	Motif match 41% of max PWM score (strand -, rank 1). No ENCODE ChIP-seq data for islet cells. Motif-based prediction.
chr4:173270657-173270669	FOXL1	FOXA1	0.61	0	Motif match 85% of max PWM score (strand -, rank 1). No ENCODE ChIP-seq data for lncap-dmso cells. Motif-based prediction.
chr2:236513132-236513151	TCF21	CTCF	0.26	0	Motif match 62% of max PWM score (strand -, rank 1). No ENCODE ChIP-seq overlap for this TF in GM12875 cells (29 other TF(s) have peaks here). Motif-based prediction.
chr2:161879026-161879038	FOXL1	FOXA1	0.56	0	Motif match 82% of max PWM score (strand -, rank 1). No ENCODE ChIP-seq data for MCF7-TamR cells. Motif-based prediction.
chr19:49085463-49085475	HES1	MYC	0.29	0	Motif match 59% of max PWM score (strand +, rank 1). No ENCODE ChIP-seq data for p493-shtert cells. Motif-based prediction.
chr5:134279899-134279911	FOXA1	FOXA1	0.51	1	Motif match 71% of max PWM score (strand -, rank 4). ENCODE FOXA1 ChIP-seq: 1 peak(s) overlap this locus in mcf7 cells. FOXP3 has higher motif score (83%) but no ENCODE evidence in mcf7.
chr4:53366042-53366053	CLOCK	MYC	0.85	0	Motif match 100% of max PWM score (strand +, rank 1). No ENCODE ChIP-seq data for normal-epidermal-keratinocytes cells. Motif-based prediction.
chr3:122350968-122350985	HIC2	NR3C1	0.31	0	Motif match 63% of max PWM score (strand +, rank 1). No ENCODE ChIP-seq data for HASM2 cells. Motif-based prediction.
chr20:9398380-9398391	SRY	FOXP1	0.38	0	Motif match 72% of max PWM score (strand +, rank 1). No ENCODE peak overlap at this locus in sudhl6 cells. Motif-based prediction.
chr3:160163434-160163444	DMRTA2	KLF5	0.28	0	Motif match 55% of max PWM score (strand -, rank 1). No ENCODE ChIP-seq data for BICR31-Tongue-squamous-cell-carcinoma-cell- cells. Motif-based prediction.
chr7:93039017-93039031	CEBPA	CEBPA	0.53	1	Motif match 81% of max PWM score (strand -, rank 1). No ENCODE ChIP-seq data for u937 cells. Motif-based prediction.
chr1:30779762-30779781	CTCFL	CTCF	0.85	0	Motif match 100% of max PWM score (strand -, rank 1). No ENCODE peak overlap at this locus in mm1s cells. Motif-based prediction.
chr19:11452135-11452148	HIF1A	CREB1	0.26	0	Motif match 62% of max PWM score (strand -, rank 1). No ENCODE ChIP-seq overlap for this TF in GM12878 cells (31 other TF(s) have peaks here). Motif-based prediction.
chr1:23585788-23585800	JUN	JUNB	1.0	0	Motif match 100% of max PWM score (strand +, rank 2). ENCODE JUN ChIP-seq: 1 peak(s) overlap this locus in A549 cells. BATF has higher motif score (100%) but no ENCODE evidence in A549.
chr5:10334559-10334571	OTX2	OTX2	0.85	1	Motif match 100% of max PWM score (strand +, rank 1). No ENCODE ChIP-seq data for D341-Med cells. Motif-based prediction.
chr8:47305348-47305366	GATA1	TAL1	0.83	0	Motif match 90% of max PWM score (strand -, rank 2). ENCODE GATA1 ChIP-seq: 1 peak(s) overlap this locus in K562 cells. GATA2 has higher motif score (100%) but no ENCODE evidence in K562.
chr12:12311620-12311632	FOXD1	FOXA1	0.85	0	Motif match 100% of max PWM score (strand +, rank 1). No ENCODE ChIP-seq data for MCF7-WS8-cells cells. Motif-based prediction.
chr4:37817999-37818020	ZBTB12	REST	0.77	0	Motif match 95% of max PWM score (strand -, rank 1). No ENCODE peak overlap at this locus in GM12878 cells. Motif-based prediction.
chr10:125515000-125515017	YY2	ESR1	0.26	0	Motif match 63% of max PWM score (strand -, rank 1). No ENCODE ChIP-seq overlap for this TF in mcf7 cells (19 other TF(s) have peaks here). Motif-based prediction.
chr20:58870404-58870417	ZEB1	TCF4	0.85	0	Motif match 100% of max PWM score (strand -, rank 1). No ENCODE ChIP-seq data for GEN2.2 cells. Motif-based prediction.
chr1:160618934-160618953	CTCF	CTCF	0.66	1	Motif match 77% of max PWM score (strand +, rank 2). ENCODE CTCF ChIP-seq: 4 peak(s) overlap this locus in K562 cells.
chr5:76491104-76491114	IKZF2	FLI1	0.85	0	Motif match 100% of max PWM score (strand -, rank 1). No ENCODE ChIP-seq data for A-673-clone-Asp114 cells. Motif-based prediction.
chr4:9905200-9905211	BNC2	JUN	0.35	0	Motif match 70% of max PWM score (strand -, rank 1). No ENCODE ChIP-seq data for MCF10A-ER-Src cells. Motif-based prediction.
chr5:145888160-145888179	ZEB1	CTCF	0.8	0	Motif match 100% of max PWM score (strand +, rank 1). No ENCODE ChIP-seq overlap for this TF in GM12878 cells (1 other TF(s) have peaks here). Motif-based prediction.
chr5:168365214-168365226	TFAP2E	TFAP2C	0.42	0	Motif match 74% of max PWM score (strand +, rank 1). No ENCODE ChIP-seq data for UCLA1-hESCs cells. Motif-based prediction.
chr9:76423926-76423940	NR2C2	RXRB	0.41	0	Motif match 77% of max PWM score (strand +, rank 1). No ENCODE ChIP-seq overlap for this TF in HepG2 cells (78 other TF(s) have peaks here). Motif-based prediction.
chr1:6584297-6584308	MAX	MYC	1.0	0	Motif match 100% of max PWM score (strand +, rank 1). ENCODE MAX ChIP-seq: 1 peak(s) overlap this locus in K562 cells.
chr6:89074101-89074112	NR2C2	FOXA2	0.85	0	Motif match 100% of max PWM score (strand +, rank 1). No ENCODE ChIP-seq data for islet cells. Motif-based prediction.
chr15:60134793-60134812	CTCF	CTCF	0.75	1	Motif match 85% of max PWM score (strand +, rank 9). ENCODE CTCF ChIP-seq: 1 peak(s) overlap this locus in HCT-116 cells. ZEB1 has higher motif score (100%) but no ENCODE evidence in HCT-116.
chr14:92414785-92414795	CEBPG	CEBPB	0.34	0	Motif match 68% of max PWM score (strand -, rank 1). No ENCODE ChIP-seq data for THP-1 cells. Motif-based prediction.
chrX:53287649-53287660	BHLHE22	TCF12	0.8	0	Motif match 100% of max PWM score (strand +, rank 1). No ENCODE ChIP-seq overlap for this TF in SK-N-SH cells (8 other TF(s) have peaks here). Motif-based prediction.
chr2:70708209-70708221	POU5F1	FOXA1	0.85	0	Motif match 100% of max PWM score (strand -, rank 1). No ENCODE ChIP-seq data for vcap-r1881 cells. Motif-based prediction.
chr1:234470337-234470348	GATA2	GATA2	0.85	1	Motif match 100% of max PWM score (strand +, rank 1). No ENCODE ChIP-seq data for cd34-acy957 cells. Motif-based prediction.
chr20:2306124-2306136	SOX8	FOXA1	0.85	0	Motif match 100% of max PWM score (strand +, rank 1). No ENCODE ChIP-seq data for mdamb453 cells. Motif-based prediction.
chr1:172278304-172278314	CEBPD	CEBPB	0.45	0	Motif match 79% of max PWM score (strand +, rank 1). No ENCODE ChIP-seq overlap for this TF in Ishikawa cells (2 other TF(s) have peaks here). Motif-based prediction.
chr8:48753248-48753268	IKZF2	SPI1	0.85	0	Motif match 100% of max PWM score (strand -, rank 1). No ENCODE ChIP-seq data for macrophages-tpp cells. Motif-based prediction.
chr1:35120414-35120426	NFIL3	CEBPA	0.51	0	Motif match 80% of max PWM score (strand +, rank 1). No ENCODE ChIP-seq data for Kasumi-1 cells. Motif-based prediction.
chr1:180261174-180261186	ZEB1	MYCN	0.85	0	Motif match 100% of max PWM score (strand -, rank 1). No ENCODE ChIP-seq data for NGP cells. Motif-based prediction.
chr8:113372524-113372543	RELB	CTCF	0.27	0	Motif match 64% of max PWM score (strand -, rank 1). No ENCODE ChIP-seq overlap for this TF in mammary-epithelial-cells cells (1 other TF(s) have peaks here). Motif-based prediction.
chr13:98984319-98984336	MXI1	AR	0.85	0	Motif match 100% of max PWM score (strand -, rank 1). No ENCODE ChIP-seq data for vcap-r1881-1c30 cells. Motif-based prediction.
chr6:78944253-78944265	DMRTA2	CEBPA	0.85	0	Motif match 100% of max PWM score (strand -, rank 1). No ENCODE ChIP-seq data for U937 cells. Motif-based prediction.
chr6:146651302-146651319	FOS	ESR1	1.0	0	Motif match 100% of max PWM score (strand -, rank 1). ENCODE FOS ChIP-seq: 1 peak(s) overlap this locus in MCF7 cells.
chr5:180105998-180106009	FOSB	JUN	0.49	0	Motif match 79% of max PWM score (strand -, rank 1). No ENCODE ChIP-seq data for MCF10A-ER-Src cells. Motif-based prediction.
chr12:111399633-111399643	FOS	JUN	0.85	0	Motif match 100% of max PWM score (strand -, rank 1). No ENCODE ChIP-seq data for HUVEC-C cells. Motif-based prediction.
chr12:8032830-8032841	HES1	MYC	0.79	0	Motif match 100% of max PWM score (strand -, rank 1). No ENCODE ChIP-seq overlap for this TF in MCF10A cells (1 other TF(s) have peaks here). Motif-based prediction.
chr7:132433600-132433612	STAT3	STAT5A	0.45	0	Motif match 76% of max PWM score (strand -, rank 1). No ENCODE ChIP-seq data for T-cells cells. Motif-based prediction.
chr12:132186679-132186696	HIC2	NR3C1	0.34	0	Motif match 73% of max PWM score (strand -, rank 1). No ENCODE ChIP-seq overlap for this TF in MCF7 cells (1 other TF(s) have peaks here). Motif-based prediction.
chr4:164748560-164748579	ZNF354C	CTCF	0.35	0	Motif match 70% of max PWM score (strand -, rank 1). No ENCODE ChIP-seq data for NB4 cells. Motif-based prediction.
chr7:55533534-55533548	IKZF2	GABPA	1.0	0	Motif match 100% of max PWM score (strand +, rank 2). ENCODE IKZF2 ChIP-seq: 3 peak(s) overlap this locus in GM12878 cells.
chr1:154866699-154866713	GABPA	ELF1	0.85	0	Motif match 100% of max PWM score (strand -, rank 1). No ENCODE ChIP-seq data for skmnc-shfli-96h cells. Motif-based prediction.
chr11:35992783-35992793	CEBPD	CEBPB	0.85	0	Motif match 100% of max PWM score (strand +, rank 1). No ENCODE ChIP-seq data for OCI-AML3 cells. Motif-based prediction.
chr12:130994022-130994036	MXI1	USF1	0.85	0	Motif match 100% of max PWM score (strand +, rank 1). No ENCODE peak overlap at this locus in HCT116 cells. Motif-based prediction.
chr8:81498664-81498683	VEZF1	CTCF	0.35	0	Motif match 70% of max PWM score (strand +, rank 1). No ENCODE ChIP-seq data for snyder cells. Motif-based prediction.
chr18:71866084-71866094	CEBPB	CEBPB	0.7	1	Motif match 91% of max PWM score (strand -, rank 1). No ENCODE ChIP-seq data for JB6 cells. Motif-based prediction.
chrX:72306967-72306979	MXI1	MYC	0.85	0	Motif match 100% of max PWM score (strand +, rank 1). No ENCODE ChIP-seq data for u2os-dox cells. Motif-based prediction.
chr3:177345737-177345750	ZBTB6	TFAP2C	0.3	0	Motif match 60% of max PWM score (strand -, rank 1). No ENCODE ChIP-seq data for WA09 cells. Motif-based prediction.
chr5:135560970-135560989	ZNF354C	CTCF	0.51	0	Motif match 79% of max PWM score (strand +, rank 1). No ENCODE ChIP-seq data for gm18526 cells. Motif-based prediction.
chr13:102813598-102813611	FOS	JUN	0.85	0	Motif match 100% of max PWM score (strand +, rank 1). No ENCODE ChIP-seq data for HAEC cells. Motif-based prediction.
chr4:25312526-25312546	EHF	SPI1	0.85	0	Motif match 100% of max PWM score (strand +, rank 1). No ENCODE ChIP-seq data for lcl cells. Motif-based prediction.
chr1:29237441-29237452	MSANTD3	FOXA2	0.25	0	Motif match 61% of max PWM score (strand -, rank 1). No ENCODE ChIP-seq overlap for this TF in A549 cells (1 other TF(s) have peaks here). Motif-based prediction.
chr2:208025517-208025529	FOXD1	FOXA1	0.85	0	Motif match 100% of max PWM score (strand -, rank 1). No ENCODE peak overlap at this locus in 22RV1 cells. Motif-based prediction.
chr5:61148835-61148849	ONECUT1	ONECUT2	0.85	0	Motif match 100% of max PWM score (strand +, rank 1). No ENCODE peak overlap at this locus in LNCaP cells. Motif-based prediction.
chr1:42737434-42737453	ZNF549	CTCF	0.43	0	Motif match 78% of max PWM score (strand +, rank 1). No ENCODE ChIP-seq overlap for this TF in MCF7 cells (2 other TF(s) have peaks here). Motif-based prediction.
chrX:124023294-124023306	FOXL1	FOXA1	0.61	0	Motif match 85% of max PWM score (strand -, rank 1). No ENCODE ChIP-seq data for lncap-tnfa cells. Motif-based prediction.
chr5:151256082-151256102	IKZF1	SPI1	0.53	0	Motif match 81% of max PWM score (strand -, rank 1). No ENCODE ChIP-seq data for THP-1 cells. Motif-based prediction.
chrX:23615260-23615271	FOSB	FOS	0.37	0	Motif match 71% of max PWM score (strand -, rank 1). No ENCODE ChIP-seq data for MCF10A-ER-Src cells. Motif-based prediction.
chr9:98081535-98081549	MSANTD3	JUN	0.26	0	Motif match 62% of max PWM score (strand -, rank 1). No ENCODE ChIP-seq overlap for this TF in A549 cells (6 other TF(s) have peaks here). Motif-based prediction.
chr19:51417195-51417215	RELB	SPI1	0.34	0	Motif match 68% of max PWM score (strand +, rank 1). No ENCODE ChIP-seq data for cd34-adult cells. Motif-based prediction.
chr10:74949157-74949171	NFIA	CEBPA	0.85	0	Motif match 100% of max PWM score (strand +, rank 1). No ENCODE ChIP-seq data for Kasumi-1 cells. Motif-based prediction.
chr1:58816355-58816373	PRDM1	IRF2	0.26	0	Motif match 62% of max PWM score (strand -, rank 1). No ENCODE ChIP-seq overlap for this TF in K562 cells (102 other TF(s) have peaks here). Motif-based prediction.
chr7:19665604-19665623	ZNF354C	CTCF	0.81	0	Motif match 98% of max PWM score (strand +, rank 1). No ENCODE ChIP-seq data for THP-1 cells. Motif-based prediction.
chr9:129490450-129490456	ARNT	ARNT	0.54	1	Motif match 82% of max PWM score (strand +, rank 1). No ENCODE ChIP-seq data for t47d-haegin2 cells. Motif-based prediction.
chr22:33915521-33915533	FOXA2	FOXA1	0.45	0	Motif match 76% of max PWM score (strand +, rank 1). No ENCODE ChIP-seq data for lncap-dmso cells. Motif-based prediction.
chr16:53225268-53225282	HMBOX1	CEBPA	0.42	0	Motif match 74% of max PWM score (strand -, rank 1). No ENCODE ChIP-seq data for SKH1 cells. Motif-based prediction.
chr3:169604764-169604783	ZNF549	CTCF	0.47	0	Motif match 80% of max PWM score (strand +, rank 1). No ENCODE ChIP-seq overlap for this TF in BE2C cells (1 other TF(s) have peaks here). Motif-based prediction.
chr7:24908378-24908391	MXI1	TWIST1	0.85	0	Motif match 100% of max PWM score (strand +, rank 1). No ENCODE peak overlap at this locus in be2c cells. Motif-based prediction.
chr3:99294166-99294184	FEZF2	TP63	0.5	0	Motif match 79% of max PWM score (strand -, rank 1). No ENCODE peak overlap at this locus in keratinocyte-d7 cells. Motif-based prediction.
chr11:3051003-3051024	ZNF317	REST	0.85	0	Motif match 100% of max PWM score (strand +, rank 1). No ENCODE peak overlap at this locus in Panc1 cells. Motif-based prediction.
chr6:6712751-6712762	BARHL1	GATA2	0.52	0	Motif match 80% of max PWM score (strand -, rank 1). No ENCODE ChIP-seq data for CD34 cells. Motif-based prediction.
chr19:15210433-15210443	JUND	JUNB	0.71	0	Motif match 83% of max PWM score (strand +, rank 8). ENCODE JUND ChIP-seq: 1 peak(s) overlap this locus in A549 cells. BATF has higher motif score (100%) but no ENCODE evidence in A549.
chr3:193190582-193190593	HOXC8	SOX2	0.3	0	Motif match 61% of max PWM score (strand +, rank 1). No ENCODE ChIP-seq data for ipsc cells. Motif-based prediction.
chr10:78047455-78047474	HIC2	CTCF	0.82	0	Motif match 98% of max PWM score (strand -, rank 1). No ENCODE ChIP-seq data for HSMM cells. Motif-based prediction.
chr3:14323575-14323585	BHLHE22	NEUROG2	0.85	0	Motif match 100% of max PWM score (strand +, rank 1). No ENCODE ChIP-seq data for MRC-5 cells. Motif-based prediction.
chr6:127457529-127457546	ZNF257	AR	0.35	0	Motif match 70% of max PWM score (strand +, rank 1). No ENCODE ChIP-seq data for prostate-normal cells. Motif-based prediction.
chr12:102172156-102172170	THAP1	TFAP2C	0.65	0	Motif match 88% of max PWM score (strand +, rank 1). No ENCODE ChIP-seq data for a375-dmso cells. Motif-based prediction.
chr2:237591757-237591771	TFAP2E	TFAP2C	0.58	0	Motif match 87% of max PWM score (strand +, rank 1). No ENCODE ChIP-seq overlap for this TF in mcf7 cells (5 other TF(s) have peaks here). Motif-based prediction.
chr3:59739999-59740011	FOXL1	FOXA1	0.8	0	Motif match 97% of max PWM score (strand -, rank 1). No ENCODE peak overlap at this locus in LNCaP cells. Motif-based prediction.
chr19:10250130-10250143	FOSL1	ATF2	0.7	0	Motif match 94% of max PWM score (strand -, rank 1). No ENCODE ChIP-seq overlap for this TF in GM12878 cells (23 other TF(s) have peaks here). Motif-based prediction.
chr10:102769423-102769440	FOXP3	NR3C1	0.44	0	Motif match 75% of max PWM score (strand -, rank 1). No ENCODE ChIP-seq data for zr751-dex cells. Motif-based prediction.
chr19:49991063-49991076	ZEB1	TCF4	0.85	0	Motif match 100% of max PWM score (strand -, rank 1). No ENCODE ChIP-seq data for TMD8 cells. Motif-based prediction.
chr14:102959522-102959533	FOXL1	FOXA2	0.61	0	Motif match 85% of max PWM score (strand -, rank 1). No ENCODE peak overlap at this locus in BJ cells. Motif-based prediction.
chr5:176537462-176537472	MAX	MAX	1.0	1	Motif match 100% of max PWM score (strand +, rank 2). ENCODE MAX ChIP-seq: 3 peak(s) overlap this locus in K562 cells. TFEB has higher motif score (100%) but no ENCODE evidence in K562.
chr3:48214973-48214992	NEUROG2	CTCF	0.85	0	Motif match 100% of max PWM score (strand -, rank 1). No ENCODE peak overlap at this locus in GM12892 cells. Motif-based prediction.
chr3:98805862-98805875	MSANTD3	JUN	0.36	0	Motif match 71% of max PWM score (strand -, rank 1). No ENCODE peak overlap at this locus in A549 cells. Motif-based prediction.
chr22:46726452-46726469	NR2C2	ESR1	0.85	0	Motif match 100% of max PWM score (strand -, rank 1). No ENCODE ChIP-seq data for mcf7-shcrt-e2 cells. Motif-based prediction.
chr20:49537261-49537280	ZNF417	CTCF	0.85	0	Motif match 100% of max PWM score (strand -, rank 1). No ENCODE ChIP-seq data for ovcar8 cells. Motif-based prediction.
chr11:7673988-7674007	ZNF770	CTCF	0.71	0	Motif match 92% of max PWM score (strand -, rank 1). No ENCODE ChIP-seq data for lymphoblastoid-cells cells. Motif-based prediction.
chr19:11482939-11482956	ZNF189	NR3C1	0.26	0	Motif match 53% of max PWM score (strand +, rank 1). No ENCODE ChIP-seq data for embryonic-kidney cells. Motif-based prediction.
chr3:163327290-163327307	NR2C2	ESR1	0.85	0	Motif match 100% of max PWM score (strand -, rank 1). No ENCODE ChIP-seq data for H3396 cells. Motif-based prediction.
chr12:20885318-20885329	BATF3	FOSL2	0.41	0	Motif match 77% of max PWM score (strand +, rank 1). No ENCODE ChIP-seq overlap for this TF in A549 cells (7 other TF(s) have peaks here). Motif-based prediction.
chr10:120392771-120392783	MEIS3	FOXA1	0.6	0	Motif match 85% of max PWM score (strand +, rank 1). No ENCODE peak overlap at this locus in T47D cells. Motif-based prediction.
chr13:114131493-114131504	GATA2	GATA2	0.43	1	Motif match 78% of max PWM score (strand -, rank 1). No ENCODE ChIP-seq overlap for this TF in K562 cells (25 other TF(s) have peaks here). Motif-based prediction.
chr15:75151637-75151649	PITX1	OTX2	0.85	0	Motif match 100% of max PWM score (strand +, rank 1). No ENCODE ChIP-seq data for D341-Med cells. Motif-based prediction.
chr11:2376236-2376253	TEAD2	AR	0.85	0	Motif match 100% of max PWM score (strand +, rank 1). No ENCODE ChIP-seq data for vcap-dht cells. Motif-based prediction.
chr11:78560948-78560958	ZKSCAN5	RELA	0.56	0	Motif match 83% of max PWM score (strand +, rank 1). No ENCODE ChIP-seq data for HUVEC-C cells. Motif-based prediction.
chr1:10430826-10430845	OSR2	CTCF	0.3	0	Motif match 59% of max PWM score (strand -, rank 1). No ENCODE ChIP-seq data for WA09 cells. Motif-based prediction.
chr3:146184741-146184759	HOXA7	TP63	0.4	0	Motif match 73% of max PWM score (strand +, rank 1). No ENCODE peak overlap at this locus in keratinocyte-d0 cells. Motif-based prediction.
chr11:128735623-128735634	GATA2	GATA1	0.85	0	Motif match 100% of max PWM score (strand -, rank 1). No ENCODE ChIP-seq data for cd34 cells. Motif-based prediction.
chr3:133488095-133488114	CTCF	CTCF	0.62	1	Motif match 77% of max PWM score (strand +, rank 3). ENCODE CTCF ChIP-seq: 2 peak(s) overlap this locus in HeLa-S3 cells. CTCFL has higher motif score (81%) but no ENCODE evidence in HeLa-S3.
chr4:165580467-165580479	FOSL2	JUNB	0.77	0	Motif match 86% of max PWM score (strand -, rank 9). ENCODE FOSL2 ChIP-seq: 2 peak(s) overlap this locus in A549 cells. BATF has higher motif score (100%) but no ENCODE evidence in A549.
chr3:108477734-108477753	ZNF549	CTCF	0.85	0	Motif match 100% of max PWM score (strand +, rank 1). No ENCODE ChIP-seq data for MCF7L-P-immortalized-breast-epithelial-cell-line- cells. Motif-based prediction.
chr3:162597828-162597839	SOX18	SOX2	0.47	0	Motif match 77% of max PWM score (strand +, rank 1). No ENCODE ChIP-seq data for esc cells. Motif-based prediction.
chr8:22695282-22695297	KLF2	SP1	0.8	0	Motif match 100% of max PWM score (strand -, rank 1). No ENCODE ChIP-seq overlap for this TF in HCT-116 cells (1 other TF(s) have peaks here). Motif-based prediction.
chr1:52574773-52574785	FOS	FOS	1.0	1	Motif match 100% of max PWM score (strand -, rank 1). ENCODE FOS ChIP-seq: 1 peak(s) overlap this locus in IMR90 cells.
chr14:77914247-77914258	ZNF317	RUNX1	0.41	0	Motif match 74% of max PWM score (strand -, rank 1). No ENCODE ChIP-seq data for bone-marrow cells. Motif-based prediction.
chr1:201902502-201902512	YY2	CEBPB	0.45	0	Motif match 76% of max PWM score (strand +, rank 1). No ENCODE ChIP-seq data for HEE cells. Motif-based prediction.
chr3:87958542-87958554	FOXD1	FOXA1	0.85	0	Motif match 100% of max PWM score (strand -, rank 1). No ENCODE ChIP-seq data for ZR-75-1 cells. Motif-based prediction.
chr8:98184222-98184235	TFAP2E	TFAP2C	0.63	0	Motif match 87% of max PWM score (strand +, rank 1). No ENCODE ChIP-seq data for UCLA1-hESCs cells. Motif-based prediction.
chr10:116767499-116767509	MAZ	KLF5	0.85	0	Motif match 100% of max PWM score (strand +, rank 1). No ENCODE peak overlap at this locus in HEK293T cells. Motif-based prediction.
chr2:219890444-219890463	ZNF317	CTCF	0.32	0	Motif match 64% of max PWM score (strand -, rank 1). No ENCODE ChIP-seq data for GM19239 cells. Motif-based prediction.
chr20:34310721-34310738	RHOXF1	ESR1	0.45	0	Motif match 76% of max PWM score (strand +, rank 1). No ENCODE ChIP-seq data for ly2-etoh cells. Motif-based prediction.
chr2:113068778-113068790	FOXA2	FOXA1	0.32	0	Motif match 63% of max PWM score (strand -, rank 1). No ENCODE peak overlap at this locus in VCaP cells. Motif-based prediction.
chr5:99143461-99143476	NR2C2	NR2F1	0.8	0	Motif match 100% of max PWM score (strand +, rank 1). No ENCODE ChIP-seq overlap for this TF in HepG2 cells (7 other TF(s) have peaks here). Motif-based prediction.
chr1:92163943-92163954	FOXA2	FOXA2	0.27	1	Motif match 55% of max PWM score (strand +, rank 1). No ENCODE peak overlap at this locus in BJ cells. Motif-based prediction.
chr10:20300026-20300038	NR2C2	CDX2	0.85	0	Motif match 100% of max PWM score (strand -, rank 1). No ENCODE ChIP-seq data for Wnt-Fgf-specified-intestinal-culture-cells cells. Motif-based prediction.
chr19:7398920-7398932	FOXA1	FOXA1	0.62	1	Motif match 77% of max PWM score (strand -, rank 19). ENCODE FOXA1 ChIP-seq: 1 peak(s) overlap this locus in T47D cells. FOXD1 has higher motif score (100%) but no ENCODE evidence in T47D.
chr3:15647727-15647738	IKZF1	RUNX1	0.51	0	Motif match 79% of max PWM score (strand +, rank 1). No ENCODE ChIP-seq data for CD34 cells. Motif-based prediction.
chr12:112418841-112418855	ELF1	ELF1	1.0	1	Motif match 100% of max PWM score (strand +, rank 3). ENCODE ELF1 ChIP-seq: 1 peak(s) overlap this locus in MCF-7 cells. EHF has higher motif score (100%) but no ENCODE evidence in MCF-7.
chr17:37629399-37629412	FOSL2	JUNB	1.0	0	Motif match 100% of max PWM score (strand -, rank 4). ENCODE FOSL2 ChIP-seq: 2 peak(s) overlap this locus in A549 cells. FOS has higher motif score (100%) but no ENCODE evidence in A549.
chr8:17922896-17922915	VEZF1	CTCF	0.49	0	Motif match 78% of max PWM score (strand +, rank 1). No ENCODE ChIP-seq data for gastroesophageal-sphincter cells. Motif-based prediction.
chr5:131598802-131598817	MEIS2	PKNOX1	0.8	0	Motif match 100% of max PWM score (strand +, rank 1). No ENCODE ChIP-seq overlap for this TF in HEK293T cells (1 other TF(s) have peaks here). Motif-based prediction.
chr3:121855746-121855765	NFATC3	CTCF	0.85	0	Motif match 100% of max PWM score (strand +, rank 1). No ENCODE peak overlap at this locus in gm12892 cells. Motif-based prediction.
chr13:77064112-77064122	ETV7	ERG	0.5	0	Motif match 79% of max PWM score (strand -, rank 1). No ENCODE ChIP-seq data for HUVEC-C cells. Motif-based prediction.
chr2:30666573-30666585	FOXD1	FOXA1	0.85	0	Motif match 100% of max PWM score (strand +, rank 1). No ENCODE peak overlap at this locus in 22RV1 cells. Motif-based prediction.
chr12:3300058-3300077	CTCF	CTCF	0.76	1	Motif match 86% of max PWM score (strand +, rank 2). ENCODE CTCF ChIP-seq: 1 peak(s) overlap this locus in lung cells. CTCFL has higher motif score (100%) but no ENCODE evidence in lung.
chr4:116675470-116675487	DMRTA2	ESR1	0.85	0	Motif match 100% of max PWM score (strand +, rank 1). No ENCODE ChIP-seq data for ZR-75-1 cells. Motif-based prediction.
chr6:44058644-44058657	JUND	JUN	0.87	0	Motif match 92% of max PWM score (strand +, rank 7). ENCODE JUND ChIP-seq: 1 peak(s) overlap this locus in A549 cells. BATF has higher motif score (100%) but no ENCODE evidence in A549.
chr10:116316814-116316834	ISL2	SPI1	0.85	0	Motif match 100% of max PWM score (strand +, rank 1). No ENCODE ChIP-seq data for MDM-monocyte-derived-macrophages- cells. Motif-based prediction.
chr7:7764951-7764970	ZKSCAN1	CTCF	0.34	0	Motif match 72% of max PWM score (strand -, rank 1). No ENCODE ChIP-seq overlap for this TF in K562 cells (1 other TF(s) have peaks here). Motif-based prediction.
chr1:200376822-200376835	TFAP2A	TFAP2C	0.72	0	Motif match 92% of max PWM score (strand +, rank 1). No ENCODE ChIP-seq data for skbr3 cells. Motif-based prediction.
chr10:11737541-11737548	MEIS3	MEIS1	0.85	0	Motif match 100% of max PWM score (strand -, rank 1). No ENCODE ChIP-seq data for sem cells. Motif-based prediction.
chr2:45128786-45128799	JUND	JUN	0.62	0	Motif match 77% of max PWM score (strand -, rank 4). ENCODE JUND ChIP-seq: 1 peak(s) overlap this locus in A549 cells.
chr11:69686130-69686144	TFAP2E	TFAP2A	0.51	0	Motif match 80% of max PWM score (strand +, rank 1). No ENCODE ChIP-seq data for mcf7-e2 cells. Motif-based prediction.
chr5:148141837-148141854	PGR	AR	0.79	0	Motif match 96% of max PWM score (strand -, rank 1). No ENCODE ChIP-seq data for prostate-cancer cells. Motif-based prediction.
chr22:20217077-20217090	SOX15	JUN	0.6	0	Motif match 88% of max PWM score (strand -, rank 1). No ENCODE ChIP-seq overlap for this TF in MCF7 cells (2 other TF(s) have peaks here). Motif-based prediction.
chr8:42292915-42292928	PAX5	CREB1	1.0	0	Motif match 100% of max PWM score (strand -, rank 2). ENCODE PAX5 ChIP-seq: 2 peak(s) overlap this locus in GM12878 cells. NR2C2 has higher motif score (100%) but no ENCODE evidence in GM12878.
chr7:97234607-97234622	SOX10	HNF4A	0.8	0	Motif match 100% of max PWM score (strand -, rank 1). No ENCODE ChIP-seq overlap for this TF in HepG2 cells (1 other TF(s) have peaks here). Motif-based prediction.
chr5:56621102-56621115	NR1I3	HNF4A	0.66	0	Motif match 92% of max PWM score (strand -, rank 1). No ENCODE ChIP-seq overlap for this TF in hepg2 cells (11 other TF(s) have peaks here). Motif-based prediction.
chr12:64500710-64500730	IKZF2	SPI1	0.85	0	Motif match 100% of max PWM score (strand -, rank 1). No ENCODE ChIP-seq data for monocyte-derived-macrophages cells. Motif-based prediction.
chr14:100548072-100548089	KLF15	ESR1	0.49	0	Motif match 81% of max PWM score (strand -, rank 1). No ENCODE ChIP-seq overlap for this TF in MCF7 cells (8 other TF(s) have peaks here). Motif-based prediction.
chr6:13455740-13455757	NR2C2	ESR1	0.85	0	Motif match 100% of max PWM score (strand +, rank 1). No ENCODE ChIP-seq data for breast-tumour-metastasis cells. Motif-based prediction.
chr5:155616975-155616994	CTCF	CTCF	0.66	1	Motif match 80% of max PWM score (strand +, rank 5). ENCODE CTCF ChIP-seq: 2 peak(s) overlap this locus in HCT116 cells. NR2C1 has higher motif score (100%) but no ENCODE evidence in HCT116.
chr17:47978429-47978442	BHLHE22	NEUROD1	0.85	0	Motif match 100% of max PWM score (strand +, rank 1). No ENCODE ChIP-seq data for D341-Med cells. Motif-based prediction.
chrX:41779574-41779586	FOXD1	FOXA1	0.85	0	Motif match 100% of max PWM score (strand -, rank 1). No ENCODE ChIP-seq data for MCF7-WS8-cells cells. Motif-based prediction.
chr10:103599986-103599997	KLF1	KLF1	0.81	1	Motif match 89% of max PWM score (strand +, rank 3). ENCODE KLF1 ChIP-seq: 1 peak(s) overlap this locus in HEK293 cells. KLF2 has higher motif score (94%) but no ENCODE evidence in HEK293.
chr17:58367624-58367635	GATA2	GATA1	0.77	0	Motif match 86% of max PWM score (strand +, rank 3). ENCODE GATA2 ChIP-seq: 2 peak(s) overlap this locus in K562 cells. GATA5 has higher motif score (99%) but no ENCODE evidence in K562.
chr18:59885944-59885954	ETV7	FLI1	0.5	0	Motif match 79% of max PWM score (strand -, rank 1). No ENCODE ChIP-seq data for uae-zinc cells. Motif-based prediction.
chr4:168487456-168487466	JUND	JUNB	0.66	0	Motif match 80% of max PWM score (strand +, rank 5). ENCODE JUND ChIP-seq: 1 peak(s) overlap this locus in A549 cells. MSANTD3 has higher motif score (83%) but no ENCODE evidence in A549.
chr20:10599003-10599016	BATF	SMAD3	0.85	0	Motif match 100% of max PWM score (strand +, rank 1). No ENCODE ChIP-seq data for HMLE-Twist-ER cells. Motif-based prediction.
chr2:85455797-85455816	CTCF	CTCF	0.54	1	Motif match 73% of max PWM score (strand +, rank 2). ENCODE CTCF ChIP-seq: 2 peak(s) overlap this locus in GM23338 cells.
chr14:52079492-52079505	CEBPD	TFAP2A	0.29	0	Motif match 59% of max PWM score (strand +, rank 1). No ENCODE ChIP-seq data for cranial-neural-crest-cells cells. Motif-based prediction.
chr5:134247612-134247625	JUND	JUNB	0.64	0	Motif match 78% of max PWM score (strand -, rank 4). ENCODE JUND ChIP-seq: 1 peak(s) overlap this locus in A549 cells.
chr6:117675330-117675349	CTCFL	CTCF	0.85	0	Motif match 100% of max PWM score (strand +, rank 1). No ENCODE ChIP-seq data for GM10847 cells. Motif-based prediction.
chr3:172596287-172596306	YY2	CTCF	0.29	0	Motif match 59% of max PWM score (strand -, rank 1). No ENCODE peak overlap at this locus in neural-progenitors cells. Motif-based prediction.
chr2:236682913-236682930	NR2C1	ESR1	0.79	0	Motif match 100% of max PWM score (strand -, rank 1). No ENCODE ChIP-seq overlap for this TF in MCF7 cells (1 other TF(s) have peaks here). Motif-based prediction.
chr5:154039230-154039240	ETV7	ETS1	0.35	0	Motif match 69% of max PWM score (strand +, rank 1). No ENCODE ChIP-seq data for huvec-vegf-4h cells. Motif-based prediction.
chr5:27472165-27472183	SMAD2	TP53	0.85	0	Motif match 100% of max PWM score (strand -, rank 1). No ENCODE peak overlap at this locus in MCF10A cells. Motif-based prediction.
chr7:137985668-137985685	NFATC3	NR3C1	0.54	0	Motif match 81% of max PWM score (strand +, rank 1). No ENCODE peak overlap at this locus in A549 cells. Motif-based prediction.
chr3:18303848-18303859	FOXD1	FOXA2	0.85	0	Motif match 100% of max PWM score (strand -, rank 1). No ENCODE ChIP-seq data for islet cells. Motif-based prediction.
chr5:73945694-73945713	CTCFL	CTCF	0.85	0	Motif match 100% of max PWM score (strand +, rank 1). No ENCODE ChIP-seq data for HeLa-Kyoto cells. Motif-based prediction.
chr19:49862975-49862994	HIC2	CTCF	0.82	0	Motif match 98% of max PWM score (strand -, rank 1). No ENCODE ChIP-seq data for GM19099 cells. Motif-based prediction.
chr4:76511243-76511262	BARHL2	CTCF	0.36	0	Motif match 70% of max PWM score (strand +, rank 1). No ENCODE ChIP-seq data for THP-1 cells. Motif-based prediction.
chr6:44110515-44110532	NR2C1	ESR1	0.79	0	Motif match 100% of max PWM score (strand +, rank 1). No ENCODE ChIP-seq overlap for this TF in MCF7 cells (16 other TF(s) have peaks here). Motif-based prediction.
chr1:184483694-184483711	HOXA6	AR	0.42	0	Motif match 77% of max PWM score (strand -, rank 1). No ENCODE ChIP-seq overlap for this TF in lncap cells (1 other TF(s) have peaks here). Motif-based prediction.
chr6:46616744-46616756	FOXL1	FOXA1	0.8	0	Motif match 97% of max PWM score (strand +, rank 1). No ENCODE peak overlap at this locus in 22RV1 cells. Motif-based prediction.
chr1:184159518-184159530	TFAP2A	TFAP2A	0.72	1	Motif match 92% of max PWM score (strand -, rank 1). No ENCODE ChIP-seq data for WA09 cells. Motif-based prediction.
chr5:43172683-43172691	GATA3	GATA3	0.22	1	Motif match 45% of max PWM score (strand -, rank 1). No ENCODE ChIP-seq data for MDA-MB-231 cells. Motif-based prediction.
chr3:23256376-23256390	SATB1	HOXB13	0.85	0	Motif match 100% of max PWM score (strand -, rank 1). No ENCODE peak overlap at this locus in LNCaP cells. Motif-based prediction.
chr19:49453641-49453656	RHOXF1	HNF4A	0.79	0	Motif match 100% of max PWM score (strand +, rank 1). No ENCODE ChIP-seq overlap for this TF in liver cells (7 other TF(s) have peaks here). Motif-based prediction.
chr15:34239548-34239559	FOS	JUN	1.0	0	Motif match 100% of max PWM score (strand +, rank 1). ENCODE FOS ChIP-seq: 1 peak(s) overlap this locus in MCF7 cells.
chr10:66925985-66926004	ZNF549	CTCF	0.52	0	Motif match 80% of max PWM score (strand -, rank 1). No ENCODE ChIP-seq data for THP-1 cells. Motif-based prediction.
chr8:66124083-66124093	BATF	JUNB	0.85	0	Motif match 100% of max PWM score (strand -, rank 1). No ENCODE ChIP-seq data for MCF10A-ER-Src cells. Motif-based prediction.
chr9:85249041-85249054	GATA5	GATA6	0.81	0	Motif match 98% of max PWM score (strand +, rank 1). No ENCODE ChIP-seq data for ycc3 cells. Motif-based prediction.
chr3:160691336-160691350	TFAP2B	TFAP2A	0.59	0	Motif match 88% of max PWM score (strand +, rank 1). No ENCODE ChIP-seq overlap for this TF in MCF7 cells (7 other TF(s) have peaks here). Motif-based prediction.
chr21:35256764-35256775	HES5	NRF1	0.28	0	Motif match 55% of max PWM score (strand -, rank 1). No ENCODE ChIP-seq data for hcc1954 cells. Motif-based prediction.
chr20:44900298-44900308	BATF	JUN	0.85	0	Motif match 100% of max PWM score (strand -, rank 1). No ENCODE ChIP-seq data for HAEC cells. Motif-based prediction.
chr8:28804481-28804491	EHF	FLI1	0.35	0	Motif match 70% of max PWM score (strand -, rank 1). No ENCODE ChIP-seq data for Kasumi-1 cells. Motif-based prediction.
chr8:130762156-130762168	SRY	FOXA1	0.59	0	Motif match 88% of max PWM score (strand -, rank 1). No ENCODE ChIP-seq overlap for this TF in liver cells (12 other TF(s) have peaks here). Motif-based prediction.
chr17:76466154-76466173	ZNF417	CTCF	0.36	0	Motif match 70% of max PWM score (strand +, rank 1). No ENCODE ChIP-seq data for IPSC-derived-bipolar-neuron cells. Motif-based prediction.
chr12:108768948-108768967	NEUROG2	CTCF	0.8	0	Motif match 100% of max PWM score (strand -, rank 1). No ENCODE ChIP-seq overlap for this TF in MCF7 cells (1 other TF(s) have peaks here). Motif-based prediction.
chr1:82163321-82163333	FOXL1	FOXA1	0.61	0	Motif match 85% of max PWM score (strand -, rank 1). No ENCODE ChIP-seq data for zr751-e2-tam cells. Motif-based prediction.
chr8:97834492-97834511	NKX2-3	CTCF	0.55	0	Motif match 82% of max PWM score (strand +, rank 1). No ENCODE peak overlap at this locus in gm12892 cells. Motif-based prediction.
chr5:1550418-1550430	TFAP2E	TFAP2A	0.63	0	Motif match 87% of max PWM score (strand +, rank 1). No ENCODE ChIP-seq data for WA09 cells. Motif-based prediction.
chr4:7962884-7962901	RHOXF1	RARA	0.61	0	Motif match 89% of max PWM score (strand -, rank 1). No ENCODE ChIP-seq overlap for this TF in HepG2 cells (5 other TF(s) have peaks here). Motif-based prediction.
chr11:107821699-107821709	ETS1	ETS1	0.34	1	Motif match 69% of max PWM score (strand -, rank 1). No ENCODE ChIP-seq data for huvec-vegf-4h cells. Motif-based prediction.
chr3:169930364-169930383	ZEB1	CTCF	0.85	0	Motif match 100% of max PWM score (strand -, rank 1). No ENCODE ChIP-seq data for HT1080 cells. Motif-based prediction.
chr1:156813955-156813966	MAX	MYC	1.0	0	Motif match 100% of max PWM score (strand +, rank 1). ENCODE MAX ChIP-seq: 2 peak(s) overlap this locus in K562 cells.
chr6:63637886-63637898	FOXA2	FOXA1	0.64	0	Motif match 87% of max PWM score (strand -, rank 1). No ENCODE ChIP-seq data for lncap-dht cells. Motif-based prediction.
chr7:126485100-126485110	HLF	CEBPB	0.64	0	Motif match 88% of max PWM score (strand +, rank 1). No ENCODE peak overlap at this locus in HepG2 cells. Motif-based prediction.
chr2:208346892-208346903	DMRTA2	KLF11	0.44	0	Motif match 75% of max PWM score (strand -, rank 1). No ENCODE ChIP-seq data for hMADS-3 cells. Motif-based prediction.
chr19:54676412-54676431	ZNF354C	CTCF	0.76	0	Motif match 98% of max PWM score (strand -, rank 1). No ENCODE ChIP-seq overlap for this TF in IMR-90 cells (2 other TF(s) have peaks here). Motif-based prediction.
chr21:25881968-25881987	ZEB1	CTCF	0.85	0	Motif match 100% of max PWM score (strand -, rank 1). No ENCODE peak overlap at this locus in T47D cells. Motif-based prediction.
chr1:219325228-219325242	BATF	JUN	0.85	0	Motif match 100% of max PWM score (strand +, rank 1). No ENCODE ChIP-seq data for mdamb231 cells. Motif-based prediction.
chr10:123382813-123382830	MSANTD3	AR	0.41	0	Motif match 73% of max PWM score (strand -, rank 1). No ENCODE peak overlap at this locus in LNCaP cells. Motif-based prediction.
chr15:98843986-98843998	FOXP3	FOXA1	0.56	0	Motif match 83% of max PWM score (strand -, rank 1). No ENCODE peak overlap at this locus in VCaP cells. Motif-based prediction.
chr7:120825689-120825700	FOXL1	FOXA2	0.61	0	Motif match 85% of max PWM score (strand +, rank 1). No ENCODE peak overlap at this locus in caco2 cells. Motif-based prediction.
chr8:20295117-20295134	NR2C2	ESR1	0.85	0	Motif match 100% of max PWM score (strand +, rank 1). No ENCODE peak overlap at this locus in MCF7 cells. Motif-based prediction.
chr1:156194026-156194039	MZF1	NFKB1	0.43	0	Motif match 75% of max PWM score (strand +, rank 1). No ENCODE ChIP-seq data for l1236 cells. Motif-based prediction.
chr11:41867094-41867102	BSX	GATA3	0.3	0	Motif match 61% of max PWM score (strand +, rank 1). No ENCODE ChIP-seq data for mcf7-e2 cells. Motif-based prediction.
chr2:145752662-145752681	NEUROG2	CTCF	0.23	0	Motif match 46% of max PWM score (strand -, rank 1). No ENCODE peak overlap at this locus in T47D cells. Motif-based prediction.
chr8:139663210-139663220	MNT	MNT	1.0	1	Motif match 100% of max PWM score (strand +, rank 2). ENCODE MNT ChIP-seq: 1 peak(s) overlap this locus in HepG2 cells. CLOCK has higher motif score (100%) but no ENCODE evidence in HepG2.
chr16:56852116-56852135	CTCFL	CTCF	0.3	0	Motif match 69% of max PWM score (strand -, rank 1). No ENCODE ChIP-seq overlap for this TF in 22RV1 cells (1 other TF(s) have peaks here). Motif-based prediction.
chr3:64796829-64796840	IKZF1	STAT3	0.85	0	Motif match 100% of max PWM score (strand -, rank 1). No ENCODE ChIP-seq data for SU-DHL-1 cells. Motif-based prediction.
chr18:28972425-28972436	SOX15	SOX2	0.73	0	Motif match 93% of max PWM score (strand +, rank 1). No ENCODE ChIP-seq data for bj-induced cells. Motif-based prediction.
chr16:54007714-54007729	NR2C1	RXRA	0.79	0	Motif match 100% of max PWM score (strand -, rank 1). No ENCODE ChIP-seq overlap for this TF in liver cells (3 other TF(s) have peaks here). Motif-based prediction.
chr18:34364819-34364831	FOXD1	FOXA1	0.85	0	Motif match 100% of max PWM score (strand +, rank 1). No ENCODE ChIP-seq data for mcf7-tnf cells. Motif-based prediction.
chr4:7703792-7703805	BHLHE22	NEUROG2	0.85	0	Motif match 100% of max PWM score (strand +, rank 1). No ENCODE ChIP-seq data for MRC-5 cells. Motif-based prediction.
chr3:128681123-128681135	YY2	YY1	0.85	0	Motif match 100% of max PWM score (strand +, rank 1). No ENCODE ChIP-seq data for lymphoblastoid-cells cells. Motif-based prediction.
chr22:40008848-40008860	BATF	FOS	0.85	0	Motif match 100% of max PWM score (strand -, rank 1). No ENCODE peak overlap at this locus in IMR90 cells. Motif-based prediction.
chr22:44626401-44626420	ZNF354C	CTCF	0.54	0	Motif match 82% of max PWM score (strand -, rank 1). No ENCODE ChIP-seq data for lower-leg-skin cells. Motif-based prediction.
chr13:96540889-96540906	NR2C2	ESR1	0.8	0	Motif match 100% of max PWM score (strand -, rank 1). No ENCODE ChIP-seq overlap for this TF in MCF7 cells (1 other TF(s) have peaks here). Motif-based prediction.
chr17:50563868-50563881	ZEB1	TCF4	0.85	0	Motif match 100% of max PWM score (strand +, rank 1). No ENCODE ChIP-seq data for SU-DHL-2 cells. Motif-based prediction.
chr15:40695016-40695030	THAP1	RXRA	0.29	0	Motif match 68% of max PWM score (strand +, rank 1). No ENCODE ChIP-seq overlap for this TF in liver cells (11 other TF(s) have peaks here). Motif-based prediction.
chr7:71925833-71925852	NR2C1	CTCF	0.79	0	Motif match 100% of max PWM score (strand +, rank 1). No ENCODE ChIP-seq overlap for this TF in MCF7 cells (1 other TF(s) have peaks here). Motif-based prediction.
chr10:5548995-5549006	GATA2	GATA1	0.89	0	Motif match 93% of max PWM score (strand +, rank 2). ENCODE GATA2 ChIP-seq: 2 peak(s) overlap this locus in K562 cells. GATA5 has higher motif score (100%) but no ENCODE evidence in K562.
chr2:12389827-12389840	BATF	JUN	0.85	0	Motif match 100% of max PWM score (strand -, rank 1). No ENCODE ChIP-seq data for MCF10A-ER-Src cells. Motif-based prediction.
chr1:234745885-234745896	GATA5	GATA1	0.6	0	Motif match 88% of max PWM score (strand -, rank 1). No ENCODE ChIP-seq overlap for this TF in K562 cells (46 other TF(s) have peaks here). Motif-based prediction.
chr13:85779946-85779956	CEBPA	CEBPB	0.6	0	Motif match 85% of max PWM score (strand +, rank 1). No ENCODE ChIP-seq data for JB6 cells. Motif-based prediction.
chr3:9078718-9078737	VEZF1	CTCF	0.8	0	Motif match 100% of max PWM score (strand +, rank 1). No ENCODE ChIP-seq overlap for this TF in gm12878 cells (2 other TF(s) have peaks here). Motif-based prediction.
chr20:50727521-50727538	NR2C2	ESR1	0.85	0	Motif match 100% of max PWM score (strand +, rank 1). No ENCODE ChIP-seq data for mcf7-r5020 cells. Motif-based prediction.
chr20:59815013-59815027	ZKSCAN5	JUN	0.38	0	Motif match 72% of max PWM score (strand +, rank 1). No ENCODE peak overlap at this locus in MCF7 cells. Motif-based prediction.
chr1:65431284-65431303	HIC2	CTCF	0.32	0	Motif match 65% of max PWM score (strand -, rank 1). No ENCODE ChIP-seq data for adrenal-gland cells. Motif-based prediction.
chr5:68506057-68506068	FOSL2	FOSL2	1.0	1	Motif match 100% of max PWM score (strand +, rank 4). ENCODE FOSL2 ChIP-seq: 1 peak(s) overlap this locus in HepG2 cells. FOS has higher motif score (100%) but no ENCODE evidence in HepG2.
chr8:11498621-11498640	CTCFL	CTCF	0.35	0	Motif match 69% of max PWM score (strand +, rank 1). No ENCODE ChIP-seq data for lymphoblastoid-cells cells. Motif-based prediction.
chr16:72456553-72456566	TCF7	HNF4A	1.0	0	Motif match 100% of max PWM score (strand -, rank 1). ENCODE TCF7 ChIP-seq: 1 peak(s) overlap this locus in hepg2 cells.
chr18:47169158-47169169	ZNF354C	RUNX1	0.35	0	Motif match 70% of max PWM score (strand -, rank 1). No ENCODE ChIP-seq data for jurkat cells. Motif-based prediction.
chr12:94713025-94713033	EN1	PDX1	0.41	0	Motif match 73% of max PWM score (strand +, rank 1). No ENCODE ChIP-seq data for islet cells. Motif-based prediction.
chr20:48788282-48788292	FOS	JUN	0.85	0	Motif match 100% of max PWM score (strand +, rank 1). No ENCODE ChIP-seq data for definitive-endoderm-from-HUES8 cells. Motif-based prediction.
chr1:12480928-12480941	BATF	JUNB	0.85	0	Motif match 100% of max PWM score (strand +, rank 1). No ENCODE ChIP-seq data for MCF10A-ER-Src cells. Motif-based prediction.
chr4:161763004-161763018	BATF	JUN	0.85	0	Motif match 100% of max PWM score (strand +, rank 1). No ENCODE ChIP-seq data for MCF10A-ER-Src cells. Motif-based prediction.
chr19:15297623-15297635	ZNF175	GRHL2	0.24	0	Motif match 57% of max PWM score (strand +, rank 1). No ENCODE ChIP-seq overlap for this TF in MCF7 cells (7 other TF(s) have peaks here). Motif-based prediction.
chr10:74000924-74000942	NRL	GATA1	0.3	0	Motif match 69% of max PWM score (strand +, rank 1). No ENCODE ChIP-seq overlap for this TF in K562 cells (21 other TF(s) have peaks here). Motif-based prediction.
chr1:203504847-203504866	ZBTB7C	CTCF	0.85	0	Motif match 100% of max PWM score (strand +, rank 1). No ENCODE ChIP-seq data for h1-mesen cells. Motif-based prediction.
chr14:63648344-63648361	NR2C1	ESR1	0.84	0	Motif match 100% of max PWM score (strand -, rank 1). No ENCODE ChIP-seq data for LTED cells. Motif-based prediction.
chr5:37837593-37837607	ARNT	USF1	0.49	0	Motif match 82% of max PWM score (strand -, rank 1). No ENCODE ChIP-seq overlap for this TF in SK-N-SH cells (3 other TF(s) have peaks here). Motif-based prediction.
chr11:74442808-74442818	FOSL2	JUN	0.61	0	Motif match 76% of max PWM score (strand -, rank 9). ENCODE FOSL2 ChIP-seq: 1 peak(s) overlap this locus in A549 cells. BATF has higher motif score (100%) but no ENCODE evidence in A549.
chr6:165718727-165718739	BNC2	JUNB	0.28	0	Motif match 56% of max PWM score (strand +, rank 1). No ENCODE ChIP-seq data for HAEC cells. Motif-based prediction.
chr8:98718925-98718942	SOX10	AR	0.85	0	Motif match 100% of max PWM score (strand -, rank 1). No ENCODE peak overlap at this locus in LNCaP cells. Motif-based prediction.
chr6:46507583-46507593	FOSB	JUNB	0.39	0	Motif match 73% of max PWM score (strand -, rank 1). No ENCODE ChIP-seq data for MCF10A-ER-Src cells. Motif-based prediction.
chr10:43209890-43209902	TFCP2	GRHL2	0.27	0	Motif match 54% of max PWM score (strand +, rank 1). No ENCODE ChIP-seq data for ovcar3 cells. Motif-based prediction.
chr1:163528294-163528306	FOXD1	FOXA1	0.85	0	Motif match 100% of max PWM score (strand -, rank 1). No ENCODE ChIP-seq data for vcap-shpias1-r1881 cells. Motif-based prediction.
chr9:85276155-85276167	FOXD1	FOXA1	0.85	0	Motif match 100% of max PWM score (strand +, rank 1). No ENCODE peak overlap at this locus in LNCaP cells. Motif-based prediction.
chr12:131028450-131028462	TFCP2	GRHL2	0.34	0	Motif match 68% of max PWM score (strand -, rank 1). No ENCODE ChIP-seq data for MCF7-TamR cells. Motif-based prediction.
chr20:35616139-35616151	TFAP2E	TFAP2A	0.63	0	Motif match 87% of max PWM score (strand +, rank 1). No ENCODE ChIP-seq data for WA09 cells. Motif-based prediction.
chr13:109999771-109999788	HIC2	ESR1	0.61	0	Motif match 86% of max PWM score (strand +, rank 1). No ENCODE ChIP-seq data for mcf7-e2 cells. Motif-based prediction.
chrX:148049627-148049639	YY1	YY1	0.5	1	Motif match 79% of max PWM score (strand +, rank 1). No ENCODE ChIP-seq data for H1-hESC cells. Motif-based prediction.
chr22:22783755-22783767	SRY	FOXA1	0.64	0	Motif match 88% of max PWM score (strand +, rank 1). No ENCODE peak overlap at this locus in VCaP cells. Motif-based prediction.
chr1:151563597-151563608	FOS	JUN	0.24	0	Motif match 57% of max PWM score (strand -, rank 1). No ENCODE ChIP-seq overlap for this TF in A549 cells (3 other TF(s) have peaks here). Motif-based prediction.
chr12:88521493-88521501	GATA3	GATA3	0.44	1	Motif match 76% of max PWM score (strand -, rank 1). No ENCODE peak overlap at this locus in MCF-7 cells. Motif-based prediction.
chr2:186440760-186440777	DMRTA2	AR	0.51	0	Motif match 80% of max PWM score (strand -, rank 1). No ENCODE peak overlap at this locus in LNCaP cells. Motif-based prediction.
chr8:100776791-100776808	PAX5	ESR1	0.2	0	Motif match 40% of max PWM score (strand +, rank 1). No ENCODE peak overlap at this locus in T47D cells. Motif-based prediction.
chr15:50359019-50359038	CTCFL	CTCF	0.28	0	Motif match 56% of max PWM score (strand +, rank 1). No ENCODE peak overlap at this locus in DND-41 cells. Motif-based prediction.
chr16:75433265-75433278	TFAP2A	TFAP2A	0.85	1	Motif match 100% of max PWM score (strand +, rank 1). No ENCODE ChIP-seq data for H9-derived-neural-crest-cells cells. Motif-based prediction.
chr3:56410759-56410778	ZBTB26	CTCF	0.28	0	Motif match 57% of max PWM score (strand +, rank 1). No ENCODE ChIP-seq data for snyder cells. Motif-based prediction.
chr18:61614713-61614725	MXI1	FOXA1	0.85	0	Motif match 100% of max PWM score (strand +, rank 1). No ENCODE ChIP-seq data for lncap-dmso cells. Motif-based prediction.
chr20:37308390-37308404	MXI1	USF1	0.8	0	Motif match 100% of max PWM score (strand +, rank 1). No ENCODE ChIP-seq overlap for this TF in HepG2 cells (1 other TF(s) have peaks here). Motif-based prediction.
chr13:98916167-98916181	CEBPA	CEBPA	0.33	1	Motif match 67% of max PWM score (strand +, rank 1). No ENCODE ChIP-seq data for U937 cells. Motif-based prediction.
chr17:58079496-58079513	MSX1	AR	0.85	0	Motif match 100% of max PWM score (strand +, rank 1). No ENCODE peak overlap at this locus in VCaP cells. Motif-based prediction.
chr16:11640653-11640665	JUN	FOS	1.0	0	Motif match 100% of max PWM score (strand -, rank 2). ENCODE JUN ChIP-seq: 1 peak(s) overlap this locus in K562 cells. BATF has higher motif score (100%) but no ENCODE evidence in K562.
chr20:50784693-50784713	ZKSCAN5	SPI1	0.56	0	Motif match 82% of max PWM score (strand +, rank 1). No ENCODE ChIP-seq data for THP-1 cells. Motif-based prediction.
chrX:109909022-109909034	FOXL1	FOXA1	0.61	0	Motif match 85% of max PWM score (strand -, rank 1). No ENCODE peak overlap at this locus in lncap cells. Motif-based prediction.
chr14:70036318-70036331	ATF2	ATF2	0.68	1	Motif match 81% of max PWM score (strand -, rank 5). ENCODE ATF2 ChIP-seq: 1 peak(s) overlap this locus in GM12878 cells. CREB1 has higher motif score (100%) but no ENCODE evidence in GM12878.
chrX:63102001-63102020	ZBTB7C	CTCF	0.55	0	Motif match 82% of max PWM score (strand -, rank 1). No ENCODE ChIP-seq data for lymphoblastoid-cells cells. Motif-based prediction.
chr1:224356750-224356760	FOS	JUN	0.3	0	Motif match 61% of max PWM score (strand +, rank 1). No ENCODE ChIP-seq data for MCF10A-ER-Src cells. Motif-based prediction.
chr5:157509681-157509698	DMRTA2	ESR1	0.59	0	Motif match 84% of max PWM score (strand -, rank 1). No ENCODE peak overlap at this locus in MCF7 cells. Motif-based prediction.
chr6:3823859-3823872	ZNF770	JUN	0.34	0	Motif match 68% of max PWM score (strand -, rank 1). No ENCODE ChIP-seq data for HAEC cells. Motif-based prediction.
chrX:129932903-129932920	NR2C2	ESR1	0.54	0	Motif match 85% of max PWM score (strand -, rank 1). No ENCODE ChIP-seq overlap for this TF in MCF7 cells (3 other TF(s) have peaks here). Motif-based prediction.
chr5:141366722-141366734	POU5F1	FOXA1	0.85	0	Motif match 100% of max PWM score (strand +, rank 1). No ENCODE ChIP-seq data for vcap-etoh cells. Motif-based prediction.
chr1:206951560-206951575	BATF	RXRA	0.8	0	Motif match 100% of max PWM score (strand -, rank 1). No ENCODE ChIP-seq overlap for this TF in liver cells (15 other TF(s) have peaks here). Motif-based prediction.
chr3:43894968-43894987	ZNF549	CTCF	0.37	0	Motif match 71% of max PWM score (strand -, rank 1). No ENCODE ChIP-seq data for gm19193 cells. Motif-based prediction.
chr7:21497276-21497295	KLF2	CTCF	0.38	0	Motif match 75% of max PWM score (strand +, rank 1). No ENCODE ChIP-seq overlap for this TF in bipolar-neuron cells (2 other TF(s) have peaks here). Motif-based prediction.
chr5:16794720-16794737	ZNF549	ESR1	0.52	0	Motif match 80% of max PWM score (strand -, rank 1). No ENCODE peak overlap at this locus in mcf7 cells. Motif-based prediction.
chr9:2857775-2857794	CTCF	CTCF	0.87	1	Motif match 92% of max PWM score (strand +, rank 4). ENCODE CTCF ChIP-seq: 1 peak(s) overlap this locus in BJ cells. NEUROG2 has higher motif score (100%) but no ENCODE evidence in BJ.
chr2:10032880-10032897	NR2C1	ESR1	0.84	0	Motif match 100% of max PWM score (strand +, rank 1). No ENCODE peak overlap at this locus in MCF7 cells. Motif-based prediction.
chr2:42249429-42249441	FOXL1	FOXA1	0.56	0	Motif match 82% of max PWM score (strand +, rank 1). No ENCODE ChIP-seq data for lncap-dht-tnfa cells. Motif-based prediction.
chr11:85438681-85438693	FOXA2	FOXA1	0.32	0	Motif match 63% of max PWM score (strand -, rank 1). No ENCODE ChIP-seq data for lncap-dmso cells. Motif-based prediction.
chrX:40158421-40158440	VEZF1	CTCF	0.8	0	Motif match 100% of max PWM score (strand -, rank 1). No ENCODE ChIP-seq overlap for this TF in DND-41 cells (1 other TF(s) have peaks here). Motif-based prediction.
chr4:70382844-70382864	IKZF1	SPI1	0.53	0	Motif match 81% of max PWM score (strand +, rank 1). No ENCODE peak overlap at this locus in HL-60 cells. Motif-based prediction.
chr10:92517186-92517205	CTCF	CTCF	0.95	1	Motif match 94% of max PWM score (strand +, rank 4). ENCODE CTCF ChIP-seq: 4 peak(s) overlap this locus in K562 cells. NEUROG2 has higher motif score (100%) but no ENCODE evidence in K562.
chr12:11580674-11580684	FOS	FOS	1.0	1	Motif match 100% of max PWM score (strand -, rank 1). ENCODE FOS ChIP-seq: 1 peak(s) overlap this locus in IMR90 cells.
chr10:78511096-78511115	ZNF354C	CTCF	0.76	0	Motif match 98% of max PWM score (strand +, rank 1). No ENCODE ChIP-seq overlap for this TF in HepG2 cells (2 other TF(s) have peaks here). Motif-based prediction.
chr3:25144799-25144811	TFAP2B	TFAP2A	0.2	0	Motif match 40% of max PWM score (strand +, rank 1). No ENCODE ChIP-seq data for hiPSC cells. Motif-based prediction.
chr1:94635169-94635187	NR2C2	GATA1	0.46	0	Motif match 77% of max PWM score (strand -, rank 1). No ENCODE ChIP-seq data for CD36 cells. Motif-based prediction.
chr4:48633114-48633131	PGR	AR	0.7	0	Motif match 91% of max PWM score (strand +, rank 1). No ENCODE peak overlap at this locus in vcap cells. Motif-based prediction.
chr12:104827773-104827792	CTCFL	CTCF	0.8	0	Motif match 100% of max PWM score (strand -, rank 1). No ENCODE ChIP-seq overlap for this TF in A549 cells (1 other TF(s) have peaks here). Motif-based prediction.
chr2:218516775-218516794	VEZF1	CTCF	0.8	0	Motif match 100% of max PWM score (strand +, rank 1). No ENCODE ChIP-seq overlap for this TF in DND-41 cells (1 other TF(s) have peaks here). Motif-based prediction.
chr18:46481254-46481273	ZBTB26	CTCF	0.52	0	Motif match 80% of max PWM score (strand -, rank 1). No ENCODE ChIP-seq data for zr751 cells. Motif-based prediction.
chr10:37489179-37489198	RHOXF1	CTCF	0.23	0	Motif match 56% of max PWM score (strand +, rank 1). No ENCODE ChIP-seq overlap for this TF in MCF7 cells (9 other TF(s) have peaks here). Motif-based prediction.
chr2:61018291-61018302	ETS1	ETV5	1.0	0	Motif match 100% of max PWM score (strand -, rank 1). ENCODE ETS1 ChIP-seq: 1 peak(s) overlap this locus in HepG2 cells.
chr6:75736073-75736090	BCL11A	AR	0.85	0	Motif match 100% of max PWM score (strand -, rank 1). No ENCODE ChIP-seq data for LNCaP95 cells. Motif-based prediction.
chr6:55971922-55971932	EN2	HOXA9	0.85	0	Motif match 100% of max PWM score (strand -, rank 1). No ENCODE peak overlap at this locus in HEK293-FT cells. Motif-based prediction.
chr1:23252603-23252617	HIC2	TFAP2A	0.85	0	Motif match 100% of max PWM score (strand +, rank 1). No ENCODE ChIP-seq data for cranial-neural-crest-cells cells. Motif-based prediction.
chr5:55636390-55636400	BHLHE22	TFAP4	0.85	0	Motif match 100% of max PWM score (strand +, rank 1). No ENCODE ChIP-seq data for dld1 cells. Motif-based prediction.
chr1:116817886-116817894	KLF2	TBX5	0.2	0	Motif match 41% of max PWM score (strand +, rank 1). No ENCODE ChIP-seq data for iPSC-derived-cardiomyocytes cells. Motif-based prediction.
chr6:16716675-16716690	YY1	RXRA	0.71	0	Motif match 83% of max PWM score (strand -, rank 1). ENCODE YY1 ChIP-seq: 1 peak(s) overlap this locus in liver cells.
chr8:144755550-144755560	ARNT	BHLHE40	0.49	0	Motif match 82% of max PWM score (strand -, rank 1). No ENCODE ChIP-seq overlap for this TF in GM12878 cells (43 other TF(s) have peaks here). Motif-based prediction.
chr9:130202212-130202225	HNF4A	HNF4A	0.57	1	Motif match 74% of max PWM score (strand -, rank 3). ENCODE HNF4A ChIP-seq: 1 peak(s) overlap this locus in hepg2 cells.
chr16:51055681-51055695	CEBPD	CEBPA	0.85	0	Motif match 100% of max PWM score (strand +, rank 1). No ENCODE ChIP-seq data for U937 cells. Motif-based prediction.
chr2:226325405-226325416	POU3F1	POU5F1	0.16	0	Motif match 31% of max PWM score (strand -, rank 1). No ENCODE ChIP-seq data for ipsc cells. Motif-based prediction.
chr1:13544122-13544141	SMAD2	CTCF	0.31	0	Motif match 63% of max PWM score (strand -, rank 1). No ENCODE ChIP-seq data for upper-lobe-of-left-lung cells. Motif-based prediction.
chr1:229453403-229453422	HIC2	CTCF	0.56	0	Motif match 86% of max PWM score (strand -, rank 1). No ENCODE ChIP-seq overlap for this TF in spleen cells (1 other TF(s) have peaks here). Motif-based prediction.
chr13:110511540-110511551	GATA5	GATA2	0.77	0	Motif match 98% of max PWM score (strand -, rank 1). No ENCODE ChIP-seq overlap for this TF in K562 cells (18 other TF(s) have peaks here). Motif-based prediction.
chr2:27602436-27602448	FOXD1	FOXA1	0.85	0	Motif match 100% of max PWM score (strand -, rank 1). No ENCODE ChIP-seq data for lncap-dmso cells. Motif-based prediction.
chr4:85498577-85498591	SPI1	ELF1	1.0	0	Motif match 100% of max PWM score (strand +, rank 1). ENCODE SPI1 ChIP-seq: 1 peak(s) overlap this locus in GM12878 cells.
chr2:31524052-31524071	CTCF	CTCF	0.85	1	Motif match 88% of max PWM score (strand -, rank 1). ENCODE CTCF ChIP-seq: 4 peak(s) overlap this locus in 22RV1 cells.
chr10:123157977-123157989	FOXO4	FOXA1	0.58	0	Motif match 84% of max PWM score (strand +, rank 1). No ENCODE ChIP-seq data for MCF7-WS8-cells cells. Motif-based prediction.
chr19:10027912-10027923	MAX	MYC	1.0	0	Motif match 100% of max PWM score (strand +, rank 1). ENCODE MAX ChIP-seq: 2 peak(s) overlap this locus in K562 cells.
chr2:127640598-127640617	CTCFL	CTCF	0.8	0	Motif match 100% of max PWM score (strand -, rank 1). No ENCODE ChIP-seq overlap for this TF in K562 cells (2 other TF(s) have peaks here). Motif-based prediction.
chr10:93702602-93702614	CLOCK	MYCN	0.85	0	Motif match 100% of max PWM score (strand -, rank 1). No ENCODE ChIP-seq data for NGP cells. Motif-based prediction.
chr3:48558972-48558986	HOXD8	CEBPA	0.44	0	Motif match 75% of max PWM score (strand -, rank 1). No ENCODE ChIP-seq data for THP-1 cells. Motif-based prediction.
chrX:5458484-5458503	TWIST1	CTCF	0.85	0	Motif match 100% of max PWM score (strand +, rank 1). No ENCODE ChIP-seq data for HUES64 cells. Motif-based prediction.
chr9:108747154-108747166	POU5F1	FOXA1	0.85	0	Motif match 100% of max PWM score (strand -, rank 1). No ENCODE peak overlap at this locus in VCaP cells. Motif-based prediction.
chr13:25252452-25252464	HLF	CEBPA	0.64	0	Motif match 88% of max PWM score (strand +, rank 1). No ENCODE ChIP-seq data for U937 cells. Motif-based prediction.
chr1:89804827-89804846	NR2C2	CTCF	0.29	0	Motif match 58% of max PWM score (strand -, rank 1). No ENCODE ChIP-seq data for HUES64 cells. Motif-based prediction.
chr1:92706444-92706456	FOXL1	FOXA1	0.61	0	Motif match 85% of max PWM score (strand -, rank 1). No ENCODE peak overlap at this locus in liver cells. Motif-based prediction.
chr7:135884415-135884435	IKZF2	SPI1	0.85	0	Motif match 100% of max PWM score (strand -, rank 1). No ENCODE ChIP-seq data for macrophages-ifng cells. Motif-based prediction.
chr18:75192750-75192769	ZNF354C	CTCF	0.3	0	Motif match 59% of max PWM score (strand +, rank 1). No ENCODE peak overlap at this locus in GM12892 cells. Motif-based prediction.
chr9:78775916-78775930	SOX13	CEBPA	0.58	0	Motif match 84% of max PWM score (strand -, rank 1). No ENCODE ChIP-seq data for THP-1 cells. Motif-based prediction.
chr7:17063181-17063200	NKX2-8	CTCF	0.58	0	Motif match 84% of max PWM score (strand -, rank 1). No ENCODE ChIP-seq data for GM18505 cells. Motif-based prediction.
chr17:7484348-7484364	NR1I2	MAFF	0.29	0	Motif match 69% of max PWM score (strand -, rank 1). No ENCODE ChIP-seq overlap for this TF in HeLa-S3 cells (8 other TF(s) have peaks here). Motif-based prediction.
chr21:35049506-35049516	BATF	JUN	0.85	0	Motif match 100% of max PWM score (strand +, rank 1). No ENCODE ChIP-seq data for MDA-MB-231 cells. Motif-based prediction.
chr4:84151764-84151783	ZEB1	CTCF	0.85	0	Motif match 100% of max PWM score (strand -, rank 1). No ENCODE ChIP-seq data for gm18951 cells. Motif-based prediction.
chr9:107239677-107239696	ZNF549	CTCF	0.47	0	Motif match 80% of max PWM score (strand -, rank 1). No ENCODE ChIP-seq overlap for this TF in A549 cells (1 other TF(s) have peaks here). Motif-based prediction.
chr19:4543273-4543287	CEBPD	CEBPA	0.85	0	Motif match 100% of max PWM score (strand -, rank 1). No ENCODE ChIP-seq data for THP-1 cells. Motif-based prediction.
chr3:188818488-188818501	PRDM1	HNF4A	0.33	0	Motif match 72% of max PWM score (strand +, rank 1). No ENCODE ChIP-seq overlap for this TF in liver cells (1 other TF(s) have peaks here). Motif-based prediction.
chr8:22595385-22595404	CTCF	CTCF	0.72	1	Motif match 80% of max PWM score (strand -, rank 2). ENCODE CTCF ChIP-seq: 3 peak(s) overlap this locus in GM12878 cells. ZNF417 has higher motif score (100%) but no ENCODE evidence in GM12878.
chr8:103125073-103125092	VEZF1	CTCF	0.35	0	Motif match 70% of max PWM score (strand -, rank 1). No ENCODE ChIP-seq data for HUES64 cells. Motif-based prediction.
chr6:164730065-164730077	HOXA10	CDX2	0.5	0	Motif match 79% of max PWM score (strand +, rank 1). No ENCODE ChIP-seq data for Wnt-Fgf-specified-intestinal-culture-cells cells. Motif-based prediction.
chr22:16911531-16911550	HIC2	CTCF	0.3	0	Motif match 59% of max PWM score (strand +, rank 1). No ENCODE ChIP-seq data for thoracic-aorta cells. Motif-based prediction.
chr12:49088425-49088444	KLF7	CTCF	0.63	0	Motif match 87% of max PWM score (strand +, rank 1). No ENCODE ChIP-seq data for thyroid-gland cells. Motif-based prediction.
chr7:158408122-158408141	CTCF	CTCF	0.62	1	Motif match 74% of max PWM score (strand -, rank 11). ENCODE CTCF ChIP-seq: 3 peak(s) overlap this locus in A549 cells. TWIST1 has higher motif score (100%) but no ENCODE evidence in A549.
chr6:48034243-48034255	FOXL1	FOXA1	0.8	0	Motif match 97% of max PWM score (strand -, rank 1). No ENCODE ChIP-seq data for mcf7-e2 cells. Motif-based prediction.
chr1:11645851-11645870	CTCF	CTCF	0.84	1	Motif match 87% of max PWM score (strand -, rank 3). ENCODE CTCF ChIP-seq: 7 peak(s) overlap this locus in spleen cells. CTCFL has higher motif score (100%) but no ENCODE evidence in spleen.
chr4:178503904-178503916	CDX2	CDX2	0.85	1	Motif match 100% of max PWM score (strand +, rank 1). No ENCODE ChIP-seq data for Wnt-Fgf-specified-intestinal-culture-cells cells. Motif-based prediction.
chr2:8225667-8225684	DMRTA2	AR	0.85	0	Motif match 100% of max PWM score (strand +, rank 1). No ENCODE ChIP-seq data for lncap-shctr-dht cells. Motif-based prediction.
chr1:59296701-59296713	PAX5	MYC	0.18	0	Motif match 45% of max PWM score (strand -, rank 1). No ENCODE ChIP-seq overlap for this TF in HEK293T cells (2 other TF(s) have peaks here). Motif-based prediction.
chrX:38032095-38032112	NR2C2	ESR1	0.85	0	Motif match 100% of max PWM score (strand -, rank 1). No ENCODE peak overlap at this locus in MCF7 cells. Motif-based prediction.
chr7:4830244-4830263	ZNF263	CTCF	0.31	0	Motif match 63% of max PWM score (strand +, rank 1). No ENCODE ChIP-seq data for CD36 cells. Motif-based prediction.
chr7:133945715-133945725	CEBPB	CEBPB	0.98	1	Motif match 99% of max PWM score (strand -, rank 1). ENCODE CEBPB ChIP-seq: 1 peak(s) overlap this locus in IMR-90 cells.
chr7:155022202-155022216	ZNF263	WT1	0.27	0	Motif match 63% of max PWM score (strand +, rank 1). No ENCODE ChIP-seq overlap for this TF in K562 cells (2 other TF(s) have peaks here). Motif-based prediction.
chr11:1203154-1203173	ZNF549	CTCF	0.35	0	Motif match 69% of max PWM score (strand -, rank 1). No ENCODE ChIP-seq data for THP-1 cells. Motif-based prediction.
chr15:22860897-22860914	PGR	AR	0.62	0	Motif match 86% of max PWM score (strand -, rank 1). No ENCODE peak overlap at this locus in LNCaP cells. Motif-based prediction.
chr12:104277414-104277424	BATF3	JUN	0.47	0	Motif match 77% of max PWM score (strand -, rank 1). No ENCODE ChIP-seq data for MDA-MB-231p27CK-DD cells. Motif-based prediction.
chr3:67654084-67654096	MNT	MYC	0.85	0	Motif match 100% of max PWM score (strand +, rank 1). No ENCODE ChIP-seq data for mm1s-dmso cells. Motif-based prediction.
chr1:70411312-70411324	TFDP1	PAX5	0.3	0	Motif match 60% of max PWM score (strand -, rank 1). No ENCODE ChIP-seq data for Namalwa cells. Motif-based prediction.
chr5:55215350-55215367	NR2C2	ESR1	0.85	0	Motif match 100% of max PWM score (strand +, rank 1). No ENCODE ChIP-seq data for ZR-75-1 cells. Motif-based prediction.
chr21:7938677-7938692	NFATC3	POU5F1	0.85	0	Motif match 100% of max PWM score (strand -, rank 1). No ENCODE ChIP-seq data for WA09 cells. Motif-based prediction.
chr19:47305443-47305462	CTCFL	CTCF	0.85	0	Motif match 100% of max PWM score (strand -, rank 1). No ENCODE ChIP-seq data for THP-1 cells. Motif-based prediction.
chr5:83608329-83608348	CTCF	CTCF	0.58	1	Motif match 75% of max PWM score (strand +, rank 4). ENCODE CTCF ChIP-seq: 1 peak(s) overlap this locus in GM10266 cells. MEIS3 has higher motif score (77%) but no ENCODE evidence in GM10266.
chr14:35067685-35067697	GATA5	GATA4	0.82	0	Motif match 98% of max PWM score (strand -, rank 1). No ENCODE peak overlap at this locus in BJ cells. Motif-based prediction.
chr4:90443477-90443490	EHF	NFKB1	0.34	0	Motif match 68% of max PWM score (strand -, rank 1). No ENCODE ChIP-seq data for MCF10A-ER-Src cells. Motif-based prediction.
chr2:191166534-191166545	STAT3	STAT1	0.39	0	Motif match 72% of max PWM score (strand -, rank 1). No ENCODE peak overlap at this locus in HeLa-S3 cells. Motif-based prediction.
chr19:5775877-5775889	FOXD1	FOXA1	0.85	0	Motif match 100% of max PWM score (strand -, rank 1). No ENCODE ChIP-seq data for MCF7-WS8-cells cells. Motif-based prediction.
chr1:111400052-111400062	CEBPD	CEBPB	0.5	0	Motif match 79% of max PWM score (strand +, rank 1). No ENCODE ChIP-seq data for SU-DHL-1 cells. Motif-based prediction.
chr6:135676061-135676080	MXI1	CTCF	0.8	0	Motif match 100% of max PWM score (strand +, rank 1). No ENCODE ChIP-seq overlap for this TF in GM12868 cells (3 other TF(s) have peaks here). Motif-based prediction.
chr11:8812588-8812605	HOXA7	NR3C1	0.35	0	Motif match 73% of max PWM score (strand +, rank 1). No ENCODE ChIP-seq overlap for this TF in A549 cells (2 other TF(s) have peaks here). Motif-based prediction.
chr4:90419286-90419305	HOXD8	CTCF	0.76	0	Motif match 98% of max PWM score (strand +, rank 1). No ENCODE ChIP-seq overlap for this TF in A549 cells (3 other TF(s) have peaks here). Motif-based prediction.
chr2:201158270-201158280	RELA	RELA	0.34	1	Motif match 69% of max PWM score (strand +, rank 1). No ENCODE ChIP-seq data for HAEC cells. Motif-based prediction.
chr3:128410346-128410363	NR2C2	ESR1	0.85	0	Motif match 100% of max PWM score (strand -, rank 1). No ENCODE ChIP-seq data for mcf7-e2-tam cells. Motif-based prediction.
chr9:88041653-88041672	NEUROG2	CTCF	0.85	0	Motif match 100% of max PWM score (strand -, rank 1). No ENCODE ChIP-seq data for epidermal-keratinocytes cells. Motif-based prediction.
chr12:99699572-99699589	ZNF189	AR	0.24	0	Motif match 47% of max PWM score (strand -, rank 1). No ENCODE peak overlap at this locus in LNCaP cells. Motif-based prediction.
chr6:158552171-158552183	GATA5	GATA4	0.82	0	Motif match 98% of max PWM score (strand +, rank 1). No ENCODE ChIP-seq data for HUES64 cells. Motif-based prediction.
chr14:23583305-23583319	NFIC	NFIC	0.64	1	Motif match 78% of max PWM score (strand -, rank 3). ENCODE NFIC ChIP-seq: 1 peak(s) overlap this locus in K562 cells. NFIX has higher motif score (88%) but no ENCODE evidence in K562.
chrX:136415933-136415950	HIC2	ESR1	0.39	0	Motif match 73% of max PWM score (strand -, rank 1). No ENCODE peak overlap at this locus in MCF7 cells. Motif-based prediction.
chr20:34516236-34516248	RHOXF1	OTX2	0.33	0	Motif match 66% of max PWM score (strand -, rank 1). No ENCODE ChIP-seq data for D341-Med cells. Motif-based prediction.
chr1:40084867-40084886	NKX2-4	CTCF	0.32	0	Motif match 64% of max PWM score (strand +, rank 1). No ENCODE ChIP-seq data for GM19099 cells. Motif-based prediction.
chr15:39732981-39732993	FOXD1	FOXA1	0.85	0	Motif match 100% of max PWM score (strand -, rank 1). No ENCODE ChIP-seq data for mdamb453 cells. Motif-based prediction.
chr5:73152875-73152894	ZBTB26	CTCF	0.38	0	Motif match 75% of max PWM score (strand -, rank 1). No ENCODE ChIP-seq overlap for this TF in K562 cells (1 other TF(s) have peaks here). Motif-based prediction.
chr17:67990535-67990552	RHOXF1	AR	0.45	0	Motif match 76% of max PWM score (strand +, rank 1). No ENCODE ChIP-seq data for lncap-dht24h cells. Motif-based prediction.
chr1:227534123-227534133	BHLHE22	TFAP4	0.85	0	Motif match 100% of max PWM score (strand +, rank 1). No ENCODE ChIP-seq data for COLO-320 cells. Motif-based prediction.
chr3:38131714-38131733	NFATC3	CTCF	0.27	0	Motif match 54% of max PWM score (strand +, rank 1). No ENCODE peak overlap at this locus in T47D cells. Motif-based prediction.
chr2:105915379-105915399	SPIC	SPI1	0.47	0	Motif match 77% of max PWM score (strand +, rank 1). No ENCODE peak overlap at this locus in dohh2 cells. Motif-based prediction.
chr6:104941361-104941372	HIC2	EGR2	0.77	0	Motif match 98% of max PWM score (strand -, rank 1). No ENCODE ChIP-seq overlap for this TF in HEK293 cells (24 other TF(s) have peaks here). Motif-based prediction.
chr10:101949045-101949057	SOX15	CDX2	0.69	0	Motif match 91% of max PWM score (strand -, rank 1). No ENCODE ChIP-seq data for Wnt-Fgf-specified-intestinal-culture-cells cells. Motif-based prediction.
chr6:71388283-71388294	BATF	JUN	0.85	0	Motif match 100% of max PWM score (strand -, rank 1). No ENCODE peak overlap at this locus in A549 cells. Motif-based prediction.
chr3:73004511-73004521	CEBPG	CEBPB	0.68	0	Motif match 90% of max PWM score (strand +, rank 1). No ENCODE ChIP-seq data for JB6 cells. Motif-based prediction.
chr3:134406719-134406732	NEUROG2	NEUROG2	0.85	1	Motif match 100% of max PWM score (strand +, rank 1). No ENCODE ChIP-seq data for MRC-5 cells. Motif-based prediction.
chr15:67144797-67144814	ZNF317	ESR1	0.85	0	Motif match 100% of max PWM score (strand +, rank 1). No ENCODE ChIP-seq data for MDA-MB-231 cells. Motif-based prediction.
chr4:135977100-135977110	HAND2	TFAP4	0.85	0	Motif match 100% of max PWM score (strand +, rank 1). No ENCODE ChIP-seq data for COLO-320 cells. Motif-based prediction.
chr5:135917453-135917467	RHOXF1	ONECUT2	0.84	0	Motif match 100% of max PWM score (strand +, rank 1). No ENCODE peak overlap at this locus in LNCaP cells. Motif-based prediction.
chr12:120290678-120290688	ZNF417	CEBPB	0.32	0	Motif match 64% of max PWM score (strand +, rank 1). No ENCODE peak overlap at this locus in HeLa-S3 cells. Motif-based prediction.
chr11:12176068-12176081	BATF	JUN	0.85	0	Motif match 100% of max PWM score (strand -, rank 1). No ENCODE ChIP-seq data for HAEC cells. Motif-based prediction.
chr10:28588051-28588070	NR2C2	CTCF	0.8	0	Motif match 100% of max PWM score (strand -, rank 1). No ENCODE ChIP-seq overlap for this TF in A549 cells (1 other TF(s) have peaks here). Motif-based prediction.
chr6:25942730-25942749	HIC2	CTCF	0.61	0	Motif match 86% of max PWM score (strand +, rank 1). No ENCODE ChIP-seq data for HUES64 cells. Motif-based prediction.
chr5:8507591-8507605	IKZF2	GABPA	0.85	0	Motif match 100% of max PWM score (strand +, rank 1). No ENCODE peak overlap at this locus in vcap cells. Motif-based prediction.
chr18:53164103-53164120	BARHL2	AR	0.73	0	Motif match 93% of max PWM score (strand +, rank 1). No ENCODE ChIP-seq data for CWR22 cells. Motif-based prediction.
chr1:181508818-181508828	RELA	RELA	0.63	1	Motif match 90% of max PWM score (strand +, rank 1). No ENCODE ChIP-seq overlap for this TF in GM12892 cells (2 other TF(s) have peaks here). Motif-based prediction.
chr1:99969948-99969968	ELK4	SPI1	0.33	0	Motif match 66% of max PWM score (strand -, rank 1). No ENCODE ChIP-seq data for macrophages-ifng cells. Motif-based prediction.
chr2:181178991-181179010	CTCFL	CTCF	0.27	0	Motif match 64% of max PWM score (strand +, rank 1). No ENCODE ChIP-seq overlap for this TF in MCF7 cells (2 other TF(s) have peaks here). Motif-based prediction.
chr11:10550703-10550714	BATF	JUN	0.85	0	Motif match 100% of max PWM score (strand -, rank 1). No ENCODE ChIP-seq data for HAEC cells. Motif-based prediction.
chr8:98522867-98522877	CEBPA	CEBPB	0.85	0	Motif match 100% of max PWM score (strand +, rank 1). No ENCODE ChIP-seq data for SUM159PT cells. Motif-based prediction.
chr14:65824878-65824897	SP5	CTCF	0.8	0	Motif match 100% of max PWM score (strand +, rank 1). No ENCODE ChIP-seq overlap for this TF in mcf7 cells (5 other TF(s) have peaks here). Motif-based prediction.
chr7:148852955-148852969	HLF	HLF	0.83	1	Motif match 90% of max PWM score (strand +, rank 4). ENCODE HLF ChIP-seq: 1 peak(s) overlap this locus in HepG2 cells. NFIL3 has higher motif score (97%) but no ENCODE evidence in HepG2.
chr13:83071071-83071083	FOXD1	FOXA1	0.85	0	Motif match 100% of max PWM score (strand -, rank 1). No ENCODE ChIP-seq data for lncap-dmso cells. Motif-based prediction.
chr18:9918070-9918081	FOXA2	FOXA2	0.4	1	Motif match 76% of max PWM score (strand +, rank 1). No ENCODE ChIP-seq overlap for this TF in HepG2 cells (4 other TF(s) have peaks here). Motif-based prediction.
chr14:90691860-90691880	MAZ	SPI1	0.85	0	Motif match 100% of max PWM score (strand +, rank 1). No ENCODE ChIP-seq data for macrophages-tpp cells. Motif-based prediction.
chr10:114389582-114389594	BATF3	JUN	0.47	0	Motif match 77% of max PWM score (strand +, rank 1). No ENCODE ChIP-seq data for MDA-MB-231p27CK-DD cells. Motif-based prediction.
chr2:43698578-43698590	POU5F1	MEF2B	0.33	0	Motif match 67% of max PWM score (strand -, rank 1). No ENCODE ChIP-seq data for germinal-center-B-cells cells. Motif-based prediction.
chrX:31838021-31838034	MSX1	MEIS1	0.85	0	Motif match 100% of max PWM score (strand -, rank 1). No ENCODE ChIP-seq data for A-673-clone-Asp114 cells. Motif-based prediction.
chr12:75978048-75978061	JUN	JUND	1.0	0	Motif match 100% of max PWM score (strand +, rank 2). ENCODE JUN ChIP-seq: 1 peak(s) overlap this locus in A549 cells. BATF has higher motif score (100%) but no ENCODE evidence in A549.
chr4:183335514-183335525	FOS	JUN	0.85	0	Motif match 100% of max PWM score (strand -, rank 1). No ENCODE ChIP-seq data for HAEC cells. Motif-based prediction.
chr1:164440390-164440409	NFATC3	CTCF	0.36	0	Motif match 71% of max PWM score (strand +, rank 1). No ENCODE ChIP-seq data for normal-lung-fibroblasts cells. Motif-based prediction.
chr8:129996922-129996939	OLIG3	AR	0.28	0	Motif match 55% of max PWM score (strand -, rank 1). No ENCODE ChIP-seq data for vcap-r1881-1c26 cells. Motif-based prediction.
chr2:200901673-200901692	NEUROG2	CTCF	0.85	0	Motif match 100% of max PWM score (strand +, rank 1). No ENCODE peak overlap at this locus in T47D cells. Motif-based prediction.
chr22:39115222-39115242	SPIB	SPI1	0.6	0	Motif match 85% of max PWM score (strand +, rank 1). No ENCODE ChIP-seq data for THP-1 cells. Motif-based prediction.
chr21:23543529-23543541	CEBPD	ATF3	0.8	0	Motif match 100% of max PWM score (strand +, rank 1). No ENCODE ChIP-seq overlap for this TF in liver cells (6 other TF(s) have peaks here). Motif-based prediction.
chr2:18762727-18762738	GATA3	GATA2	0.33	0	Motif match 66% of max PWM score (strand +, rank 1). No ENCODE ChIP-seq data for HUVEC-C cells. Motif-based prediction.
chr13:32632776-32632787	FOXA2	FOXA2	0.27	1	Motif match 55% of max PWM score (strand -, rank 1). No ENCODE peak overlap at this locus in BJ cells. Motif-based prediction.
chr16:13839771-13839790	ZKSCAN1	CTCF	0.31	0	Motif match 61% of max PWM score (strand +, rank 1). No ENCODE ChIP-seq data for THP-1 cells. Motif-based prediction.
chr8:79890982-79890997	NR4A1	HNF4A	0.28	0	Motif match 65% of max PWM score (strand -, rank 1). No ENCODE ChIP-seq overlap for this TF in HepG2 cells (54 other TF(s) have peaks here). Motif-based prediction.
chr4:18057609-18057620	ZNF354C	RUNX1	0.54	0	Motif match 82% of max PWM score (strand -, rank 1). No ENCODE ChIP-seq data for NB4 cells. Motif-based prediction.
chr15:98295340-98295351	RUNX2	RUNX1	0.65	0	Motif match 88% of max PWM score (strand -, rank 1). No ENCODE ChIP-seq data for NB4 cells. Motif-based prediction.
chr11:118202517-118202536	TFAP2A	CTCF	0.54	0	Motif match 81% of max PWM score (strand +, rank 1). No ENCODE peak overlap at this locus in DND-41 cells. Motif-based prediction.
chr22:26895053-26895066	JUND	JUN	1.0	0	Motif match 100% of max PWM score (strand +, rank 5). ENCODE JUND ChIP-seq: 1 peak(s) overlap this locus in A549 cells. BATF has higher motif score (100%) but no ENCODE evidence in A549.
chr1:169699209-169699219	RBPJ	RBPJ	0.85	1	Motif match 100% of max PWM score (strand -, rank 1). No ENCODE ChIP-seq data for cutll cells. Motif-based prediction.
chr8:18141896-18141915	SOX18	CTCF	0.28	0	Motif match 65% of max PWM score (strand +, rank 1). No ENCODE ChIP-seq overlap for this TF in A549 cells (2 other TF(s) have peaks here). Motif-based prediction.
chr14:21767434-21767446	FOXP3	FOXA1	0.56	0	Motif match 83% of max PWM score (strand -, rank 1). No ENCODE ChIP-seq data for vcap-shpias1-r1881 cells. Motif-based prediction.
chr6:52021158-52021177	CTCF	CTCF	0.67	1	Motif match 80% of max PWM score (strand -, rank 2). ENCODE CTCF ChIP-seq: 1 peak(s) overlap this locus in GM12873 cells.
chr22:26558741-26558756	HIC2	RXRA	0.8	0	Motif match 100% of max PWM score (strand -, rank 1). No ENCODE ChIP-seq overlap for this TF in liver cells (6 other TF(s) have peaks here). Motif-based prediction.
chr22:38766314-38766333	HIC2	CTCF	0.34	0	Motif match 73% of max PWM score (strand -, rank 1). No ENCODE ChIP-seq overlap for this TF in DND-41 cells (1 other TF(s) have peaks here). Motif-based prediction.
chr8:11316056-11316075	BCL11A	CTCF	0.85	0	Motif match 100% of max PWM score (strand -, rank 1). No ENCODE peak overlap at this locus in keratinocyte cells. Motif-based prediction.
chr1:43779474-43779493	NKX2-4	CTCF	0.23	0	Motif match 45% of max PWM score (strand -, rank 1). No ENCODE ChIP-seq data for gm19193 cells. Motif-based prediction.
chr3:136943568-136943578	CEBPD	CEBPB	0.5	0	Motif match 79% of max PWM score (strand -, rank 1). No ENCODE ChIP-seq data for hfob-diff cells. Motif-based prediction.
chr2:62928142-62928152	ZNF341	RELA	0.3	0	Motif match 60% of max PWM score (strand +, rank 1). No ENCODE peak overlap at this locus in GM12891 cells. Motif-based prediction.
chr4:83010941-83010952	HIC2	MAX	0.26	0	Motif match 63% of max PWM score (strand +, rank 1). No ENCODE ChIP-seq overlap for this TF in liver cells (7 other TF(s) have peaks here). Motif-based prediction.
chr6:110991385-110991404	CTCFL	CTCF	0.85	0	Motif match 100% of max PWM score (strand -, rank 1). No ENCODE ChIP-seq data for HeLa cells. Motif-based prediction.
chr3:171791887-171791900	BATF	JUN	0.85	0	Motif match 100% of max PWM score (strand -, rank 1). No ENCODE ChIP-seq data for HUVEC-C cells. Motif-based prediction.
chr1:201334485-201334497	NFIL3	CEBPA	0.42	0	Motif match 74% of max PWM score (strand -, rank 1). No ENCODE ChIP-seq data for THP-1 cells. Motif-based prediction.
chr10:53786424-53786443	CTCFL	CTCF	0.53	0	Motif match 81% of max PWM score (strand +, rank 1). No ENCODE ChIP-seq data for mcf7-tam cells. Motif-based prediction.
chr6:15542107-15542119	FOXA2	FOXA1	0.64	0	Motif match 87% of max PWM score (strand -, rank 1). No ENCODE ChIP-seq data for lncap-dht-tnfa cells. Motif-based prediction.
chr16:75083967-75083983	ONECUT1	ONECUT1	0.5	1	Motif match 82% of max PWM score (strand -, rank 1). No ENCODE ChIP-seq overlap for this TF in liver cells (14 other TF(s) have peaks here). Motif-based prediction.
chr6:52515674-52515686	FOXP3	FOXA1	0.44	0	Motif match 75% of max PWM score (strand -, rank 1). No ENCODE ChIP-seq data for lncap-dht-tnfa cells. Motif-based prediction.
chr6:67863616-67863628	POU5F1	FOXA1	0.85	0	Motif match 100% of max PWM score (strand +, rank 1). No ENCODE peak overlap at this locus in LNCaP cells. Motif-based prediction.
chr12:109777738-109777746	TEAD4	TEAD3	0.28	0	Motif match 65% of max PWM score (strand -, rank 1). No ENCODE ChIP-seq overlap for this TF in HepG2 cells (11 other TF(s) have peaks here). Motif-based prediction.
chr2:47176575-47176588	GATA5	GATA6	0.85	0	Motif match 100% of max PWM score (strand +, rank 1). No ENCODE ChIP-seq data for WA01 cells. Motif-based prediction.
chr13:59533903-59533917	ONECUT2	ONECUT2	0.45	1	Motif match 76% of max PWM score (strand -, rank 1). No ENCODE peak overlap at this locus in LNCaP cells. Motif-based prediction.
chr8:105595438-105595450	GSC2	OTX2	0.5	0	Motif match 79% of max PWM score (strand -, rank 1). No ENCODE ChIP-seq data for D341-Med cells. Motif-based prediction.
chr10:101776555-101776568	TFAP2E	TFAP2A	0.52	0	Motif match 80% of max PWM score (strand +, rank 1). No ENCODE ChIP-seq data for H9-derived-neural-crest-cells cells. Motif-based prediction.
chr2:60560959-60560978	CTCF	CTCF	0.82	1	Motif match 86% of max PWM score (strand +, rank 2). ENCODE CTCF ChIP-seq: 5 peak(s) overlap this locus in MCF-7 cells. ZNF354C has higher motif score (88%) but no ENCODE evidence in MCF-7.
chr1:173864473-173864483	BATF	JUNB	0.85	0	Motif match 100% of max PWM score (strand +, rank 1). No ENCODE ChIP-seq data for MCF10A-ER-Src cells. Motif-based prediction.
chr2:61012553-61012564	BATF	FOSL2	0.85	0	Motif match 100% of max PWM score (strand +, rank 1). No ENCODE peak overlap at this locus in A549 cells. Motif-based prediction.
chr16:138639-138651	MYC	MYC	0.85	1	Motif match 100% of max PWM score (strand +, rank 1). No ENCODE ChIP-seq data for FB8470 cells. Motif-based prediction.
chr18:1533722-1533736	ZNF770	WT1	0.7	0	Motif match 91% of max PWM score (strand -, rank 1). No ENCODE peak overlap at this locus in K562 cells. Motif-based prediction.
chr8:116351640-116351652	FOS	FOS	1.0	1	Motif match 100% of max PWM score (strand -, rank 1). ENCODE FOS ChIP-seq: 1 peak(s) overlap this locus in MCF7 cells.
chr22:35328480-35328491	GATA5	GATA1	0.82	0	Motif match 98% of max PWM score (strand +, rank 1). No ENCODE ChIP-seq data for CD34 cells. Motif-based prediction.
chr12:132615069-132615088	ZEB1	CTCF	0.8	0	Motif match 100% of max PWM score (strand +, rank 1). No ENCODE ChIP-seq overlap for this TF in T47D cells (1 other TF(s) have peaks here). Motif-based prediction.
chr11:12167215-12167227	FOSL2	JUNB	1.0	0	Motif match 100% of max PWM score (strand -, rank 4). ENCODE FOSL2 ChIP-seq: 1 peak(s) overlap this locus in A549 cells. FOS has higher motif score (100%) but no ENCODE evidence in A549.
chr6:170036281-170036293	FOXD1	FOXA1	0.85	0	Motif match 100% of max PWM score (strand -, rank 1). No ENCODE peak overlap at this locus in LNCaP cells. Motif-based prediction.
chr17:77681991-77681997	MXI1	ARNT	0.85	0	Motif match 100% of max PWM score (strand +, rank 1). No ENCODE ChIP-seq data for t47d-haegin2 cells. Motif-based prediction.
chr1:116494720-116494733	TFAP2E	TFAP2C	0.72	0	Motif match 92% of max PWM score (strand +, rank 1). No ENCODE ChIP-seq data for WA09 cells. Motif-based prediction.
chrX:9555572-9555583	MAFK	JUN	0.91	0	Motif match 95% of max PWM score (strand -, rank 9). ENCODE MAFK ChIP-seq: 1 peak(s) overlap this locus in K562 cells. BATF has higher motif score (100%) but no ENCODE evidence in K562.
chr11:8870593-8870612	YY2	CTCF	0.31	0	Motif match 70% of max PWM score (strand -, rank 1). No ENCODE ChIP-seq overlap for this TF in bipolar-neuron cells (1 other TF(s) have peaks here). Motif-based prediction.
chr14:93309676-93309688	GSC2	OTX2	0.5	0	Motif match 79% of max PWM score (strand +, rank 1). No ENCODE ChIP-seq data for D341-Med cells. Motif-based prediction.
chr7:17713062-17713074	HOXB4	GATA4	0.85	0	Motif match 100% of max PWM score (strand +, rank 1). No ENCODE peak overlap at this locus in BJ cells. Motif-based prediction.
chr1:52906168-52906185	NFATC3	RXRA	0.7	0	Motif match 94% of max PWM score (strand -, rank 1). No ENCODE ChIP-seq overlap for this TF in liver cells (12 other TF(s) have peaks here). Motif-based prediction.
chr13:90445330-90445342	BATF	JUNB	0.85	0	Motif match 100% of max PWM score (strand +, rank 1). No ENCODE ChIP-seq data for MCF10A-ER-Src cells. Motif-based prediction.
chr6:113859102-113859121	CTCFL	CTCF	0.85	0	Motif match 100% of max PWM score (strand -, rank 1). No ENCODE ChIP-seq data for gm2255 cells. Motif-based prediction.
chr7:120944948-120944958	MXI1	MAX	0.85	0	Motif match 100% of max PWM score (strand +, rank 1). No ENCODE ChIP-seq data for HeLa cells. Motif-based prediction.
chr8:33566963-33566974	HES1	MAX	0.84	0	Motif match 100% of max PWM score (strand -, rank 1). No ENCODE ChIP-seq data for MKL-1 cells. Motif-based prediction.
chr14:100428927-100428940	BATF	JUN	0.85	0	Motif match 100% of max PWM score (strand -, rank 1). No ENCODE ChIP-seq data for 786-O cells. Motif-based prediction.
chr16:53022608-53022627	HIC2	CTCF	0.38	0	Motif match 72% of max PWM score (strand +, rank 1). No ENCODE ChIP-seq data for IPSC-derived-bipolar-neuron cells. Motif-based prediction.
chr7:50664857-50664869	FOXH1	FOXA1	0.6	0	Motif match 85% of max PWM score (strand -, rank 1). No ENCODE ChIP-seq data for ncih3122 cells. Motif-based prediction.
chr11:75867961-75867980	CTCF	CTCF	0.88	1	Motif match 90% of max PWM score (strand -, rank 3). ENCODE CTCF ChIP-seq: 3 peak(s) overlap this locus in GM12878 cells. ZEB1 has higher motif score (100%) but no ENCODE evidence in GM12878.
chr12:816606-816625	YY2	CTCF	0.45	0	Motif match 76% of max PWM score (strand +, rank 1). No ENCODE ChIP-seq data for H929 cells. Motif-based prediction.
chr20:33113096-33113116	ZNF263	SPI1	0.85	0	Motif match 100% of max PWM score (strand +, rank 1). No ENCODE ChIP-seq data for cd34-fetal cells. Motif-based prediction.
chr11:34002443-34002455	ONECUT1	FOXA1	0.28	0	Motif match 66% of max PWM score (strand -, rank 1). No ENCODE ChIP-seq overlap for this TF in MCF7 cells (8 other TF(s) have peaks here). Motif-based prediction.
chr3:47047920-47047937	ZBTB32	AR	0.32	0	Motif match 64% of max PWM score (strand +, rank 1). No ENCODE peak overlap at this locus in HEK293 cells. Motif-based prediction.
chr4:137265398-137265408	BHLHE22	TFAP4	0.85	0	Motif match 100% of max PWM score (strand +, rank 1). No ENCODE ChIP-seq data for SNU175 cells. Motif-based prediction.
chr15:67116808-67116818	RBPJ	CEBPB	0.8	0	Motif match 100% of max PWM score (strand +, rank 1). No ENCODE ChIP-seq overlap for this TF in A549 cells (11 other TF(s) have peaks here). Motif-based prediction.
chr6:47045145-47045162	TBX18	AR	0.46	0	Motif match 76% of max PWM score (strand +, rank 1). No ENCODE ChIP-seq data for plhsar-foxa1-hoxb13 cells. Motif-based prediction.
chr3:52742738-52742757	ZSCAN21	CTCF	0.52	0	Motif match 80% of max PWM score (strand -, rank 1). No ENCODE ChIP-seq data for normal-epidermal-keratinocytes cells. Motif-based prediction.
chr4:47032688-47032700	HIF1A	MYC	0.85	0	Motif match 100% of max PWM score (strand +, rank 1). No ENCODE ChIP-seq data for U2OS cells. Motif-based prediction.
chr5:137013400-137013412	FOXO4	FOXA1	0.58	0	Motif match 84% of max PWM score (strand -, rank 1). No ENCODE ChIP-seq data for CyT49-derived-endodermal-cells cells. Motif-based prediction.
chr22:18147211-18147228	PGR	AR	0.67	0	Motif match 89% of max PWM score (strand +, rank 1). No ENCODE ChIP-seq data for LNCaP95 cells. Motif-based prediction.
chr17:57565376-57565393	MSANTD3	AR	0.41	0	Motif match 73% of max PWM score (strand +, rank 1). No ENCODE ChIP-seq data for pc3-r1881 cells. Motif-based prediction.
chr15:48191061-48191081	MZF1	SPI1	0.57	0	Motif match 83% of max PWM score (strand -, rank 1). No ENCODE ChIP-seq data for macrophages-ifng cells. Motif-based prediction.
chr16:10313117-10313136	TBX21	CTCF	0.62	0	Motif match 86% of max PWM score (strand -, rank 1). No ENCODE ChIP-seq data for lymphoblastoid-cells cells. Motif-based prediction.
chr20:7453073-7453083	CEBPB	CEBPB	0.75	1	Motif match 85% of max PWM score (strand -, rank 3). ENCODE CEBPB ChIP-seq: 1 peak(s) overlap this locus in IMR-90 cells.
chr4:74934877-74934889	FOXL1	FOXA1	0.8	0	Motif match 97% of max PWM score (strand -, rank 1). No ENCODE ChIP-seq data for t47d-dex cells. Motif-based prediction.
chr2:85415566-85415579	TBX2	EOMES	0.37	0	Motif match 71% of max PWM score (strand -, rank 1). No ENCODE ChIP-seq data for esc cells. Motif-based prediction.
chr1:1782817-1782829	BATF3	JUN	0.47	0	Motif match 77% of max PWM score (strand -, rank 1). No ENCODE ChIP-seq data for HAEC cells. Motif-based prediction.
chr3:177279408-177279420	FOXD1	FOXA1	0.85	0	Motif match 100% of max PWM score (strand +, rank 1). No ENCODE ChIP-seq data for lncap-shfoxa1-r1881 cells. Motif-based prediction.
chr22:36829043-36829055	JUN	ATF3	1.0	0	Motif match 100% of max PWM score (strand +, rank 2). ENCODE JUN ChIP-seq: 1 peak(s) overlap this locus in K562 cells. BATF has higher motif score (100%) but no ENCODE evidence in K562.
chr1:211267423-211267433	CEBPE	CEBPB	0.38	0	Motif match 72% of max PWM score (strand +, rank 1). No ENCODE ChIP-seq data for hmsc-dmi-hi cells. Motif-based prediction.
chr9:21873996-21874007	BATF	JUN	0.85	0	Motif match 100% of max PWM score (strand +, rank 1). No ENCODE ChIP-seq data for HAEC cells. Motif-based prediction.
chr6:1577791-1577808	MEIS3	ESR1	0.57	0	Motif match 83% of max PWM score (strand -, rank 1). No ENCODE ChIP-seq data for mcf7-e2 cells. Motif-based prediction.
chr12:1843144-1843154	MNT	MNT	1.0	1	Motif match 100% of max PWM score (strand +, rank 2). ENCODE MNT ChIP-seq: 1 peak(s) overlap this locus in HepG2 cells. CLOCK has higher motif score (100%) but no ENCODE evidence in HepG2.
chr20:35327435-35327452	BATF	ESR1	0.8	0	Motif match 100% of max PWM score (strand +, rank 1). No ENCODE ChIP-seq overlap for this TF in Ishikawa cells (2 other TF(s) have peaks here). Motif-based prediction.
chr3:197487989-197488002	FOS	JUN	1.0	0	Motif match 100% of max PWM score (strand +, rank 1). ENCODE FOS ChIP-seq: 1 peak(s) overlap this locus in MCF7 cells.
chr10:97849769-97849783	OSR1	ELF1	0.4	0	Motif match 73% of max PWM score (strand -, rank 1). No ENCODE peak overlap at this locus in K562 cells. Motif-based prediction.
chr4:124438087-124438104	SOX8	AR	0.85	0	Motif match 100% of max PWM score (strand +, rank 1). No ENCODE ChIP-seq data for plhsar-foxa1-hoxb13 cells. Motif-based prediction.
chr2:160612125-160612137	FOXA3	FOXA1	0.27	0	Motif match 54% of max PWM score (strand +, rank 1). No ENCODE ChIP-seq data for vcap-dht24h cells. Motif-based prediction.
chr1:225810354-225810365	TCFL5	MYC	0.76	0	Motif match 95% of max PWM score (strand -, rank 1). No ENCODE ChIP-seq data for U2OS cells. Motif-based prediction.
chr22:33992087-33992105	HIC2	TP63	0.85	0	Motif match 100% of max PWM score (strand -, rank 1). No ENCODE peak overlap at this locus in keratinocyte-d2 cells. Motif-based prediction.
chr15:51888765-51888784	NKX2-4	CTCF	0.32	0	Motif match 64% of max PWM score (strand +, rank 1). No ENCODE ChIP-seq data for mcf7-e2-shctcf cells. Motif-based prediction.
chr19:44305008-44305022	ETV7	ETV1	0.85	0	Motif match 100% of max PWM score (strand +, rank 1). No ENCODE ChIP-seq data for gist cells. Motif-based prediction.
chr15:66838861-66838880	HIC2	CTCF	0.25	0	Motif match 59% of max PWM score (strand +, rank 1). No ENCODE ChIP-seq overlap for this TF in K562 cells (4 other TF(s) have peaks here). Motif-based prediction.
chr2:10835531-10835545	ZNF692	PLAG1	0.75	0	Motif match 97% of max PWM score (strand +, rank 1). No ENCODE ChIP-seq overlap for this TF in K562 cells (15 other TF(s) have peaks here). Motif-based prediction.
chr2:24354147-24354158	HOXB4	GATA2	0.85	0	Motif match 100% of max PWM score (strand +, rank 1). No ENCODE ChIP-seq data for HUVEC-C cells. Motif-based prediction.
chr20:19249707-19249726	NR2C1	CTCF	0.79	0	Motif match 100% of max PWM score (strand -, rank 1). No ENCODE ChIP-seq overlap for this TF in A549 cells (1 other TF(s) have peaks here). Motif-based prediction.
chr1:180515996-180516015	YY2	CTCF	0.8	0	Motif match 100% of max PWM score (strand +, rank 1). No ENCODE ChIP-seq overlap for this TF in MCF-7 cells (6 other TF(s) have peaks here). Motif-based prediction.
chr11:117140251-117140268	HIF1A	AR	0.37	0	Motif match 71% of max PWM score (strand +, rank 1). No ENCODE peak overlap at this locus in LNCaP cells. Motif-based prediction.
chr17:42388697-42388714	ZNF341	AR	0.85	0	Motif match 100% of max PWM score (strand -, rank 1). No ENCODE peak overlap at this locus in VCaP cells. Motif-based prediction.
chr4:110174642-110174654	MEIS3	FOXA1	0.55	0	Motif match 85% of max PWM score (strand -, rank 1). No ENCODE ChIP-seq overlap for this TF in MCF7 cells (1 other TF(s) have peaks here). Motif-based prediction.
chr10:102134070-102134082	BATF	FOS	0.85	0	Motif match 100% of max PWM score (strand -, rank 1). No ENCODE ChIP-seq data for HUVEC-C cells. Motif-based prediction.
chr12:9648658-9648675	NR2C2	ESR1	0.8	0	Motif match 100% of max PWM score (strand -, rank 1). No ENCODE ChIP-seq overlap for this TF in MCF7 cells (15 other TF(s) have peaks here). Motif-based prediction.
chrY:4483876-4483895	CTCFL	CTCF	0.85	0	Motif match 100% of max PWM score (strand -, rank 1). No ENCODE peak overlap at this locus in HepG2 cells. Motif-based prediction.
chr8:28359004-28359022	NR2C2	RXRA	0.8	0	Motif match 100% of max PWM score (strand -, rank 1). No ENCODE ChIP-seq overlap for this TF in liver cells (6 other TF(s) have peaks here). Motif-based prediction.
chr1:155241349-155241359	HAND2	TFAP4	0.85	0	Motif match 100% of max PWM score (strand -, rank 1). No ENCODE ChIP-seq data for COLO-320 cells. Motif-based prediction.
chr6:5206039-5206051	MXI1	MYC	0.85	0	Motif match 100% of max PWM score (strand -, rank 1). No ENCODE peak overlap at this locus in LNCaP cells. Motif-based prediction.
chr5:63981993-63982005	MZF1	OTX2	0.85	0	Motif match 100% of max PWM score (strand -, rank 1). No ENCODE ChIP-seq data for D341-Med cells. Motif-based prediction.
chr13:93713376-93713390	HOXA13	HOXB13	0.65	0	Motif match 88% of max PWM score (strand +, rank 1). No ENCODE peak overlap at this locus in LNCaP cells. Motif-based prediction.
chr3:53162033-53162043	HES1	MAX	0.29	0	Motif match 59% of max PWM score (strand -, rank 1). No ENCODE ChIP-seq data for p493-cmyc-1h cells. Motif-based prediction.
chr2:171957207-171957218	MAX	MYC	0.69	0	Motif match 81% of max PWM score (strand -, rank 2). ENCODE MAX ChIP-seq: 1 peak(s) overlap this locus in K562 cells. MXI1 has higher motif score (100%) but no ENCODE evidence in K562.
chr9:98859385-98859405	IKZF2	SPI1	0.85	0	Motif match 100% of max PWM score (strand -, rank 1). No ENCODE ChIP-seq data for cd34-adult cells. Motif-based prediction.
chr10:11142997-11143016	VEZF1	CTCF	0.85	0	Motif match 100% of max PWM score (strand -, rank 1). No ENCODE ChIP-seq data for erythroid-progenitors cells. Motif-based prediction.
chr13:93559847-93559860	FOS	JUN	0.76	0	Motif match 86% of max PWM score (strand -, rank 8). ENCODE FOS ChIP-seq: 1 peak(s) overlap this locus in MCF7 cells. FOSB has higher motif score (86%) but no ENCODE evidence in MCF7.
chr3:13983339-13983355	ZNF354C	SCRT1	0.8	0	Motif match 100% of max PWM score (strand -, rank 1). No ENCODE ChIP-seq overlap for this TF in HEK293 cells (1 other TF(s) have peaks here). Motif-based prediction.
chr2:217713630-217713645	DMRTA2	CEBPG	0.39	0	Motif match 75% of max PWM score (strand +, rank 1). No ENCODE ChIP-seq overlap for this TF in K562 cells (10 other TF(s) have peaks here). Motif-based prediction.
chr9:101459090-101459102	TFAP2B	TFAP2C	0.52	0	Motif match 80% of max PWM score (strand +, rank 1). No ENCODE ChIP-seq data for skbr3 cells. Motif-based prediction.
chr11:122755619-122755633	SP5	EGR1	0.8	0	Motif match 100% of max PWM score (strand +, rank 1). No ENCODE ChIP-seq overlap for this TF in K562 cells (55 other TF(s) have peaks here). Motif-based prediction.
chr1:43946642-43946656	ZBTB7A	ETV1	0.39	0	Motif match 73% of max PWM score (strand -, rank 1). No ENCODE ChIP-seq data for A375 cells. Motif-based prediction.
chr13:20558096-20558111	ISL2	MYBL2	0.46	0	Motif match 80% of max PWM score (strand -, rank 1). No ENCODE ChIP-seq overlap for this TF in HepG2 cells (28 other TF(s) have peaks here). Motif-based prediction.
chr3:132196330-132196348	FEZF2	TP53	0.5	0	Motif match 79% of max PWM score (strand +, rank 1). No ENCODE peak overlap at this locus in BJ cells. Motif-based prediction.
chr7:36319212-36319231	ZNF354C	CTCF	0.36	0	Motif match 74% of max PWM score (strand -, rank 1). No ENCODE ChIP-seq overlap for this TF in HCT-116 cells (1 other TF(s) have peaks here). Motif-based prediction.
chr10:55476353-55476366	JUND	JUND	1.0	1	Motif match 100% of max PWM score (strand +, rank 6). ENCODE JUND ChIP-seq: 1 peak(s) overlap this locus in SK-N-SH cells. FOS has higher motif score (100%) but no ENCODE evidence in SK-N-SH.
chr6:157156024-157156036	NFIL3	CEBPA	0.46	0	Motif match 77% of max PWM score (strand +, rank 1). No ENCODE ChIP-seq data for MOLM-13-acute-monocytic-leukemia-AML cells. Motif-based prediction.
chr16:19294428-19294439	MNT	EGR2	0.8	0	Motif match 100% of max PWM score (strand -, rank 1). No ENCODE ChIP-seq overlap for this TF in HEK293 cells (3 other TF(s) have peaks here). Motif-based prediction.
chr22:28855783-28855802	CTCFL	CTCF	0.53	0	Motif match 81% of max PWM score (strand +, rank 1). No ENCODE ChIP-seq data for right-lobe-of-liver cells. Motif-based prediction.
chr3:42839071-42839084	ZEB1	TCF4	0.85	0	Motif match 100% of max PWM score (strand +, rank 1). No ENCODE ChIP-seq data for SU-DHL-2 cells. Motif-based prediction.
chr18:65586109-65586123	ONECUT1	ONECUT2	0.58	0	Motif match 84% of max PWM score (strand -, rank 1). No ENCODE peak overlap at this locus in LNCaP cells. Motif-based prediction.
chr12:110102369-110102388	VEZF1	CTCF	0.49	0	Motif match 78% of max PWM score (strand -, rank 1). No ENCODE peak overlap at this locus in pancreas cells. Motif-based prediction.
chr19:11072175-11072185	ZNF417	CEBPB	0.32	0	Motif match 64% of max PWM score (strand -, rank 1). No ENCODE ChIP-seq data for THP-1 cells. Motif-based prediction.
chr15:39920940-39920959	TFAP2E	CTCF	0.56	0	Motif match 83% of max PWM score (strand -, rank 1). No ENCODE ChIP-seq data for EOL-1 cells. Motif-based prediction.
chr8:97775172-97775182	ETV4	ETV4	0.74	1	Motif match 85% of max PWM score (strand -, rank 6). ENCODE ETV4 ChIP-seq: 1 peak(s) overlap this locus in HepG2 cells. IKZF2 has higher motif score (100%) but no ENCODE evidence in HepG2.
chr12:123754271-123754291	SPI1	SPI1	0.73	1	Motif match 84% of max PWM score (strand -, rank 4). ENCODE SPI1 ChIP-seq: 1 peak(s) overlap this locus in GM12878 cells. ZNF189 has higher motif score (90%) but no ENCODE evidence in GM12878.
chr7:130151696-130151708	TFAP2C	TFAP2A	0.32	0	Motif match 65% of max PWM score (strand -, rank 1). No ENCODE ChIP-seq data for H9-derived-neural-crest-cells cells. Motif-based prediction.
chr1:240075972-240075986	ZNF354C	WT1	0.81	0	Motif match 98% of max PWM score (strand +, rank 1). No ENCODE peak overlap at this locus in K562 cells. Motif-based prediction.
chr17:4060441-4060455	ZNF770	WT1	0.33	0	Motif match 66% of max PWM score (strand -, rank 1). No ENCODE peak overlap at this locus in K562 cells. Motif-based prediction.
chr22:45413562-45413581	ZNF417	THAP11	0.8	0	Motif match 100% of max PWM score (strand -, rank 1). No ENCODE ChIP-seq overlap for this TF in HepG2 cells (21 other TF(s) have peaks here). Motif-based prediction.
chr5:41858178-41858190	BCL11A	GRHL2	0.85	0	Motif match 100% of max PWM score (strand +, rank 1). No ENCODE peak overlap at this locus in MCF7 cells. Motif-based prediction.
chr5:59583689-59583704	CEBPA	CEBPG	0.53	0	Motif match 81% of max PWM score (strand +, rank 1). No ENCODE peak overlap at this locus in K562 cells. Motif-based prediction.
chr7:83468468-83468482	JUN	JUN	1.0	1	Motif match 100% of max PWM score (strand +, rank 2). ENCODE JUN ChIP-seq: 1 peak(s) overlap this locus in A549 cells. BATF has higher motif score (100%) but no ENCODE evidence in A549.
chr2:38690998-38691011	FOS	FOS	0.69	1	Motif match 82% of max PWM score (strand -, rank 4). ENCODE FOS ChIP-seq: 1 peak(s) overlap this locus in MCF7 cells. MXI1 has higher motif score (100%) but no ENCODE evidence in MCF7.
chr1:9702380-9702399	LHX1	CTCF	0.31	0	Motif match 63% of max PWM score (strand -, rank 1). No ENCODE peak overlap at this locus in T47D cells. Motif-based prediction.
chr18:74840679-74840689	ZNF35	RELA	0.32	0	Motif match 64% of max PWM score (strand -, rank 1). No ENCODE ChIP-seq data for HUVEC-C cells. Motif-based prediction.
chr2:156341551-156341563	MYC	MYC	0.85	1	Motif match 100% of max PWM score (strand +, rank 1). No ENCODE ChIP-seq data for ra1 cells. Motif-based prediction.
chr5:52987795-52987806	FOSL2	FOSL2	0.79	1	Motif match 87% of max PWM score (strand +, rank 6). ENCODE FOSL2 ChIP-seq: 1 peak(s) overlap this locus in A549 cells. BATF has higher motif score (100%) but no ENCODE evidence in A549.
chr1:30769072-30769092	BHLHE22	SPI1	0.85	0	Motif match 100% of max PWM score (strand +, rank 1). No ENCODE ChIP-seq data for cd34-adult cells. Motif-based prediction.
chr12:46430629-46430642	CEBPG	CREB1	1.0	0	Motif match 100% of max PWM score (strand -, rank 1). ENCODE CEBPG ChIP-seq: 1 peak(s) overlap this locus in HepG2 cells.
chr3:48765567-48765586	HIC2	CTCF	0.61	0	Motif match 86% of max PWM score (strand +, rank 1). No ENCODE ChIP-seq data for THP-1 cells. Motif-based prediction.
chr8:106785384-106785403	RELB	CTCF	0.8	0	Motif match 100% of max PWM score (strand -, rank 1). No ENCODE ChIP-seq overlap for this TF in MCF-7 cells (2 other TF(s) have peaks here). Motif-based prediction.
chr5:79684956-79684971	ZNF263	EGR3	0.85	0	Motif match 100% of max PWM score (strand +, rank 1). No ENCODE peak overlap at this locus in HEK293 cells. Motif-based prediction.
chr2:240061157-240061176	CTCF	CTCF	0.6	1	Motif match 73% of max PWM score (strand +, rank 2). ENCODE CTCF ChIP-seq: 5 peak(s) overlap this locus in MCF7 cells. HIC2 has higher motif score (86%) but no ENCODE evidence in MCF7.
chr1:226476895-226476906	ZNF354C	FOXA2	0.65	0	Motif match 88% of max PWM score (strand +, rank 1). No ENCODE peak overlap at this locus in BJ cells. Motif-based prediction.
chr11:31246803-31246815	FOXD1	FOXA1	0.85	0	Motif match 100% of max PWM score (strand -, rank 1). No ENCODE peak overlap at this locus in 22RV1 cells. Motif-based prediction.
chr1:64556074-64556087	GATA2	GATA6	0.48	0	Motif match 78% of max PWM score (strand +, rank 1). No ENCODE ChIP-seq data for ags cells. Motif-based prediction.
chr6:53437767-53437786	HIC2	CTCF	0.56	0	Motif match 86% of max PWM score (strand -, rank 1). No ENCODE ChIP-seq overlap for this TF in DND-41 cells (1 other TF(s) have peaks here). Motif-based prediction.
chr2:232611682-232611694	NFIA	FOXA1	0.8	0	Motif match 100% of max PWM score (strand +, rank 1). No ENCODE ChIP-seq overlap for this TF in T47D cells (4 other TF(s) have peaks here). Motif-based prediction.
chr3:56921667-56921684	NR5A1	RXRA	0.3	0	Motif match 60% of max PWM score (strand +, rank 1). No ENCODE peak overlap at this locus in liver cells. Motif-based prediction.
chr17:73298585-73298598	NR2F1	NR2F1	0.67	1	Motif match 80% of max PWM score (strand +, rank 4). ENCODE NR2F1 ChIP-seq: 1 peak(s) overlap this locus in GM12878 cells. NR2C1 has higher motif score (100%) but no ENCODE evidence in GM12878.
chr13:48599644-48599656	DMRT3	CEBPA	0.49	0	Motif match 78% of max PWM score (strand -, rank 1). No ENCODE ChIP-seq data for Kasumi-1 cells. Motif-based prediction.
chr20:32653092-32653111	CTCFL	CTCF	0.35	0	Motif match 69% of max PWM score (strand -, rank 1). No ENCODE ChIP-seq data for THP-1 cells. Motif-based prediction.
chr12:27652345-27652364	CTCF	CTCF	0.82	1	Motif match 86% of max PWM score (strand -, rank 2). ENCODE CTCF ChIP-seq: 4 peak(s) overlap this locus in A549 cells. HIC2 has higher motif score (98%) but no ENCODE evidence in A549.
chr1:244350761-244350781	SPI1	SPI1	1.0	1	Motif match 100% of max PWM score (strand +, rank 1). ENCODE SPI1 ChIP-seq: 1 peak(s) overlap this locus in GM12878 cells.
chr19:39587678-39587688	BATF	JUN	0.85	0	Motif match 100% of max PWM score (strand +, rank 1). No ENCODE ChIP-seq data for MCF10A-ER-Src cells. Motif-based prediction.
chr2:70554256-70554268	TCF12	E2F1	0.15	0	Motif match 41% of max PWM score (strand +, rank 1). No ENCODE ChIP-seq overlap for this TF in MCF7 cells (7 other TF(s) have peaks here). Motif-based prediction.
chr3:195804482-195804493	TFAP2E	RUNX1	0.59	0	Motif match 88% of max PWM score (strand +, rank 1). No ENCODE ChIP-seq overlap for this TF in K562 cells (54 other TF(s) have peaks here). Motif-based prediction.
chr11:10407171-10407184	ZNF341	NFKB1	0.85	0	Motif match 100% of max PWM score (strand +, rank 1). No ENCODE ChIP-seq data for MCF10A-ER-Src cells. Motif-based prediction.
chr10:121155097-121155110	TLX2	NFIL3	0.36	0	Motif match 73% of max PWM score (strand -, rank 1). No ENCODE ChIP-seq overlap for this TF in HepG2 cells (14 other TF(s) have peaks here). Motif-based prediction.
chr10:130587889-130587899	EHF	FLI1	0.34	0	Motif match 67% of max PWM score (strand -, rank 1). No ENCODE ChIP-seq data for A-673-clone-Asp114 cells. Motif-based prediction.
chr14:65224906-65224916	IKZF2	ETV6	0.8	0	Motif match 100% of max PWM score (strand +, rank 1). No ENCODE ChIP-seq overlap for this TF in GM12878 cells (5 other TF(s) have peaks here). Motif-based prediction.
chr15:77875287-77875306	MAZ	CTCF	0.66	0	Motif match 89% of max PWM score (strand +, rank 1). No ENCODE peak overlap at this locus in T47D cells. Motif-based prediction.
chr5:14745279-14745287	CREB1	TBX5	0.32	0	Motif match 63% of max PWM score (strand -, rank 1). No ENCODE ChIP-seq data for iPSC-derived-cardiomyocytes cells. Motif-based prediction.
chr2:23381353-23381367	BHLHE22	JUN	0.85	0	Motif match 100% of max PWM score (strand +, rank 1). No ENCODE ChIP-seq data for MCF10A-ER-Src cells. Motif-based prediction.
chr17:43483824-43483838	ARNT	JUN	0.54	0	Motif match 82% of max PWM score (strand +, rank 1). No ENCODE ChIP-seq data for definitive-endoderm-from-HUES8 cells. Motif-based prediction.
chr2:168964416-168964433	NR2C2	ESR1	0.8	0	Motif match 100% of max PWM score (strand +, rank 1). No ENCODE ChIP-seq overlap for this TF in MCF7 cells (4 other TF(s) have peaks here). Motif-based prediction.
chr20:49418319-49418336	HOXA4	AR	0.3	0	Motif match 60% of max PWM score (strand -, rank 1). No ENCODE peak overlap at this locus in LNCaP cells. Motif-based prediction.
chr7:129984692-129984702	HOXB2	HIF1A	0.38	0	Motif match 72% of max PWM score (strand +, rank 1). No ENCODE ChIP-seq data for PC3-bone-mets-prostate-adenocarcinoma- cells. Motif-based prediction.
chr14:20685991-20686001	FOSL1	CEBPB	0.61	0	Motif match 85% of max PWM score (strand -, rank 1). No ENCODE ChIP-seq data for SUM159PT cells. Motif-based prediction.
chr6:29965583-29965602	HIC2	CTCF	0.39	0	Motif match 73% of max PWM score (strand -, rank 1). No ENCODE peak overlap at this locus in GM12871 cells. Motif-based prediction.
chr7:142798228-142798242	EGR1	EGR1	0.54	1	Motif match 72% of max PWM score (strand +, rank 6). ENCODE EGR1 ChIP-seq: 1 peak(s) overlap this locus in K562 cells. KLF15 has higher motif score (100%) but no ENCODE evidence in K562.
chr10:34954517-34954529	FOXL1	FOXA1	0.8	0	Motif match 97% of max PWM score (strand -, rank 1). No ENCODE peak overlap at this locus in LNCaP cells. Motif-based prediction.
chr5:135209022-135209035	BATF	JUN	0.85	0	Motif match 100% of max PWM score (strand +, rank 1). No ENCODE ChIP-seq data for HAEC cells. Motif-based prediction.
chr4:30208909-30208919	FOSL2	JUNB	0.9	0	Motif match 94% of max PWM score (strand -, rank 9). ENCODE FOSL2 ChIP-seq: 1 peak(s) overlap this locus in A549 cells. BATF has higher motif score (100%) but no ENCODE evidence in A549.
chr7:99466168-99466179	TCFL5	MYC	0.26	0	Motif match 62% of max PWM score (strand -, rank 1). No ENCODE ChIP-seq overlap for this TF in HEK293T cells (6 other TF(s) have peaks here). Motif-based prediction.
chr20:63642188-63642207	ZNF263	CTCF	0.26	0	Motif match 63% of max PWM score (strand -, rank 1). No ENCODE ChIP-seq overlap for this TF in MCF7 cells (20 other TF(s) have peaks here). Motif-based prediction.
chr17:51435845-51435857	FOXL1	FOXA1	0.56	0	Motif match 85% of max PWM score (strand -, rank 1). No ENCODE ChIP-seq overlap for this TF in LNCaP cells (1 other TF(s) have peaks here). Motif-based prediction.
chr9:8521313-8521325	MEIS3	FOXA1	0.6	0	Motif match 85% of max PWM score (strand +, rank 1). No ENCODE ChIP-seq data for vcap-etoh cells. Motif-based prediction.
chr14:60239159-60239171	FOXD1	FOXA1	0.85	0	Motif match 100% of max PWM score (strand +, rank 1). No ENCODE ChIP-seq data for zr751 cells. Motif-based prediction.
chr17:39169299-39169313	DMRTA2	CEBPA	0.44	0	Motif match 75% of max PWM score (strand -, rank 1). No ENCODE ChIP-seq data for Kasumi-1 cells. Motif-based prediction.
chr16:72052043-72052063	RBPJ	SPI1	0.85	0	Motif match 100% of max PWM score (strand -, rank 1). No ENCODE ChIP-seq data for THP-1 cells. Motif-based prediction.
chr4:83870520-83870539	SP5	CTCF	0.8	0	Motif match 100% of max PWM score (strand -, rank 1). No ENCODE ChIP-seq overlap for this TF in K562 cells (1 other TF(s) have peaks here). Motif-based prediction.
chr9:20524946-20524965	DMRTA2	CTCF	0.7	0	Motif match 91% of max PWM score (strand +, rank 1). No ENCODE ChIP-seq data for MCF7L-P-immortalized-breast-epithelial-cell-line- cells. Motif-based prediction.
chr7:149662764-149662776	RHOXF1	OTX2	0.33	0	Motif match 66% of max PWM score (strand +, rank 1). No ENCODE ChIP-seq data for D341-Med cells. Motif-based prediction.
chr12:131872367-131872384	BATF	ESR1	0.85	0	Motif match 100% of max PWM score (strand -, rank 1). No ENCODE ChIP-seq data for mcf7-shctr-e2-tnf cells. Motif-based prediction.
chr6:51937075-51937090	LBX1	POU5F1	0.53	0	Motif match 81% of max PWM score (strand +, rank 1). No ENCODE ChIP-seq data for HUES8 cells. Motif-based prediction.
chr7:44544285-44544303	MXI1	TP53	0.21	0	Motif match 53% of max PWM score (strand -, rank 1). No ENCODE ChIP-seq overlap for this TF in MCF7 cells (5 other TF(s) have peaks here). Motif-based prediction.
chr4:153576351-153576370	RELB	CTCF	0.27	0	Motif match 64% of max PWM score (strand +, rank 1). No ENCODE ChIP-seq overlap for this TF in SK-N-SH cells (3 other TF(s) have peaks here). Motif-based prediction.
chr3:24704550-24704562	FOXL1	FOXA1	0.61	0	Motif match 85% of max PWM score (strand +, rank 1). No ENCODE ChIP-seq data for mdamb453 cells. Motif-based prediction.
chr2:189001230-189001242	FOXA2	FOXA1	0.64	0	Motif match 87% of max PWM score (strand -, rank 1). No ENCODE ChIP-seq data for mdamb453 cells. Motif-based prediction.
chr21:15826405-15826415	CEBPA	CEBPB	0.75	0	Motif match 85% of max PWM score (strand +, rank 1). ENCODE CEBPA ChIP-seq: 1 peak(s) overlap this locus in HepG2 cells.
chr4:17142643-17142653	NFIL3	CEBPB	0.34	0	Motif match 68% of max PWM score (strand +, rank 1). No ENCODE ChIP-seq data for THP-1 cells. Motif-based prediction.
chr22:30423057-30423067	FOSL2	JUNB	0.88	0	Motif match 93% of max PWM score (strand +, rank 6). ENCODE FOSL2 ChIP-seq: 1 peak(s) overlap this locus in A549 cells. BATF has higher motif score (100%) but no ENCODE evidence in A549.
chr2:62739147-62739157	CEBPG	CEBPB	0.76	0	Motif match 85% of max PWM score (strand +, rank 2). ENCODE CEBPG ChIP-seq: 1 peak(s) overlap this locus in HepG2 cells. ATF4 has higher motif score (89%) but no ENCODE evidence in HepG2.
chr7:120950483-120950497	E2F8	E2F4	0.82	0	Motif match 89% of max PWM score (strand +, rank 2). ENCODE E2F8 ChIP-seq: 1 peak(s) overlap this locus in MCF7 cells. YY2 has higher motif score (100%) but no ENCODE evidence in MCF7.
chr5:150560561-150560574	CEBPB	JUN	0.7	0	Motif match 82% of max PWM score (strand -, rank 4). ENCODE CEBPB ChIP-seq: 1 peak(s) overlap this locus in A549 cells. CEBPG has higher motif score (100%) but no ENCODE evidence in A549.
chr17:28129066-28129081	NKX6-2	SOX2	0.47	0	Motif match 77% of max PWM score (strand +, rank 1). No ENCODE ChIP-seq data for MRC-5 cells. Motif-based prediction.
chr11:122235815-122235825	HAND2	NEUROG2	0.85	0	Motif match 100% of max PWM score (strand -, rank 1). No ENCODE ChIP-seq data for MRC-5 cells. Motif-based prediction.
chr5:14664414-14664428	ETS1	GABPA	0.96	0	Motif match 98% of max PWM score (strand +, rank 4). ENCODE ETS1 ChIP-seq: 1 peak(s) overlap this locus in K562 cells. IKZF2 has higher motif score (100%) but no ENCODE evidence in K562.
chr14:49555683-49555700	MEIS3	PBX3	0.8	0	Motif match 100% of max PWM score (strand -, rank 1). No ENCODE ChIP-seq overlap for this TF in GM12878 cells (2 other TF(s) have peaks here). Motif-based prediction.
chr1:58547466-58547483	PGR	AR	0.77	0	Motif match 95% of max PWM score (strand +, rank 1). No ENCODE peak overlap at this locus in LNCaP cells. Motif-based prediction.
chr6:142162198-142162215	FOXP3	AR	0.56	0	Motif match 83% of max PWM score (strand -, rank 1). No ENCODE peak overlap at this locus in lncap cells. Motif-based prediction.
chr3:86584785-86584796	MNX1	DUX4	0.81	0	Motif match 98% of max PWM score (strand +, rank 1). No ENCODE ChIP-seq data for induced-pluripotent-stem-cells cells. Motif-based prediction.
chr21:42161978-42161998	IKZF2	SPI1	0.85	0	Motif match 100% of max PWM score (strand +, rank 1). No ENCODE ChIP-seq data for macrophages-ifng cells. Motif-based prediction.
chr9:18438624-18438643	CTCFL	CTCF	0.5	0	Motif match 82% of max PWM score (strand +, rank 1). No ENCODE ChIP-seq overlap for this TF in osteoblast cells (1 other TF(s) have peaks here). Motif-based prediction.
chr7:42763501-42763514	TFAP2E	TFAP2C	0.72	0	Motif match 92% of max PWM score (strand -, rank 1). No ENCODE ChIP-seq data for skbr3 cells. Motif-based prediction.
chr12:131250104-131250117	FOSL2	JUN	0.97	0	Motif match 98% of max PWM score (strand -, rank 7). ENCODE FOSL2 ChIP-seq: 2 peak(s) overlap this locus in A549 cells. BATF has higher motif score (100%) but no ENCODE evidence in A549.
chr4:88588585-88588602	PGR	ESR1	0.83	0	Motif match 99% of max PWM score (strand -, rank 1). No ENCODE peak overlap at this locus in mcf7 cells. Motif-based prediction.
chr4:78273266-78273286	IKZF2	SPI1	0.85	0	Motif match 100% of max PWM score (strand -, rank 1). No ENCODE ChIP-seq data for THP-1 cells. Motif-based prediction.
chr5:36908167-36908179	FOXD1	FOXA1	0.85	0	Motif match 100% of max PWM score (strand -, rank 1). No ENCODE peak overlap at this locus in lncap cells. Motif-based prediction.
chr9:72844242-72844261	ZNF317	CTCF	0.8	0	Motif match 100% of max PWM score (strand +, rank 1). No ENCODE ChIP-seq overlap for this TF in HEK293 cells (2 other TF(s) have peaks here). Motif-based prediction.
chr14:65338937-65338950	GATA5	GATA6	0.81	0	Motif match 98% of max PWM score (strand -, rank 1). No ENCODE ChIP-seq data for definitive-endoderm-from-HUES8 cells. Motif-based prediction.
chr1:116233243-116233253	GABPA	FLI1	0.85	0	Motif match 100% of max PWM score (strand -, rank 1). No ENCODE ChIP-seq data for A-673-clone-Asp114 cells. Motif-based prediction.
chr15:30799694-30799713	ZEB1	CTCF	0.8	0	Motif match 100% of max PWM score (strand -, rank 1). No ENCODE ChIP-seq overlap for this TF in A549 cells (1 other TF(s) have peaks here). Motif-based prediction.
chr8:70001100-70001110	BATF	FOSL2	0.85	0	Motif match 100% of max PWM score (strand +, rank 1). No ENCODE ChIP-seq data for LPS141 cells. Motif-based prediction.
chr3:64633577-64633594	HIC2	NR3C1	0.25	0	Motif match 51% of max PWM score (strand -, rank 1). No ENCODE ChIP-seq data for u2os-shhic5 cells. Motif-based prediction.
chrX:104419449-104419462	BATF	JUNB	0.85	0	Motif match 100% of max PWM score (strand -, rank 1). No ENCODE ChIP-seq data for MCF10A-ER-Src cells. Motif-based prediction.
chr1:42961441-42961452	SOX13	SOX13	1.0	1	Motif match 100% of max PWM score (strand -, rank 2). ENCODE SOX13 ChIP-seq: 2 peak(s) overlap this locus in HepG2 cells. SOX9 has higher motif score (100%) but no ENCODE evidence in HepG2.
chrX:16978471-16978488	OSR2	AR	0.4	0	Motif match 73% of max PWM score (strand -, rank 1). No ENCODE peak overlap at this locus in LNCaP cells. Motif-based prediction.
chr8:98132664-98132672	MEIS3	MEIS2	0.2	0	Motif match 50% of max PWM score (strand -, rank 1). No ENCODE ChIP-seq overlap for this TF in K562 cells (21 other TF(s) have peaks here). Motif-based prediction.
chr16:1421141-1421154	TFAP2E	TFAP2A	0.32	0	Motif match 64% of max PWM score (strand -, rank 1). No ENCODE ChIP-seq data for H9-derived-neural-crest-cells cells. Motif-based prediction.
chr10:25547451-25547462	SOX15	SOX2	0.73	0	Motif match 93% of max PWM score (strand +, rank 1). No ENCODE ChIP-seq data for gsc cells. Motif-based prediction.
chr16:14670047-14670066	TCF12	CTCF	0.31	0	Motif match 62% of max PWM score (strand -, rank 1). No ENCODE ChIP-seq data for MOLM-13-acute-monocytic-leukemia-AML cells. Motif-based prediction.
chr4:168305165-168305176	GATA3	GATA2	0.28	0	Motif match 57% of max PWM score (strand +, rank 1). No ENCODE ChIP-seq data for HUVEC-C cells. Motif-based prediction.
chr6:16236790-16236810	STAT2	SPI1	0.66	0	Motif match 89% of max PWM score (strand +, rank 1). No ENCODE ChIP-seq data for macrophages-il4 cells. Motif-based prediction.
chr3:138187230-138187245	KLF15	SP1	0.8	0	Motif match 100% of max PWM score (strand +, rank 1). No ENCODE ChIP-seq overlap for this TF in HCT-116 cells (1 other TF(s) have peaks here). Motif-based prediction.
chr8:64918939-64918958	RHOXF1	CTCF	0.66	0	Motif match 89% of max PWM score (strand +, rank 1). No ENCODE ChIP-seq data for HeLa cells. Motif-based prediction.
chr21:34807725-34807743	TBX2	TP53	0.23	0	Motif match 55% of max PWM score (strand +, rank 1). No ENCODE ChIP-seq overlap for this TF in IMR90 cells (3 other TF(s) have peaks here). Motif-based prediction.
chr5:111550759-111550769	PGR	ERG	0.74	0	Motif match 96% of max PWM score (strand -, rank 1). No ENCODE ChIP-seq overlap for this TF in rwpe1 cells (1 other TF(s) have peaks here). Motif-based prediction.
chr3:127544362-127544375	ZNF770	TFAP2A	0.85	0	Motif match 100% of max PWM score (strand -, rank 1). No ENCODE ChIP-seq data for H9-derived-neural-crest-cells cells. Motif-based prediction.
chr20:35699383-35699394	TCFL5	MYC	0.17	0	Motif match 44% of max PWM score (strand -, rank 1). No ENCODE ChIP-seq overlap for this TF in Raji cells (1 other TF(s) have peaks here). Motif-based prediction.
chrX:153901038-153901049	ZNF341	RUNX1	0.32	0	Motif match 64% of max PWM score (strand +, rank 1). No ENCODE ChIP-seq data for tsu1621mt cells. Motif-based prediction.
chr2:187711315-187711330	JUND	MAFK	1.0	0	Motif match 100% of max PWM score (strand -, rank 7). ENCODE JUND ChIP-seq: 1 peak(s) overlap this locus in HepG2 cells. FOS has higher motif score (100%) but no ENCODE evidence in HepG2.
chr5:40308097-40308105	GATA2	GATA3	0.85	0	Motif match 100% of max PWM score (strand +, rank 1). No ENCODE ChIP-seq data for Th2-cells cells. Motif-based prediction.
chr11:448069-448080	MAX	MYC	1.0	0	Motif match 100% of max PWM score (strand +, rank 1). ENCODE MAX ChIP-seq: 2 peak(s) overlap this locus in K562 cells.
chr4:37139044-37139059	EBF3	EBF1	0.3	0	Motif match 70% of max PWM score (strand +, rank 1). No ENCODE ChIP-seq overlap for this TF in GM12878 cells (14 other TF(s) have peaks here). Motif-based prediction.
chr1:27332951-27332970	CTCFL	CTCF	0.85	0	Motif match 100% of max PWM score (strand +, rank 1). No ENCODE ChIP-seq data for normal-lung-fibroblasts cells. Motif-based prediction.
chr1:30715400-30715419	ELF3	CTCF	0.34	0	Motif match 68% of max PWM score (strand +, rank 1). No ENCODE ChIP-seq data for gm19239 cells. Motif-based prediction.
chr6:110595315-110595325	RHOXF1	RELA	0.51	0	Motif match 80% of max PWM score (strand -, rank 1). No ENCODE ChIP-seq data for monocyte-derived-macrophages cells. Motif-based prediction.
chr14:89418125-89418144	ZNF354C	CTCF	0.46	0	Motif match 79% of max PWM score (strand -, rank 1). No ENCODE ChIP-seq overlap for this TF in PANC1 cells (1 other TF(s) have peaks here). Motif-based prediction.
chr7:39353979-39353990	NFATC3	STAT3	0.33	0	Motif match 66% of max PWM score (strand +, rank 1). No ENCODE ChIP-seq data for MDA-MB-157 cells. Motif-based prediction.
chr12:9237452-9237465	BATF	JUN	0.85	0	Motif match 100% of max PWM score (strand -, rank 1). No ENCODE peak overlap at this locus in HeLa-S3 cells. Motif-based prediction.
chr2:54986608-54986619	GATA5	GATA1	0.82	0	Motif match 98% of max PWM score (strand +, rank 1). No ENCODE peak overlap at this locus in k562 cells. Motif-based prediction.
chr3:5426565-5426576	ARNT	MYC	0.69	0	Motif match 82% of max PWM score (strand +, rank 2). ENCODE ARNT ChIP-seq: 1 peak(s) overlap this locus in HEK293T cells. TCFL5 has higher motif score (100%) but no ENCODE evidence in HEK293T.
chr8:122689807-122689818	FOSL2	FOSL2	0.63	1	Motif match 78% of max PWM score (strand +, rank 6). ENCODE FOSL2 ChIP-seq: 1 peak(s) overlap this locus in A549 cells. FOSB has higher motif score (79%) but no ENCODE evidence in A549.
chr3:50542614-50542633	CTCF	CTCF	0.93	1	Motif match 93% of max PWM score (strand -, rank 3). ENCODE CTCF ChIP-seq: 4 peak(s) overlap this locus in K562 cells. ZEB1 has higher motif score (100%) but no ENCODE evidence in K562.
chr5:43125237-43125251	ZNF354C	JUN	0.54	0	Motif match 82% of max PWM score (strand -, rank 1). No ENCODE ChIP-seq data for definitive-endoderm-from-HUES8 cells. Motif-based prediction.
chr10:22649593-22649603	IKZF2	FLI1	0.85	0	Motif match 100% of max PWM score (strand +, rank 1). No ENCODE ChIP-seq data for Kasumi-1 cells. Motif-based prediction.
chr4:112277984-112277992	GATA3	GATA3	0.57	1	Motif match 83% of max PWM score (strand +, rank 1). No ENCODE ChIP-seq data for MDA-MB-231 cells. Motif-based prediction.
chr19:5634865-5634877	BATF	JUNB	0.85	0	Motif match 100% of max PWM score (strand +, rank 1). No ENCODE ChIP-seq data for MCF10A-ER-Src cells. Motif-based prediction.
chr11:115452352-115452367	ISL2	RXRA	0.46	0	Motif match 80% of max PWM score (strand +, rank 1). No ENCODE ChIP-seq overlap for this TF in liver cells (3 other TF(s) have peaks here). Motif-based prediction.
chr3:58187880-58187899	ZNF354C	CTCF	0.51	0	Motif match 79% of max PWM score (strand -, rank 1). No ENCODE ChIP-seq data for HeLa-Kyoto cells. Motif-based prediction.
chr3:2992783-2992797	CEBPD	CEBPA	0.38	0	Motif match 75% of max PWM score (strand -, rank 1). No ENCODE ChIP-seq overlap for this TF in liver cells (7 other TF(s) have peaks here). Motif-based prediction.
chr8:60820020-60820032	PITX1	OTX2	0.85	0	Motif match 100% of max PWM score (strand +, rank 1). No ENCODE ChIP-seq data for D283-Med cells. Motif-based prediction.
chr6:4256933-4256945	ZNF341	FOXA1	0.48	0	Motif match 78% of max PWM score (strand +, rank 1). No ENCODE ChIP-seq data for MCF7-TamR cells. Motif-based prediction.
chr10:100334251-100334264	BATF	JUNB	0.85	0	Motif match 100% of max PWM score (strand -, rank 1). No ENCODE peak overlap at this locus in A549 cells. Motif-based prediction.
chr10:30398907-30398926	NFYB	CTCF	0.28	0	Motif match 56% of max PWM score (strand +, rank 1). No ENCODE peak overlap at this locus in GM12891 cells. Motif-based prediction.
chr5:91314461-91314478	GSC2	NR3C1	0.23	0	Motif match 57% of max PWM score (strand -, rank 1). No ENCODE ChIP-seq overlap for this TF in A549 cells (17 other TF(s) have peaks here). Motif-based prediction.
chr7:135917851-135917862	MXI1	RUNX1	0.8	0	Motif match 100% of max PWM score (strand -, rank 1). No ENCODE ChIP-seq overlap for this TF in HL-60 cells (2 other TF(s) have peaks here). Motif-based prediction.
chr3:23999113-23999132	TCF12	CTCF	0.43	0	Motif match 75% of max PWM score (strand -, rank 1). No ENCODE ChIP-seq data for COLO-829 cells. Motif-based prediction.
chr1:110781003-110781015	MXI1	MYC	0.22	0	Motif match 54% of max PWM score (strand +, rank 1). No ENCODE ChIP-seq overlap for this TF in K562 cells (29 other TF(s) have peaks here). Motif-based prediction.
chr11:134911718-134911730	FOXA2	FOXA1	0.41	0	Motif match 74% of max PWM score (strand +, rank 1). No ENCODE peak overlap at this locus in LNCaP cells. Motif-based prediction.
chr2:2097743-2097759	POU6F1	MAFF	0.27	0	Motif match 64% of max PWM score (strand +, rank 1). No ENCODE ChIP-seq overlap for this TF in HepG2 cells (4 other TF(s) have peaks here). Motif-based prediction.
chr4:90992229-90992240	BARHL2	POU5F1	0.73	0	Motif match 93% of max PWM score (strand -, rank 1). No ENCODE ChIP-seq data for esc-primed cells. Motif-based prediction.
chr2:31524052-31524071	HIC2	CTCF	0.3	0	Motif match 59% of max PWM score (strand -, rank 1). No ENCODE ChIP-seq data for stomach cells. Motif-based prediction.
chr10:106950271-106950288	MEIS3	AR	0.46	0	Motif match 77% of max PWM score (strand +, rank 1). No ENCODE ChIP-seq data for mdamb453-r1881-sictr cells. Motif-based prediction.
chr3:142845350-142845360	ATF4	CEBPG	0.8	0	Motif match 88% of max PWM score (strand -, rank 2). ENCODE ATF4 ChIP-seq: 1 peak(s) overlap this locus in K562 cells.
chr1:155050482-155050493	SOX10	SOX2	0.85	0	Motif match 100% of max PWM score (strand -, rank 1). No ENCODE ChIP-seq data for tt cells. Motif-based prediction.
chr18:59196587-59196604	HIC2	ESR1	0.82	0	Motif match 98% of max PWM score (strand -, rank 1). No ENCODE peak overlap at this locus in T47D cells. Motif-based prediction.
chr10:121608796-121608815	VEZF1	CTCF	0.44	0	Motif match 78% of max PWM score (strand +, rank 1). No ENCODE ChIP-seq overlap for this TF in A549 cells (3 other TF(s) have peaks here). Motif-based prediction.
chr4:122288146-122288162	EMX1	PHOX2B	0.85	0	Motif match 100% of max PWM score (strand +, rank 1). No ENCODE peak overlap at this locus in BE2C cells. Motif-based prediction.
chr1:156970214-156970233	NR2C1	CTCF	0.84	0	Motif match 100% of max PWM score (strand -, rank 1). No ENCODE ChIP-seq data for gm18526 cells. Motif-based prediction.
chr12:46343305-46343317	FOXD1	FOXA1	0.85	0	Motif match 100% of max PWM score (strand -, rank 1). No ENCODE peak overlap at this locus in Ishikawa cells. Motif-based prediction.
chr12:49894597-49894609	FOXD1	FOXA1	0.85	0	Motif match 100% of max PWM score (strand -, rank 1). No ENCODE ChIP-seq data for MCF7-TamR cells. Motif-based prediction.
chr3:41962330-41962347	HIC2	NR3C1	0.85	0	Motif match 100% of max PWM score (strand -, rank 1). No ENCODE ChIP-seq data for HASM2 cells. Motif-based prediction.
chr8:35123684-35123703	ZNF354C	CTCF	0.32	0	Motif match 64% of max PWM score (strand +, rank 1). No ENCODE ChIP-seq data for normal-epidermal-keratinocytes cells. Motif-based prediction.
chr8:119437634-119437653	ZNF354C	CTCF	0.35	0	Motif match 70% of max PWM score (strand -, rank 1). No ENCODE ChIP-seq data for SYO-1-Biphasic-synovial-sarcoma- cells. Motif-based prediction.
chr8:130646216-130646234	ARNT	TP63	0.54	0	Motif match 82% of max PWM score (strand -, rank 1). No ENCODE peak overlap at this locus in keratinocytes cells. Motif-based prediction.
chr21:15878467-15878478	GATA2	GATA2	0.48	1	Motif match 78% of max PWM score (strand -, rank 1). No ENCODE peak overlap at this locus in K562 cells. Motif-based prediction.
chr1:151975459-151975472	GATA5	GATA6	0.65	0	Motif match 88% of max PWM score (strand +, rank 1). No ENCODE ChIP-seq data for caco2-prolif cells. Motif-based prediction.
chr3:58011483-58011495	GRHL2	GRHL2	0.8	1	Motif match 100% of max PWM score (strand +, rank 1). No ENCODE ChIP-seq overlap for this TF in MCF7 cells (2 other TF(s) have peaks here). Motif-based prediction.
chr12:96199106-96199116	FOSL2	JUNB	1.0	0	Motif match 100% of max PWM score (strand +, rank 5). ENCODE FOSL2 ChIP-seq: 1 peak(s) overlap this locus in A549 cells. FOS has higher motif score (100%) but no ENCODE evidence in A549.
chr10:24552586-24552605	MAZ	CTCF	0.66	0	Motif match 89% of max PWM score (strand +, rank 1). No ENCODE peak overlap at this locus in T47D cells. Motif-based prediction.
chr8:48891637-48891647	BATF	FOSL2	0.85	0	Motif match 100% of max PWM score (strand -, rank 1). No ENCODE peak overlap at this locus in A549 cells. Motif-based prediction.
chr5:144487392-144487411	VEZF1	CTCF	0.44	0	Motif match 78% of max PWM score (strand -, rank 1). No ENCODE ChIP-seq overlap for this TF in mammary-epithelial-cells cells (1 other TF(s) have peaks here). Motif-based prediction.
chr14:31871030-31871041	FOXD1	FOXA2	0.85	0	Motif match 100% of max PWM score (strand +, rank 1). No ENCODE peak overlap at this locus in BJ cells. Motif-based prediction.
chr7:40711871-40711889	MEIS3	TP53	0.6	0	Motif match 85% of max PWM score (strand +, rank 1). No ENCODE peak overlap at this locus in keratinocyte-cisp cells. Motif-based prediction.
chr1:235093508-235093521	HIC2	TFAP2C	0.3	0	Motif match 60% of max PWM score (strand -, rank 1). No ENCODE ChIP-seq data for a375-dmso cells. Motif-based prediction.
chr16:9861925-9861937	OTX2	OTX2	0.85	1	Motif match 100% of max PWM score (strand +, rank 1). No ENCODE ChIP-seq data for D283-Med cells. Motif-based prediction.
chr2:96266555-96266574	SP5	CTCF	0.85	0	Motif match 100% of max PWM score (strand -, rank 1). No ENCODE ChIP-seq data for H1-hESC cells. Motif-based prediction.
chr20:53906414-53906426	GSC2	OTX2	0.5	0	Motif match 79% of max PWM score (strand +, rank 1). No ENCODE ChIP-seq data for D283-Med cells. Motif-based prediction.
chr1:11267865-11267879	ETS1	GABPA	0.96	0	Motif match 98% of max PWM score (strand -, rank 1). ENCODE ETS1 ChIP-seq: 1 peak(s) overlap this locus in HepG2 cells.
chr10:113386225-113386236	BATF	JUN	0.85	0	Motif match 100% of max PWM score (strand -, rank 1). No ENCODE ChIP-seq data for HAEC cells. Motif-based prediction.
chr4:88178478-88178490	TEAD2	TEAD4	0.85	0	Motif match 100% of max PWM score (strand +, rank 1). No ENCODE ChIP-seq data for snu216 cells. Motif-based prediction.
chr11:102317329-102317340	ZNF354C	RUNX1	0.54	0	Motif match 82% of max PWM score (strand -, rank 1). No ENCODE ChIP-seq data for cd34-fetal cells. Motif-based prediction.
chr7:7641068-7641083	NR2C1	NR2F6	0.99	0	Motif match 100% of max PWM score (strand +, rank 1). ENCODE NR2C1 ChIP-seq: 2 peak(s) overlap this locus in K562 cells.
chr17:51037381-51037395	FEZF2	WT1	0.6	0	Motif match 85% of max PWM score (strand -, rank 1). No ENCODE peak overlap at this locus in K562 cells. Motif-based prediction.
chr5:102224006-102224025	ZNF354C	CTCF	0.51	0	Motif match 79% of max PWM score (strand +, rank 1). No ENCODE ChIP-seq data for erythroid-progenitors cells. Motif-based prediction.
chr12:61757077-61757091	ATF4	ATF4	0.8	1	Motif match 88% of max PWM score (strand -, rank 3). ENCODE ATF4 ChIP-seq: 1 peak(s) overlap this locus in K562 cells.
chr16:46831262-46831274	TCFL5	E2F1	0.61	0	Motif match 85% of max PWM score (strand +, rank 1). No ENCODE ChIP-seq data for hmec cells. Motif-based prediction.
chr1:75791226-75791237	FOS	FOSL2	1.0	0	Motif match 100% of max PWM score (strand +, rank 3). ENCODE FOS ChIP-seq: 1 peak(s) overlap this locus in MCF-7 cells.
chr9:117485333-117485344	BATF	FOS	0.85	0	Motif match 100% of max PWM score (strand +, rank 1). No ENCODE ChIP-seq data for MCF10A-ER-Src cells. Motif-based prediction.
chr1:167820057-167820067	BATF3	JUNB	0.46	0	Motif match 77% of max PWM score (strand +, rank 1). No ENCODE ChIP-seq data for MCF10A-ER-Src cells. Motif-based prediction.
chr6:33337346-33337358	FOXL1	FOXA1	0.56	0	Motif match 82% of max PWM score (strand +, rank 1). No ENCODE ChIP-seq data for MCF7-WS8-cells cells. Motif-based prediction.
chr8:96164506-96164525	VEZF1	CTCF	0.85	0	Motif match 100% of max PWM score (strand +, rank 1). No ENCODE ChIP-seq data for MDM-monocyte-derived-macrophages- cells. Motif-based prediction.
chr20:62652123-62652136	TFAP2C	JUND	0.33	0	Motif match 67% of max PWM score (strand -, rank 1). No ENCODE ChIP-seq data for H1-hESC cells. Motif-based prediction.
chr17:8300819-8300838	ZNF354C	CTCF	0.76	0	Motif match 98% of max PWM score (strand +, rank 1). No ENCODE ChIP-seq overlap for this TF in MCF7 cells (5 other TF(s) have peaks here). Motif-based prediction.
chr6:110492804-110492814	FOSL1	CEBPB	0.7	0	Motif match 91% of max PWM score (strand -, rank 1). No ENCODE ChIP-seq data for HEE cells. Motif-based prediction.
chr1:151934178-151934197	ZNF770	CTCF	0.28	0	Motif match 66% of max PWM score (strand +, rank 1). No ENCODE ChIP-seq overlap for this TF in LNCaP cells (1 other TF(s) have peaks here). Motif-based prediction.
chr21:42199538-42199553	ZNF416	RXRA	0.21	0	Motif match 52% of max PWM score (strand -, rank 1). No ENCODE ChIP-seq overlap for this TF in liver cells (10 other TF(s) have peaks here). Motif-based prediction.
chr5:2686874-2686893	BHLHE22	CTCF	0.85	0	Motif match 100% of max PWM score (strand +, rank 1). No ENCODE ChIP-seq data for HUES64 cells. Motif-based prediction.
chr17:34189023-34189037	ZNF770	WT1	0.33	0	Motif match 66% of max PWM score (strand +, rank 1). No ENCODE peak overlap at this locus in K562 cells. Motif-based prediction.
chr15:23831791-23831806	MAFK	MAFK	1.0	1	Motif match 100% of max PWM score (strand -, rank 6). ENCODE MAFK ChIP-seq: 2 peak(s) overlap this locus in HepG2 cells. BATF has higher motif score (100%) but no ENCODE evidence in HepG2.
chr4:163966796-163966808	FOXD1	FOXA1	0.85	0	Motif match 100% of max PWM score (strand -, rank 1). No ENCODE ChIP-seq data for mcf7-e2 cells. Motif-based prediction.
chr20:15051807-15051817	FOSL1	CEBPB	0.61	0	Motif match 85% of max PWM score (strand +, rank 1). No ENCODE ChIP-seq data for HEE cells. Motif-based prediction.
chr8:126939811-126939821	BATF	FOSL2	0.85	0	Motif match 100% of max PWM score (strand +, rank 1). No ENCODE ChIP-seq data for LPS141 cells. Motif-based prediction.
chr14:102868434-102868446	MEIS3	FOXA1	0.8	0	Motif match 100% of max PWM score (strand +, rank 1). No ENCODE ChIP-seq overlap for this TF in MCF7 cells (3 other TF(s) have peaks here). Motif-based prediction.
chr1:226711382-226711401	KLF6	CTCF	0.24	0	Motif match 58% of max PWM score (strand -, rank 1). No ENCODE ChIP-seq overlap for this TF in MCF7 cells (11 other TF(s) have peaks here). Motif-based prediction.
chr17:29116067-29116086	THAP1	CTCF	0.63	0	Motif match 87% of max PWM score (strand +, rank 1). No ENCODE ChIP-seq data for thyroid-gland cells. Motif-based prediction.
chr4:144955296-144955315	ZNF354C	CTCF	0.81	0	Motif match 98% of max PWM score (strand +, rank 1). No ENCODE ChIP-seq data for IPSC-derived-bipolar-neuron cells. Motif-based prediction.
chr4:115340403-115340415	FOXP3	FOXA1	0.31	0	Motif match 62% of max PWM score (strand -, rank 1). No ENCODE ChIP-seq data for primary-breast-cancer cells. Motif-based prediction.
chr15:39172182-39172196	BATF	RXRA	0.8	0	Motif match 100% of max PWM score (strand +, rank 1). No ENCODE ChIP-seq overlap for this TF in SK-N-SH cells (9 other TF(s) have peaks here). Motif-based prediction.
chr3:113019743-113019758	KLF4	SP1	0.8	0	Motif match 100% of max PWM score (strand -, rank 1). No ENCODE ChIP-seq overlap for this TF in HCT-116 cells (2 other TF(s) have peaks here). Motif-based prediction.
chr5:176574203-176574222	CTCF	CTCF	0.69	1	Motif match 79% of max PWM score (strand +, rank 3). ENCODE CTCF ChIP-seq: 3 peak(s) overlap this locus in A549 cells. CTCFL has higher motif score (100%) but no ENCODE evidence in A549.
chr17:11944147-11944157	BNC2	JUN	0.35	0	Motif match 70% of max PWM score (strand +, rank 1). No ENCODE ChIP-seq data for MCF10A-ER-Src cells. Motif-based prediction.
chr7:98168834-98168847	VEZF1	NFKB2	0.3	0	Motif match 70% of max PWM score (strand -, rank 1). No ENCODE ChIP-seq overlap for this TF in GM12878 cells (11 other TF(s) have peaks here). Motif-based prediction.
chr3:155271264-155271276	FOXA2	FOXA1	0.3	0	Motif match 61% of max PWM score (strand -, rank 1). No ENCODE ChIP-seq data for mcf7-dex cells. Motif-based prediction.
chr3:100125722-100125739	HIC2	ESR1	0.85	0	Motif match 100% of max PWM score (strand -, rank 1). No ENCODE peak overlap at this locus in MCF7 cells. Motif-based prediction.
chr1:34799224-34799241	KLF6	NR3C1	0.22	0	Motif match 55% of max PWM score (strand +, rank 1). No ENCODE ChIP-seq overlap for this TF in A549 cells (1 other TF(s) have peaks here). Motif-based prediction.
chr7:33418540-33418551	SOX10	SOX2	0.85	0	Motif match 100% of max PWM score (strand +, rank 1). No ENCODE ChIP-seq data for hnsc cells. Motif-based prediction.
chr20:42019149-42019168	ZNF549	CTCF	0.85	0	Motif match 100% of max PWM score (strand +, rank 1). No ENCODE ChIP-seq data for THP-1 cells. Motif-based prediction.
chr2:77977882-77977901	HIC2	CTCF	0.61	0	Motif match 86% of max PWM score (strand +, rank 1). No ENCODE ChIP-seq data for MCF7L-TamR-immortalized-breast-epithelial cells. Motif-based prediction.
chr1:207476681-207476698	PGR	AR	0.73	0	Motif match 93% of max PWM score (strand -, rank 1). No ENCODE peak overlap at this locus in LNCaP cells. Motif-based prediction.
chr12:63997416-63997427	NKX3-1	JUN	0.58	0	Motif match 84% of max PWM score (strand -, rank 1). No ENCODE ChIP-seq data for MCF10A-ER-Src cells. Motif-based prediction.
chr4:35575860-35575877	NFATC3	AR	0.54	0	Motif match 81% of max PWM score (strand -, rank 1). No ENCODE ChIP-seq data for lhsar-lacz cells. Motif-based prediction.
chr11:108593724-108593738	HOXA4	ATF7	0.8	0	Motif match 100% of max PWM score (strand -, rank 1). No ENCODE ChIP-seq overlap for this TF in GM12878 cells (25 other TF(s) have peaks here). Motif-based prediction.
chr2:191166311-191166323	FOXD1	FOXA1	0.85	0	Motif match 100% of max PWM score (strand +, rank 1). No ENCODE ChIP-seq data for lncap-phfrpmifcs cells. Motif-based prediction.
chr15:96657231-96657250	ZNF263	CTCF	0.85	0	Motif match 100% of max PWM score (strand +, rank 1). No ENCODE ChIP-seq data for THP-1 cells. Motif-based prediction.
chr2:73686353-73686370	NR2C2	ESR1	0.8	0	Motif match 100% of max PWM score (strand +, rank 1). No ENCODE ChIP-seq overlap for this TF in MCF7 cells (1 other TF(s) have peaks here). Motif-based prediction.
chr7:122430914-122430926	BATF	FOS	0.85	0	Motif match 100% of max PWM score (strand -, rank 1). No ENCODE ChIP-seq data for HUVEC-C cells. Motif-based prediction.
chr6:100209631-100209638	SATB1	MEIS1	0.08	0	Motif match 16% of max PWM score (strand +, rank 1). No ENCODE ChIP-seq data for meis1 cells. Motif-based prediction.
chr17:570566-570583	NR2C2	ESR1	0.8	0	Motif match 100% of max PWM score (strand +, rank 1). No ENCODE ChIP-seq overlap for this TF in MCF7 cells (1 other TF(s) have peaks here). Motif-based prediction.
chrX:107497078-107497090	NKX2-5	FOXA1	0.3	0	Motif match 60% of max PWM score (strand +, rank 1). No ENCODE ChIP-seq data for MCF7-WS8-cells cells. Motif-based prediction.
chr4:36243656-36243668	FOXD1	FOXA1	0.85	0	Motif match 100% of max PWM score (strand +, rank 1). No ENCODE ChIP-seq data for MCF7-WS8-cells cells. Motif-based prediction.
chr11:86706185-86706202	NR2C2	ESR1	0.8	0	Motif match 100% of max PWM score (strand -, rank 1). No ENCODE ChIP-seq overlap for this TF in MCF7 cells (2 other TF(s) have peaks here). Motif-based prediction.
chr6:135586643-135586657	HOXA10	HOXB13	0.53	0	Motif match 81% of max PWM score (strand -, rank 1). No ENCODE peak overlap at this locus in LNCaP cells. Motif-based prediction.
chr3:196210574-196210589	NKX2-5	PKNOX1	0.8	0	Motif match 100% of max PWM score (strand -, rank 1). No ENCODE ChIP-seq overlap for this TF in K562 cells (5 other TF(s) have peaks here). Motif-based prediction.
chr15:51162995-51163007	EBF1	TFAP2C	0.18	0	Motif match 46% of max PWM score (strand -, rank 1). No ENCODE ChIP-seq overlap for this TF in mcf7 cells (17 other TF(s) have peaks here). Motif-based prediction.
chrX:7297901-7297921	SP5	SPI1	0.85	0	Motif match 100% of max PWM score (strand +, rank 1). No ENCODE ChIP-seq data for monocyte-derived-macrophages cells. Motif-based prediction.
chr9:4315843-4315851	MXI1	HIF1A	0.17	0	Motif match 34% of max PWM score (strand +, rank 1). No ENCODE ChIP-seq data for PC3-bone-mets-prostate-adenocarcinoma- cells. Motif-based prediction.
chr17:18191473-18191490	NR2C1	ESR1	0.84	0	Motif match 100% of max PWM score (strand +, rank 1). No ENCODE peak overlap at this locus in mcf7 cells. Motif-based prediction.
chr20:5535389-5535405	FOXP3	MAFF	0.5	0	Motif match 82% of max PWM score (strand +, rank 1). No ENCODE ChIP-seq overlap for this TF in K562 cells (23 other TF(s) have peaks here). Motif-based prediction.
chr20:35947602-35947621	ZNF317	CTCF	0.32	0	Motif match 71% of max PWM score (strand -, rank 1). No ENCODE ChIP-seq overlap for this TF in A549 cells (3 other TF(s) have peaks here). Motif-based prediction.
chr2:182368647-182368657	NFIL3	CEBPB	0.8	0	Motif match 100% of max PWM score (strand +, rank 1). No ENCODE ChIP-seq overlap for this TF in A549 cells (4 other TF(s) have peaks here). Motif-based prediction.
chr12:59404381-59404391	CEBPA	CEBPB	0.53	0	Motif match 81% of max PWM score (strand +, rank 1). No ENCODE peak overlap at this locus in HepG2 cells. Motif-based prediction.
chr2:65432386-65432405	VEZF1	CTCF	0.85	0	Motif match 100% of max PWM score (strand -, rank 1). No ENCODE ChIP-seq data for MCF7L-P-immortalized-breast-epithelial-cell-line- cells. Motif-based prediction.
chr1:36374781-36374791	FOSL2	JUNB	0.88	0	Motif match 93% of max PWM score (strand -, rank 6). ENCODE FOSL2 ChIP-seq: 1 peak(s) overlap this locus in A549 cells. BATF has higher motif score (100%) but no ENCODE evidence in A549.
chr12:69927578-69927588	CEBPD	CEBPB	0.43	0	Motif match 75% of max PWM score (strand +, rank 1). No ENCODE ChIP-seq data for monocyte-derived-macrophages cells. Motif-based prediction.
chr4:150306200-150306213	MEIS2	JUN	0.85	0	Motif match 100% of max PWM score (strand +, rank 1). No ENCODE ChIP-seq data for HAEC cells. Motif-based prediction.
chr3:149662751-149662761	RBPJ	CEBPB	0.85	0	Motif match 100% of max PWM score (strand -, rank 1). No ENCODE ChIP-seq data for THP-1 cells. Motif-based prediction.
chr1:35545208-35545227	VEZF1	CTCF	0.85	0	Motif match 100% of max PWM score (strand -, rank 1). No ENCODE ChIP-seq data for HeLa-Kyoto cells. Motif-based prediction.
chr3:192238451-192238470	CTCF	CTCF	0.61	1	Motif match 73% of max PWM score (strand +, rank 5). ENCODE CTCF ChIP-seq: 5 peak(s) overlap this locus in MCF-7 cells. HIC2 has higher motif score (86%) but no ENCODE evidence in MCF-7.
chr4:89700954-89700973	NFATC3	CTCF	0.32	0	Motif match 65% of max PWM score (strand -, rank 1). No ENCODE peak overlap at this locus in SK-N-SH cells. Motif-based prediction.
chr7:149195488-149195507	NEUROG2	CTCF	0.23	0	Motif match 46% of max PWM score (strand +, rank 1). No ENCODE ChIP-seq data for D54 cells. Motif-based prediction.
chr9:15109645-15109665	ZNF354C	SPI1	0.51	0	Motif match 79% of max PWM score (strand -, rank 1). No ENCODE peak overlap at this locus in k562 cells. Motif-based prediction.
chr4:121226486-121226504	POU5F1	TP53	0.35	0	Motif match 69% of max PWM score (strand -, rank 1). No ENCODE ChIP-seq data for lymphoblastoid-cells cells. Motif-based prediction.
chr10:95215028-95215039	FOXP3	FOXA2	0.55	0	Motif match 82% of max PWM score (strand +, rank 1). No ENCODE peak overlap at this locus in BJ cells. Motif-based prediction.
chr7:30974988-30975007	SP5	CTCF	0.85	0	Motif match 100% of max PWM score (strand +, rank 1). No ENCODE ChIP-seq data for lymphoblastoid-cells cells. Motif-based prediction.
chr16:15405072-15405089	PGR	AR	0.73	0	Motif match 93% of max PWM score (strand -, rank 1). No ENCODE peak overlap at this locus in LNCaP cells. Motif-based prediction.
chr1:119996883-119996903	ZKSCAN5	SPI1	0.81	0	Motif match 98% of max PWM score (strand -, rank 1). No ENCODE ChIP-seq data for MDM-monocyte-derived-macrophages- cells. Motif-based prediction.
chr5:135014499-135014513	HIC2	TFAP2C	0.39	0	Motif match 73% of max PWM score (strand -, rank 1). No ENCODE peak overlap at this locus in mcf7 cells. Motif-based prediction.
chr8:10807550-10807565	RBPJ	EBF1	0.85	0	Motif match 100% of max PWM score (strand -, rank 1). No ENCODE ChIP-seq data for mutul cells. Motif-based prediction.
chr3:169769813-169769826	NR2C2	NR2F1	0.44	0	Motif match 76% of max PWM score (strand -, rank 1). No ENCODE ChIP-seq data for cranial-neural-crest-cells cells. Motif-based prediction.
chr6:93176229-93176244	RORB	VDR	0.25	0	Motif match 51% of max PWM score (strand +, rank 1). No ENCODE ChIP-seq data for THP-1 cells. Motif-based prediction.
chr16:31074477-31074489	CTCFL	CTCFL	0.26	1	Motif match 52% of max PWM score (strand -, rank 1). No ENCODE ChIP-seq data for ovcar8 cells. Motif-based prediction.
chr20:50624769-50624779	BHLHE40	MLX	1.0	0	Motif match 100% of max PWM score (strand +, rank 1). ENCODE BHLHE40 ChIP-seq: 2 peak(s) overlap this locus in HepG2 cells.
chr15:98428805-98428816	FOS	JUN	0.39	0	Motif match 73% of max PWM score (strand -, rank 1). No ENCODE ChIP-seq data for HAEC cells. Motif-based prediction.
chr18:33439781-33439794	GATA5	GATA6	0.65	0	Motif match 88% of max PWM score (strand +, rank 1). No ENCODE ChIP-seq data for definitive-endoderm-from-HUES8 cells. Motif-based prediction.
chr6:164106667-164106686	ZNF354C	CTCF	0.51	0	Motif match 79% of max PWM score (strand -, rank 1). No ENCODE ChIP-seq data for THP-1 cells. Motif-based prediction.
chr12:131913182-131913201	ZEB1	CTCF	0.85	0	Motif match 100% of max PWM score (strand -, rank 1). No ENCODE ChIP-seq data for MCF7L-P-immortalized-breast-epithelial-cell-line- cells. Motif-based prediction.
chr10:48788747-48788759	FOXA1	FOXA1	0.62	1	Motif match 77% of max PWM score (strand +, rank 17). ENCODE FOXA1 ChIP-seq: 1 peak(s) overlap this locus in mcf7 cells. FOXD1 has higher motif score (100%) but no ENCODE evidence in mcf7.
chr16:66278236-66278253	NR2C1	ESR1	0.79	0	Motif match 100% of max PWM score (strand -, rank 1). No ENCODE ChIP-seq overlap for this TF in MCF7 cells (21 other TF(s) have peaks here). Motif-based prediction.
chr15:59802680-59802690	CEBPG	CEBPB	0.68	0	Motif match 90% of max PWM score (strand -, rank 1). No ENCODE ChIP-seq data for SU-DHL-1 cells. Motif-based prediction.
chr16:12271299-12271318	MXI1	CTCF	0.8	0	Motif match 100% of max PWM score (strand -, rank 1). No ENCODE ChIP-seq overlap for this TF in HeLa-S3 cells (1 other TF(s) have peaks here). Motif-based prediction.
chr6:140441473-140441492	NEUROG2	CTCF	0.85	0	Motif match 100% of max PWM score (strand -, rank 1). No ENCODE peak overlap at this locus in T47D cells. Motif-based prediction.
chr8:1433882-1433903	ZSCAN21	REST	0.47	0	Motif match 80% of max PWM score (strand -, rank 1). No ENCODE ChIP-seq overlap for this TF in Ishikawa cells (1 other TF(s) have peaks here). Motif-based prediction.
chr3:15421081-15421091	IKZF2	ERG	0.85	0	Motif match 100% of max PWM score (strand +, rank 1). No ENCODE ChIP-seq data for HUVEC-C cells. Motif-based prediction.
chr12:54725416-54725428	HIC2	YY1	0.25	0	Motif match 60% of max PWM score (strand -, rank 1). No ENCODE ChIP-seq overlap for this TF in GM12878 cells (1 other TF(s) have peaks here). Motif-based prediction.
chr8:19740253-19740266	BHLHE22	NEUROG2	0.85	0	Motif match 100% of max PWM score (strand +, rank 1). No ENCODE ChIP-seq data for MRC-5 cells. Motif-based prediction.
chr6:87710270-87710281	ZNF354C	RUNX1	0.54	0	Motif match 82% of max PWM score (strand -, rank 1). No ENCODE ChIP-seq data for Kasumi-1 cells. Motif-based prediction.
chr5:105903156-105903166	NFATC3	ERF	0.75	0	Motif match 94% of max PWM score (strand -, rank 1). No ENCODE peak overlap at this locus in VCaP cells. Motif-based prediction.
chr3:63883049-63883065	GRHL2	SCRT1	0.43	0	Motif match 75% of max PWM score (strand -, rank 1). No ENCODE peak overlap at this locus in HEK293 cells. Motif-based prediction.
chr8:133017358-133017370	BATF3	JUNB	0.41	0	Motif match 77% of max PWM score (strand -, rank 1). No ENCODE ChIP-seq overlap for this TF in A549 cells (3 other TF(s) have peaks here). Motif-based prediction.
chr14:103067409-103067421	FOSB	JUNB	0.57	0	Motif match 86% of max PWM score (strand +, rank 1). No ENCODE ChIP-seq overlap for this TF in A549 cells (3 other TF(s) have peaks here). Motif-based prediction.
chr4:138056318-138056332	MLX	USF2	0.85	0	Motif match 100% of max PWM score (strand +, rank 1). No ENCODE peak overlap at this locus in IMR90 cells. Motif-based prediction.
chr1:201917579-201917590	RBPJ	STAT3	0.85	0	Motif match 100% of max PWM score (strand +, rank 1). No ENCODE ChIP-seq data for MCF10A-ER-Src cells. Motif-based prediction.
chr11:73153044-73153060	ZKSCAN5	SPIB	0.56	0	Motif match 83% of max PWM score (strand -, rank 1). No ENCODE ChIP-seq data for ocily3-shctr cells. Motif-based prediction.
chr3:129489450-129489470	ZKSCAN5	SPI1	0.62	0	Motif match 86% of max PWM score (strand +, rank 1). No ENCODE ChIP-seq data for THP-1 cells. Motif-based prediction.
chr8:37736604-37736622	ARNT	TP53	0.54	0	Motif match 82% of max PWM score (strand +, rank 1). No ENCODE ChIP-seq data for PHA-simulated-human-T-lynphocytes cells. Motif-based prediction.
chr2:70136088-70136100	MSANTD3	JUN	0.26	0	Motif match 62% of max PWM score (strand -, rank 1). No ENCODE ChIP-seq overlap for this TF in A549 cells (11 other TF(s) have peaks here). Motif-based prediction.
chr9:33836346-33836359	CEBPB	CREB1	0.54	0	Motif match 73% of max PWM score (strand -, rank 4). ENCODE CEBPB ChIP-seq: 1 peak(s) overlap this locus in GM12878 cells. ATF4 has higher motif score (88%) but no ENCODE evidence in GM12878.
chr22:50473385-50473404	ZNF354C	CTCF	0.45	0	Motif match 76% of max PWM score (strand -, rank 1). No ENCODE peak overlap at this locus in GM12869 cells. Motif-based prediction.
chr4:140090343-140090356	GATA5	GATA6	0.82	0	Motif match 98% of max PWM score (strand -, rank 1). No ENCODE ChIP-seq data for HUES64 cells. Motif-based prediction.
chr19:32692059-32692078	TFAP2E	CTCF	0.41	0	Motif match 74% of max PWM score (strand +, rank 1). No ENCODE peak overlap at this locus in T47D cells. Motif-based prediction.
chr17:30344956-30344969	HNF4A	HNF4G	0.31	0	Motif match 70% of max PWM score (strand +, rank 1). No ENCODE ChIP-seq overlap for this TF in HepG2 cells (129 other TF(s) have peaks here). Motif-based prediction.
chr5:68901889-68901903	ZBTB6	TFAP2C	0.65	0	Motif match 88% of max PWM score (strand +, rank 1). No ENCODE peak overlap at this locus in mcf7 cells. Motif-based prediction.
chr6:16639886-16639896	FOSB	JUNB	0.37	0	Motif match 71% of max PWM score (strand +, rank 1). No ENCODE ChIP-seq data for MCF10A-ER-Src cells. Motif-based prediction.
chr14:60313276-60313289	TFAP2A	TFAP2C	0.29	0	Motif match 59% of max PWM score (strand +, rank 1). No ENCODE ChIP-seq data for UCLA1-hESCs cells. Motif-based prediction.
chrX:38861709-38861719	DMRTA2	CEBPB	0.44	0	Motif match 75% of max PWM score (strand -, rank 1). No ENCODE ChIP-seq data for SUM159PT cells. Motif-based prediction.
chr16:78051024-78051036	NR2C2	FOXA1	0.85	0	Motif match 100% of max PWM score (strand -, rank 1). No ENCODE ChIP-seq data for ZR-75-1 cells. Motif-based prediction.
chr2:98710883-98710894	IKZF2	RUNX1	0.85	0	Motif match 100% of max PWM score (strand +, rank 1). No ENCODE ChIP-seq data for cord-blood-CD34-cells cells. Motif-based prediction.
chr15:70636838-70636858	ZNF189	SPI1	0.53	0	Motif match 81% of max PWM score (strand +, rank 1). No ENCODE ChIP-seq data for cd34-fetal cells. Motif-based prediction.
chr7:1249883-1249889	ARNT	ARNT	0.85	1	Motif match 100% of max PWM score (strand -, rank 1). No ENCODE ChIP-seq data for t47d-haegin2 cells. Motif-based prediction.
chr11:44939774-44939787	JUN	JUN	0.8	1	Motif match 88% of max PWM score (strand +, rank 3). ENCODE JUN ChIP-seq: 2 peak(s) overlap this locus in K562 cells. CREB1 has higher motif score (100%) but no ENCODE evidence in K562.
chr11:35726093-35726104	BATF	JUN	0.85	0	Motif match 100% of max PWM score (strand +, rank 1). No ENCODE ChIP-seq data for MCF10A-ER-Src cells. Motif-based prediction.
chr19:33250058-33250075	ZNF354C	AR	0.51	0	Motif match 79% of max PWM score (strand +, rank 1). No ENCODE peak overlap at this locus in LNCaP cells. Motif-based prediction.
chr1:98001997-98002016	ZNF354C	CTCF	0.51	0	Motif match 79% of max PWM score (strand -, rank 1). No ENCODE ChIP-seq data for gm19238 cells. Motif-based prediction.
chr2:209629857-209629868	BATF	JUN	0.85	0	Motif match 100% of max PWM score (strand -, rank 1). No ENCODE ChIP-seq data for definitive-endoderm-from-HUES8 cells. Motif-based prediction.
chr1:117210916-117210929	BATF	FOS	0.85	0	Motif match 100% of max PWM score (strand +, rank 1). No ENCODE ChIP-seq data for MCF10A-ER-Src cells. Motif-based prediction.
chr8:30058403-30058413	FOSB	FOS	0.49	0	Motif match 79% of max PWM score (strand -, rank 1). No ENCODE ChIP-seq data for MCF10A-ER-Src cells. Motif-based prediction.
chr14:23787543-23787563	OSR2	SPI1	0.85	0	Motif match 100% of max PWM score (strand -, rank 1). No ENCODE ChIP-seq data for macrophages-il4 cells. Motif-based prediction.
chr12:98500111-98500128	PGR	AR	0.67	0	Motif match 89% of max PWM score (strand +, rank 1). No ENCODE ChIP-seq data for vcap-shpias1-r1881 cells. Motif-based prediction.
chr1:12014888-12014900	HAND2	TAL1	0.85	0	Motif match 100% of max PWM score (strand +, rank 1). No ENCODE ChIP-seq data for ccrfcem cells. Motif-based prediction.
chr2:215764130-215764147	NR2C2	ESR1	0.8	0	Motif match 100% of max PWM score (strand +, rank 1). No ENCODE ChIP-seq overlap for this TF in MCF7 cells (1 other TF(s) have peaks here). Motif-based prediction.
chr12:44589925-44589939	SOX10	TCF7L2	0.85	0	Motif match 100% of max PWM score (strand -, rank 1). No ENCODE peak overlap at this locus in HeLa-S3 cells. Motif-based prediction.
chr18:61504781-61504798	NR2C2	ESR1	0.49	0	Motif match 78% of max PWM score (strand -, rank 1). No ENCODE ChIP-seq data for ly2 cells. Motif-based prediction.
chr20:39648638-39648651	NR4A1	HNF4A	0.28	0	Motif match 56% of max PWM score (strand +, rank 1). No ENCODE peak overlap at this locus in liver cells. Motif-based prediction.
chr3:72550037-72550051	IKZF2	ELF1	1.0	0	Motif match 100% of max PWM score (strand +, rank 2). ENCODE IKZF2 ChIP-seq: 1 peak(s) overlap this locus in GM12878 cells.
chr7:116123172-116123191	ZNF354C	CTCF	0.46	0	Motif match 79% of max PWM score (strand +, rank 1). No ENCODE ChIP-seq overlap for this TF in PANC1 cells (1 other TF(s) have peaks here). Motif-based prediction.
chr12:106774341-106774351	JUN	FOSL2	0.83	0	Motif match 90% of max PWM score (strand -, rank 2). ENCODE JUN ChIP-seq: 1 peak(s) overlap this locus in A549 cells.
chr5:5166471-5166485	TFAP2E	TFAP2C	0.63	0	Motif match 87% of max PWM score (strand -, rank 1). No ENCODE ChIP-seq data for bt474 cells. Motif-based prediction.
chr1:86788567-86788579	SOX8	FOXA1	0.8	0	Motif match 100% of max PWM score (strand -, rank 1). No ENCODE ChIP-seq overlap for this TF in MCF7 cells (3 other TF(s) have peaks here). Motif-based prediction.
chr14:65356448-65356460	BATF	JUN	0.85	0	Motif match 100% of max PWM score (strand -, rank 1). No ENCODE ChIP-seq data for MDA-MB-231 cells. Motif-based prediction.
chr20:15192694-15192710	EMX1	PHOX2B	0.85	0	Motif match 100% of max PWM score (strand +, rank 1). No ENCODE ChIP-seq data for Kelly cells. Motif-based prediction.
chr1:199243633-199243652	NEUROG2	CTCF	0.8	0	Motif match 100% of max PWM score (strand -, rank 1). No ENCODE ChIP-seq overlap for this TF in HL-60 cells (3 other TF(s) have peaks here). Motif-based prediction.
chr16:57998710-57998730	ETV7	SPI1	0.5	0	Motif match 79% of max PWM score (strand +, rank 1). No ENCODE ChIP-seq data for macrophages-ifng cells. Motif-based prediction.
chr18:73842976-73842995	ZNF354C	CTCF	0.51	0	Motif match 79% of max PWM score (strand +, rank 1). No ENCODE ChIP-seq data for GM18505 cells. Motif-based prediction.
chr6:123635420-123635440	DMRTA2	SPI1	0.85	0	Motif match 100% of max PWM score (strand +, rank 1). No ENCODE ChIP-seq data for THP-1 cells. Motif-based prediction.
chr4:75249269-75249279	BATF	FOS	0.85	0	Motif match 100% of max PWM score (strand -, rank 1). No ENCODE ChIP-seq data for MCF10A-ER-Src cells. Motif-based prediction.
chr8:94079924-94079943	ZNF549	CTCF	0.85	0	Motif match 100% of max PWM score (strand -, rank 1). No ENCODE ChIP-seq data for thyroid-gland cells. Motif-based prediction.
chr3:96548335-96548352	DMRTA2	AR	0.28	0	Motif match 55% of max PWM score (strand -, rank 1). No ENCODE ChIP-seq data for lncap-shctr cells. Motif-based prediction.
chr11:16088912-16088924	FOXL1	FOXA1	0.61	0	Motif match 85% of max PWM score (strand -, rank 1). No ENCODE peak overlap at this locus in 22RV1 cells. Motif-based prediction.
chr12:94134385-94134400	ZNF354C	PPARG	0.85	0	Motif match 100% of max PWM score (strand +, rank 1). No ENCODE ChIP-seq data for subcutaneous-white-adipose-tissue cells. Motif-based prediction.
chr7:143384244-143384255	BATF	JUN	0.85	0	Motif match 100% of max PWM score (strand -, rank 1). No ENCODE ChIP-seq data for HAEC cells. Motif-based prediction.
chr7:97779003-97779015	FOXD1	FOXA1	0.85	0	Motif match 100% of max PWM score (strand -, rank 1). No ENCODE ChIP-seq data for MCF7-WS8-cells cells. Motif-based prediction.
chr5:57367211-57367219	GATA5	GATA3	0.8	0	Motif match 97% of max PWM score (strand -, rank 1). No ENCODE ChIP-seq data for MDA-MB-231 cells. Motif-based prediction.
chrX:15334643-15334660	ETV3	AR	0.42	0	Motif match 74% of max PWM score (strand -, rank 1). No ENCODE ChIP-seq data for lhsar-lacz cells. Motif-based prediction.
chr3:25670913-25670926	TLX2	JUNB	0.41	0	Motif match 73% of max PWM score (strand -, rank 1). No ENCODE ChIP-seq data for MCF10A-ER-Src cells. Motif-based prediction.
chr2:176991485-176991496	ZNF354C	RUNX1	0.35	0	Motif match 70% of max PWM score (strand +, rank 1). No ENCODE ChIP-seq data for ME-1 cells. Motif-based prediction.
chr10:97840339-97840352	JUND	FOSL1	0.7	0	Motif match 82% of max PWM score (strand -, rank 2). ENCODE JUND ChIP-seq: 1 peak(s) overlap this locus in HCT116 cells.
chr11:62553593-62553603	FOS	JUN	1.0	0	Motif match 100% of max PWM score (strand -, rank 1). ENCODE FOS ChIP-seq: 1 peak(s) overlap this locus in MCF7 cells.
chr1:17013401-17013415	SP5	TFAP2C	0.85	0	Motif match 100% of max PWM score (strand +, rank 1). No ENCODE ChIP-seq data for skbr3 cells. Motif-based prediction.
chr2:8921081-8921093	FOXL1	FOXA1	0.51	0	Motif match 82% of max PWM score (strand -, rank 1). No ENCODE ChIP-seq overlap for this TF in mcf7 cells (2 other TF(s) have peaks here). Motif-based prediction.
chr19:48502535-48502547	TFAP2E	TFAP2C	0.5	0	Motif match 79% of max PWM score (strand -, rank 1). No ENCODE ChIP-seq data for WA09 cells. Motif-based prediction.
chr10:34863112-34863129	NR2C2	ESR1	0.85	0	Motif match 100% of max PWM score (strand -, rank 1). No ENCODE ChIP-seq data for zr751-e2 cells. Motif-based prediction.
chr10:112374938-112374957	MEIS3	CTCF	0.44	0	Motif match 75% of max PWM score (strand -, rank 1). No ENCODE peak overlap at this locus in HeLa-S3 cells. Motif-based prediction.
chr1:6204987-6204998	THAP1	NRF1	0.16	0	Motif match 41% of max PWM score (strand +, rank 1). No ENCODE ChIP-seq overlap for this TF in K562 cells (62 other TF(s) have peaks here). Motif-based prediction.
chr4:36003659-36003671	FOXD1	FOXA1	0.85	0	Motif match 100% of max PWM score (strand -, rank 1). No ENCODE peak overlap at this locus in LNCaP cells. Motif-based prediction.
chr4:155529955-155529966	GATA2	GATA2	0.85	1	Motif match 100% of max PWM score (strand -, rank 1). No ENCODE ChIP-seq data for lncap-fbs cells. Motif-based prediction.
chr4:98993791-98993808	KLF11	ESR1	0.85	0	Motif match 100% of max PWM score (strand +, rank 1). No ENCODE ChIP-seq data for MDA-MB-231 cells. Motif-based prediction.
chr13:110094848-110094858	BATF3	JUNB	0.42	0	Motif match 77% of max PWM score (strand -, rank 1). No ENCODE ChIP-seq overlap for this TF in A549 cells (5 other TF(s) have peaks here). Motif-based prediction.
chr18:45433063-45433083	IKZF2	SPI1	0.85	0	Motif match 100% of max PWM score (strand -, rank 1). No ENCODE ChIP-seq data for THP-1 cells. Motif-based prediction.
chr4:186873534-186873549	BCL11A	MAFK	0.27	0	Motif match 54% of max PWM score (strand -, rank 1). No ENCODE peak overlap at this locus in IMR-90 cells. Motif-based prediction.
chr15:95760699-95760716	GATA3	ESR1	0.76	0	Motif match 86% of max PWM score (strand -, rank 2). ENCODE GATA3 ChIP-seq: 1 peak(s) overlap this locus in mcf7 cells.
chr1:39394761-39394774	BATF	FOS	0.85	0	Motif match 100% of max PWM score (strand -, rank 1). No ENCODE ChIP-seq data for MCF10A-ER-Src cells. Motif-based prediction.
chr10:94036303-94036315	FOXD1	FOXA1	0.85	0	Motif match 100% of max PWM score (strand -, rank 1). No ENCODE ChIP-seq data for du145-foxa1-arq6540x cells. Motif-based prediction.
chr4:69617278-69617297	ZNF549	CTCF	0.85	0	Motif match 100% of max PWM score (strand +, rank 1). No ENCODE ChIP-seq data for MCF7L-P-immortalized-breast-epithelial-cell-line- cells. Motif-based prediction.
chr6:7312689-7312700	MYOG	TCF3	0.19	0	Motif match 48% of max PWM score (strand +, rank 1). No ENCODE ChIP-seq overlap for this TF in GM12878 cells (13 other TF(s) have peaks here). Motif-based prediction.
chr10:8131386-8131396	FOSL2	FOSL2	0.97	1	Motif match 98% of max PWM score (strand +, rank 6). ENCODE FOSL2 ChIP-seq: 1 peak(s) overlap this locus in A549 cells. BATF has higher motif score (100%) but no ENCODE evidence in A549.
chr14:22872727-22872746	MAZ	CTCF	0.27	0	Motif match 54% of max PWM score (strand -, rank 1). No ENCODE ChIP-seq data for HT1080 cells. Motif-based prediction.
chr12:46357769-46357780	POU5F1	JUN	0.3	0	Motif match 69% of max PWM score (strand -, rank 1). No ENCODE ChIP-seq overlap for this TF in MCF7 cells (2 other TF(s) have peaks here). Motif-based prediction.
chr12:47837772-47837791	CTCF	CTCF	0.92	1	Motif match 95% of max PWM score (strand -, rank 2). ENCODE CTCF ChIP-seq: 1 peak(s) overlap this locus in osteoblasts cells. CTCFL has higher motif score (100%) but no ENCODE evidence in osteoblasts.
chr15:85620877-85620887	HMBOX1	JUN	0.29	0	Motif match 59% of max PWM score (strand +, rank 1). No ENCODE ChIP-seq data for HAEC cells. Motif-based prediction.
chr20:62183001-62183011	ELK4	ETS1	0.85	0	Motif match 100% of max PWM score (strand -, rank 1). No ENCODE ChIP-seq data for CD4 cells. Motif-based prediction.
chr3:108153551-108153570	VEZF1	CTCF	0.49	0	Motif match 78% of max PWM score (strand -, rank 1). No ENCODE ChIP-seq data for CD34 cells. Motif-based prediction.
chr17:80124468-80124487	CTCFL	CTCF	0.35	0	Motif match 69% of max PWM score (strand -, rank 1). No ENCODE ChIP-seq data for jurkat cells. Motif-based prediction.
chr10:26014563-26014575	NFIL3	CEBPA	0.85	0	Motif match 100% of max PWM score (strand +, rank 1). No ENCODE ChIP-seq data for MOLM-13-acute-monocytic-leukemia-AML cells. Motif-based prediction.
chr1:212900234-212900246	SRY	FOXA1	0.64	0	Motif match 88% of max PWM score (strand +, rank 1). No ENCODE ChIP-seq data for CyT49-derived-endodermal-cells cells. Motif-based prediction.
chr22:37574843-37574857	CEBPB	CEBPA	0.63	0	Motif match 78% of max PWM score (strand +, rank 2). ENCODE CEBPB ChIP-seq: 2 peak(s) overlap this locus in hepg2 cells. CEBPD has higher motif score (79%) but no ENCODE evidence in hepg2.
chr4:58214433-58214447	TFAP2A	TFAP2C	0.54	0	Motif match 81% of max PWM score (strand +, rank 1). No ENCODE ChIP-seq data for WA09 cells. Motif-based prediction.
chr1:166584568-166584580	GSC2	OTX2	0.5	0	Motif match 79% of max PWM score (strand -, rank 1). No ENCODE ChIP-seq data for retinal-pigment cells. Motif-based prediction.
chr17:56126704-56126723	HIC2	CTCF	0.77	0	Motif match 98% of max PWM score (strand -, rank 1). No ENCODE ChIP-seq overlap for this TF in PANC1 cells (1 other TF(s) have peaks here). Motif-based prediction.
chr16:50859762-50859777	HNF4A	THRB	0.66	0	Motif match 79% of max PWM score (strand -, rank 10). ENCODE HNF4A ChIP-seq: 1 peak(s) overlap this locus in HepG2 cells. NR2C2 has higher motif score (100%) but no ENCODE evidence in HepG2.
chr20:19098027-19098047	ZNF354C	SPI1	0.85	0	Motif match 100% of max PWM score (strand -, rank 1). No ENCODE ChIP-seq data for MDM-monocyte-derived-macrophages- cells. Motif-based prediction.
chr8:69393289-69393301	FOXA2	FOXA1	0.64	0	Motif match 87% of max PWM score (strand +, rank 1). No ENCODE ChIP-seq data for zr751-e2-tam cells. Motif-based prediction.
chrX:119792148-119792158	ZBED2	REL	0.21	0	Motif match 53% of max PWM score (strand -, rank 1). No ENCODE ChIP-seq overlap for this TF in GM12878 cells (18 other TF(s) have peaks here). Motif-based prediction.
chr7:916772-916784	ZNF263	ZNF263	0.25	1	Motif match 60% of max PWM score (strand +, rank 1). No ENCODE ChIP-seq overlap for this TF in HEK293 cells (8 other TF(s) have peaks here). Motif-based prediction.
chr22:36856541-36856562	PLAGL2	REST	0.35	0	Motif match 69% of max PWM score (strand +, rank 1). No ENCODE ChIP-seq data for Jurkat cells. Motif-based prediction.
chr16:89167630-89167649	CTCFL	CTCF	0.8	0	Motif match 100% of max PWM score (strand -, rank 1). No ENCODE ChIP-seq overlap for this TF in transverse-colon cells (1 other TF(s) have peaks here). Motif-based prediction.
chr6:30814447-30814457	FOSL2	JUNB	0.97	0	Motif match 98% of max PWM score (strand -, rank 6). ENCODE FOSL2 ChIP-seq: 1 peak(s) overlap this locus in A549 cells. BATF has higher motif score (100%) but no ENCODE evidence in A549.
chr7:25763681-25763701	PRDM1	SPI1	0.85	0	Motif match 100% of max PWM score (strand +, rank 1). No ENCODE ChIP-seq data for macrophages-ifng cells. Motif-based prediction.
chr20:41275382-41275394	FOXL1	FOXA1	0.8	0	Motif match 97% of max PWM score (strand -, rank 1). No ENCODE ChIP-seq data for lncap-shfoxa1-r1881 cells. Motif-based prediction.
chr11:108341095-108341108	GATA2	GATA6	0.85	0	Motif match 100% of max PWM score (strand +, rank 1). No ENCODE ChIP-seq data for definitive-endoderm-from-HUES8 cells. Motif-based prediction.
chr11:119643948-119643963	ZNF317	MAFK	0.28	0	Motif match 57% of max PWM score (strand -, rank 1). No ENCODE peak overlap at this locus in HepG2 cells. Motif-based prediction.
chr3:33373029-33373048	HIC2	CTCF	0.85	0	Motif match 100% of max PWM score (strand +, rank 1). No ENCODE peak overlap at this locus in MCF10A cells. Motif-based prediction.
chr13:31638791-31638804	BATF	FOSL1	0.85	0	Motif match 100% of max PWM score (strand -, rank 1). No ENCODE ChIP-seq data for MDA231-LM2-4175 cells. Motif-based prediction.
chr12:28455252-28455268	MNX1	PHOX2B	0.81	0	Motif match 98% of max PWM score (strand -, rank 1). No ENCODE peak overlap at this locus in BE2C cells. Motif-based prediction.
chr6:158799301-158799312	FOXD1	FOXA2	0.85	0	Motif match 100% of max PWM score (strand -, rank 1). No ENCODE ChIP-seq data for liver-carn1618 cells. Motif-based prediction.
chr2:72864678-72864690	MAFK	JUNB	0.38	0	Motif match 72% of max PWM score (strand -, rank 1). No ENCODE ChIP-seq data for MCF10A-ER-Src cells. Motif-based prediction.
chr11:94402447-94402457	CEBPD	CEBPB	0.28	0	Motif match 66% of max PWM score (strand -, rank 1). No ENCODE ChIP-seq overlap for this TF in HepG2 cells (24 other TF(s) have peaks here). Motif-based prediction.
chr5:11378218-11378228	SRY	CEBPB	0.48	0	Motif match 78% of max PWM score (strand +, rank 1). No ENCODE ChIP-seq data for HEE cells. Motif-based prediction.
chr1:247374042-247374061	KLF2	CTCF	0.59	0	Motif match 84% of max PWM score (strand +, rank 1). No ENCODE ChIP-seq data for GM19240 cells. Motif-based prediction.
chr1:54498242-54498253	SRY	FOXA2	0.64	0	Motif match 88% of max PWM score (strand -, rank 1). No ENCODE peak overlap at this locus in HepG2 cells. Motif-based prediction.
chr10:15789921-15789931	ATF4	CEBPB	0.67	0	Motif match 89% of max PWM score (strand +, rank 1). No ENCODE ChIP-seq data for SU-DHL-1 cells. Motif-based prediction.
chrX:32246857-32246876	ZNF354C	CTCF	0.51	0	Motif match 79% of max PWM score (strand +, rank 1). No ENCODE peak overlap at this locus in GM12865 cells. Motif-based prediction.
chr8:128009716-128009727	FOXL1	FOXA2	0.61	0	Motif match 85% of max PWM score (strand +, rank 1). No ENCODE ChIP-seq data for KerCT cells. Motif-based prediction.
chr6:34363191-34363205	HLF	CEBPA	1.0	0	Motif match 100% of max PWM score (strand -, rank 1). ENCODE HLF ChIP-seq: 1 peak(s) overlap this locus in hepg2 cells.
chr10:14860156-14860168	FOXL1	FOXA1	0.56	0	Motif match 82% of max PWM score (strand -, rank 1). No ENCODE peak overlap at this locus in MCF7 cells. Motif-based prediction.
chr1:40435607-40435621	EGR1	EGR1	0.58	1	Motif match 75% of max PWM score (strand -, rank 2). ENCODE EGR1 ChIP-seq: 1 peak(s) overlap this locus in K562 cells. ZNF354C has higher motif score (76%) but no ENCODE evidence in K562.
chr3:56125485-56125496	NR2C1	NR2F2	0.79	0	Motif match 100% of max PWM score (strand -, rank 1). No ENCODE ChIP-seq overlap for this TF in MCF-7 cells (4 other TF(s) have peaks here). Motif-based prediction.
chr18:8697012-8697022	ZEB1	TFAP4	0.85	0	Motif match 100% of max PWM score (strand +, rank 1). No ENCODE ChIP-seq data for SNU175 cells. Motif-based prediction.
chr12:118655791-118655806	HIC2	RXRA	0.33	0	Motif match 72% of max PWM score (strand -, rank 1). No ENCODE ChIP-seq overlap for this TF in liver cells (13 other TF(s) have peaks here). Motif-based prediction.
chr2:37775697-37775709	FOXD1	FOXA1	0.85	0	Motif match 100% of max PWM score (strand +, rank 1). No ENCODE peak overlap at this locus in VCaP cells. Motif-based prediction.
chr7:127998571-127998588	ZNF341	AR	0.85	0	Motif match 100% of max PWM score (strand -, rank 1). No ENCODE peak overlap at this locus in HEK293 cells. Motif-based prediction.
chr1:17315963-17315978	NR2C1	SP1	0.79	0	Motif match 100% of max PWM score (strand -, rank 1). No ENCODE ChIP-seq overlap for this TF in HEK293 cells (2 other TF(s) have peaks here). Motif-based prediction.
chr11:97319725-97319738	BHLHE22	MYOD1	0.85	0	Motif match 100% of max PWM score (strand +, rank 1). No ENCODE ChIP-seq data for RH4 cells. Motif-based prediction.
chr21:15858209-15858229	NFATC3	SPI1	0.85	0	Motif match 100% of max PWM score (strand -, rank 1). No ENCODE ChIP-seq data for MDM-monocyte-derived-macrophages- cells. Motif-based prediction.
chr5:169768125-169768139	ZKSCAN5	JUN	0.51	0	Motif match 82% of max PWM score (strand +, rank 1). No ENCODE ChIP-seq overlap for this TF in K562 cells (27 other TF(s) have peaks here). Motif-based prediction.
chr3:172205223-172205240	ZBTB32	AR	0.47	0	Motif match 77% of max PWM score (strand -, rank 1). No ENCODE ChIP-seq data for lncap-dht-tnfa cells. Motif-based prediction.
chr3:171704205-171704224	CTCF	CTCF	0.94	1	Motif match 94% of max PWM score (strand +, rank 1). ENCODE CTCF ChIP-seq: 5 peak(s) overlap this locus in MCF-7 cells.
chrX:23694720-23694739	YY1	CTCF	1.0	0	Motif match 100% of max PWM score (strand -, rank 1). ENCODE YY1 ChIP-seq: 1 peak(s) overlap this locus in GM12878 cells.
chr7:74309399-74309410	ZNF416	STAT3	0.32	0	Motif match 64% of max PWM score (strand -, rank 1). No ENCODE ChIP-seq data for MCF10A-ER-Src cells. Motif-based prediction.
chr2:229979058-229979068	MYOG	ASCL1	0.17	0	Motif match 34% of max PWM score (strand +, rank 1). No ENCODE ChIP-seq data for fibroblasts cells. Motif-based prediction.
chr7:71987598-71987608	CEBPB	CEBPB	0.89	1	Motif match 93% of max PWM score (strand +, rank 1). ENCODE CEBPB ChIP-seq: 2 peak(s) overlap this locus in K562 cells.
chr3:120739500-120739512	FOXL1	FOXA1	0.41	0	Motif match 74% of max PWM score (strand -, rank 1). No ENCODE ChIP-seq data for lncap-tnfa cells. Motif-based prediction.
chr1:181106700-181106710	IKZF2	ERG	0.85	0	Motif match 100% of max PWM score (strand +, rank 1). No ENCODE peak overlap at this locus in RWPE1 cells. Motif-based prediction.
chr20:20712180-20712193	HIC2	TFAP2C	0.82	0	Motif match 98% of max PWM score (strand +, rank 1). No ENCODE ChIP-seq data for bt474 cells. Motif-based prediction.
chr13:99046406-99046416	IKZF2	ERF	0.85	0	Motif match 100% of max PWM score (strand +, rank 1). No ENCODE peak overlap at this locus in VCaP cells. Motif-based prediction.
chr2:24551576-24551587	FOXA2	FOXA2	0.64	1	Motif match 87% of max PWM score (strand +, rank 1). No ENCODE peak overlap at this locus in BJ cells. Motif-based prediction.
chr1:109602368-109602380	FOXP3	FOXA1	0.56	0	Motif match 83% of max PWM score (strand -, rank 1). No ENCODE ChIP-seq data for MCF7-TamR cells. Motif-based prediction.
chr15:70246203-70246213	OSR2	TFAP4	0.29	0	Motif match 58% of max PWM score (strand -, rank 1). No ENCODE ChIP-seq data for dld1 cells. Motif-based prediction.
chr20:3125950-3125965	CEBPD	CEBPG	0.26	0	Motif match 62% of max PWM score (strand -, rank 1). No ENCODE ChIP-seq overlap for this TF in HepG2 cells (5 other TF(s) have peaks here). Motif-based prediction.
chr3:101996118-101996128	NFIL3	CEBPB	0.51	0	Motif match 80% of max PWM score (strand -, rank 1). No ENCODE ChIP-seq data for JB6 cells. Motif-based prediction.
chr1:209045910-209045925	HNF4A	RXRA	1.0	0	Motif match 100% of max PWM score (strand -, rank 1). ENCODE HNF4A ChIP-seq: 2 peak(s) overlap this locus in liver cells.
chr15:60914224-60914241	POU5F1	AR	0.51	0	Motif match 80% of max PWM score (strand +, rank 1). No ENCODE peak overlap at this locus in LNCaP cells. Motif-based prediction.
chr20:42028069-42028088	MEIS3	CTCF	0.71	0	Motif match 92% of max PWM score (strand -, rank 1). No ENCODE peak overlap at this locus in A549 cells. Motif-based prediction.
chr5:20500656-20500668	FOXL1	FOXA1	0.61	0	Motif match 85% of max PWM score (strand +, rank 1). No ENCODE peak overlap at this locus in lncap cells. Motif-based prediction.
chr1:14842633-14842650	FOXP3	NR3C1	0.56	0	Motif match 83% of max PWM score (strand -, rank 1). No ENCODE ChIP-seq data for HASM2 cells. Motif-based prediction.
chr17:66460156-66460170	HOXA6	CEBPA	0.55	0	Motif match 82% of max PWM score (strand -, rank 1). No ENCODE ChIP-seq data for THP-1 cells. Motif-based prediction.
chr2:227415764-227415776	BATF	JUNB	0.85	0	Motif match 100% of max PWM score (strand -, rank 1). No ENCODE ChIP-seq data for HAEC cells. Motif-based prediction.
chr5:148186414-148186426	HOXA9	JUNB	0.63	0	Motif match 87% of max PWM score (strand -, rank 1). No ENCODE ChIP-seq data for HAEC cells. Motif-based prediction.
chr2:72078956-72078966	MNT	MAX	0.85	0	Motif match 100% of max PWM score (strand +, rank 1). No ENCODE ChIP-seq data for u87mg cells. Motif-based prediction.
chr2:179643591-179643610	RORB	CTCF	0.35	0	Motif match 70% of max PWM score (strand +, rank 1). No ENCODE peak overlap at this locus in MCF7 cells. Motif-based prediction.
chr18:23260499-23260509	NFATC3	ERG	0.75	0	Motif match 94% of max PWM score (strand -, rank 1). No ENCODE peak overlap at this locus in VCaP cells. Motif-based prediction.
chr10:324145-324159	FOSL2	JUN	0.89	0	Motif match 94% of max PWM score (strand -, rank 10). ENCODE FOSL2 ChIP-seq: 1 peak(s) overlap this locus in A549 cells. BATF has higher motif score (100%) but no ENCODE evidence in A549.
chr13:86563496-86563507	STAT3	STAT3	0.23	1	Motif match 47% of max PWM score (strand +, rank 1). No ENCODE ChIP-seq data for MCF10A-ER-Src cells. Motif-based prediction.
chr9:23934361-23934373	FOXA2	FOXA1	0.64	0	Motif match 87% of max PWM score (strand -, rank 1). No ENCODE ChIP-seq data for lncap-etoh24h cells. Motif-based prediction.
chr15:95712985-95712997	FOXA2	FOXA1	0.64	0	Motif match 87% of max PWM score (strand -, rank 1). No ENCODE peak overlap at this locus in LNCaP cells. Motif-based prediction.
chr9:19102354-19102366	TFAP2E	TFAP2C	0.38	0	Motif match 72% of max PWM score (strand -, rank 1). No ENCODE ChIP-seq data for mdamb453 cells. Motif-based prediction.
chr8:35656068-35656085	GRHL2	AR	0.31	0	Motif match 62% of max PWM score (strand -, rank 1). No ENCODE peak overlap at this locus in LNCaP cells. Motif-based prediction.
chr18:7980339-7980358	ZNF549	CTCF	0.85	0	Motif match 100% of max PWM score (strand +, rank 1). No ENCODE ChIP-seq data for normal-epidermal-keratinocytes cells. Motif-based prediction.
chr1:109626303-109626322	VEZF1	CTCF	0.35	0	Motif match 70% of max PWM score (strand +, rank 1). No ENCODE ChIP-seq data for HT1080 cells. Motif-based prediction.
chr3:134445716-134445733	NFATC3	AR	0.54	0	Motif match 81% of max PWM score (strand -, rank 1). No ENCODE ChIP-seq data for lncap1f5-sifoxa1 cells. Motif-based prediction.
chr4:185354862-185354881	IKZF1	CTCF	0.53	0	Motif match 81% of max PWM score (strand +, rank 1). No ENCODE peak overlap at this locus in GM12892 cells. Motif-based prediction.
chr3:8239908-8239927	CTCFL	CTCF	0.26	0	Motif match 62% of max PWM score (strand -, rank 1). No ENCODE ChIP-seq overlap for this TF in foreskin-keratinocyte cells (1 other TF(s) have peaks here). Motif-based prediction.
chr11:79908126-79908138	YY1	YY1	0.4	1	Motif match 73% of max PWM score (strand +, rank 1). No ENCODE ChIP-seq data for H1-hESC cells. Motif-based prediction.
chr12:76943218-76943232	ZBTB6	TFAP2C	0.27	0	Motif match 55% of max PWM score (strand -, rank 1). No ENCODE ChIP-seq data for bt474 cells. Motif-based prediction.
chr6:48934227-48934244	SOX10	AR	0.85	0	Motif match 100% of max PWM score (strand +, rank 1). No ENCODE peak overlap at this locus in LNCaP cells. Motif-based prediction.
chr9:35533539-35533549	CEBPD	CEBPB	0.85	0	Motif match 100% of max PWM score (strand -, rank 1). No ENCODE ChIP-seq data for hmsc cells. Motif-based prediction.
chr6:65706650-65706662	FOXL1	FOXA1	0.8	0	Motif match 97% of max PWM score (strand +, rank 1). No ENCODE ChIP-seq data for vcap-etoh cells. Motif-based prediction.
chr10:956014-956027	ZEB1	TCF4	0.85	0	Motif match 100% of max PWM score (strand -, rank 1). No ENCODE ChIP-seq data for TMD8 cells. Motif-based prediction.
chr14:51989535-51989548	KLF15	E2F6	0.67	0	Motif match 89% of max PWM score (strand +, rank 1). No ENCODE ChIP-seq data for H1-hESC cells. Motif-based prediction.
chr3:11509152-11509162	HMBOX1	HMBOX1	0.8	1	Motif match 100% of max PWM score (strand +, rank 1). No ENCODE ChIP-seq overlap for this TF in K562 cells (42 other TF(s) have peaks here). Motif-based prediction.
chr10:109852606-109852625	NEUROG2	CTCF	0.85	0	Motif match 100% of max PWM score (strand -, rank 1). No ENCODE ChIP-seq data for normal-epidermal-keratinocytes cells. Motif-based prediction.
chr22:19717917-19717929	ZBTB14	MYC	0.56	0	Motif match 83% of max PWM score (strand +, rank 1). No ENCODE ChIP-seq data for HT1080 cells. Motif-based prediction.
chr2:47199522-47199541	ZNF354C	CTCF	0.81	0	Motif match 98% of max PWM score (strand -, rank 1). No ENCODE peak overlap at this locus in GM12892 cells. Motif-based prediction.
chr21:30478152-30478164	DMRTA2	GRHL2	0.51	0	Motif match 80% of max PWM score (strand +, rank 1). No ENCODE peak overlap at this locus in LNCaP cells. Motif-based prediction.
chr4:185134537-185134549	FOXA2	FOXA1	0.36	0	Motif match 74% of max PWM score (strand -, rank 1). No ENCODE ChIP-seq overlap for this TF in VCaP cells (1 other TF(s) have peaks here). Motif-based prediction.
chr21:21336596-21336613	HIC2	AR	0.82	0	Motif match 98% of max PWM score (strand +, rank 1). No ENCODE peak overlap at this locus in LNCaP cells. Motif-based prediction.
chr12:26701797-26701816	CTCF	CTCF	0.74	1	Motif match 82% of max PWM score (strand -, rank 7). ENCODE CTCF ChIP-seq: 3 peak(s) overlap this locus in GM12878 cells. NEUROG2 has higher motif score (100%) but no ENCODE evidence in GM12878.
chr1:14804842-14804861	CTCFL	CTCF	0.32	0	Motif match 64% of max PWM score (strand -, rank 1). No ENCODE ChIP-seq data for snyder cells. Motif-based prediction.
chr9:21318468-21318487	ZKSCAN1	CTCF	0.44	0	Motif match 75% of max PWM score (strand +, rank 1). No ENCODE ChIP-seq data for HeLa cells. Motif-based prediction.
chr13:57107622-57107639	GRHL2	AR	0.35	0	Motif match 69% of max PWM score (strand +, rank 1). No ENCODE ChIP-seq data for lncap-hotair cells. Motif-based prediction.
chr18:58202479-58202491	BATF	JUN	0.85	0	Motif match 100% of max PWM score (strand +, rank 1). No ENCODE ChIP-seq data for HUVEC-C cells. Motif-based prediction.
chr12:110245678-110245697	CTCFL	CTCF	0.85	0	Motif match 100% of max PWM score (strand -, rank 1). No ENCODE peak overlap at this locus in OCI-LY7 cells. Motif-based prediction.
chr17:16158328-16158345	NR1I3	RXRA	0.8	0	Motif match 100% of max PWM score (strand -, rank 1). No ENCODE ChIP-seq overlap for this TF in liver cells (2 other TF(s) have peaks here). Motif-based prediction.
chr1:156584152-156584163	YY1	MYC	0.75	0	Motif match 85% of max PWM score (strand +, rank 2). ENCODE YY1 ChIP-seq: 1 peak(s) overlap this locus in GM12878 cells. MXI1 has higher motif score (100%) but no ENCODE evidence in GM12878.
chr22:33780939-33780947	HOXA4	PDX1	0.85	0	Motif match 100% of max PWM score (strand +, rank 1). No ENCODE ChIP-seq data for islet cells. Motif-based prediction.
chr22:29072884-29072896	TCFL5	PAX5	0.43	0	Motif match 78% of max PWM score (strand -, rank 1). No ENCODE ChIP-seq overlap for this TF in GM12892 cells (1 other TF(s) have peaks here). Motif-based prediction.
chr8:27702448-27702465	MEIS3	ESR1	0.55	0	Motif match 85% of max PWM score (strand -, rank 1). No ENCODE ChIP-seq overlap for this TF in T47D cells (4 other TF(s) have peaks here). Motif-based prediction.
chr11:45794291-45794303	FOXA2	FOXA1	0.45	0	Motif match 76% of max PWM score (strand +, rank 1). No ENCODE ChIP-seq data for vcap-shpias1-r1881 cells. Motif-based prediction.
chr2:72579764-72579783	ZNF354C	CTCF	0.85	0	Motif match 100% of max PWM score (strand -, rank 1). No ENCODE ChIP-seq data for smooth-muscle-cell cells. Motif-based prediction.
chr14:69996392-69996404	BATF	FOS	0.85	0	Motif match 100% of max PWM score (strand -, rank 1). No ENCODE ChIP-seq data for MCF10A-ER-Src cells. Motif-based prediction.
chr2:121790502-121790514	FOSL2	JUNB	0.66	0	Motif match 80% of max PWM score (strand +, rank 7). ENCODE FOSL2 ChIP-seq: 1 peak(s) overlap this locus in A549 cells. FOSB has higher motif score (81%) but no ENCODE evidence in A549.
chr3:169041815-169041834	DMRTA2	CTCF	0.28	0	Motif match 55% of max PWM score (strand +, rank 1). No ENCODE ChIP-seq data for THP-1 cells. Motif-based prediction.
chr4:152516272-152516288	ZEB1	SCRT1	0.8	0	Motif match 100% of max PWM score (strand -, rank 1). No ENCODE ChIP-seq overlap for this TF in HEK293 cells (10 other TF(s) have peaks here). Motif-based prediction.
chr6:84025474-84025487	OLIG2	NEUROD1	0.85	0	Motif match 100% of max PWM score (strand +, rank 1). No ENCODE ChIP-seq data for D341-Med cells. Motif-based prediction.
chr14:50025236-50025253	ZNF189	AR	0.39	0	Motif match 73% of max PWM score (strand +, rank 1). No ENCODE peak overlap at this locus in 22RV1 cells. Motif-based prediction.
chr7:148095069-148095081	FOXO4	FOXA1	0.58	0	Motif match 84% of max PWM score (strand +, rank 1). No ENCODE ChIP-seq data for lncap-shfoxa1-r1881 cells. Motif-based prediction.
chr5:31270581-31270600	ZKSCAN1	CTCF	0.79	0	Motif match 97% of max PWM score (strand -, rank 1). No ENCODE ChIP-seq data for thyroid-gland cells. Motif-based prediction.
chr9:84759472-84759483	FOSB	JUN	0.49	0	Motif match 79% of max PWM score (strand +, rank 1). No ENCODE ChIP-seq data for MCF10A-ER-Src cells. Motif-based prediction.
chr4:101944868-101944879	POU5F1	FOXA2	0.85	0	Motif match 100% of max PWM score (strand -, rank 1). No ENCODE peak overlap at this locus in BJ cells. Motif-based prediction.
chr2:438266-438278	TFAP2C	TFAP2C	0.26	1	Motif match 51% of max PWM score (strand -, rank 1). No ENCODE ChIP-seq data for mdamb453 cells. Motif-based prediction.
chr19:7657363-7657373	NFATC3	ERG	0.32	0	Motif match 65% of max PWM score (strand -, rank 1). No ENCODE ChIP-seq data for Kasumi-1 cells. Motif-based prediction.
chr17:50950500-50950519	NR2C1	CTCF	0.84	0	Motif match 100% of max PWM score (strand -, rank 1). No ENCODE ChIP-seq data for upper-lobe-of-left-lung cells. Motif-based prediction.
chr8:120809908-120809916	TEAD4	TEAD3	0.29	0	Motif match 68% of max PWM score (strand +, rank 1). No ENCODE ChIP-seq overlap for this TF in HepG2 cells (130 other TF(s) have peaks here). Motif-based prediction.
chr5:170411244-170411263	CTCFL	CTCF	0.48	0	Motif match 81% of max PWM score (strand +, rank 1). No ENCODE ChIP-seq overlap for this TF in GM13977 cells (1 other TF(s) have peaks here). Motif-based prediction.
chr10:75398712-75398727	ZNF257	RXRA	0.41	0	Motif match 73% of max PWM score (strand -, rank 1). No ENCODE peak overlap at this locus in MCF7 cells. Motif-based prediction.
chr2:196649950-196649970	IKZF2	SPI1	0.85	0	Motif match 100% of max PWM score (strand -, rank 1). No ENCODE ChIP-seq data for macrophages-il4 cells. Motif-based prediction.
chr18:23634803-23634813	BCL11A	TBX21	0.29	0	Motif match 58% of max PWM score (strand -, rank 1). No ENCODE ChIP-seq data for Th1-cells cells. Motif-based prediction.
chrX:108091349-108091361	ARNT	MYC	0.8	0	Motif match 100% of max PWM score (strand -, rank 1). No ENCODE ChIP-seq overlap for this TF in K562 cells (51 other TF(s) have peaks here). Motif-based prediction.
chr3:123723738-123723757	CTCF	CTCF	0.6	1	Motif match 76% of max PWM score (strand -, rank 1). ENCODE CTCF ChIP-seq: 2 peak(s) overlap this locus in HepG2 cells.
chr6:36356079-36356093	MEIS2	ATF7	0.14	0	Motif match 38% of max PWM score (strand +, rank 1). No ENCODE ChIP-seq overlap for this TF in GM12878 cells (26 other TF(s) have peaks here). Motif-based prediction.
chr21:8992983-8992998	ARNT	MAFK	0.8	0	Motif match 100% of max PWM score (strand +, rank 1). No ENCODE ChIP-seq overlap for this TF in HepG2 cells (22 other TF(s) have peaks here). Motif-based prediction.
chr12:44528620-44528633	TRPS1	GATA6	0.34	0	Motif match 67% of max PWM score (strand -, rank 1). No ENCODE ChIP-seq data for caco2-prolif cells. Motif-based prediction.
chr21:39807496-39807513	PGR	AR	0.77	0	Motif match 95% of max PWM score (strand -, rank 1). No ENCODE peak overlap at this locus in 22RV1 cells. Motif-based prediction.
chr19:55280210-55280220	TBX18	TBX21	0.53	0	Motif match 81% of max PWM score (strand -, rank 1). No ENCODE ChIP-seq data for cd4-th1 cells. Motif-based prediction.
chr2:44825842-44825855	NR4A1	NR2F1	0.26	0	Motif match 53% of max PWM score (strand -, rank 1). No ENCODE ChIP-seq data for cranial-neural-crest-cells cells. Motif-based prediction.
chr21:38818060-38818073	FOSB	JUNB	0.34	0	Motif match 73% of max PWM score (strand -, rank 1). No ENCODE ChIP-seq overlap for this TF in A549 cells (1 other TF(s) have peaks here). Motif-based prediction.
chr7:92633552-92633564	FOSL2	JUNB	1.0	0	Motif match 100% of max PWM score (strand +, rank 5). ENCODE FOSL2 ChIP-seq: 1 peak(s) overlap this locus in A549 cells. NFE2 has higher motif score (100%) but no ENCODE evidence in A549.
chr1:31745798-31745817	CTCFL	CTCF	0.85	0	Motif match 100% of max PWM score (strand -, rank 1). No ENCODE ChIP-seq data for HAP1 cells. Motif-based prediction.
chr19:18301997-18302008	SRY	FOXA2	0.85	0	Motif match 100% of max PWM score (strand +, rank 1). No ENCODE ChIP-seq data for KerCT cells. Motif-based prediction.
chr15:59373124-59373135	PRDM1	PRDM1	0.33	1	Motif match 72% of max PWM score (strand +, rank 1). No ENCODE ChIP-seq overlap for this TF in HEK293 cells (4 other TF(s) have peaks here). Motif-based prediction.
chr5:80866559-80866579	ETV7	SPI1	0.52	0	Motif match 80% of max PWM score (strand -, rank 1). No ENCODE ChIP-seq data for monocyte-derived-macrophages cells. Motif-based prediction.
chr8:19421764-19421775	FOS	FOS	1.0	1	Motif match 100% of max PWM score (strand +, rank 1). ENCODE FOS ChIP-seq: 1 peak(s) overlap this locus in MCF7 cells.
chr1:3363179-3363200	OSR2	REST	0.37	0	Motif match 71% of max PWM score (strand -, rank 1). No ENCODE ChIP-seq data for H1-hESC cells. Motif-based prediction.
chr5:56534800-56534817	NR2C1	ESR1	0.84	0	Motif match 100% of max PWM score (strand +, rank 1). No ENCODE ChIP-seq data for mcf7-shfoxa1-e2 cells. Motif-based prediction.
chr3:157120790-157120801	NR2C2	NR2F2	0.8	0	Motif match 100% of max PWM score (strand +, rank 1). No ENCODE ChIP-seq overlap for this TF in HepG2 cells (118 other TF(s) have peaks here). Motif-based prediction.
chr4:123200804-123200816	FOXL1	FOXA1	0.61	0	Motif match 85% of max PWM score (strand +, rank 1). No ENCODE ChIP-seq data for lncap-abl-shcreb1 cells. Motif-based prediction.
chr3:129908593-129908603	BATF3	JUN	0.41	0	Motif match 77% of max PWM score (strand -, rank 1). No ENCODE ChIP-seq overlap for this TF in A549 cells (7 other TF(s) have peaks here). Motif-based prediction.
chr6:40560887-40560899	DPRX	OTX2	0.69	0	Motif match 90% of max PWM score (strand -, rank 1). No ENCODE ChIP-seq data for D283-Med cells. Motif-based prediction.
chr4:87559614-87559628	TFAP2E	TFAP2C	0.47	0	Motif match 80% of max PWM score (strand +, rank 1). No ENCODE ChIP-seq overlap for this TF in mcf7 cells (3 other TF(s) have peaks here). Motif-based prediction.
chr1:26470479-26470498	E2F6	CTCF	0.15	0	Motif match 39% of max PWM score (strand -, rank 1). No ENCODE ChIP-seq overlap for this TF in PANC1 cells (1 other TF(s) have peaks here). Motif-based prediction.
chr4:53233689-53233706	NR2C2	AR	0.51	0	Motif match 80% of max PWM score (strand +, rank 1). No ENCODE peak overlap at this locus in lncap cells. Motif-based prediction.
chr10:74898392-74898404	DMRTA2	GRHL2	0.29	0	Motif match 68% of max PWM score (strand +, rank 1). No ENCODE ChIP-seq overlap for this TF in MCF7 cells (1 other TF(s) have peaks here). Motif-based prediction.
chr2:172966316-172966329	ZEB1	TCF4	0.85	0	Motif match 100% of max PWM score (strand +, rank 1). No ENCODE ChIP-seq data for SU-DHL-2 cells. Motif-based prediction.
chr13:33464155-33464174	CTCFL	CTCF	0.53	0	Motif match 81% of max PWM score (strand +, rank 1). No ENCODE ChIP-seq data for THP-1 cells. Motif-based prediction.
chr9:100028291-100028310	NR2C2	CTCF	0.85	0	Motif match 100% of max PWM score (strand +, rank 1). No ENCODE peak overlap at this locus in MM1.S cells. Motif-based prediction.
chr14:64410541-64410558	HIC2	ESR1	0.33	0	Motif match 72% of max PWM score (strand +, rank 1). No ENCODE ChIP-seq overlap for this TF in MCF7 cells (2 other TF(s) have peaks here). Motif-based prediction.
chr9:33923274-33923291	NR2C1	ESR1	0.84	0	Motif match 100% of max PWM score (strand +, rank 1). No ENCODE ChIP-seq data for t47d-r5020 cells. Motif-based prediction.
chr21:15563951-15563968	PGR	AR	0.8	0	Motif match 97% of max PWM score (strand +, rank 1). No ENCODE ChIP-seq data for vcap-shpias1-r1881 cells. Motif-based prediction.
chr4:38856877-38856896	CTCF	CTCF	0.65	1	Motif match 76% of max PWM score (strand -, rank 11). ENCODE CTCF ChIP-seq: 4 peak(s) overlap this locus in MCF7 cells. NEUROG2 has higher motif score (100%) but no ENCODE evidence in MCF7.
chr7:149148195-149148207	E2F6	E2F1	0.85	0	Motif match 100% of max PWM score (strand -, rank 1). No ENCODE ChIP-seq data for U87 cells. Motif-based prediction.
chr18:70599010-70599029	CTCF	CTCF	1.0	1	Motif match 97% of max PWM score (strand +, rank 2). ENCODE CTCF ChIP-seq: 3 peak(s) overlap this locus in A549 cells. CTCFL has higher motif score (100%) but no ENCODE evidence in A549.
chr2:31974422-31974433	BATF	JUN	0.85	0	Motif match 100% of max PWM score (strand +, rank 1). No ENCODE ChIP-seq data for definitive-endoderm-from-HUES8 cells. Motif-based prediction.
chr2:218219150-218219168	NKX2-8	TP53	0.58	0	Motif match 84% of max PWM score (strand -, rank 1). No ENCODE ChIP-seq data for PHA-simulated-human-T-lynphocytes cells. Motif-based prediction.
chr2:10451645-10451657	ZNF417	CEBPA	0.32	0	Motif match 64% of max PWM score (strand +, rank 1). No ENCODE ChIP-seq data for MV4-11 cells. Motif-based prediction.
chr4:149998061-149998074	BATF	JUN	0.85	0	Motif match 100% of max PWM score (strand +, rank 1). No ENCODE ChIP-seq data for 786-O cells. Motif-based prediction.
chr1:226486311-226486331	PRDM1	SPI1	0.85	0	Motif match 100% of max PWM score (strand +, rank 1). No ENCODE ChIP-seq data for THP-1 cells. Motif-based prediction.
chr2:20618059-20618078	SP5	CTCF	0.8	0	Motif match 100% of max PWM score (strand -, rank 1). No ENCODE ChIP-seq overlap for this TF in HepG2 cells (66 other TF(s) have peaks here). Motif-based prediction.
chr8:137979603-137979616	BATF	SMAD3	0.85	0	Motif match 100% of max PWM score (strand +, rank 1). No ENCODE ChIP-seq data for MDA-MB-231 cells. Motif-based prediction.
chr22:20247110-20247129	MEIS3	CTCF	0.45	0	Motif match 76% of max PWM score (strand -, rank 1). No ENCODE ChIP-seq data for MOLM-13-acute-monocytic-leukemia-AML cells. Motif-based prediction.
chr5:147826390-147826407	NR2C2	ESR1	0.85	0	Motif match 100% of max PWM score (strand +, rank 1). No ENCODE peak overlap at this locus in MCF7 cells. Motif-based prediction.
chr11:64186182-64186201	ZBTB12	CTCF	0.8	0	Motif match 100% of max PWM score (strand -, rank 1). No ENCODE ChIP-seq overlap for this TF in MCF7 cells (24 other TF(s) have peaks here). Motif-based prediction.
chr1:153448670-153448683	TEAD1	TEAD1	0.58	1	Motif match 84% of max PWM score (strand -, rank 1). No ENCODE peak overlap at this locus in T47D cells. Motif-based prediction.
chr9:36573297-36573307	NFATC3	FLI1	0.36	0	Motif match 71% of max PWM score (strand -, rank 1). No ENCODE ChIP-seq data for HUVEC-C cells. Motif-based prediction.
chr5:42057626-42057644	MXI1	MITF	0.85	0	Motif match 100% of max PWM score (strand -, rank 1). No ENCODE ChIP-seq data for melanocyte-ctr cells. Motif-based prediction.
chr20:35711578-35711591	FOSL1	FOS	0.39	0	Motif match 72% of max PWM score (strand -, rank 1). No ENCODE ChIP-seq data for THP-1 cells. Motif-based prediction.
chr7:28930134-28930144	ZNF417	CEBPB	0.32	0	Motif match 64% of max PWM score (strand +, rank 1). No ENCODE ChIP-seq data for SUM159PT cells. Motif-based prediction.
chr6:21597147-21597166	YY2	CTCF	0.45	0	Motif match 76% of max PWM score (strand +, rank 1). No ENCODE ChIP-seq data for HeLa-Kyoto cells. Motif-based prediction.
chr12:109309494-109309504	ATOH7	MAX	0.27	0	Motif match 54% of max PWM score (strand -, rank 1). No ENCODE peak overlap at this locus in HepG2 cells. Motif-based prediction.
chr3:54047240-54047251	BATF	JUN	0.85	0	Motif match 100% of max PWM score (strand -, rank 1). No ENCODE ChIP-seq data for 786-O cells. Motif-based prediction.
chr4:7960829-7960839	MXI1	MAX	0.85	0	Motif match 100% of max PWM score (strand -, rank 1). No ENCODE ChIP-seq data for ncih2171 cells. Motif-based prediction.
chr4:153409629-153409642	HAND2	NEUROD1	0.85	0	Motif match 100% of max PWM score (strand +, rank 1). No ENCODE ChIP-seq data for D341-Med cells. Motif-based prediction.
chr11:97718096-97718111	KLF15	SP1	0.65	0	Motif match 88% of max PWM score (strand +, rank 1). No ENCODE peak overlap at this locus in HCT-116 cells. Motif-based prediction.
chr4:87241505-87241517	FOXP3	FOXA1	0.26	0	Motif match 62% of max PWM score (strand -, rank 1). No ENCODE ChIP-seq overlap for this TF in MCF7 cells (8 other TF(s) have peaks here). Motif-based prediction.
chr7:25544001-25544018	FOXA2	AR	0.41	0	Motif match 74% of max PWM score (strand +, rank 1). No ENCODE peak overlap at this locus in LNCaP cells. Motif-based prediction.
chr17:34519471-34519490	CTCFL	CTCF	0.35	0	Motif match 69% of max PWM score (strand -, rank 1). No ENCODE ChIP-seq data for NB69 cells. Motif-based prediction.
chr14:53193376-53193386	ELF3	ERG	0.34	0	Motif match 68% of max PWM score (strand -, rank 1). No ENCODE ChIP-seq data for HUVEC-C cells. Motif-based prediction.
chr10:73073558-73073564	MXI1	ARNT	0.85	0	Motif match 100% of max PWM score (strand -, rank 1). No ENCODE ChIP-seq data for 786o-hif2a cells. Motif-based prediction.
chr14:100106868-100106888	EHF	SPI1	0.85	0	Motif match 100% of max PWM score (strand +, rank 1). No ENCODE peak overlap at this locus in k562 cells. Motif-based prediction.
chr18:10851925-10851944	HIC2	CTCF	0.64	0	Motif match 88% of max PWM score (strand -, rank 1). No ENCODE ChIP-seq data for THP-1 cells. Motif-based prediction.
chr14:99672707-99672721	GABPA	GABPA	1.0	1	Motif match 100% of max PWM score (strand +, rank 1). ENCODE GABPA ChIP-seq: 1 peak(s) overlap this locus in hepg2 cells.
chr6:76697723-76697742	HIC2	CTCF	0.56	0	Motif match 86% of max PWM score (strand -, rank 1). No ENCODE ChIP-seq overlap for this TF in HeLa-S3 cells (1 other TF(s) have peaks here). Motif-based prediction.
chr18:45373496-45373509	MEIS2	PBX2	0.65	0	Motif match 79% of max PWM score (strand -, rank 31). ENCODE MEIS2 ChIP-seq: 1 peak(s) overlap this locus in K562 cells. HOXB4 has higher motif score (100%) but no ENCODE evidence in K562.
chr3:64023546-64023565	ZNF317	CTCF	0.34	0	Motif match 68% of max PWM score (strand -, rank 1). No ENCODE ChIP-seq data for embryonic-stem-cells cells. Motif-based prediction.
chr5:78492384-78492403	BNC2	CTCF	0.27	0	Motif match 63% of max PWM score (strand +, rank 1). No ENCODE ChIP-seq overlap for this TF in foreskin-keratinocyte cells (1 other TF(s) have peaks here). Motif-based prediction.
chr18:2985808-2985827	VEZF1	CTCF	0.8	0	Motif match 100% of max PWM score (strand +, rank 1). No ENCODE ChIP-seq overlap for this TF in A549 cells (2 other TF(s) have peaks here). Motif-based prediction.
chrX:40945490-40945502	JUN	ATF3	1.0	0	Motif match 100% of max PWM score (strand -, rank 2). ENCODE JUN ChIP-seq: 2 peak(s) overlap this locus in K562 cells. BATF has higher motif score (100%) but no ENCODE evidence in K562.
chr4:108045990-108046002	FOXO4	FOXA1	0.58	0	Motif match 84% of max PWM score (strand -, rank 1). No ENCODE peak overlap at this locus in lncap cells. Motif-based prediction.
chr6:14929037-14929055	GATA2	GATA1	0.8	0	Motif match 100% of max PWM score (strand -, rank 1). No ENCODE ChIP-seq overlap for this TF in K562 cells (2 other TF(s) have peaks here). Motif-based prediction.
chr1:10252014-10252034	RBPJ	SPI1	0.85	0	Motif match 100% of max PWM score (strand -, rank 1). No ENCODE ChIP-seq data for macrophages-tpp cells. Motif-based prediction.
chr12:1593625-1593637	TCF12	TFAP2C	0.32	0	Motif match 63% of max PWM score (strand +, rank 1). No ENCODE ChIP-seq data for mdamb453 cells. Motif-based prediction.
chr4:185597771-185597790	CTCF	CTCF	0.74	1	Motif match 81% of max PWM score (strand -, rank 1). ENCODE CTCF ChIP-seq: 3 peak(s) overlap this locus in GM12868 cells.
chr2:197191688-197191700	EMX1	FOXA1	0.85	0	Motif match 100% of max PWM score (strand +, rank 1). No ENCODE ChIP-seq data for ncih3122 cells. Motif-based prediction.
chr9:2022793-2022810	ARNT	ESR1	0.85	0	Motif match 100% of max PWM score (strand +, rank 1). No ENCODE ChIP-seq data for ly2 cells. Motif-based prediction.
chr2:197453280-197453293	TCFL5	E2F6	0.35	0	Motif match 73% of max PWM score (strand -, rank 1). No ENCODE ChIP-seq overlap for this TF in K562 cells (62 other TF(s) have peaks here). Motif-based prediction.
chr8:91205311-91205323	FOXD1	FOXA1	0.85	0	Motif match 100% of max PWM score (strand -, rank 1). No ENCODE ChIP-seq data for c42b-dht cells. Motif-based prediction.
chr12:97368611-97368630	HIC2	CTCF	0.82	0	Motif match 98% of max PWM score (strand -, rank 1). No ENCODE ChIP-seq data for snyder cells. Motif-based prediction.
chr16:1351916-1351926	BHLHE40	MAX	1.0	0	Motif match 100% of max PWM score (strand +, rank 2). ENCODE BHLHE40 ChIP-seq: 1 peak(s) overlap this locus in HepG2 cells. USF2 has higher motif score (100%) but no ENCODE evidence in HepG2.
chr17:27385844-27385858	USF2	USF1	1.0	0	Motif match 100% of max PWM score (strand -, rank 1). ENCODE USF2 ChIP-seq: 1 peak(s) overlap this locus in A549 cells.
chr5:6578781-6578798	BCL11A	ESR1	0.44	0	Motif match 76% of max PWM score (strand +, rank 1). No ENCODE ChIP-seq data for U2OS cells. Motif-based prediction.
chr12:2683088-2683107	CTCF	CTCF	0.51	1	Motif match 71% of max PWM score (strand +, rank 3). ENCODE CTCF ChIP-seq: 2 peak(s) overlap this locus in mammary-epithelial-cells cells. HIC2 has higher motif score (98%) but no ENCODE evidence in mammary-epithelial-cells.
chr11:12421756-12421773	NKX2-8	AR	0.41	0	Motif match 74% of max PWM score (strand +, rank 1). No ENCODE ChIP-seq data for pc3-r1881 cells. Motif-based prediction.
chr1:183481094-183481109	SPI1	IRF4	1.0	0	Motif match 100% of max PWM score (strand -, rank 1). ENCODE SPI1 ChIP-seq: 1 peak(s) overlap this locus in GM12878 cells.
chr19:38427509-38427524	ZNF549	MAF	0.24	0	Motif match 49% of max PWM score (strand +, rank 1). No ENCODE ChIP-seq data for Th17-cells cells. Motif-based prediction.
chr20:61229322-61229341	CTCFL	CTCF	0.28	0	Motif match 56% of max PWM score (strand -, rank 1). No ENCODE ChIP-seq data for THP-1 cells. Motif-based prediction.
chr13:113009944-113009961	TEAD4	AR	0.29	0	Motif match 58% of max PWM score (strand -, rank 1). No ENCODE ChIP-seq data for lncap-dht-tnfa cells. Motif-based prediction.
chr10:79473822-79473830	TEAD4	TEAD3	0.85	0	Motif match 100% of max PWM score (strand +, rank 1). No ENCODE peak overlap at this locus in HepG2 cells. Motif-based prediction.
chr1:227299903-227299915	FOXL1	FOXA1	0.56	0	Motif match 85% of max PWM score (strand +, rank 1). No ENCODE ChIP-seq overlap for this TF in MCF7 cells (6 other TF(s) have peaks here). Motif-based prediction.
chr4:124334221-124334240	CTCF	CTCF	0.72	1	Motif match 83% of max PWM score (strand +, rank 3). ENCODE CTCF ChIP-seq: 2 peak(s) overlap this locus in HepG2 cells. ZNF354C has higher motif score (98%) but no ENCODE evidence in HepG2.
chr7:102192096-102192109	BHLHE22	TCF4	0.85	0	Motif match 100% of max PWM score (strand +, rank 1). No ENCODE ChIP-seq data for SU-DHL-2 cells. Motif-based prediction.
chr1:86768402-86768422	NFATC3	SPI1	0.85	0	Motif match 100% of max PWM score (strand -, rank 1). No ENCODE ChIP-seq data for monocyte-derived-macrophages cells. Motif-based prediction.
chr3:130893066-130893085	CTCF	CTCF	0.83	1	Motif match 87% of max PWM score (strand -, rank 1). ENCODE CTCF ChIP-seq: 3 peak(s) overlap this locus in A549 cells.
chr13:50521953-50521963	CEBPD	CEBPB	0.49	0	Motif match 78% of max PWM score (strand +, rank 1). No ENCODE ChIP-seq data for SUM159PT cells. Motif-based prediction.
chr9:135797797-135797811	KLF4	EGR1	0.8	0	Motif match 100% of max PWM score (strand +, rank 1). No ENCODE ChIP-seq overlap for this TF in MCF-7 cells (7 other TF(s) have peaks here). Motif-based prediction.
chr20:32901531-32901550	ZNF692	CTCF	0.52	0	Motif match 83% of max PWM score (strand -, rank 1). No ENCODE ChIP-seq overlap for this TF in MCF-7 cells (1 other TF(s) have peaks here). Motif-based prediction.
chr3:89852212-89852231	NKX2-3	CTCF	0.5	0	Motif match 82% of max PWM score (strand -, rank 1). No ENCODE ChIP-seq overlap for this TF in HepG2 cells (3 other TF(s) have peaks here). Motif-based prediction.
chr8:1409076-1409088	ZNF417	MYCN	0.27	0	Motif match 55% of max PWM score (strand +, rank 1). No ENCODE ChIP-seq data for NB-1643 cells. Motif-based prediction.
chr8:144767526-144767540	FOS	JUN	0.85	0	Motif match 100% of max PWM score (strand +, rank 1). No ENCODE ChIP-seq data for HUVEC-C cells. Motif-based prediction.
chr14:79228181-79228194	GATA3	GATA6	0.33	0	Motif match 66% of max PWM score (strand +, rank 1). No ENCODE ChIP-seq data for WA01 cells. Motif-based prediction.
chr2:134402476-134402488	MNX1	JUN	0.81	0	Motif match 98% of max PWM score (strand -, rank 1). No ENCODE ChIP-seq data for MCF10A-ER-Src cells. Motif-based prediction.
chr16:87303710-87303721	GABPA	ETV5	0.74	0	Motif match 85% of max PWM score (strand +, rank 6). ENCODE GABPA ChIP-seq: 1 peak(s) overlap this locus in HepG2 cells. IKZF2 has higher motif score (100%) but no ENCODE evidence in HepG2.
chrX:38220158-38220177	VEZF1	CTCF	0.85	0	Motif match 100% of max PWM score (strand -, rank 1). No ENCODE ChIP-seq data for upper-lobe-of-left-lung cells. Motif-based prediction.
chr5:87412966-87412976	NFATC3	ELK1	0.7	0	Motif match 94% of max PWM score (strand -, rank 1). No ENCODE ChIP-seq overlap for this TF in HeLa-S3 cells (4 other TF(s) have peaks here). Motif-based prediction.
chr8:86108818-86108826	GATA3	GATA3	0.76	1	Motif match 86% of max PWM score (strand +, rank 2). ENCODE GATA3 ChIP-seq: 1 peak(s) overlap this locus in MCF-7 cells.
chr7:16432310-16432329	THAP1	CTCF	0.63	0	Motif match 87% of max PWM score (strand +, rank 1). No ENCODE peak overlap at this locus in T47D cells. Motif-based prediction.
chr16:10364444-10364455	RUNX2	RUNX1	0.4	0	Motif match 73% of max PWM score (strand +, rank 1). No ENCODE ChIP-seq data for pre-B-lymphoblast-cells-with-BCP-ALL cells. Motif-based prediction.
chr13:50513292-50513300	GATA5	GATA3	0.65	0	Motif match 88% of max PWM score (strand +, rank 1). No ENCODE ChIP-seq data for cd4-th2 cells. Motif-based prediction.
chr4:7722142-7722161	ZNF417	CTCF	0.85	0	Motif match 100% of max PWM score (strand -, rank 1). No ENCODE peak overlap at this locus in SUDHL6 cells. Motif-based prediction.
chr7:14850251-14850263	BATF	FOS	0.85	0	Motif match 100% of max PWM score (strand +, rank 1). No ENCODE ChIP-seq data for MCF10A-ER-Src cells. Motif-based prediction.
chr2:23294456-23294475	ZNF549	CTCF	0.32	0	Motif match 63% of max PWM score (strand +, rank 1). No ENCODE peak overlap at this locus in OCI-LY7 cells. Motif-based prediction.
chr6:27807907-27807917	SRY	CEBPB	0.85	0	Motif match 100% of max PWM score (strand +, rank 1). No ENCODE ChIP-seq data for SUM159PT cells. Motif-based prediction.
chr8:25600030-25600041	SRY	FOXA2	0.59	0	Motif match 88% of max PWM score (strand +, rank 1). No ENCODE ChIP-seq overlap for this TF in HepG2 cells (8 other TF(s) have peaks here). Motif-based prediction.
chr6:105326300-105326315	NR1I3	RXRA	0.66	0	Motif match 92% of max PWM score (strand -, rank 1). No ENCODE ChIP-seq overlap for this TF in liver cells (9 other TF(s) have peaks here). Motif-based prediction.
chr8:37814781-37814800	CTCFL	CTCF	0.85	0	Motif match 100% of max PWM score (strand +, rank 1). No ENCODE ChIP-seq data for epidermal-keratinocytes cells. Motif-based prediction.
chr17:83075454-83075465	MEIS3	JUN	0.45	0	Motif match 76% of max PWM score (strand +, rank 1). No ENCODE ChIP-seq data for MCF10A-ER-Src cells. Motif-based prediction.
chr5:72269340-72269359	CTCF	CTCF	0.63	1	Motif match 78% of max PWM score (strand -, rank 3). ENCODE CTCF ChIP-seq: 1 peak(s) overlap this locus in DND-41 cells. CTCFL has higher motif score (100%) but no ENCODE evidence in DND-41.
chr1:30782137-30782156	ZNF354C	CTCF	0.85	0	Motif match 100% of max PWM score (strand +, rank 1). No ENCODE ChIP-seq data for MCF7L-P-immortalized-breast-epithelial-cell-line- cells. Motif-based prediction.
chr11:122781588-122781607	CTCFL	CTCF	0.85	0	Motif match 100% of max PWM score (strand -, rank 1). No ENCODE ChIP-seq data for gm18486 cells. Motif-based prediction.
chr17:44070775-44070785	FEZF2	TFAP4	0.25	0	Motif match 49% of max PWM score (strand -, rank 1). No ENCODE ChIP-seq data for COLO-320 cells. Motif-based prediction.
chr7:87534304-87534318	CEBPA	CEBPA	0.85	1	Motif match 100% of max PWM score (strand -, rank 1). No ENCODE ChIP-seq data for THP-1 cells. Motif-based prediction.
chr5:1346946-1346960	FOSL1	JUN	0.27	0	Motif match 55% of max PWM score (strand +, rank 1). No ENCODE peak overlap at this locus in A549 cells. Motif-based prediction.
chr4:37089880-37089900	IKZF2	SPI1	0.85	0	Motif match 100% of max PWM score (strand -, rank 1). No ENCODE ChIP-seq data for MDM-monocyte-derived-macrophages- cells. Motif-based prediction.
chr19:12775699-12775718	NR2C1	CTCF	0.84	0	Motif match 100% of max PWM score (strand +, rank 1). No ENCODE ChIP-seq data for lymphocyte-blood cells. Motif-based prediction.
chr10:101042712-101042727	HIC2	NR2F6	0.8	0	Motif match 100% of max PWM score (strand +, rank 1). No ENCODE ChIP-seq overlap for this TF in K562 cells (14 other TF(s) have peaks here). Motif-based prediction.
chr8:50625328-50625348	RBPJ	SPI1	0.85	0	Motif match 100% of max PWM score (strand -, rank 1). No ENCODE ChIP-seq data for MDM-monocyte-derived-macrophages- cells. Motif-based prediction.
chr18:5237265-5237277	FOXL1	FOXA1	0.8	0	Motif match 97% of max PWM score (strand +, rank 1). No ENCODE ChIP-seq data for lncap-dht-tnfa cells. Motif-based prediction.
chr22:28597845-28597859	YY2	CEBPA	0.45	0	Motif match 76% of max PWM score (strand +, rank 1). No ENCODE ChIP-seq data for Kasumi-1 cells. Motif-based prediction.
chr4:10006454-10006471	MEIS3	AR	0.29	0	Motif match 58% of max PWM score (strand +, rank 1). No ENCODE peak overlap at this locus in VCaP cells. Motif-based prediction.
chr2:202494590-202494602	FOXD1	FOXA1	0.85	0	Motif match 100% of max PWM score (strand -, rank 1). No ENCODE ChIP-seq data for zr751 cells. Motif-based prediction.
chrX:2450974-2450984	FOS	JUN	0.29	0	Motif match 57% of max PWM score (strand +, rank 1). No ENCODE ChIP-seq data for definitive-endoderm-from-HUES8 cells. Motif-based prediction.
chr2:68837444-68837463	CTCFL	CTCF	0.35	0	Motif match 69% of max PWM score (strand -, rank 1). No ENCODE peak overlap at this locus in LNCaP cells. Motif-based prediction.
chr11:46942337-46942353	KLF2	KLF9	0.7	0	Motif match 94% of max PWM score (strand -, rank 1). No ENCODE ChIP-seq overlap for this TF in MCF-7 cells (4 other TF(s) have peaks here). Motif-based prediction.
chr11:88484962-88484981	HIC2	CTCF	0.61	0	Motif match 86% of max PWM score (strand -, rank 1). No ENCODE ChIP-seq data for THP-1 cells. Motif-based prediction.
chr16:4416531-4416544	HINFP	E2F6	0.76	0	Motif match 98% of max PWM score (strand -, rank 1). No ENCODE ChIP-seq overlap for this TF in K562 cells (41 other TF(s) have peaks here). Motif-based prediction.
chr9:114352137-114352154	DMRTA2	AR	0.78	0	Motif match 96% of max PWM score (strand -, rank 1). No ENCODE peak overlap at this locus in LNCaP cells. Motif-based prediction.
chr7:12675032-12675051	ZNF692	CTCF	0.26	0	Motif match 62% of max PWM score (strand +, rank 1). No ENCODE ChIP-seq overlap for this TF in keratinocyte cells (1 other TF(s) have peaks here). Motif-based prediction.
chr11:126194304-126194323	ZNF549	CTCF	0.35	0	Motif match 69% of max PWM score (strand +, rank 1). No ENCODE ChIP-seq data for GM19099 cells. Motif-based prediction.
chr22:37592712-37592731	SP5	CTCF	0.85	0	Motif match 100% of max PWM score (strand +, rank 1). No ENCODE ChIP-seq data for thyroid-gland cells. Motif-based prediction.
chr16:66278795-66278807	FOXA1	FOXA1	0.72	1	Motif match 83% of max PWM score (strand +, rank 20). ENCODE FOXA1 ChIP-seq: 1 peak(s) overlap this locus in MCF7 cells. FOXD1 has higher motif score (100%) but no ENCODE evidence in MCF7.
chr20:50464417-50464436	NKX2-3	CTCF	0.55	0	Motif match 82% of max PWM score (strand -, rank 1). No ENCODE ChIP-seq data for THP-1 cells. Motif-based prediction.
chr3:157572739-157572758	CTCFL	CTCF	0.85	0	Motif match 100% of max PWM score (strand -, rank 1). No ENCODE ChIP-seq data for HT1080 cells. Motif-based prediction.
chr18:71776037-71776048	BARHL2	FOXA2	0.85	0	Motif match 100% of max PWM score (strand +, rank 1). No ENCODE ChIP-seq data for islet cells. Motif-based prediction.
chrX:24561335-24561354	VEZF1	CTCF	0.35	0	Motif match 70% of max PWM score (strand +, rank 1). No ENCODE ChIP-seq data for THP-1 cells. Motif-based prediction.
chr22:36331699-36331712	FOSL2	JUND	0.91	0	Motif match 94% of max PWM score (strand -, rank 6). ENCODE FOSL2 ChIP-seq: 1 peak(s) overlap this locus in HepG2 cells. BATF has higher motif score (100%) but no ENCODE evidence in HepG2.
chr11:3583624-3583638	TFAP2A	TFAP2C	0.29	0	Motif match 58% of max PWM score (strand -, rank 1). No ENCODE ChIP-seq data for UCLA1-hESCs cells. Motif-based prediction.
chr6:102422771-102422788	PGR	NR3C1	0.71	0	Motif match 92% of max PWM score (strand +, rank 1). No ENCODE peak overlap at this locus in LNCaP cells. Motif-based prediction.
chr8:105538017-105538029	MEIS3	FOXA1	0.55	0	Motif match 82% of max PWM score (strand +, rank 1). No ENCODE peak overlap at this locus in LNCaP cells. Motif-based prediction.
chr6:155127295-155127311	HIC2	KLF9	0.39	0	Motif match 73% of max PWM score (strand -, rank 1). No ENCODE ChIP-seq data for gbm1a cells. Motif-based prediction.
chr6:42572146-42572158	FOXD1	FOXA1	0.85	0	Motif match 100% of max PWM score (strand +, rank 1). No ENCODE peak overlap at this locus in LNCaP cells. Motif-based prediction.
chr15:74771234-74771253	CTCF	CTCF	0.76	1	Motif match 86% of max PWM score (strand +, rank 1). ENCODE CTCF ChIP-seq: 2 peak(s) overlap this locus in HepG2 cells.
chrY:2883543-2883558	EBF1	EBF1	0.68	1	Motif match 90% of max PWM score (strand +, rank 1). No ENCODE ChIP-seq data for mutul cells. Motif-based prediction.
chr2:157989361-157989380	HIC2	CTCF	0.56	0	Motif match 86% of max PWM score (strand +, rank 1). No ENCODE ChIP-seq overlap for this TF in K562 cells (2 other TF(s) have peaks here). Motif-based prediction.
chr15:78397235-78397252	NR2C2	ESR1	0.85	0	Motif match 100% of max PWM score (strand +, rank 1). No ENCODE ChIP-seq data for MDA-MB-134 cells. Motif-based prediction.
chr2:24597030-24597047	PGR	AR	0.77	0	Motif match 95% of max PWM score (strand +, rank 1). No ENCODE ChIP-seq data for LNCaP95 cells. Motif-based prediction.
chr5:139724647-139724666	SP5	CTCF	0.85	0	Motif match 100% of max PWM score (strand -, rank 1). No ENCODE ChIP-seq data for GM19239 cells. Motif-based prediction.
chr10:79162975-79162989	HOXB2	JUN	0.33	0	Motif match 67% of max PWM score (strand -, rank 1). No ENCODE ChIP-seq data for MDA-MB-231p27CK-DD cells. Motif-based prediction.
chr6:17213036-17213048	FOXL1	FOXA1	0.61	0	Motif match 85% of max PWM score (strand +, rank 1). No ENCODE ChIP-seq data for lncap-etoh cells. Motif-based prediction.
chr5:28336194-28336206	FOXD1	FOXA1	0.85	0	Motif match 100% of max PWM score (strand -, rank 1). No ENCODE ChIP-seq data for lncap-abl-shctr cells. Motif-based prediction.
chr1:147890376-147890395	CTCF	CTCF	0.63	1	Motif match 75% of max PWM score (strand -, rank 3). ENCODE CTCF ChIP-seq: 4 peak(s) overlap this locus in A549 cells. CTCFL has higher motif score (82%) but no ENCODE evidence in A549.
chr13:64727225-64727236	GATA3	GATA2	0.52	0	Motif match 80% of max PWM score (strand -, rank 1). No ENCODE peak overlap at this locus in lncap cells. Motif-based prediction.
chr10:120965942-120965955	ZEB1	SNAI2	0.85	0	Motif match 100% of max PWM score (strand -, rank 1). No ENCODE ChIP-seq data for keratinocytes-lacz cells. Motif-based prediction.
chr13:33446953-33446965	POU5F1	FOXA1	0.51	0	Motif match 80% of max PWM score (strand -, rank 1). No ENCODE peak overlap at this locus in LNCaP cells. Motif-based prediction.
chr6:40359900-40359914	TFAP2A	TFAP2C	0.53	0	Motif match 81% of max PWM score (strand -, rank 1). No ENCODE ChIP-seq data for bt474 cells. Motif-based prediction.
chr15:87579106-87579118	MEIS3	FOXA1	0.6	0	Motif match 85% of max PWM score (strand +, rank 1). No ENCODE ChIP-seq data for mcf7-e2 cells. Motif-based prediction.
chr19:57240510-57240523	ZEB1	TCF4	0.85	0	Motif match 100% of max PWM score (strand -, rank 1). No ENCODE ChIP-seq data for SU-DHL-2 cells. Motif-based prediction.
chr12:91618527-91618539	FOXL1	FOXA1	0.56	0	Motif match 85% of max PWM score (strand -, rank 1). No ENCODE ChIP-seq overlap for this TF in MCF7 cells (10 other TF(s) have peaks here). Motif-based prediction.
chr6:87923095-87923105	CEBPD	TBX21	0.3	0	Motif match 60% of max PWM score (strand +, rank 1). No ENCODE ChIP-seq data for cd4-th1 cells. Motif-based prediction.
chr8:123899665-123899675	NR4A1	JUND	0.29	0	Motif match 67% of max PWM score (strand -, rank 1). No ENCODE ChIP-seq overlap for this TF in liver cells (5 other TF(s) have peaks here). Motif-based prediction.
chr4:142434725-142434744	HIC2	CTCF	0.3	0	Motif match 60% of max PWM score (strand +, rank 1). No ENCODE ChIP-seq data for MOLM-13-acute-monocytic-leukemia-AML cells. Motif-based prediction.
chr10:36254449-36254466	MSANTD3	AR	0.31	0	Motif match 62% of max PWM score (strand -, rank 1). No ENCODE peak overlap at this locus in lncap cells. Motif-based prediction.
chr1:200803068-200803087	CTCF	CTCF	0.88	1	Motif match 90% of max PWM score (strand -, rank 3). ENCODE CTCF ChIP-seq: 5 peak(s) overlap this locus in transverse-colon cells. ZEB1 has higher motif score (100%) but no ENCODE evidence in transverse-colon.
chr20:49385258-49385277	CTCFL	CTCF	0.85	0	Motif match 100% of max PWM score (strand +, rank 1). No ENCODE ChIP-seq data for HUES64 cells. Motif-based prediction.
chr4:168662774-168662789	NR2F2	RXRA	0.8	0	Motif match 100% of max PWM score (strand -, rank 1). No ENCODE ChIP-seq overlap for this TF in liver cells (11 other TF(s) have peaks here). Motif-based prediction.
chr9:132012931-132012945	CEBPD	NR2F6	0.45	0	Motif match 79% of max PWM score (strand -, rank 1). No ENCODE ChIP-seq overlap for this TF in HepG2 cells (19 other TF(s) have peaks here). Motif-based prediction.
chr18:79497319-79497338	TFAP2E	CTCF	0.63	0	Motif match 87% of max PWM score (strand +, rank 1). No ENCODE ChIP-seq data for OCI-LY1 cells. Motif-based prediction.
chr9:83441506-83441518	GSC2	OTX2	0.5	0	Motif match 79% of max PWM score (strand -, rank 1). No ENCODE ChIP-seq data for D283-Med cells. Motif-based prediction.
chr2:195364306-195364314	MNX1	LHX9	0.76	0	Motif match 98% of max PWM score (strand -, rank 1). No ENCODE ChIP-seq overlap for this TF in HCT-116 cells (1 other TF(s) have peaks here). Motif-based prediction.
chr1:15456674-15456692	GATA2	GATA1	0.57	0	Motif match 83% of max PWM score (strand -, rank 1). No ENCODE ChIP-seq data for CD34 cells. Motif-based prediction.
chr7:129402454-129402473	ZNF317	CTCF	0.47	0	Motif match 80% of max PWM score (strand +, rank 1). No ENCODE ChIP-seq overlap for this TF in K562 cells (29 other TF(s) have peaks here). Motif-based prediction.
chr9:88850740-88850752	CEBPD	CEBPA	0.5	0	Motif match 79% of max PWM score (strand -, rank 1). No ENCODE ChIP-seq data for Kasumi-1 cells. Motif-based prediction.
chr17:40341416-40341426	BNC2	JUN	0.27	0	Motif match 54% of max PWM score (strand -, rank 1). No ENCODE ChIP-seq data for MDA-MB-231p27CK-DD cells. Motif-based prediction.
chr4:186068093-186068105	FOXP3	FOXA1	0.56	0	Motif match 83% of max PWM score (strand -, rank 1). No ENCODE ChIP-seq data for vcap-dht24h cells. Motif-based prediction.
chr2:84396554-84396573	ZEB1	CTCF	0.85	0	Motif match 100% of max PWM score (strand +, rank 1). No ENCODE peak overlap at this locus in WERI-Rb-1 cells. Motif-based prediction.
chr15:42143599-42143613	RFX1	RFX1	0.6	1	Motif match 73% of max PWM score (strand +, rank 4). ENCODE RFX1 ChIP-seq: 3 peak(s) overlap this locus in MCF7 cells. DMRTA2 has higher motif score (84%) but no ENCODE evidence in MCF7.
chr3:79307177-79307189	GATA5	GATA4	0.82	0	Motif match 98% of max PWM score (strand -, rank 1). No ENCODE ChIP-seq data for HUES64 cells. Motif-based prediction.
chr13:61525441-61525460	ZBTB7C	CTCF	0.61	0	Motif match 86% of max PWM score (strand -, rank 1). No ENCODE ChIP-seq data for THP-1 cells. Motif-based prediction.
chr15:68631918-68631937	SP5	CTCF	0.85	0	Motif match 100% of max PWM score (strand -, rank 1). No ENCODE ChIP-seq data for gm2630 cells. Motif-based prediction.
chr2:241391082-241391100	HOXB6	TP63	0.33	0	Motif match 66% of max PWM score (strand +, rank 1). No ENCODE ChIP-seq data for kyse70 cells. Motif-based prediction.
chr11:130414835-130414855	IKZF2	SPI1	0.85	0	Motif match 100% of max PWM score (strand +, rank 1). No ENCODE ChIP-seq data for THP-1 cells. Motif-based prediction.
chrX:134396380-134396399	NKX2-4	CTCF	0.32	0	Motif match 64% of max PWM score (strand -, rank 1). No ENCODE ChIP-seq data for breast-epithelial-cells cells. Motif-based prediction.
chr2:226031554-226031566	FOXP1	FOXA1	1.0	0	Motif match 100% of max PWM score (strand -, rank 11). ENCODE FOXP1 ChIP-seq: 2 peak(s) overlap this locus in HepG2 cells. FOXD1 has higher motif score (100%) but no ENCODE evidence in HepG2.
chr8:130518873-130518885	EBF3	TFAP2C	0.5	0	Motif match 79% of max PWM score (strand +, rank 1). No ENCODE ChIP-seq data for UCLA1-hESCs cells. Motif-based prediction.
chr3:94063308-94063323	GSC2	MAF	0.33	0	Motif match 67% of max PWM score (strand +, rank 1). No ENCODE ChIP-seq data for Th17-cells cells. Motif-based prediction.
chr17:60677335-60677347	FOXD1	FOXA1	0.85	0	Motif match 100% of max PWM score (strand +, rank 1). No ENCODE peak overlap at this locus in MCF7 cells. Motif-based prediction.
chr3:141303563-141303582	ZNF549	CTCF	0.85	0	Motif match 100% of max PWM score (strand -, rank 1). No ENCODE ChIP-seq data for upper-lobe-of-left-lung cells. Motif-based prediction.
chr3:25573187-25573204	HIC2	NR3C1	0.39	0	Motif match 73% of max PWM score (strand +, rank 1). No ENCODE ChIP-seq data for HASM2 cells. Motif-based prediction.
chr4:82894844-82894862	GRHL2	TP63	0.36	0	Motif match 71% of max PWM score (strand -, rank 1). No ENCODE peak overlap at this locus in keratinocyte-d0 cells. Motif-based prediction.
chr10:7428869-7428883	ATF4	CEBPA	0.4	0	Motif match 73% of max PWM score (strand -, rank 1). No ENCODE ChIP-seq data for U937 cells. Motif-based prediction.
chr4:10018940-10018959	CTCFL	CTCF	0.35	0	Motif match 69% of max PWM score (strand -, rank 1). No ENCODE ChIP-seq data for gastroesophageal-sphincter cells. Motif-based prediction.
chr1:80188752-80188766	ZNF770	WT1	0.7	0	Motif match 91% of max PWM score (strand -, rank 1). No ENCODE peak overlap at this locus in K562 cells. Motif-based prediction.
chr5:42876657-42876668	GATA2	GATA1	1.0	0	Motif match 100% of max PWM score (strand -, rank 1). ENCODE GATA2 ChIP-seq: 3 peak(s) overlap this locus in K562 cells.
chr3:46046352-46046373	ZKSCAN1	REST	0.37	0	Motif match 71% of max PWM score (strand +, rank 1). No ENCODE ChIP-seq data for Jurkat cells. Motif-based prediction.
chr8:87899949-87899959	CEBPD	CEBPB	0.5	0	Motif match 79% of max PWM score (strand +, rank 1). No ENCODE peak overlap at this locus in IMR-90 cells. Motif-based prediction.
chr8:17075412-17075422	BATF	FOSL2	0.85	0	Motif match 100% of max PWM score (strand -, rank 1). No ENCODE ChIP-seq data for LPS141 cells. Motif-based prediction.
chr16:79924159-79924173	CDX2	ONECUT2	0.48	0	Motif match 78% of max PWM score (strand +, rank 1). No ENCODE peak overlap at this locus in LNCaP cells. Motif-based prediction.
chr20:43955541-43955561	IKZF2	SPI1	0.85	0	Motif match 100% of max PWM score (strand +, rank 1). No ENCODE ChIP-seq data for cd34-adult cells. Motif-based prediction.
chr7:103074348-103074368	PRDM1	SPI1	0.85	0	Motif match 100% of max PWM score (strand +, rank 1). No ENCODE ChIP-seq data for lcl cells. Motif-based prediction.
chr2:227406291-227406308	MEIS3	ESR1	0.6	0	Motif match 85% of max PWM score (strand -, rank 1). No ENCODE ChIP-seq data for MCF7-TamR cells. Motif-based prediction.
chr2:101559798-101559808	ETS2	FLI1	0.72	0	Motif match 92% of max PWM score (strand +, rank 1). No ENCODE ChIP-seq data for HUVEC-C cells. Motif-based prediction.
chr8:141131056-141131070	IKZF1	ETV1	0.53	0	Motif match 81% of max PWM score (strand +, rank 1). No ENCODE ChIP-seq data for COLO800 cells. Motif-based prediction.
chr17:70661770-70661783	NR1I3	HNF4A	0.8	0	Motif match 100% of max PWM score (strand +, rank 1). No ENCODE ChIP-seq overlap for this TF in liver cells (9 other TF(s) have peaks here). Motif-based prediction.
chr17:10119981-10120000	HIC2	CTCF	0.61	0	Motif match 86% of max PWM score (strand -, rank 1). No ENCODE peak overlap at this locus in pancreas cells. Motif-based prediction.
chr11:94135363-94135383	RELB	SPI1	0.34	0	Motif match 68% of max PWM score (strand +, rank 1). No ENCODE ChIP-seq data for MDM-monocyte-derived-macrophages- cells. Motif-based prediction.
chr9:121213384-121213403	CTCF	CTCF	0.82	1	Motif match 89% of max PWM score (strand +, rank 2). ENCODE CTCF ChIP-seq: 2 peak(s) overlap this locus in HEK293 cells. ZNF354C has higher motif score (98%) but no ENCODE evidence in HEK293.
chr5:17192832-17192843	FOSB	JUN	0.39	0	Motif match 73% of max PWM score (strand +, rank 1). No ENCODE ChIP-seq data for definitive-endoderm-from-HUES8 cells. Motif-based prediction.
chr3:139190130-139190148	MITF	MITF	0.83	1	Motif match 90% of max PWM score (strand -, rank 6). ENCODE MITF ChIP-seq: 1 peak(s) overlap this locus in K562 cells. USF1 has higher motif score (100%) but no ENCODE evidence in K562.
chr2:108928193-108928205	TFAP2E	TFAP2C	0.76	0	Motif match 95% of max PWM score (strand +, rank 1). No ENCODE ChIP-seq data for bt474 cells. Motif-based prediction.
chr9:34667637-34667649	NFYB	MYCN	0.22	0	Motif match 45% of max PWM score (strand +, rank 1). No ENCODE ChIP-seq data for NGP cells. Motif-based prediction.
chr11:122677185-122677196	NKX3-1	JUN	0.53	0	Motif match 84% of max PWM score (strand -, rank 1). No ENCODE ChIP-seq overlap for this TF in A549 cells (1 other TF(s) have peaks here). Motif-based prediction.
chr1:221958451-221958463	GATA5	GATA4	0.67	0	Motif match 89% of max PWM score (strand +, rank 1). No ENCODE peak overlap at this locus in BJ cells. Motif-based prediction.
chr12:77996875-77996894	MXI1	CTCF	0.85	0	Motif match 100% of max PWM score (strand +, rank 1). No ENCODE ChIP-seq data for EOL-1 cells. Motif-based prediction.
chr21:44996792-44996809	NR5A1	ESR1	0.74	0	Motif match 93% of max PWM score (strand +, rank 1). No ENCODE peak overlap at this locus in MCF7 cells. Motif-based prediction.
chr4:115285624-115285640	RBPJ	SIX2	0.85	0	Motif match 100% of max PWM score (strand +, rank 1). No ENCODE ChIP-seq data for fetal-kidney-17w cells. Motif-based prediction.
chr18:58300045-58300057	FOXA2	FOXA1	0.32	0	Motif match 63% of max PWM score (strand +, rank 1). No ENCODE peak overlap at this locus in LNCaP cells. Motif-based prediction.
chr1:1080581-1080591	SMAD2	HAND2	0.85	0	Motif match 100% of max PWM score (strand +, rank 1). No ENCODE ChIP-seq data for Kelly cells. Motif-based prediction.
chr6:170478225-170478238	ZEB1	TCF4	0.85	0	Motif match 100% of max PWM score (strand +, rank 1). No ENCODE ChIP-seq data for TMD8 cells. Motif-based prediction.
chr12:115383849-115383861	FOXP3	FOXA1	0.56	0	Motif match 83% of max PWM score (strand -, rank 1). No ENCODE peak overlap at this locus in LNCaP cells. Motif-based prediction.
chr10:3861184-3861194	CEBPD	CEBPB	0.44	0	Motif match 78% of max PWM score (strand -, rank 1). No ENCODE ChIP-seq overlap for this TF in A549 cells (1 other TF(s) have peaks here). Motif-based prediction.
chr3:154838218-154838238	BCL11A	SPI1	0.39	0	Motif match 76% of max PWM score (strand +, rank 1). No ENCODE ChIP-seq overlap for this TF in HL-60 cells (1 other TF(s) have peaks here). Motif-based prediction.
chr3:23580517-23580529	FOXL1	FOXA1	0.75	0	Motif match 97% of max PWM score (strand +, rank 1). No ENCODE ChIP-seq overlap for this TF in MCF7 cells (7 other TF(s) have peaks here). Motif-based prediction.
chr15:60722427-60722444	FOXL1	AR	0.8	0	Motif match 97% of max PWM score (strand +, rank 1). No ENCODE ChIP-seq data for VCS2 cells. Motif-based prediction.
chr3:160170708-160170728	NFATC3	SPI1	0.85	0	Motif match 100% of max PWM score (strand -, rank 1). No ENCODE ChIP-seq data for lcl cells. Motif-based prediction.
chr11:18616163-18616174	RUNX3	RUNX1	0.23	0	Motif match 46% of max PWM score (strand +, rank 1). No ENCODE ChIP-seq data for bone-marrow cells. Motif-based prediction.
chr3:156176414-156176426	FOXP3	FOXA1	0.56	0	Motif match 83% of max PWM score (strand +, rank 1). No ENCODE ChIP-seq data for MCF7-TamR cells. Motif-based prediction.
chr12:122803782-122803799	HIC2	ESR1	0.77	0	Motif match 98% of max PWM score (strand -, rank 1). No ENCODE ChIP-seq overlap for this TF in MCF7 cells (1 other TF(s) have peaks here). Motif-based prediction.
chr1:195656970-195656985	BATF	MAFK	0.85	0	Motif match 100% of max PWM score (strand -, rank 1). No ENCODE peak overlap at this locus in HeLa-S3 cells. Motif-based prediction.
chr11:94546954-94546973	HIC2	CTCF	0.61	0	Motif match 86% of max PWM score (strand +, rank 1). No ENCODE peak overlap at this locus in gm12878 cells. Motif-based prediction.
chr11:36464946-36464963	FOXL1	AR	0.61	0	Motif match 85% of max PWM score (strand +, rank 1). No ENCODE peak overlap at this locus in LNCaP cells. Motif-based prediction.
chr2:106582735-106582754	ZNF549	CTCF	0.3	0	Motif match 69% of max PWM score (strand +, rank 1). No ENCODE ChIP-seq overlap for this TF in osteoblast cells (1 other TF(s) have peaks here). Motif-based prediction.
chr10:73529519-73529538	ZNF317	CTCF	0.34	0	Motif match 68% of max PWM score (strand +, rank 1). No ENCODE ChIP-seq data for IPSC-derived-bipolar-neuron cells. Motif-based prediction.
chr10:70107412-70107431	ZNF549	CTCF	0.85	0	Motif match 100% of max PWM score (strand +, rank 1). No ENCODE ChIP-seq data for IMR-5 cells. Motif-based prediction.
chr16:24669694-24669707	FOSB	JUN	0.39	0	Motif match 73% of max PWM score (strand +, rank 1). No ENCODE ChIP-seq data for HAEC cells. Motif-based prediction.
chr17:7687630-7687640	EHF	ETS1	0.35	0	Motif match 70% of max PWM score (strand -, rank 1). No ENCODE ChIP-seq data for HUVEC-C cells. Motif-based prediction.
chr22:17329394-17329408	CEBPA	CEBPA	0.32	1	Motif match 65% of max PWM score (strand -, rank 1). No ENCODE ChIP-seq data for mesenchymal-stem-cells-derived-adipocytes cells. Motif-based prediction.
chr9:71170355-71170367	PITX1	OTX2	0.85	0	Motif match 100% of max PWM score (strand +, rank 1). No ENCODE ChIP-seq data for D283-Med cells. Motif-based prediction.
chr4:96133597-96133614	NR2C2	ESR1	0.85	0	Motif match 100% of max PWM score (strand -, rank 1). No ENCODE peak overlap at this locus in MCF7 cells. Motif-based prediction.
chr19:344764-344778	MSANTD3	JUN	0.8	0	Motif match 100% of max PWM score (strand +, rank 1). No ENCODE ChIP-seq overlap for this TF in A549 cells (2 other TF(s) have peaks here). Motif-based prediction.
chr9:93909162-93909174	TFAP2E	TFAP2C	0.65	0	Motif match 88% of max PWM score (strand -, rank 1). No ENCODE ChIP-seq data for skbr3 cells. Motif-based prediction.
chr9:107243923-107243935	FOXA2	FOXA1	0.59	0	Motif match 87% of max PWM score (strand -, rank 1). No ENCODE ChIP-seq overlap for this TF in MCF7 cells (54 other TF(s) have peaks here). Motif-based prediction.
chr22:27406079-27406098	HIC2	CTCF	0.61	0	Motif match 86% of max PWM score (strand -, rank 1). No ENCODE ChIP-seq data for HMEC cells. Motif-based prediction.
chr3:129054752-129054766	ESRRA	NR2F6	0.21	0	Motif match 53% of max PWM score (strand +, rank 1). No ENCODE ChIP-seq overlap for this TF in HepG2 cells (33 other TF(s) have peaks here). Motif-based prediction.
chr18:23889050-23889060	BHLHE22	TFAP4	0.85	0	Motif match 100% of max PWM score (strand +, rank 1). No ENCODE ChIP-seq data for SNU175 cells. Motif-based prediction.
chr19:41792764-41792776	MEIS3	FOXA1	0.55	0	Motif match 85% of max PWM score (strand +, rank 1). No ENCODE ChIP-seq overlap for this TF in MCF7 cells (1 other TF(s) have peaks here). Motif-based prediction.
chr4:177442145-177442156	GABPA	ETV5	0.54	0	Motif match 72% of max PWM score (strand -, rank 3). ENCODE GABPA ChIP-seq: 1 peak(s) overlap this locus in HepG2 cells.
chr7:5200504-5200521	ZNF263	AR	0.31	0	Motif match 63% of max PWM score (strand -, rank 1). No ENCODE ChIP-seq data for vcap-r1881 cells. Motif-based prediction.
chr2:182353859-182353875	EMX1	PHOX2B	0.85	0	Motif match 100% of max PWM score (strand +, rank 1). No ENCODE peak overlap at this locus in BE2C cells. Motif-based prediction.
chr5:20007348-20007360	FOXL1	FOXA1	0.61	0	Motif match 85% of max PWM score (strand +, rank 1). No ENCODE ChIP-seq data for MCF7-TamR cells. Motif-based prediction.
chr22:43143421-43143435	NFATC3	JUN	0.27	0	Motif match 65% of max PWM score (strand -, rank 1). No ENCODE ChIP-seq overlap for this TF in A549 cells (11 other TF(s) have peaks here). Motif-based prediction.
chr4:40046445-40046456	BARHL1	GATA2	0.52	0	Motif match 80% of max PWM score (strand +, rank 1). No ENCODE peak overlap at this locus in lncap cells. Motif-based prediction.
chr1:52925792-52925804	SRY	FOXA1	0.64	0	Motif match 88% of max PWM score (strand -, rank 1). No ENCODE peak overlap at this locus in lncap cells. Motif-based prediction.
chr17:27038901-27038920	NEUROG2	CTCF	0.8	0	Motif match 100% of max PWM score (strand -, rank 1). No ENCODE ChIP-seq overlap for this TF in MCF7 cells (1 other TF(s) have peaks here). Motif-based prediction.
chr6:8006426-8006445	CTCF	CTCF	0.57	1	Motif match 74% of max PWM score (strand -, rank 12). ENCODE CTCF ChIP-seq: 2 peak(s) overlap this locus in HeLa-S3 cells. ZEB1 has higher motif score (100%) but no ENCODE evidence in HeLa-S3.
chr15:90648635-90648650	NR2F2	PPARG	0.43	0	Motif match 75% of max PWM score (strand -, rank 1). No ENCODE ChIP-seq data for subcutaneous-white-adipose-tissue cells. Motif-based prediction.
chr8:67481425-67481440	TFAP2E	EBF1	0.54	0	Motif match 84% of max PWM score (strand +, rank 1). No ENCODE ChIP-seq overlap for this TF in GM12878 cells (7 other TF(s) have peaks here). Motif-based prediction.
chr11:8225747-8225766	CTCF	CTCF	0.96	1	Motif match 95% of max PWM score (strand +, rank 3). ENCODE CTCF ChIP-seq: 4 peak(s) overlap this locus in LNCaP cells. ZEB1 has higher motif score (100%) but no ENCODE evidence in LNCaP.
chr3:49813728-49813738	BHLHE22	TFAP4	0.85	0	Motif match 100% of max PWM score (strand +, rank 1). No ENCODE ChIP-seq data for kasumi1 cells. Motif-based prediction.
chr20:53217262-53217281	CTCF	CTCF	0.9	1	Motif match 91% of max PWM score (strand -, rank 1). ENCODE CTCF ChIP-seq: 4 peak(s) overlap this locus in K562 cells.
chr22:32649523-32649535	BHLHE22	MYF5	0.85	0	Motif match 100% of max PWM score (strand +, rank 1). No ENCODE ChIP-seq data for RH18 cells. Motif-based prediction.
chr2:134823539-134823556	NR2C2	ESR1	0.85	0	Motif match 100% of max PWM score (strand -, rank 1). No ENCODE ChIP-seq data for zr751-e2-tam cells. Motif-based prediction.
chr19:6736702-6736721	ZFP57	CTCF	0.33	0	Motif match 67% of max PWM score (strand +, rank 1). No ENCODE ChIP-seq data for MDM-monocyte-derived-macrophages- cells. Motif-based prediction.
chr5:119379302-119379316	POU5F1	TCF7L2	0.33	0	Motif match 67% of max PWM score (strand +, rank 1). No ENCODE ChIP-seq data for HUES64 cells. Motif-based prediction.
chr10:97890118-97890135	CLOCK	ESR1	0.85	0	Motif match 100% of max PWM score (strand +, rank 1). No ENCODE peak overlap at this locus in MCF10A cells. Motif-based prediction.
chr4:83267588-83267598	JUND	JUNB	0.71	0	Motif match 83% of max PWM score (strand -, rank 8). ENCODE JUND ChIP-seq: 1 peak(s) overlap this locus in A549 cells. BATF has higher motif score (100%) but no ENCODE evidence in A549.
chr5:115993088-115993102	EMX1	JUN	0.85	0	Motif match 100% of max PWM score (strand +, rank 1). No ENCODE ChIP-seq data for HAEC cells. Motif-based prediction.
chr4:153794202-153794214	ONECUT1	FOXA1	0.33	0	Motif match 66% of max PWM score (strand +, rank 1). No ENCODE peak overlap at this locus in c42b cells. Motif-based prediction.
chr12:124640286-124640296	BATF	FOSL2	0.85	0	Motif match 100% of max PWM score (strand +, rank 1). No ENCODE ChIP-seq data for LPS141 cells. Motif-based prediction.
chr1:14804732-14804744	FOXO4	FOXA1	0.58	0	Motif match 84% of max PWM score (strand +, rank 1). No ENCODE ChIP-seq data for vcap-etoh cells. Motif-based prediction.
chr11:66846966-66846979	BATF	JUN	0.85	0	Motif match 100% of max PWM score (strand -, rank 1). No ENCODE ChIP-seq data for HAEC cells. Motif-based prediction.
chr8:39841139-39841155	SHOX	PHOX2B	0.52	0	Motif match 80% of max PWM score (strand +, rank 1). No ENCODE ChIP-seq data for Kelly cells. Motif-based prediction.
chr7:73667608-73667622	TFAP2E	TFAP2C	0.63	0	Motif match 87% of max PWM score (strand -, rank 1). No ENCODE ChIP-seq data for bt474 cells. Motif-based prediction.
chr3:127546720-127546733	HNF4G	HNF4G	0.66	1	Motif match 80% of max PWM score (strand +, rank 2). ENCODE HNF4G ChIP-seq: 1 peak(s) overlap this locus in liver cells. ZNF354C has higher motif score (88%) but no ENCODE evidence in liver.
chr7:32043096-32043115	HIC2	CTCF	0.64	0	Motif match 88% of max PWM score (strand -, rank 1). No ENCODE ChIP-seq data for THP-1 cells. Motif-based prediction.
chr11:106463242-106463254	PITX1	OTX2	0.85	0	Motif match 100% of max PWM score (strand +, rank 1). No ENCODE ChIP-seq data for D283-Med cells. Motif-based prediction.
chr10:97778361-97778378	ZKSCAN1	NR3C1	0.79	0	Motif match 97% of max PWM score (strand -, rank 1). No ENCODE ChIP-seq data for SUP-B15 cells. Motif-based prediction.
chr14:35050818-35050832	IKZF1	ELF3	0.38	0	Motif match 75% of max PWM score (strand +, rank 1). No ENCODE ChIP-seq overlap for this TF in HepG2 cells (27 other TF(s) have peaks here). Motif-based prediction.
chr3:27307824-27307835	SOX18	SOX2	0.66	0	Motif match 89% of max PWM score (strand -, rank 1). No ENCODE ChIP-seq data for bj-induced cells. Motif-based prediction.
chr4:148018465-148018477	FOXD1	FOXA1	0.85	0	Motif match 100% of max PWM score (strand +, rank 1). No ENCODE ChIP-seq data for lncap-abl cells. Motif-based prediction.
chr21:25039937-25039956	HIC2	CTCF	0.61	0	Motif match 86% of max PWM score (strand +, rank 1). No ENCODE ChIP-seq data for HeLa-Kyoto cells. Motif-based prediction.
chr8:37311360-37311368	GATA3	GATA3	0.27	1	Motif match 63% of max PWM score (strand -, rank 1). No ENCODE ChIP-seq overlap for this TF in SK-N-SH cells (1 other TF(s) have peaks here). Motif-based prediction.
chr10:96229708-96229727	CTCFL	CTCF	0.85	0	Motif match 100% of max PWM score (strand +, rank 1). No ENCODE ChIP-seq data for RO01746 cells. Motif-based prediction.
chr1:198890776-198890788	TFAP2E	TFAP2A	0.71	0	Motif match 95% of max PWM score (strand +, rank 1). No ENCODE ChIP-seq overlap for this TF in MCF7 cells (12 other TF(s) have peaks here). Motif-based prediction.
chr3:53630820-53630831	FOXP3	FOXA2	0.31	0	Motif match 62% of max PWM score (strand +, rank 1). No ENCODE peak overlap at this locus in HepG2 cells. Motif-based prediction.
chr6:143738485-143738496	FOS	FOS	1.0	1	Motif match 100% of max PWM score (strand +, rank 1). ENCODE FOS ChIP-seq: 1 peak(s) overlap this locus in MCF7 cells.
chr19:49813608-49813620	YY1	YY1	0.47	1	Motif match 77% of max PWM score (strand +, rank 1). No ENCODE ChIP-seq data for lymphoblastoid-cells cells. Motif-based prediction.
chr1:28096557-28096569	FOXD1	FOXA1	0.85	0	Motif match 100% of max PWM score (strand -, rank 1). No ENCODE peak overlap at this locus in VCaP cells. Motif-based prediction.
chr11:130399034-130399048	HOXA13	HOXB13	0.53	0	Motif match 81% of max PWM score (strand -, rank 1). No ENCODE ChIP-seq data for LNCaP95 cells. Motif-based prediction.
chr2:55923579-55923589	KLF6	KLF5	0.27	0	Motif match 54% of max PWM score (strand +, rank 1). No ENCODE ChIP-seq data for BICR31-Tongue-squamous-cell-carcinoma-cell- cells. Motif-based prediction.
chr10:96691359-96691378	HIC2	CTCF	0.77	0	Motif match 98% of max PWM score (strand +, rank 1). No ENCODE ChIP-seq overlap for this TF in MCF-7 cells (1 other TF(s) have peaks here). Motif-based prediction.
chr15:95247257-95247274	BATF	ESR1	0.85	0	Motif match 100% of max PWM score (strand +, rank 1). No ENCODE ChIP-seq data for mcf7-shfoxa1-e2 cells. Motif-based prediction.
chr14:23370376-23370389	BATF	FOSL1	0.85	0	Motif match 100% of max PWM score (strand +, rank 1). No ENCODE peak overlap at this locus in K562 cells. Motif-based prediction.
chr13:65254835-65254845	FOS	JUNB	0.85	0	Motif match 100% of max PWM score (strand +, rank 1). No ENCODE ChIP-seq data for MCF10A-ER-Src cells. Motif-based prediction.
chr1:220879231-220879242	ARNT	MAX	0.49	0	Motif match 82% of max PWM score (strand -, rank 1). No ENCODE ChIP-seq overlap for this TF in liver cells (7 other TF(s) have peaks here). Motif-based prediction.
chr8:125726869-125726879	NFATC3	ERG	0.32	0	Motif match 65% of max PWM score (strand -, rank 1). No ENCODE ChIP-seq data for Kasumi-1 cells. Motif-based prediction.
chr10:61841730-61841744	VDR	TFAP2A	0.26	0	Motif match 53% of max PWM score (strand -, rank 1). No ENCODE peak overlap at this locus in MCF7 cells. Motif-based prediction.
chr2:168471014-168471026	MEIS3	FOXA1	0.57	0	Motif match 83% of max PWM score (strand -, rank 1). No ENCODE ChIP-seq data for MCF7-TamR cells. Motif-based prediction.
chr1:88313384-88313398	ONECUT1	ONECUT2	0.58	0	Motif match 84% of max PWM score (strand -, rank 1). No ENCODE peak overlap at this locus in LNCaP cells. Motif-based prediction.
chr1:29682988-29683000	FOXA2	FOXA1	0.45	0	Motif match 76% of max PWM score (strand +, rank 1). No ENCODE peak overlap at this locus in VCaP cells. Motif-based prediction.
chr16:74309970-74309989	YY2	CTCF	0.31	0	Motif match 70% of max PWM score (strand +, rank 1). No ENCODE ChIP-seq overlap for this TF in A549 cells (3 other TF(s) have peaks here). Motif-based prediction.
chr4:95693730-95693749	ZEB1	CTCF	0.8	0	Motif match 100% of max PWM score (strand -, rank 1). No ENCODE ChIP-seq overlap for this TF in A549 cells (2 other TF(s) have peaks here). Motif-based prediction.
chr15:81661907-81661924	NR2C2	ESR1	0.8	0	Motif match 100% of max PWM score (strand -, rank 1). No ENCODE ChIP-seq overlap for this TF in MCF7 cells (1 other TF(s) have peaks here). Motif-based prediction.
chr16:27287302-27287319	NR2C2	ESR1	0.85	0	Motif match 100% of max PWM score (strand -, rank 1). No ENCODE ChIP-seq data for MCF7-TamR cells. Motif-based prediction.
chr6:81046364-81046378	HOXA13	HOXB13	0.56	0	Motif match 82% of max PWM score (strand -, rank 1). No ENCODE ChIP-seq data for LNCaP95 cells. Motif-based prediction.
chr1:215558170-215558185	NR2F2	RXRA	0.8	0	Motif match 100% of max PWM score (strand -, rank 1). No ENCODE ChIP-seq overlap for this TF in liver cells (5 other TF(s) have peaks here). Motif-based prediction.
chr5:179797434-179797447	KLF15	E2F6	0.34	0	Motif match 67% of max PWM score (strand +, rank 1). No ENCODE peak overlap at this locus in K562 cells. Motif-based prediction.
chr20:10074675-10074685	BATF	JUNB	0.85	0	Motif match 100% of max PWM score (strand +, rank 1). No ENCODE ChIP-seq data for MCF10A-ER-Src cells. Motif-based prediction.
chr8:26591950-26591963	ARNT	CREB1	0.17	0	Motif match 45% of max PWM score (strand -, rank 1). No ENCODE ChIP-seq overlap for this TF in GM12878 cells (17 other TF(s) have peaks here). Motif-based prediction.
chr15:98803966-98803978	SRY	FOXA1	0.59	0	Motif match 88% of max PWM score (strand -, rank 1). No ENCODE ChIP-seq overlap for this TF in 22RV1 cells (1 other TF(s) have peaks here). Motif-based prediction.
chr3:37510844-37510864	IKZF2	SPI1	0.85	0	Motif match 100% of max PWM score (strand -, rank 1). No ENCODE ChIP-seq data for MDM-monocyte-derived-macrophages- cells. Motif-based prediction.
chrX:154123980-154123997	HIC2	ESR1	0.39	0	Motif match 73% of max PWM score (strand -, rank 1). No ENCODE ChIP-seq data for MDA-MB-231 cells. Motif-based prediction.
chr15:57975155-57975165	NFATC3	ERF	0.32	0	Motif match 65% of max PWM score (strand -, rank 1). No ENCODE peak overlap at this locus in VCaP cells. Motif-based prediction.
chr10:132223274-132223293	ELF3	CTCF	0.34	0	Motif match 68% of max PWM score (strand -, rank 1). No ENCODE ChIP-seq data for mcf7-e2-shctr cells. Motif-based prediction.
chr16:4474682-4474692	NFATC3	ELK1	0.7	0	Motif match 94% of max PWM score (strand -, rank 1). No ENCODE ChIP-seq overlap for this TF in K562 cells (116 other TF(s) have peaks here). Motif-based prediction.
chr2:39284121-39284134	CREB1	ATF2	0.85	0	Motif match 100% of max PWM score (strand +, rank 1). No ENCODE peak overlap at this locus in HepG2 cells. Motif-based prediction.
chr8:96575704-96575715	DMRTA2	ETV5	0.46	0	Motif match 80% of max PWM score (strand -, rank 1). No ENCODE ChIP-seq overlap for this TF in HepG2 cells (14 other TF(s) have peaks here). Motif-based prediction.
chr12:71672006-71672017	FOXL1	FOXA2	0.8	0	Motif match 97% of max PWM score (strand -, rank 1). No ENCODE ChIP-seq data for islet cells. Motif-based prediction.
chr11:14224095-14224107	SRY	FOXA1	0.64	0	Motif match 88% of max PWM score (strand +, rank 1). No ENCODE ChIP-seq data for lncap-tnfa cells. Motif-based prediction.
chr21:38853503-38853520	HOXA4	ESR1	0.85	0	Motif match 100% of max PWM score (strand -, rank 1). No ENCODE ChIP-seq data for MDA-MB-231 cells. Motif-based prediction.
chrX:80335422-80335434	YY1	YY1	0.92	1	Motif match 95% of max PWM score (strand +, rank 1). ENCODE YY1 ChIP-seq: 1 peak(s) overlap this locus in A549 cells.
chr6:37440835-37440848	TEAD2	TEAD1	0.85	0	Motif match 100% of max PWM score (strand -, rank 1). No ENCODE ChIP-seq data for MCF-7-C4-12 cells. Motif-based prediction.
chr6:12023212-12023225	GATA2	PBX2	0.77	0	Motif match 86% of max PWM score (strand -, rank 2). ENCODE GATA2 ChIP-seq: 1 peak(s) overlap this locus in K562 cells.
chr5:10914072-10914083	GATA5	GATA2	0.83	0	Motif match 99% of max PWM score (strand -, rank 1). No ENCODE ChIP-seq data for tf1 cells. Motif-based prediction.
chr2:66541852-66541867	POU5F1	POU5F1	0.85	1	Motif match 100% of max PWM score (strand +, rank 1). No ENCODE ChIP-seq data for HUES64 cells. Motif-based prediction.
chr11:34899194-34899213	HIC2	CTCF	0.61	0	Motif match 86% of max PWM score (strand +, rank 1). No ENCODE ChIP-seq data for HSMM-dirived-skeletal-muscle-myotubes cells. Motif-based prediction.
chr7:40059221-40059234	GATA5	GATA6	0.83	0	Motif match 99% of max PWM score (strand -, rank 1). No ENCODE ChIP-seq data for definitive-endoderm-from-HUES8 cells. Motif-based prediction.
chr1:9426548-9426554	ARNT	ARNT	0.69	1	Motif match 82% of max PWM score (strand +, rank 1). ENCODE ARNT ChIP-seq: 1 peak(s) overlap this locus in GM12878 cells.
chr22:24009257-24009268	GATA2	GATA1	0.8	0	Motif match 100% of max PWM score (strand -, rank 1). No ENCODE ChIP-seq overlap for this TF in K562 cells (13 other TF(s) have peaks here). Motif-based prediction.
chr9:22244821-22244833	BARHL2	YY1	0.68	0	Motif match 93% of max PWM score (strand -, rank 1). No ENCODE ChIP-seq overlap for this TF in GM12878 cells (6 other TF(s) have peaks here). Motif-based prediction.
chr11:116478898-116478910	FOXL1	FOXA1	0.61	0	Motif match 85% of max PWM score (strand -, rank 1). No ENCODE peak overlap at this locus in LNCaP cells. Motif-based prediction.
chr8:29175753-29175766	BATF	FOS	0.85	0	Motif match 100% of max PWM score (strand +, rank 1). No ENCODE ChIP-seq data for MCF10A-ER-Src cells. Motif-based prediction.
chr4:169287101-169287120	PLAGL2	CTCF	0.29	0	Motif match 67% of max PWM score (strand +, rank 1). No ENCODE ChIP-seq overlap for this TF in K562 cells (1 other TF(s) have peaks here). Motif-based prediction.
chr15:44199512-44199525	FOSB	FOSL1	0.5	0	Motif match 79% of max PWM score (strand +, rank 1). No ENCODE ChIP-seq data for MDA231-LM2-4175 cells. Motif-based prediction.
chr10:10609692-10609705	NEUROG2	NEUROG2	0.85	1	Motif match 100% of max PWM score (strand +, rank 1). No ENCODE ChIP-seq data for MRC-5 cells. Motif-based prediction.
chr6:25006620-25006630	BATF	JUNB	0.8	0	Motif match 100% of max PWM score (strand -, rank 1). No ENCODE ChIP-seq overlap for this TF in A549 cells (2 other TF(s) have peaks here). Motif-based prediction.
chr18:26575622-26575633	NFATC3	PRDM1	0.36	0	Motif match 71% of max PWM score (strand +, rank 1). No ENCODE ChIP-seq data for HUES64 cells. Motif-based prediction.
chr15:39580330-39580349	KLF7	CTCF	0.58	0	Motif match 87% of max PWM score (strand -, rank 1). No ENCODE ChIP-seq overlap for this TF in GM12878 cells (16 other TF(s) have peaks here). Motif-based prediction.
chr2:71224217-71224229	TFAP2A	TFAP2A	0.85	1	Motif match 100% of max PWM score (strand +, rank 1). No ENCODE ChIP-seq data for hiPSC cells. Motif-based prediction.
chr11:63478984-63479003	ZNF354C	CTCF	0.85	0	Motif match 100% of max PWM score (strand +, rank 1). No ENCODE ChIP-seq data for suprapubic-skin cells. Motif-based prediction.
chr5:50699972-50699983	FOS	FOS	0.85	1	Motif match 100% of max PWM score (strand -, rank 1). No ENCODE peak overlap at this locus in IMR90 cells. Motif-based prediction.
chr2:235406647-235406664	ZSCAN21	ESR1	0.27	0	Motif match 64% of max PWM score (strand -, rank 1). No ENCODE ChIP-seq overlap for this TF in T47D cells (1 other TF(s) have peaks here). Motif-based prediction.
chr9:91681898-91681917	YY2	CTCF	0.4	0	Motif match 76% of max PWM score (strand -, rank 1). No ENCODE ChIP-seq overlap for this TF in A549 cells (4 other TF(s) have peaks here). Motif-based prediction.
chr6:3952489-3952504	POU5F1	POU5F1	0.85	1	Motif match 100% of max PWM score (strand -, rank 1). No ENCODE ChIP-seq data for MRC-5 cells. Motif-based prediction.
chr1:43312962-43312975	TFAP2E	TFAP2C	0.63	0	Motif match 87% of max PWM score (strand -, rank 1). No ENCODE ChIP-seq data for skbr3 cells. Motif-based prediction.
chr7:14754793-14754805	FOS	JUNB	0.85	0	Motif match 100% of max PWM score (strand +, rank 1). No ENCODE ChIP-seq data for MCF10A-ER-Src cells. Motif-based prediction.
chr12:77151339-77151347	GATA3	GATA3	1.0	1	Motif match 100% of max PWM score (strand +, rank 2). ENCODE GATA3 ChIP-seq: 1 peak(s) overlap this locus in MCF7 cells. GATA2 has higher motif score (100%) but no ENCODE evidence in MCF7.
chr10:622164-622177	BHLHE22	NEUROG2	0.85	0	Motif match 100% of max PWM score (strand +, rank 1). No ENCODE ChIP-seq data for MRC-5 cells. Motif-based prediction.
chr3:179768267-179768277	NFATC3	ERG	0.32	0	Motif match 65% of max PWM score (strand -, rank 1). No ENCODE ChIP-seq data for HUVEC-C cells. Motif-based prediction.
chr3:39208647-39208666	HIC2	CTCF	0.61	0	Motif match 86% of max PWM score (strand -, rank 1). No ENCODE ChIP-seq data for TTC-1240 cells. Motif-based prediction.
chr2:19889077-19889092	SMAD2	PKNOX1	0.85	0	Motif match 100% of max PWM score (strand +, rank 1). No ENCODE peak overlap at this locus in K562 cells. Motif-based prediction.
chr19:45075404-45075424	STAT2	SPI1	0.35	0	Motif match 70% of max PWM score (strand -, rank 1). No ENCODE ChIP-seq data for rsa411 cells. Motif-based prediction.
chr17:75706571-75706590	ZNF417	CTCF	0.85	0	Motif match 100% of max PWM score (strand +, rank 1). No ENCODE ChIP-seq data for h1-trop cells. Motif-based prediction.
chr12:75324352-75324366	ZBTB17	ONECUT2	0.51	0	Motif match 79% of max PWM score (strand -, rank 1). No ENCODE peak overlap at this locus in LNCaP cells. Motif-based prediction.
chr4:82840617-82840628	FOXA1	FOXA2	0.3	0	Motif match 60% of max PWM score (strand +, rank 1). No ENCODE peak overlap at this locus in BJ cells. Motif-based prediction.
chr5:83862895-83862915	IKZF2	SPI1	0.85	0	Motif match 100% of max PWM score (strand -, rank 1). No ENCODE ChIP-seq data for lcl cells. Motif-based prediction.
chr12:56878158-56878170	GATA5	GATA4	0.82	0	Motif match 98% of max PWM score (strand -, rank 1). No ENCODE ChIP-seq data for HUES64 cells. Motif-based prediction.
chr2:161005355-161005372	PGR	AR	0.75	0	Motif match 94% of max PWM score (strand -, rank 1). No ENCODE ChIP-seq data for plhsar-foxa1-hoxb13 cells. Motif-based prediction.
chr6:43702905-43702922	JUND	ESR1	0.75	0	Motif match 85% of max PWM score (strand -, rank 6). ENCODE JUND ChIP-seq: 1 peak(s) overlap this locus in MCF7 cells. NR2C1 has higher motif score (100%) but no ENCODE evidence in MCF7.
chr19:52638339-52638353	ELK4	ELF3	0.75	0	Motif match 94% of max PWM score (strand +, rank 1). No ENCODE ChIP-seq data for pdac-koklf5 cells. Motif-based prediction.
chr8:8821798-8821811	BHLHE22	NEUROG2	0.85	0	Motif match 100% of max PWM score (strand +, rank 1). No ENCODE ChIP-seq data for MRC-5 cells. Motif-based prediction.
chr11:22792724-22792734	BATF	JUN	0.85	0	Motif match 100% of max PWM score (strand -, rank 1). No ENCODE ChIP-seq data for HAEC cells. Motif-based prediction.
chr1:207824114-207824124	DMRTA2	CEBPB	0.39	0	Motif match 75% of max PWM score (strand -, rank 1). No ENCODE ChIP-seq overlap for this TF in HepG2 cells (49 other TF(s) have peaks here). Motif-based prediction.
chr6:156685838-156685853	POU5F1	POU5F1	0.85	1	Motif match 100% of max PWM score (strand +, rank 1). No ENCODE ChIP-seq data for HUES8 cells. Motif-based prediction.
chr19:9538655-9538669	JUND	ATF7	0.91	0	Motif match 95% of max PWM score (strand -, rank 3). ENCODE JUND ChIP-seq: 2 peak(s) overlap this locus in HepG2 cells. CREB3L4 has higher motif score (96%) but no ENCODE evidence in HepG2.
chr4:152719405-152719418	POU5F1	NFIL3	0.8	0	Motif match 100% of max PWM score (strand -, rank 1). No ENCODE ChIP-seq overlap for this TF in HepG2 cells (10 other TF(s) have peaks here). Motif-based prediction.
chr9:15448863-15448877	CEBPG	CEBPA	0.85	0	Motif match 100% of max PWM score (strand +, rank 1). No ENCODE ChIP-seq data for Kasumi-1 cells. Motif-based prediction.
chr7:54839792-54839811	CTCF	CTCF	0.56	1	Motif match 70% of max PWM score (strand -, rank 2). ENCODE CTCF ChIP-seq: 5 peak(s) overlap this locus in MCF-7 cells. SP5 has higher motif score (100%) but no ENCODE evidence in MCF-7.
chr12:26963592-26963602	HLF	CEBPB	0.64	0	Motif match 88% of max PWM score (strand +, rank 1). No ENCODE ChIP-seq data for SU-DHL-1 cells. Motif-based prediction.
chr1:3182240-3182255	HIC2	HNF4A	0.39	0	Motif match 73% of max PWM score (strand +, rank 1). No ENCODE ChIP-seq data for hiPSC cells. Motif-based prediction.
chr5:177303259-177303275	ZNF354C	CREM	0.6	0	Motif match 88% of max PWM score (strand +, rank 1). No ENCODE ChIP-seq overlap for this TF in K562 cells (13 other TF(s) have peaks here). Motif-based prediction.
chr8:123092068-123092082	ZNF417	CEBPA	0.32	0	Motif match 64% of max PWM score (strand +, rank 1). No ENCODE ChIP-seq data for Kasumi-1 cells. Motif-based prediction.
chr8:92955916-92955927	GATA2	GATA2	0.85	1	Motif match 100% of max PWM score (strand -, rank 1). No ENCODE ChIP-seq data for endometrial-stromal-cells cells. Motif-based prediction.
chr22:35298964-35298972	GATA3	GATA3	0.57	1	Motif match 74% of max PWM score (strand +, rank 3). ENCODE GATA3 ChIP-seq: 1 peak(s) overlap this locus in MCF-7 cells.
chr17:74612744-74612754	EHF	FLI1	0.85	0	Motif match 100% of max PWM score (strand -, rank 1). No ENCODE ChIP-seq data for CD34 cells. Motif-based prediction.
chr9:89668600-89668610	CEBPD	CEBPB	0.85	0	Motif match 100% of max PWM score (strand -, rank 1). No ENCODE ChIP-seq data for ls180-125 cells. Motif-based prediction.
chr1:40040618-40040635	KLF7	ESR1	0.63	0	Motif match 87% of max PWM score (strand +, rank 1). No ENCODE ChIP-seq data for endometrioid-adenocarcinoma cells. Motif-based prediction.
chr5:130986671-130986683	FOXD1	FOXA1	0.85	0	Motif match 100% of max PWM score (strand +, rank 1). No ENCODE peak overlap at this locus in LNCaP cells. Motif-based prediction.
chr15:57537177-57537190	NFE2	JUN	0.85	0	Motif match 100% of max PWM score (strand +, rank 1). No ENCODE ChIP-seq data for definitive-endoderm-from-HUES8 cells. Motif-based prediction.
chr18:74689884-74689897	ZEB1	TCF4	0.85	0	Motif match 100% of max PWM score (strand -, rank 1). No ENCODE ChIP-seq data for SU-DHL-2 cells. Motif-based prediction.
chr6:37791504-37791515	FOS	JUN	0.85	0	Motif match 100% of max PWM score (strand -, rank 1). No ENCODE ChIP-seq data for HUVEC-C cells. Motif-based prediction.
chr5:140869556-140869575	NKX2-4	CTCF	0.32	0	Motif match 64% of max PWM score (strand +, rank 1). No ENCODE ChIP-seq data for CD34 cells. Motif-based prediction.
chr18:10517003-10517020	PGR	NR3C1	0.78	0	Motif match 96% of max PWM score (strand +, rank 1). No ENCODE peak overlap at this locus in LNCaP cells. Motif-based prediction.
chr15:60575234-60575244	BNC2	JUN	0.35	0	Motif match 70% of max PWM score (strand +, rank 1). No ENCODE ChIP-seq data for HAEC cells. Motif-based prediction.
chr21:45427886-45427897	BATF	JUN	0.85	0	Motif match 100% of max PWM score (strand +, rank 1). No ENCODE ChIP-seq data for MDA-MB-231 cells. Motif-based prediction.
chr2:192162610-192162629	CTCFL	CTCF	0.53	0	Motif match 81% of max PWM score (strand -, rank 1). No ENCODE ChIP-seq data for HeLa cells. Motif-based prediction.
chr9:74571110-74571129	PGR	CTCF	0.71	0	Motif match 92% of max PWM score (strand -, rank 1). No ENCODE ChIP-seq data for upper-lobe-of-left-lung cells. Motif-based prediction.
chr5:62400698-62400710	FOXD1	FOXA1	0.85	0	Motif match 100% of max PWM score (strand -, rank 1). No ENCODE ChIP-seq data for vcap-etoh cells. Motif-based prediction.
chr7:131934089-131934106	HIF1A	NR3C1	0.37	0	Motif match 71% of max PWM score (strand -, rank 1). No ENCODE ChIP-seq data for u2os-shhic5 cells. Motif-based prediction.
chr19:35748355-35748369	DMRTA2	SMAD3	0.59	0	Motif match 84% of max PWM score (strand -, rank 1). No ENCODE ChIP-seq data for MDA-MB-231 cells. Motif-based prediction.
chr5:329917-329937	SPI1	SPI1	1.0	1	Motif match 100% of max PWM score (strand -, rank 1). ENCODE SPI1 ChIP-seq: 1 peak(s) overlap this locus in GM12878 cells.
chr1:23593708-23593721	TFAP2A	TFAP2C	0.85	0	Motif match 100% of max PWM score (strand -, rank 1). No ENCODE ChIP-seq data for skbr3 cells. Motif-based prediction.
chr3:161222036-161222047	RUNX2	RUNX1	0.3	0	Motif match 59% of max PWM score (strand +, rank 1). No ENCODE ChIP-seq data for kasumi1 cells. Motif-based prediction.
chr2:160307214-160307224	HAND2	NEUROG2	0.85	0	Motif match 100% of max PWM score (strand -, rank 1). No ENCODE ChIP-seq data for MRC-5 cells. Motif-based prediction.
chr3:156472348-156472367	ZEB1	CTCF	0.85	0	Motif match 100% of max PWM score (strand -, rank 1). No ENCODE peak overlap at this locus in mm1s cells. Motif-based prediction.
chr6:158737950-158737963	FOSL2	JUNB	0.64	0	Motif match 78% of max PWM score (strand -, rank 10). ENCODE FOSL2 ChIP-seq: 1 peak(s) overlap this locus in A549 cells. BATF has higher motif score (100%) but no ENCODE evidence in A549.
chr9:106794425-106794437	FOXD1	FOXA1	0.85	0	Motif match 100% of max PWM score (strand +, rank 1). No ENCODE ChIP-seq data for t47d-e2-tam cells. Motif-based prediction.
chr8:66689083-66689102	CTCFL	CTCF	0.85	0	Motif match 100% of max PWM score (strand +, rank 1). No ENCODE ChIP-seq data for suprapubic-skin cells. Motif-based prediction.
chr6:57579704-57579723	ZNF354C	CTCF	0.54	0	Motif match 82% of max PWM score (strand +, rank 1). No ENCODE peak overlap at this locus in A549 cells. Motif-based prediction.
chr11:67438451-67438463	TFAP2E	TFAP2C	0.59	0	Motif match 84% of max PWM score (strand +, rank 1). No ENCODE ChIP-seq data for UCLA1-hESCs cells. Motif-based prediction.
chr12:89264275-89264287	FOXA2	FOXA1	0.32	0	Motif match 63% of max PWM score (strand -, rank 1). No ENCODE ChIP-seq data for vcap-shpias1-r1881 cells. Motif-based prediction.
chrX:95884475-95884492	ZNF175	AR	0.34	0	Motif match 69% of max PWM score (strand +, rank 1). No ENCODE peak overlap at this locus in LNCaP cells. Motif-based prediction.
chr16:30407078-30407091	FOSL1	CREB1	0.36	0	Motif match 71% of max PWM score (strand +, rank 1). No ENCODE ChIP-seq data for H1-hESC cells. Motif-based prediction.
chr10:27413639-27413658	ZNF770	CTCF	0.34	0	Motif match 67% of max PWM score (strand -, rank 1). No ENCODE ChIP-seq data for WA01 cells. Motif-based prediction.
chr15:57994729-57994739	BATF	JUN	0.85	0	Motif match 100% of max PWM score (strand -, rank 1). No ENCODE ChIP-seq data for HAEC cells. Motif-based prediction.
chr3:109944094-109944108	NFIL3	CEBPA	0.85	0	Motif match 100% of max PWM score (strand -, rank 1). No ENCODE ChIP-seq data for THP-1 cells. Motif-based prediction.
chr2:150043328-150043340	FOXP3	FOXA1	0.56	0	Motif match 83% of max PWM score (strand -, rank 1). No ENCODE peak overlap at this locus in 22RV1 cells. Motif-based prediction.
chr19:17448363-17448374	PRDM4	FOXO1	0.6	0	Motif match 85% of max PWM score (strand -, rank 1). No ENCODE ChIP-seq data for pre cells. Motif-based prediction.
chr8:114834492-114834504	FOXL1	FOXA1	0.61	0	Motif match 85% of max PWM score (strand +, rank 1). No ENCODE ChIP-seq data for lncap-dmso cells. Motif-based prediction.
chr5:33892163-33892175	TFAP2E	TFAP2C	0.43	0	Motif match 75% of max PWM score (strand +, rank 1). No ENCODE ChIP-seq data for UCLA1-hESCs cells. Motif-based prediction.
chr6:125586239-125586251	FOSB	JUNB	0.53	0	Motif match 81% of max PWM score (strand -, rank 1). No ENCODE ChIP-seq data for HAEC cells. Motif-based prediction.
chr6:124981612-124981623	GATA2	GATA2	0.89	1	Motif match 93% of max PWM score (strand +, rank 1). ENCODE GATA2 ChIP-seq: 1 peak(s) overlap this locus in K562 cells.
chr1:8548398-8548410	FOXD1	FOXA1	0.85	0	Motif match 100% of max PWM score (strand +, rank 1). No ENCODE ChIP-seq data for ZR-75-1 cells. Motif-based prediction.
chr2:204108435-204108454	ZEB1	CTCF	0.8	0	Motif match 100% of max PWM score (strand -, rank 1). No ENCODE ChIP-seq overlap for this TF in A549 cells (2 other TF(s) have peaks here). Motif-based prediction.
chr13:22704892-22704911	ZNF354C	CTCF	0.76	0	Motif match 98% of max PWM score (strand -, rank 1). No ENCODE ChIP-seq overlap for this TF in MCF7 cells (1 other TF(s) have peaks here). Motif-based prediction.
chr2:181048023-181048037	TFAP2A	TFAP2C	0.72	0	Motif match 92% of max PWM score (strand +, rank 1). No ENCODE ChIP-seq data for UCLA1-hESCs cells. Motif-based prediction.
chr2:162106313-162106323	CEBPA	CEBPB	0.85	0	Motif match 100% of max PWM score (strand +, rank 1). No ENCODE ChIP-seq data for SUM159PT cells. Motif-based prediction.
chr10:51886606-51886619	FOS	JUND	0.85	0	Motif match 100% of max PWM score (strand -, rank 1). No ENCODE peak overlap at this locus in HeLa-S3 cells. Motif-based prediction.
chr1:219771177-219771190	FOS	JUNB	0.85	0	Motif match 100% of max PWM score (strand -, rank 1). No ENCODE peak overlap at this locus in A549 cells. Motif-based prediction.
chr10:32795762-32795781	ZNF354C	CTCF	0.81	0	Motif match 98% of max PWM score (strand -, rank 1). No ENCODE ChIP-seq data for ascending-aorta cells. Motif-based prediction.
chr6:49639233-49639251	GATA2	GATA1	0.57	0	Motif match 83% of max PWM score (strand +, rank 1). No ENCODE ChIP-seq data for CD34 cells. Motif-based prediction.
chr6:26537484-26537496	SOHLH2	PAX5	0.16	0	Motif match 42% of max PWM score (strand +, rank 1). No ENCODE ChIP-seq overlap for this TF in GM12878 cells (58 other TF(s) have peaks here). Motif-based prediction.
chr4:120773842-120773853	TRPS1	GATA2	0.3	0	Motif match 60% of max PWM score (strand -, rank 1). No ENCODE ChIP-seq data for tf1 cells. Motif-based prediction.
chr2:14761269-14761285	CREB1	SIX2	0.32	0	Motif match 64% of max PWM score (strand -, rank 1). No ENCODE ChIP-seq data for fetal-kidney-16w cells. Motif-based prediction.
chr2:196239860-196239873	NFATC3	SMAD3	0.32	0	Motif match 64% of max PWM score (strand +, rank 1). No ENCODE ChIP-seq data for HMLE-Twist-ER cells. Motif-based prediction.
chr9:72982290-72982304	JUN	JUN	1.0	1	Motif match 100% of max PWM score (strand +, rank 1). ENCODE JUN ChIP-seq: 1 peak(s) overlap this locus in K562 cells.
chr3:11384320-11384333	NEUROG2	NEUROG2	0.85	1	Motif match 100% of max PWM score (strand -, rank 1). No ENCODE ChIP-seq data for MRC-5 cells. Motif-based prediction.
chr9:110803415-110803425	CEBPD	CEBPB	0.85	0	Motif match 100% of max PWM score (strand -, rank 1). No ENCODE ChIP-seq data for JB6 cells. Motif-based prediction.
chr1:32792103-32792114	IKZF1	STAT3	0.36	0	Motif match 71% of max PWM score (strand +, rank 1). No ENCODE ChIP-seq data for MCF10A-ER-Src cells. Motif-based prediction.
chr10:97028660-97028672	BATF3	FOSL2	0.47	0	Motif match 77% of max PWM score (strand -, rank 1). No ENCODE ChIP-seq data for LPS141 cells. Motif-based prediction.
chr7:62342369-62342385	EMX1	PHOX2B	0.85	0	Motif match 100% of max PWM score (strand +, rank 1). No ENCODE ChIP-seq data for Kelly cells. Motif-based prediction.
chr7:110157835-110157848	FOS	FOS	1.0	1	Motif match 100% of max PWM score (strand +, rank 1). ENCODE FOS ChIP-seq: 1 peak(s) overlap this locus in IMR90 cells.
chr10:110575919-110575936	PRDM1	AR	0.27	0	Motif match 54% of max PWM score (strand -, rank 1). No ENCODE peak overlap at this locus in LNCaP cells. Motif-based prediction.
chr17:44745500-44745519	ZNF354C	CTCF	0.81	0	Motif match 98% of max PWM score (strand +, rank 1). No ENCODE ChIP-seq data for THP-1 cells. Motif-based prediction.
chr21:35229366-35229380	HOXA10	HOXB13	0.55	0	Motif match 82% of max PWM score (strand -, rank 1). No ENCODE peak overlap at this locus in VCaP cells. Motif-based prediction.
chr16:31244219-31244235	GATA2	CREM	0.6	0	Motif match 76% of max PWM score (strand +, rank 1). ENCODE GATA2 ChIP-seq: 2 peak(s) overlap this locus in K562 cells.
chr11:9979009-9979026	PGR	AR	0.67	0	Motif match 89% of max PWM score (strand +, rank 1). No ENCODE peak overlap at this locus in LNCaP cells. Motif-based prediction.
chr5:41870393-41870404	HES1	MYC	0.32	0	Motif match 64% of max PWM score (strand +, rank 1). No ENCODE ChIP-seq data for HUVEC-C cells. Motif-based prediction.
chr1:183784309-183784322	ZEB1	NEUROD1	0.85	0	Motif match 100% of max PWM score (strand -, rank 1). No ENCODE ChIP-seq data for D341-Med cells. Motif-based prediction.
chr9:127199412-127199431	ZNF354C	CTCF	0.41	0	Motif match 74% of max PWM score (strand -, rank 1). No ENCODE ChIP-seq data for testis cells. Motif-based prediction.
chr16:67989743-67989758	EBF3	EBF1	0.25	0	Motif match 59% of max PWM score (strand +, rank 1). No ENCODE ChIP-seq overlap for this TF in GM12878 cells (20 other TF(s) have peaks here). Motif-based prediction.
chr11:85595464-85595483	PGR	CTCF	0.62	0	Motif match 89% of max PWM score (strand +, rank 1). No ENCODE ChIP-seq overlap for this TF in spleen cells (1 other TF(s) have peaks here). Motif-based prediction.
chr17:50115064-50115083	BARHL2	CTCF	0.29	0	Motif match 68% of max PWM score (strand +, rank 1). No ENCODE ChIP-seq overlap for this TF in hek293 cells (12 other TF(s) have peaks here). Motif-based prediction.
chr11:86174251-86174262	ZNF417	NFIC	0.2	0	Motif match 49% of max PWM score (strand -, rank 1). No ENCODE ChIP-seq overlap for this TF in Ishikawa cells (7 other TF(s) have peaks here). Motif-based prediction.
chr15:95910175-95910187	FOXL1	FOXA1	0.61	0	Motif match 85% of max PWM score (strand -, rank 1). No ENCODE peak overlap at this locus in lncap cells. Motif-based prediction.
chr7:5468877-5468895	RHOXF1	TP53	0.66	0	Motif match 89% of max PWM score (strand +, rank 1). No ENCODE ChIP-seq data for gm00011 cells. Motif-based prediction.
chrX:139965571-139965584	ATF2	JUND	0.97	0	Motif match 98% of max PWM score (strand -, rank 5). ENCODE ATF2 ChIP-seq: 1 peak(s) overlap this locus in HepG2 cells. CREB1 has higher motif score (100%) but no ENCODE evidence in HepG2.
chr2:86047080-86047097	SRY	AR	0.34	0	Motif match 68% of max PWM score (strand +, rank 1). No ENCODE ChIP-seq data for vcap-r1881-10c26 cells. Motif-based prediction.
chr3:191434208-191434219	STAT3	STAT1	0.68	0	Motif match 90% of max PWM score (strand -, rank 1). No ENCODE peak overlap at this locus in HeLa-S3 cells. Motif-based prediction.
chr8:37931535-37931554	ZEB1	CTCF	0.8	0	Motif match 100% of max PWM score (strand +, rank 1). No ENCODE ChIP-seq overlap for this TF in HFF-Myc cells (1 other TF(s) have peaks here). Motif-based prediction.
chr11:15208802-15208821	ZNF354C	CTCF	0.85	0	Motif match 100% of max PWM score (strand -, rank 1). No ENCODE ChIP-seq data for hepatocytes cells. Motif-based prediction.
chr1:104119219-104119236	NKX3-1	AR	0.34	0	Motif match 67% of max PWM score (strand -, rank 1). No ENCODE peak overlap at this locus in LNCaP cells. Motif-based prediction.
chr1:182784757-182784776	MEIS3	CTCF	0.66	0	Motif match 92% of max PWM score (strand -, rank 1). No ENCODE ChIP-seq overlap for this TF in spleen cells (1 other TF(s) have peaks here). Motif-based prediction.
chr22:43436302-43436314	MNT	MYC	0.85	0	Motif match 100% of max PWM score (strand +, rank 1). No ENCODE peak overlap at this locus in LNCaP cells. Motif-based prediction.
chr2:200308928-200308939	GFI1	GFI1B	0.6	0	Motif match 85% of max PWM score (strand -, rank 1). No ENCODE ChIP-seq data for SET2 cells. Motif-based prediction.
chr2:241508824-241508836	MYC	MYC	0.85	1	Motif match 100% of max PWM score (strand -, rank 1). No ENCODE ChIP-seq data for blue1 cells. Motif-based prediction.
chr14:34497069-34497082	JUN	JUNB	1.0	0	Motif match 100% of max PWM score (strand +, rank 1). ENCODE JUN ChIP-seq: 1 peak(s) overlap this locus in A549 cells.
chr10:118429175-118429192	ZSCAN21	AR	0.29	0	Motif match 57% of max PWM score (strand +, rank 1). No ENCODE peak overlap at this locus in LNCaP cells. Motif-based prediction.
chr5:179821614-179821626	FOXA1	FOXA1	0.72	1	Motif match 83% of max PWM score (strand +, rank 20). ENCODE FOXA1 ChIP-seq: 1 peak(s) overlap this locus in T47D cells. FOXD1 has higher motif score (100%) but no ENCODE evidence in T47D.
chr1:248858265-248858284	TCF12	CTCF	0.38	0	Motif match 75% of max PWM score (strand +, rank 1). No ENCODE ChIP-seq overlap for this TF in foreskin-keratinocyte cells (1 other TF(s) have peaks here). Motif-based prediction.
chr5:152193502-152193519	FOXA1	ESR1	0.5	0	Motif match 70% of max PWM score (strand -, rank 10). ENCODE FOXA1 ChIP-seq: 1 peak(s) overlap this locus in MCF7 cells. NR2C2 has higher motif score (100%) but no ENCODE evidence in MCF7.
chr3:98733972-98733982	BHLHE22	TFAP4	0.85	0	Motif match 100% of max PWM score (strand +, rank 1). No ENCODE ChIP-seq data for COLO-320 cells. Motif-based prediction.
chr14:73151042-73151056	MEIS3	WT1	0.28	0	Motif match 56% of max PWM score (strand +, rank 1). No ENCODE peak overlap at this locus in K562 cells. Motif-based prediction.
chr1:2135590-2135607	DMRTA2	ESR1	0.32	0	Motif match 64% of max PWM score (strand -, rank 1). No ENCODE ChIP-seq data for mcf7-sigata-e2 cells. Motif-based prediction.
chr17:31859403-31859413	MAZ	KLF5	0.85	0	Motif match 100% of max PWM score (strand +, rank 1). No ENCODE ChIP-seq data for HCC95 cells. Motif-based prediction.
chr1:40531106-40531118	YY1	YY1	0.38	1	Motif match 72% of max PWM score (strand +, rank 1). No ENCODE ChIP-seq data for lymphoblastoid-cells cells. Motif-based prediction.
chr3:183533080-183533091	GATA5	GATA1	0.85	0	Motif match 100% of max PWM score (strand -, rank 1). No ENCODE ChIP-seq data for cd34 cells. Motif-based prediction.
chr2:158650860-158650879	MSANTD3	CTCF	0.45	0	Motif match 79% of max PWM score (strand -, rank 1). No ENCODE ChIP-seq overlap for this TF in MCF-7 cells (1 other TF(s) have peaks here). Motif-based prediction.
chr13:113275572-113275587	SP1	HNF4A	0.71	0	Motif match 83% of max PWM score (strand +, rank 3). ENCODE SP1 ChIP-seq: 1 peak(s) overlap this locus in liver cells. NR2C1 has higher motif score (100%) but no ENCODE evidence in liver.
chr5:34486352-34486369	ZKSCAN1	RXRA	0.44	0	Motif match 75% of max PWM score (strand +, rank 1). No ENCODE ChIP-seq data for UPR9 cells. Motif-based prediction.
chr10:123521976-123521988	FOXD1	FOXA1	0.85	0	Motif match 100% of max PWM score (strand +, rank 1). No ENCODE ChIP-seq data for MCF7-WS8-cells cells. Motif-based prediction.
chr9:126862252-126862272	E2F6	SPI1	0.53	0	Motif match 81% of max PWM score (strand +, rank 1). No ENCODE ChIP-seq data for k562-nabut cells. Motif-based prediction.
chr1:117851101-117851111	FOS	FOS	0.85	1	Motif match 100% of max PWM score (strand -, rank 1). No ENCODE ChIP-seq data for MCF10A-ER-Src cells. Motif-based prediction.
chr11:114160101-114160118	SOX10	AR	0.24	0	Motif match 48% of max PWM score (strand -, rank 1). No ENCODE peak overlap at this locus in LNCaP cells. Motif-based prediction.
chr8:97888404-97888414	MNT	MNT	1.0	1	Motif match 100% of max PWM score (strand +, rank 3). ENCODE MNT ChIP-seq: 1 peak(s) overlap this locus in HepG2 cells. MAX has higher motif score (100%) but no ENCODE evidence in HepG2.
chr17:32253214-32253233	NKX2-4	CTCF	0.27	0	Motif match 64% of max PWM score (strand +, rank 1). No ENCODE ChIP-seq overlap for this TF in HCT-116 cells (1 other TF(s) have peaks here). Motif-based prediction.
chr8:120605852-120605871	STAT3	CTCF	0.85	0	Motif match 100% of max PWM score (strand +, rank 1). No ENCODE ChIP-seq data for Karpas-422 cells. Motif-based prediction.
chr6:79545239-79545252	TCF12	TFAP2C	0.32	0	Motif match 63% of max PWM score (strand +, rank 1). No ENCODE ChIP-seq data for skbr3 cells. Motif-based prediction.
chr15:72229071-72229083	TFCP2	GRHL2	0.57	0	Motif match 86% of max PWM score (strand -, rank 1). No ENCODE ChIP-seq overlap for this TF in MCF7 cells (12 other TF(s) have peaks here). Motif-based prediction.
chr5:112960093-112960103	JUND	FOSL2	1.0	0	Motif match 100% of max PWM score (strand -, rank 5). ENCODE JUND ChIP-seq: 1 peak(s) overlap this locus in A549 cells. BATF has higher motif score (100%) but no ENCODE evidence in A549.
chr13:114314308-114314314	MNT	ARNT	0.85	0	Motif match 100% of max PWM score (strand +, rank 1). No ENCODE ChIP-seq data for t47d-haegin2 cells. Motif-based prediction.
chr3:102529648-102529667	ZNF354C	CTCF	0.81	0	Motif match 98% of max PWM score (strand -, rank 1). No ENCODE ChIP-seq data for FB8470 cells. Motif-based prediction.
chr1:165875438-165875448	NFATC3	ERG	0.32	0	Motif match 65% of max PWM score (strand -, rank 1). No ENCODE ChIP-seq data for tsu1621mt-atra cells. Motif-based prediction.
chr4:167049449-167049464	SNAI1	JUND	0.25	0	Motif match 60% of max PWM score (strand +, rank 1). No ENCODE ChIP-seq overlap for this TF in liver cells (10 other TF(s) have peaks here). Motif-based prediction.
chr20:20452510-20452529	ZNF263	CTCF	0.8	0	Motif match 100% of max PWM score (strand -, rank 1). No ENCODE ChIP-seq overlap for this TF in GM12891 cells (2 other TF(s) have peaks here). Motif-based prediction.
chr5:43066459-43066471	ZBTB14	PAX5	0.52	0	Motif match 83% of max PWM score (strand +, rank 1). No ENCODE ChIP-seq overlap for this TF in GM12892 cells (2 other TF(s) have peaks here). Motif-based prediction.
chr2:97082519-97082538	CTCFL	CTCF	0.85	0	Motif match 100% of max PWM score (strand -, rank 1). No ENCODE ChIP-seq data for epidermal-keratinocytes cells. Motif-based prediction.
chr1:245160466-245160480	CEBPA	CEBPA	0.48	1	Motif match 81% of max PWM score (strand +, rank 1). No ENCODE ChIP-seq overlap for this TF in liver cells (4 other TF(s) have peaks here). Motif-based prediction.
chr7:73597696-73597709	BHLHE22	NEUROG2	0.85	0	Motif match 100% of max PWM score (strand +, rank 1). No ENCODE ChIP-seq data for MRC-5 cells. Motif-based prediction.
chr8:93313747-93313759	FOXD1	FOXA1	0.85	0	Motif match 100% of max PWM score (strand -, rank 1). No ENCODE ChIP-seq data for lncap-dmso cells. Motif-based prediction.
chr16:4693780-4693792	TFAP2E	TFAP2C	0.51	0	Motif match 79% of max PWM score (strand +, rank 1). No ENCODE ChIP-seq data for skbr3 cells. Motif-based prediction.
chr11:94574897-94574908	RUNX2	RUNX1	0.71	0	Motif match 91% of max PWM score (strand +, rank 1). No ENCODE ChIP-seq data for me1 cells. Motif-based prediction.
chr7:27179901-27179920	YY1	CTCF	1.0	0	Motif match 100% of max PWM score (strand +, rank 1). ENCODE YY1 ChIP-seq: 1 peak(s) overlap this locus in A549 cells.
chr7:94510362-94510372	MYOG	MYB	0.25	0	Motif match 50% of max PWM score (strand +, rank 1). No ENCODE ChIP-seq data for AML cells. Motif-based prediction.
chr9:29423562-29423574	FOXP3	FOXA1	0.56	0	Motif match 83% of max PWM score (strand -, rank 1). No ENCODE ChIP-seq data for zr751-e2 cells. Motif-based prediction.
chr11:65110520-65110535	ZNF354C	JUND	0.3	0	Motif match 59% of max PWM score (strand +, rank 1). No ENCODE ChIP-seq data for H1-hESC cells. Motif-based prediction.
chr8:137282912-137282931	ZSCAN21	CTCF	0.37	0	Motif match 71% of max PWM score (strand -, rank 1). No ENCODE peak overlap at this locus in HeLa-S3 cells. Motif-based prediction.
chr1:148361568-148361587	NFATC3	CTCF	0.26	0	Motif match 52% of max PWM score (strand +, rank 1). No ENCODE ChIP-seq data for thyroid-gland cells. Motif-based prediction.
chr10:117758150-117758169	ZKSCAN1	CTCF	0.44	0	Motif match 75% of max PWM score (strand -, rank 1). No ENCODE ChIP-seq data for THP-1 cells. Motif-based prediction.
chr5:102755370-102755389	YY2	CTCF	0.36	0	Motif match 70% of max PWM score (strand -, rank 1). No ENCODE ChIP-seq data for EOL-1 cells. Motif-based prediction.
chr4:74033997-74034010	JUND	JUND	1.0	1	Motif match 100% of max PWM score (strand -, rank 7). ENCODE JUND ChIP-seq: 1 peak(s) overlap this locus in HepG2 cells. NFE2 has higher motif score (100%) but no ENCODE evidence in HepG2.
chr7:40793344-40793354	FOSB	JUNB	0.5	0	Motif match 79% of max PWM score (strand -, rank 1). No ENCODE ChIP-seq data for MCF10A-ER-Src cells. Motif-based prediction.
chr2:120686936-120686955	CTCF	CTCF	0.65	1	Motif match 79% of max PWM score (strand -, rank 5). ENCODE CTCF ChIP-seq: 1 peak(s) overlap this locus in GM10266 cells. ARNT has higher motif score (82%) but no ENCODE evidence in GM10266.
chr14:36384014-36384026	FOXA2	FOXA1	0.64	0	Motif match 87% of max PWM score (strand +, rank 1). No ENCODE ChIP-seq data for zr751 cells. Motif-based prediction.
chr22:37189314-37189331	NR2C2	ESR1	0.8	0	Motif match 100% of max PWM score (strand -, rank 1). No ENCODE ChIP-seq overlap for this TF in MCF7 cells (26 other TF(s) have peaks here). Motif-based prediction.
chr14:49988178-49988189	FOXL1	FOXA2	0.61	0	Motif match 85% of max PWM score (strand -, rank 1). No ENCODE ChIP-seq data for esc-h9 cells. Motif-based prediction.
chr11:90414278-90414295	PGR	AR	0.73	0	Motif match 93% of max PWM score (strand -, rank 1). No ENCODE ChIP-seq data for plhsar-foxa1-hoxb13 cells. Motif-based prediction.
chr11:115324760-115324779	IKZF1	CTCF	0.38	0	Motif match 75% of max PWM score (strand -, rank 1). No ENCODE ChIP-seq overlap for this TF in spleen cells (1 other TF(s) have peaks here). Motif-based prediction.
chr17:44246208-44246219	GATA5	GATA1	0.78	0	Motif match 99% of max PWM score (strand -, rank 1). No ENCODE ChIP-seq overlap for this TF in erythroblast cells (1 other TF(s) have peaks here). Motif-based prediction.
chr16:22353778-22353792	FOS	JUN	0.85	0	Motif match 100% of max PWM score (strand -, rank 1). No ENCODE ChIP-seq data for MCF10A-ER-Src cells. Motif-based prediction.
chr7:140653476-140653486	MNT	MAX	0.85	0	Motif match 100% of max PWM score (strand +, rank 1). No ENCODE ChIP-seq data for H1-hESC cells. Motif-based prediction.
chr4:176270858-176270870	BATF	ATF3	0.85	0	Motif match 100% of max PWM score (strand -, rank 1). No ENCODE ChIP-seq data for htc116-camp cells. Motif-based prediction.
chr10:69458984-69459001	GATA2	ESR1	0.57	0	Motif match 83% of max PWM score (strand -, rank 1). No ENCODE ChIP-seq data for patient-derived-pleaural-effusion cells. Motif-based prediction.
chr15:69761125-69761143	MXI1	MITF	0.85	0	Motif match 100% of max PWM score (strand -, rank 1). No ENCODE ChIP-seq data for melanocyte-brafv600e cells. Motif-based prediction.
chr3:71214303-71214311	MNX1	PDX1	0.81	0	Motif match 98% of max PWM score (strand -, rank 1). No ENCODE ChIP-seq data for iPS cells. Motif-based prediction.
chr1:20847746-20847757	OVOL2	STAT3	0.54	0	Motif match 81% of max PWM score (strand +, rank 1). No ENCODE ChIP-seq data for MCF10A-ER-Src cells. Motif-based prediction.
chr11:73327636-73327648	MXI1	MYC	0.85	0	Motif match 100% of max PWM score (strand -, rank 1). No ENCODE ChIP-seq data for P493-6 cells. Motif-based prediction.
chr1:80392722-80392735	FOSL2	JUNB	0.89	0	Motif match 94% of max PWM score (strand +, rank 10). ENCODE FOSL2 ChIP-seq: 1 peak(s) overlap this locus in A549 cells. BATF has higher motif score (100%) but no ENCODE evidence in A549.
chr6:146857673-146857683	HLF	HIF1A	0.45	0	Motif match 76% of max PWM score (strand +, rank 1). No ENCODE ChIP-seq data for PC3-bone-mets-prostate-adenocarcinoma- cells. Motif-based prediction.
chr6:34529881-34529891	NEUROG2	MAX	0.85	0	Motif match 100% of max PWM score (strand +, rank 1). No ENCODE ChIP-seq data for MKL-1 cells. Motif-based prediction.
chr15:66595935-66595947	FOXD1	FOXA1	0.85	0	Motif match 100% of max PWM score (strand +, rank 1). No ENCODE peak overlap at this locus in LNCaP cells. Motif-based prediction.
chr11:115390874-115390884	HOXA10	HOXA9	0.55	0	Motif match 82% of max PWM score (strand +, rank 1). No ENCODE peak overlap at this locus in HEK293-FT cells. Motif-based prediction.
chr4:150257004-150257014	TEAD2	RELA	0.18	0	Motif match 46% of max PWM score (strand -, rank 1). No ENCODE ChIP-seq overlap for this TF in MCF7 cells (1 other TF(s) have peaks here). Motif-based prediction.
chr9:21378698-21378717	ZNF784	CTCF	0.68	0	Motif match 90% of max PWM score (strand -, rank 1). No ENCODE ChIP-seq data for mcf7-e2-shctr cells. Motif-based prediction.
chr1:160607288-160607307	NR2C2	CTCF	0.25	0	Motif match 61% of max PWM score (strand -, rank 1). No ENCODE ChIP-seq overlap for this TF in A549 cells (5 other TF(s) have peaks here). Motif-based prediction.
chr7:5700250-5700262	CLOCK	MYC	0.85	0	Motif match 100% of max PWM score (strand +, rank 1). No ENCODE peak overlap at this locus in Raji cells. Motif-based prediction.
chr11:131065349-131065361	FOXA2	FOXA1	0.45	0	Motif match 76% of max PWM score (strand +, rank 1). No ENCODE ChIP-seq data for vcap-etoh cells. Motif-based prediction.
chr16:2250534-2250551	NR2C2	ESR1	0.85	0	Motif match 100% of max PWM score (strand +, rank 1). No ENCODE ChIP-seq data for endometrioid-adenocarcinoma cells. Motif-based prediction.
chr17:67265642-67265654	BATF	FOS	0.85	0	Motif match 100% of max PWM score (strand -, rank 1). No ENCODE ChIP-seq data for MCF10A-ER-Src cells. Motif-based prediction.
chr9:79749268-79749280	FOXL1	FOXA1	0.61	0	Motif match 85% of max PWM score (strand +, rank 1). No ENCODE peak overlap at this locus in mcf7 cells. Motif-based prediction.
chr7:9366664-9366681	HIC2	AR	0.85	0	Motif match 100% of max PWM score (strand -, rank 1). No ENCODE ChIP-seq data for LNCaP95 cells. Motif-based prediction.
chr4:4252896-4252915	HIC2	CTCF	0.39	0	Motif match 73% of max PWM score (strand -, rank 1). No ENCODE ChIP-seq data for THP-1 cells. Motif-based prediction.
chr5:141840960-141840972	TFAP2E	TFAP2C	0.59	0	Motif match 84% of max PWM score (strand +, rank 1). No ENCODE ChIP-seq data for UCLA1-hESCs cells. Motif-based prediction.
chrX:153374615-153374634	ZNF417	CTCF	0.85	0	Motif match 100% of max PWM score (strand -, rank 1). No ENCODE peak overlap at this locus in HeLa-S3 cells. Motif-based prediction.
chr20:50153217-50153229	TFAP2E	TFAP2C	0.54	0	Motif match 81% of max PWM score (strand +, rank 1). No ENCODE ChIP-seq data for UCLA1-hESCs cells. Motif-based prediction.
chr6:47482080-47482088	GATA3	GATA3	0.76	1	Motif match 86% of max PWM score (strand +, rank 3). ENCODE GATA3 ChIP-seq: 1 peak(s) overlap this locus in T47D cells. GATA2 has higher motif score (100%) but no ENCODE evidence in T47D.
chr11:123190335-123190351	ONECUT3	ONECUT1	0.85	0	Motif match 100% of max PWM score (strand +, rank 1). No ENCODE ChIP-seq data for esc-h9 cells. Motif-based prediction.
chr9:300196-300213	SOX18	AR	0.44	0	Motif match 76% of max PWM score (strand -, rank 1). No ENCODE peak overlap at this locus in LNCaP cells. Motif-based prediction.
chr16:69905052-69905068	GATA4	SRF	0.32	0	Motif match 63% of max PWM score (strand -, rank 1). No ENCODE ChIP-seq data for H1-hESC cells. Motif-based prediction.
chr21:37366786-37366798	YY1	YY1	0.81	1	Motif match 86% of max PWM score (strand -, rank 1). ENCODE YY1 ChIP-seq: 4 peak(s) overlap this locus in K562 cells.
chr9:99783220-99783240	ETV7	SPI1	0.5	0	Motif match 79% of max PWM score (strand +, rank 1). No ENCODE ChIP-seq data for MDM-monocyte-derived-macrophages- cells. Motif-based prediction.
chr8:56929296-56929315	ZNF549	CTCF	0.35	0	Motif match 69% of max PWM score (strand +, rank 1). No ENCODE ChIP-seq data for GM10847 cells. Motif-based prediction.
chr11:134170671-134170688	ZNF354C	ESR1	0.81	0	Motif match 98% of max PWM score (strand -, rank 1). No ENCODE peak overlap at this locus in MCF7 cells. Motif-based prediction.
chr10:89653775-89653787	MNT	MYC	0.85	0	Motif match 100% of max PWM score (strand +, rank 1). No ENCODE ChIP-seq data for P493-6 cells. Motif-based prediction.
chr11:20011578-20011588	CEBPD	CEBPB	0.24	0	Motif match 59% of max PWM score (strand -, rank 1). No ENCODE ChIP-seq overlap for this TF in A549 cells (6 other TF(s) have peaks here). Motif-based prediction.
chr21:29092483-29092498	NR2F2	HNF4A	1.0	0	Motif match 100% of max PWM score (strand +, rank 5). ENCODE NR2F2 ChIP-seq: 1 peak(s) overlap this locus in liver cells. NR2C2 has higher motif score (100%) but no ENCODE evidence in liver.
chr12:57102003-57102014	SRY	SOX13	0.18	0	Motif match 47% of max PWM score (strand -, rank 1). No ENCODE ChIP-seq overlap for this TF in HepG2 cells (82 other TF(s) have peaks here). Motif-based prediction.
chr1:156130385-156130395	BATF	JUN	0.85	0	Motif match 100% of max PWM score (strand -, rank 1). No ENCODE ChIP-seq data for MCF10A-ER-Src cells. Motif-based prediction.
chr2:30665158-30665169	BATF	JUN	0.85	0	Motif match 100% of max PWM score (strand -, rank 1). No ENCODE ChIP-seq data for HAEC cells. Motif-based prediction.
chr11:82313162-82313174	GSC2	OTX2	0.5	0	Motif match 79% of max PWM score (strand +, rank 1). No ENCODE ChIP-seq data for D341-Med cells. Motif-based prediction.
chr1:22416759-22416778	NFYB	CTCF	0.33	0	Motif match 66% of max PWM score (strand +, rank 1). No ENCODE ChIP-seq data for MDM-monocyte-derived-macrophages- cells. Motif-based prediction.
chr11:117205736-117205755	VEZF1	CTCF	0.8	0	Motif match 100% of max PWM score (strand -, rank 1). No ENCODE ChIP-seq overlap for this TF in k562 cells (1 other TF(s) have peaks here). Motif-based prediction.
chr12:54999294-54999306	NFATC3	MEF2B	0.75	0	Motif match 94% of max PWM score (strand +, rank 1). No ENCODE ChIP-seq data for germinal-center-B-cells cells. Motif-based prediction.
chr7:16917560-16917572	FOXD1	FOXA1	0.85	0	Motif match 100% of max PWM score (strand -, rank 1). No ENCODE ChIP-seq data for pdac-shctr cells. Motif-based prediction.
chr3:46464795-46464808	TCFL5	E2F6	0.4	0	Motif match 73% of max PWM score (strand +, rank 1). No ENCODE ChIP-seq data for H1-hESC cells. Motif-based prediction.
chr15:62894897-62894910	HOXB2	JUND	0.47	0	Motif match 77% of max PWM score (strand +, rank 1). No ENCODE peak overlap at this locus in K562 cells. Motif-based prediction.
chr12:1113072-1113084	FOXA1	FOXA1	0.7	1	Motif match 82% of max PWM score (strand -, rank 5). ENCODE FOXA1 ChIP-seq: 1 peak(s) overlap this locus in MCF7 cells. FOXA2 has higher motif score (87%) but no ENCODE evidence in MCF7.
chr6:159306250-159306261	KLF4	KLF11	0.33	0	Motif match 66% of max PWM score (strand +, rank 1). No ENCODE ChIP-seq data for hMADS-3 cells. Motif-based prediction.
chr6:160767558-160767577	CTCFL	THAP11	0.8	0	Motif match 100% of max PWM score (strand -, rank 1). No ENCODE ChIP-seq overlap for this TF in HepG2 cells (29 other TF(s) have peaks here). Motif-based prediction.
chr5:172920006-172920023	NR2C2	ESR1	0.85	0	Motif match 100% of max PWM score (strand +, rank 1). No ENCODE peak overlap at this locus in MCF7 cells. Motif-based prediction.
chr12:124829537-124829545	GATA3	GATA3	1.0	1	Motif match 100% of max PWM score (strand -, rank 1). ENCODE GATA3 ChIP-seq: 1 peak(s) overlap this locus in T47D cells.
chr1:11383763-11383775	RUNX3	RUNX3	0.81	1	Motif match 89% of max PWM score (strand +, rank 2). ENCODE RUNX3 ChIP-seq: 1 peak(s) overlap this locus in GM12878 cells. RUNX2 has higher motif score (91%) but no ENCODE evidence in GM12878.
chr17:6853838-6853849	NFATC3	STAT3	0.75	0	Motif match 94% of max PWM score (strand -, rank 1). No ENCODE ChIP-seq data for MCF10A-ER-Src cells. Motif-based prediction.
chr8:84604909-84604928	ZNF354C	CTCF	0.85	0	Motif match 100% of max PWM score (strand -, rank 1). No ENCODE ChIP-seq data for gp5d cells. Motif-based prediction.
chr3:37213144-37213156	MNX1	OTX2	0.81	0	Motif match 98% of max PWM score (strand -, rank 1). No ENCODE ChIP-seq data for D283-Med cells. Motif-based prediction.
chr16:10738419-10738432	BHLHE22	MYOD1	0.85	0	Motif match 100% of max PWM score (strand +, rank 1). No ENCODE ChIP-seq data for myoblast cells. Motif-based prediction.
chr11:91946470-91946478	GATA5	GATA3	0.83	0	Motif match 99% of max PWM score (strand -, rank 1). No ENCODE peak overlap at this locus in be2c cells. Motif-based prediction.
chr3:125698126-125698145	ZNF354C	CTCF	0.41	0	Motif match 74% of max PWM score (strand +, rank 1). No ENCODE ChIP-seq data for KMS-11 cells. Motif-based prediction.
chr1:246404947-246404964	ZNF708	AR	0.84	0	Motif match 99% of max PWM score (strand -, rank 1). No ENCODE peak overlap at this locus in LNCaP cells. Motif-based prediction.
chr18:48983139-48983147	GATA3	GATA3	0.29	1	Motif match 68% of max PWM score (strand +, rank 1). No ENCODE ChIP-seq overlap for this TF in T47D cells (1 other TF(s) have peaks here). Motif-based prediction.
chr1:48600367-48600384	HOXB4	AR	0.85	0	Motif match 100% of max PWM score (strand +, rank 1). No ENCODE peak overlap at this locus in LNCaP cells. Motif-based prediction.
chr7:46115576-46115590	BATF	SMAD3	0.85	0	Motif match 100% of max PWM score (strand +, rank 1). No ENCODE ChIP-seq data for MDA-MB-231 cells. Motif-based prediction.
chr14:23940634-23940647	ZEB1	TCF4	0.85	0	Motif match 100% of max PWM score (strand +, rank 1). No ENCODE ChIP-seq data for TMD8 cells. Motif-based prediction.
chr5:53089588-53089600	FOXP3	FOXA1	0.56	0	Motif match 83% of max PWM score (strand -, rank 1). No ENCODE ChIP-seq data for mcf7-e2 cells. Motif-based prediction.
chr21:32137453-32137466	TFAP2E	TFAP2C	0.47	0	Motif match 77% of max PWM score (strand +, rank 1). No ENCODE peak overlap at this locus in mcf7 cells. Motif-based prediction.
chr3:10366745-10366756	BHLHE22	TCF3	0.85	0	Motif match 100% of max PWM score (strand +, rank 1). No ENCODE ChIP-seq data for kasumi1 cells. Motif-based prediction.
chr8:123680758-123680770	GATA2	GATA4	0.57	0	Motif match 83% of max PWM score (strand +, rank 1). No ENCODE ChIP-seq data for ags cells. Motif-based prediction.
chr18:21686718-21686729	IKZF2	NFE2	0.85	0	Motif match 100% of max PWM score (strand +, rank 1). No ENCODE ChIP-seq data for erythroid-r3r4 cells. Motif-based prediction.
chr4:139403652-139403671	HIC2	CTCF	0.25	0	Motif match 60% of max PWM score (strand -, rank 1). No ENCODE ChIP-seq overlap for this TF in WERI-Rb-1 cells (1 other TF(s) have peaks here). Motif-based prediction.
chrX:95636443-95636453	NFATC3	FLI1	0.32	0	Motif match 65% of max PWM score (strand +, rank 1). No ENCODE ChIP-seq data for A-673-clone-Asp114 cells. Motif-based prediction.
chr12:5501336-5501356	SPIC	SPI1	0.56	0	Motif match 83% of max PWM score (strand +, rank 1). No ENCODE ChIP-seq data for macrophages-ifng cells. Motif-based prediction.
chr7:153538888-153538906	ARNT	TP63	0.85	0	Motif match 100% of max PWM score (strand +, rank 1). No ENCODE peak overlap at this locus in keratinocytes cells. Motif-based prediction.
chr6:30325906-30325920	MAZ	WT1	1.0	0	Motif match 100% of max PWM score (strand +, rank 3). ENCODE MAZ ChIP-seq: 1 peak(s) overlap this locus in HEK293 cells.
chr13:77623214-77623231	ZSCAN21	AR	0.32	0	Motif match 64% of max PWM score (strand -, rank 1). No ENCODE peak overlap at this locus in LNCaP cells. Motif-based prediction.
chr20:32665589-32665608	ZNF549	CTCF	0.47	0	Motif match 77% of max PWM score (strand +, rank 1). No ENCODE ChIP-seq data for mcf7-tam cells. Motif-based prediction.
chr12:1837198-1837210	FOXP3	FOXA1	0.56	0	Motif match 83% of max PWM score (strand -, rank 1). No ENCODE ChIP-seq data for mcf7-etoh cells. Motif-based prediction.
chrX:119005107-119005119	MNT	MYCN	0.29	0	Motif match 57% of max PWM score (strand -, rank 1). No ENCODE ChIP-seq data for Kelly cells. Motif-based prediction.
chr2:160229808-160229820	POU5F1	FOXA1	0.85	0	Motif match 100% of max PWM score (strand -, rank 1). No ENCODE ChIP-seq data for MCF7-TamR cells. Motif-based prediction.
chr3:108068011-108068023	ZNF354C	RUNX3	0.49	0	Motif match 82% of max PWM score (strand +, rank 1). No ENCODE ChIP-seq overlap for this TF in GM12878 cells (2 other TF(s) have peaks here). Motif-based prediction.
chr2:168211344-168211364	IKZF2	SPI1	0.85	0	Motif match 100% of max PWM score (strand +, rank 1). No ENCODE ChIP-seq data for monocyte-derived-macrophages cells. Motif-based prediction.
chr9:13023675-13023686	JUN	FOS	1.0	0	Motif match 100% of max PWM score (strand +, rank 1). ENCODE JUN ChIP-seq: 1 peak(s) overlap this locus in MCF7 cells.
chr11:7510223-7510233	BHLHE22	HAND2	0.85	0	Motif match 100% of max PWM score (strand +, rank 1). No ENCODE peak overlap at this locus in BE2C cells. Motif-based prediction.
chr1:92853518-92853538	IKZF2	SPI1	0.85	0	Motif match 100% of max PWM score (strand +, rank 1). No ENCODE ChIP-seq data for cd34-fetal cells. Motif-based prediction.
chr15:39624916-39624929	FOS	FOS	1.0	1	Motif match 100% of max PWM score (strand -, rank 1). ENCODE FOS ChIP-seq: 1 peak(s) overlap this locus in IMR90 cells.
chr12:56357967-56357979	OTX2	OTX2	0.85	1	Motif match 100% of max PWM score (strand +, rank 1). No ENCODE ChIP-seq data for D341-Med cells. Motif-based prediction.
chr6:34424389-34424406	BATF3	AR	0.46	0	Motif match 77% of max PWM score (strand +, rank 1). No ENCODE ChIP-seq data for lhsar-lacz cells. Motif-based prediction.
chr15:50109565-50109577	FOXO4	FOXA1	0.58	0	Motif match 84% of max PWM score (strand +, rank 1). No ENCODE peak overlap at this locus in lncap cells. Motif-based prediction.
chr11:65540776-65540793	BHLHE22	ESR1	0.8	0	Motif match 100% of max PWM score (strand +, rank 1). No ENCODE ChIP-seq overlap for this TF in MCF7 cells (12 other TF(s) have peaks here). Motif-based prediction.
chr5:76833351-76833368	ZNF189	AR	0.69	0	Motif match 90% of max PWM score (strand +, rank 1). No ENCODE peak overlap at this locus in HEK293 cells. Motif-based prediction.
chr8:47569570-47569581	SOX15	SOX2	0.85	0	Motif match 100% of max PWM score (strand -, rank 1). No ENCODE ChIP-seq data for bj-induced cells. Motif-based prediction.
chr6:149842505-149842522	MEIS3	ESR1	0.44	0	Motif match 75% of max PWM score (strand +, rank 1). No ENCODE ChIP-seq data for mcf7-prog cells. Motif-based prediction.
chr14:104622922-104622939	NKX2-8	AR	0.26	0	Motif match 52% of max PWM score (strand +, rank 1). No ENCODE ChIP-seq data for vcap-r1881-4h cells. Motif-based prediction.
chr3:66254185-66254197	FOXO4	FOXA1	0.58	0	Motif match 84% of max PWM score (strand +, rank 1). No ENCODE ChIP-seq data for MCF7-WS8-cells cells. Motif-based prediction.
chr7:85735764-85735776	FOXD1	FOXA1	0.85	0	Motif match 100% of max PWM score (strand -, rank 1). No ENCODE ChIP-seq data for A1A3-breast-cancer-cells- cells. Motif-based prediction.
chr2:23404653-23404667	SPI1	ELF1	1.0	0	Motif match 100% of max PWM score (strand +, rank 1). ENCODE SPI1 ChIP-seq: 1 peak(s) overlap this locus in GM12878 cells.
chr14:67318634-67318648	ATF2	ATF7	0.97	0	Motif match 98% of max PWM score (strand +, rank 5). ENCODE ATF2 ChIP-seq: 1 peak(s) overlap this locus in GM12878 cells. CREB1 has higher motif score (100%) but no ENCODE evidence in GM12878.
chr11:16488749-16488759	MNT	MAX	0.8	0	Motif match 100% of max PWM score (strand +, rank 1). No ENCODE ChIP-seq overlap for this TF in K562 cells (1 other TF(s) have peaks here). Motif-based prediction.
chr13:40336686-40336703	MEIS3	ESR1	0.46	0	Motif match 77% of max PWM score (strand -, rank 1). No ENCODE peak overlap at this locus in MCF7 cells. Motif-based prediction.
chr5:56833628-56833640	FOXD1	FOXA1	0.85	0	Motif match 100% of max PWM score (strand -, rank 1). No ENCODE ChIP-seq data for MCF7-WS8-cells cells. Motif-based prediction.
chr1:217048504-217048523	ZNF549	CTCF	0.8	0	Motif match 100% of max PWM score (strand -, rank 1). No ENCODE ChIP-seq overlap for this TF in MCF7 cells (3 other TF(s) have peaks here). Motif-based prediction.
chr5:142013098-142013113	BATF	RXRA	0.85	0	Motif match 100% of max PWM score (strand +, rank 1). No ENCODE ChIP-seq data for JMSU-1 cells. Motif-based prediction.
chr2:220919713-220919730	HIC2	AR	0.32	0	Motif match 65% of max PWM score (strand +, rank 1). No ENCODE ChIP-seq data for lhsar-hoxb13 cells. Motif-based prediction.
chr7:12740009-12740020	GATA3	GATA2	0.51	0	Motif match 83% of max PWM score (strand +, rank 1). No ENCODE ChIP-seq overlap for this TF in K562 cells (1 other TF(s) have peaks here). Motif-based prediction.
chr19:5480723-5480742	CTCFL	CTCF	0.35	0	Motif match 69% of max PWM score (strand -, rank 1). No ENCODE ChIP-seq data for Peyer-s-patch cells. Motif-based prediction.
chr12:65107158-65107177	CTCF	CTCF	0.63	1	Motif match 75% of max PWM score (strand -, rank 6). ENCODE CTCF ChIP-seq: 3 peak(s) overlap this locus in LNCaP cells. NEUROG2 has higher motif score (100%) but no ENCODE evidence in LNCaP.
chr12:91225440-91225450	CEBPD	CEBPB	0.43	0	Motif match 75% of max PWM score (strand -, rank 1). No ENCODE ChIP-seq data for HEE cells. Motif-based prediction.
chr2:182715080-182715092	SRY	FOXA1	0.64	0	Motif match 88% of max PWM score (strand -, rank 1). No ENCODE ChIP-seq data for vcap-r1881 cells. Motif-based prediction.
chr16:25189562-25189574	NOTO	CEBPA	0.63	0	Motif match 87% of max PWM score (strand -, rank 1). No ENCODE ChIP-seq data for U937 cells. Motif-based prediction.
chr1:184574755-184574774	PRDM1	CTCF	0.38	0	Motif match 72% of max PWM score (strand -, rank 1). No ENCODE ChIP-seq data for HSMM-dirived-skeletal-muscle-myotubes cells. Motif-based prediction.
chr19:7587182-7587202	ZNF354C	SPI1	0.51	0	Motif match 79% of max PWM score (strand -, rank 1). No ENCODE ChIP-seq data for THP-1 cells. Motif-based prediction.
chr5:61053020-61053033	JUND	FOSL1	0.87	0	Motif match 92% of max PWM score (strand -, rank 7). ENCODE JUND ChIP-seq: 1 peak(s) overlap this locus in HCT116 cells. BATF has higher motif score (100%) but no ENCODE evidence in HCT116.
chr3:193190643-193190662	ZNF770	CTCF	0.25	0	Motif match 59% of max PWM score (strand -, rank 1). No ENCODE ChIP-seq overlap for this TF in A549 cells (1 other TF(s) have peaks here). Motif-based prediction.
chr11:110366358-110366366	GATA2	GATA3	0.48	0	Motif match 78% of max PWM score (strand -, rank 1). No ENCODE peak overlap at this locus in MCF-7 cells. Motif-based prediction.
chr14:53033298-53033310	FOXL1	FOXA1	0.61	0	Motif match 85% of max PWM score (strand -, rank 1). No ENCODE peak overlap at this locus in LNCaP cells. Motif-based prediction.
chr2:18752203-18752220	FOXL1	AR	0.8	0	Motif match 97% of max PWM score (strand +, rank 1). No ENCODE ChIP-seq data for vcap-r1881-30m cells. Motif-based prediction.
chr2:111121278-111121290	MNT	MYC	0.85	0	Motif match 100% of max PWM score (strand +, rank 1). No ENCODE ChIP-seq data for Tet21N cells. Motif-based prediction.
chr7:105760405-105760424	ZEB1	CTCF	0.85	0	Motif match 100% of max PWM score (strand -, rank 1). No ENCODE ChIP-seq data for mcf7-e2-shctr cells. Motif-based prediction.
chr22:27196533-27196552	NR2C1	CTCF	0.84	0	Motif match 100% of max PWM score (strand +, rank 1). No ENCODE ChIP-seq data for HUES64 cells. Motif-based prediction.
chr15:76151121-76151140	CTCF	CTCF	0.63	1	Motif match 78% of max PWM score (strand -, rank 2). ENCODE CTCF ChIP-seq: 1 peak(s) overlap this locus in osteoblasts cells.
chr13:33147127-33147139	YY1	YY1	0.75	1	Motif match 85% of max PWM score (strand -, rank 1). ENCODE YY1 ChIP-seq: 2 peak(s) overlap this locus in GM12891 cells.
chr10:79067357-79067376	VEZF1	CTCF	0.49	0	Motif match 78% of max PWM score (strand +, rank 1). No ENCODE peak overlap at this locus in GM12866 cells. Motif-based prediction.
chr9:36136363-36136382	CTCFL	CTCF	0.31	0	Motif match 62% of max PWM score (strand -, rank 1). No ENCODE ChIP-seq data for GM19193 cells. Motif-based prediction.
chr14:23058206-23058225	CTCFL	CTCF	0.8	0	Motif match 100% of max PWM score (strand -, rank 1). No ENCODE ChIP-seq overlap for this TF in gm12890 cells (4 other TF(s) have peaks here). Motif-based prediction.
chr6:27797277-27797288	GATA1	GATA2	0.83	0	Motif match 90% of max PWM score (strand +, rank 3). ENCODE GATA1 ChIP-seq: 1 peak(s) overlap this locus in K562 cells. GATA2 has higher motif score (100%) but no ENCODE evidence in K562.
chr8:82562287-82562299	FOXL1	FOXA1	0.8	0	Motif match 97% of max PWM score (strand -, rank 1). No ENCODE peak overlap at this locus in MCF-7L cells. Motif-based prediction.
chr18:24398777-24398790	JUND	JUND	0.87	1	Motif match 92% of max PWM score (strand -, rank 8). ENCODE JUND ChIP-seq: 1 peak(s) overlap this locus in HCT116 cells. BATF has higher motif score (100%) but no ENCODE evidence in HCT116.
chr5:76590184-76590197	BATF	JUND	1.0	0	Motif match 100% of max PWM score (strand -, rank 3). ENCODE BATF ChIP-seq: 1 peak(s) overlap this locus in GM12878 cells.
chr17:44888094-44888106	DMRTA2	CEBPA	0.51	0	Motif match 80% of max PWM score (strand +, rank 1). No ENCODE ChIP-seq data for THP-1 cells. Motif-based prediction.
chr9:26716144-26716161	SRY	AR	0.77	0	Motif match 95% of max PWM score (strand +, rank 1). No ENCODE peak overlap at this locus in HEK293 cells. Motif-based prediction.
chr1:239924803-239924822	CTCFL	CTCF	0.85	0	Motif match 100% of max PWM score (strand +, rank 1). No ENCODE peak overlap at this locus in T47D cells. Motif-based prediction.
chr10:103872100-103872111	NR2C1	FOXA2	0.84	0	Motif match 100% of max PWM score (strand +, rank 1). No ENCODE ChIP-seq data for islet cells. Motif-based prediction.
chr17:76121634-76121644	TCFL5	BHLHE40	0.35	0	Motif match 73% of max PWM score (strand +, rank 1). No ENCODE ChIP-seq overlap for this TF in IMR90 cells (3 other TF(s) have peaks here). Motif-based prediction.
chr14:54724911-54724923	TBX18	KLF4	0.44	0	Motif match 75% of max PWM score (strand +, rank 1). No ENCODE ChIP-seq data for bj-induced cells. Motif-based prediction.
chr13:42394543-42394555	MEIS3	FOXA1	0.18	0	Motif match 35% of max PWM score (strand -, rank 1). No ENCODE ChIP-seq data for mdamb453-dht cells. Motif-based prediction.
chr10:13000584-13000594	CEBPG	CEBPB	0.34	0	Motif match 68% of max PWM score (strand +, rank 1). No ENCODE ChIP-seq data for SU-DHL-1 cells. Motif-based prediction.
chr15:97443039-97443051	FOXD1	FOXA1	0.85	0	Motif match 100% of max PWM score (strand -, rank 1). No ENCODE ChIP-seq data for ZR-75-1 cells. Motif-based prediction.
chr4:15956436-15956455	MEIS2	CTCF	0.74	0	Motif match 85% of max PWM score (strand -, rank 5). ENCODE MEIS2 ChIP-seq: 1 peak(s) overlap this locus in K562 cells. ZEB1 has higher motif score (100%) but no ENCODE evidence in K562.
chr13:71540217-71540233	MNX1	PHOX2B	0.81	0	Motif match 98% of max PWM score (strand -, rank 1). No ENCODE peak overlap at this locus in BE2C cells. Motif-based prediction.
chr16:8866519-8866531	MYC	MYC	0.85	1	Motif match 100% of max PWM score (strand -, rank 1). No ENCODE peak overlap at this locus in LNCaP cells. Motif-based prediction.
chr1:33377866-33377879	ZNF35	HNF4A	0.32	0	Motif match 64% of max PWM score (strand +, rank 1). No ENCODE ChIP-seq data for caco2-diff cells. Motif-based prediction.
chr7:77983189-77983200	FOS	FOSL2	0.55	0	Motif match 73% of max PWM score (strand +, rank 7). ENCODE FOS ChIP-seq: 1 peak(s) overlap this locus in MCF-7 cells. BATF3 has higher motif score (77%) but no ENCODE evidence in MCF-7.
chr15:96362056-96362069	GATA5	GATA6	0.83	0	Motif match 99% of max PWM score (strand +, rank 1). No ENCODE ChIP-seq data for definitive-endoderm-from-HUES8 cells. Motif-based prediction.
chr11:25000946-25000958	BARHL2	GRHL2	0.34	0	Motif match 68% of max PWM score (strand +, rank 1). No ENCODE peak overlap at this locus in MCF7 cells. Motif-based prediction.
chr7:75596787-75596804	NR2C2	ESR1	0.3	0	Motif match 61% of max PWM score (strand +, rank 1). No ENCODE ChIP-seq data for MDA-MB-231 cells. Motif-based prediction.
chr1:31670663-31670680	NR2C2	ESR1	0.85	0	Motif match 100% of max PWM score (strand +, rank 1). No ENCODE peak overlap at this locus in MCF7 cells. Motif-based prediction.
chr16:68790313-68790327	NR2C2	TFAP2C	0.44	0	Motif match 78% of max PWM score (strand -, rank 1). No ENCODE ChIP-seq overlap for this TF in mcf7 cells (10 other TF(s) have peaks here). Motif-based prediction.
chrX:22014047-22014066	HIC2	CTCF	0.82	0	Motif match 98% of max PWM score (strand +, rank 1). No ENCODE peak overlap at this locus in HeLa-S3 cells. Motif-based prediction.
chr11:33061578-33061589	BATF	FOS	0.85	0	Motif match 100% of max PWM score (strand +, rank 1). No ENCODE ChIP-seq data for MCF10A-ER-Src cells. Motif-based prediction.
chr17:63834982-63834997	MYCN	EBF1	0.3	0	Motif match 69% of max PWM score (strand +, rank 1). No ENCODE ChIP-seq overlap for this TF in GM12878 cells (13 other TF(s) have peaks here). Motif-based prediction.
chr8:26701297-26701316	ZNF354C	CTCF	0.81	0	Motif match 98% of max PWM score (strand -, rank 1). No ENCODE ChIP-seq data for esc-naive cells. Motif-based prediction.
chr18:77141868-77141887	HIC2	CTCF	0.38	0	Motif match 72% of max PWM score (strand -, rank 1). No ENCODE ChIP-seq data for thyroid-gland cells. Motif-based prediction.
chr20:46814981-46814993	FOXA2	FOXA1	0.64	0	Motif match 87% of max PWM score (strand -, rank 1). No ENCODE ChIP-seq data for breast-tumor cells. Motif-based prediction.
chr22:37806333-37806348	POU6F1	MAFK	0.32	0	Motif match 64% of max PWM score (strand +, rank 1). No ENCODE peak overlap at this locus in A549 cells. Motif-based prediction.
chr12:48952897-48952908	GATA3	GATA1	0.32	0	Motif match 64% of max PWM score (strand -, rank 1). No ENCODE ChIP-seq data for cd34 cells. Motif-based prediction.
chr9:117296650-117296665	CREB1	MAFK	0.28	0	Motif match 66% of max PWM score (strand -, rank 1). No ENCODE ChIP-seq overlap for this TF in HepG2 cells (2 other TF(s) have peaks here). Motif-based prediction.
chr4:83485472-83485483	HIC2	RUNX1	0.64	0	Motif match 88% of max PWM score (strand +, rank 1). No ENCODE ChIP-seq data for bone-marrow cells. Motif-based prediction.
chr20:53942944-53942959	POU5F1	POU5F1	0.85	1	Motif match 100% of max PWM score (strand +, rank 1). No ENCODE ChIP-seq data for HUES8 cells. Motif-based prediction.
chr1:199202574-199202586	FOXP3	FOXA1	0.31	0	Motif match 62% of max PWM score (strand +, rank 1). No ENCODE peak overlap at this locus in VCaP cells. Motif-based prediction.
chr11:66579178-66579197	DMRTA2	CTCF	0.25	0	Motif match 60% of max PWM score (strand +, rank 1). No ENCODE ChIP-seq overlap for this TF in A673 cells (1 other TF(s) have peaks here). Motif-based prediction.
chr7:128863401-128863411	TBX18	TBX21	0.48	0	Motif match 81% of max PWM score (strand +, rank 1). No ENCODE ChIP-seq overlap for this TF in GM12878 cells (3 other TF(s) have peaks here). Motif-based prediction.
chr12:124568973-124568985	TFAP2E	TFAP2A	0.63	0	Motif match 87% of max PWM score (strand -, rank 1). No ENCODE ChIP-seq data for cranial-neural-crest-cells cells. Motif-based prediction.
chr18:2637475-2637492	PGR	NR3C1	0.83	0	Motif match 99% of max PWM score (strand +, rank 1). No ENCODE ChIP-seq data for BEAS-2B cells. Motif-based prediction.
chr2:42197072-42197084	FOXL1	FOXA1	0.56	0	Motif match 82% of max PWM score (strand -, rank 1). No ENCODE ChIP-seq data for MCF7-TamR cells. Motif-based prediction.
chr13:95213691-95213699	GATA3	GATA3	0.57	1	Motif match 74% of max PWM score (strand +, rank 1). ENCODE GATA3 ChIP-seq: 1 peak(s) overlap this locus in T47D cells.
chr4:89279607-89279618	DMRTA2	RUNX1	0.28	0	Motif match 55% of max PWM score (strand +, rank 1). No ENCODE ChIP-seq data for ME-1 cells. Motif-based prediction.
chr8:18922774-18922791	NFATC3	AR	0.26	0	Motif match 52% of max PWM score (strand +, rank 1). No ENCODE peak overlap at this locus in LNCaP cells. Motif-based prediction.
chr1:207812045-207812064	NEUROG2	CTCF	0.8	0	Motif match 100% of max PWM score (strand +, rank 1). No ENCODE ChIP-seq overlap for this TF in HCT-116 cells (1 other TF(s) have peaks here). Motif-based prediction.
chr4:97656245-97656259	FOSB	JUN	0.45	0	Motif match 79% of max PWM score (strand +, rank 1). No ENCODE ChIP-seq overlap for this TF in A549 cells (1 other TF(s) have peaks here). Motif-based prediction.
chr6:11978338-11978350	BARHL2	MEF2B	0.68	0	Motif match 93% of max PWM score (strand +, rank 1). No ENCODE ChIP-seq overlap for this TF in HEK293-A cells (6 other TF(s) have peaks here). Motif-based prediction.
chrX:132443912-132443926	CEBPD	CEBPA	0.85	0	Motif match 100% of max PWM score (strand +, rank 1). No ENCODE ChIP-seq data for THP-1 cells. Motif-based prediction.
chr6:67413186-67413198	FOXL1	FOXA1	0.61	0	Motif match 85% of max PWM score (strand -, rank 1). No ENCODE peak overlap at this locus in VCaP cells. Motif-based prediction.
chr19:2631246-2631265	CTCF	CTCF	0.8	1	Motif match 88% of max PWM score (strand +, rank 1). ENCODE CTCF ChIP-seq: 1 peak(s) overlap this locus in DND41 cells.
chr11:1458523-1458542	CTCFL	CTCF	0.85	0	Motif match 100% of max PWM score (strand +, rank 1). No ENCODE ChIP-seq data for gm2610 cells. Motif-based prediction.
chr15:62951573-62951585	FOXA2	FOXA1	0.4	0	Motif match 76% of max PWM score (strand -, rank 1). No ENCODE ChIP-seq overlap for this TF in MCF7 cells (10 other TF(s) have peaks here). Motif-based prediction.
chr1:66944800-66944818	NR2C2	RARA	0.8	0	Motif match 100% of max PWM score (strand -, rank 1). No ENCODE ChIP-seq overlap for this TF in HepG2 cells (15 other TF(s) have peaks here). Motif-based prediction.
chr8:9058245-9058255	EHF	FLI1	0.32	0	Motif match 65% of max PWM score (strand +, rank 1). No ENCODE ChIP-seq data for skmnc cells. Motif-based prediction.
chr15:57012750-57012760	CEBPD	CEBPB	0.4	0	Motif match 73% of max PWM score (strand -, rank 1). No ENCODE ChIP-seq data for monocyte-macro cells. Motif-based prediction.
chr4:25796281-25796294	CREB1	JUN	0.52	0	Motif match 80% of max PWM score (strand -, rank 1). No ENCODE ChIP-seq data for definitive-endoderm-from-HUES8 cells. Motif-based prediction.
chr3:44694894-44694904	FOSL1	CEBPB	0.26	0	Motif match 53% of max PWM score (strand -, rank 1). No ENCODE ChIP-seq data for SU-DHL-1 cells. Motif-based prediction.
chr9:90456115-90456132	ZBTB32	AR	0.74	0	Motif match 94% of max PWM score (strand +, rank 1). No ENCODE peak overlap at this locus in LNCaP cells. Motif-based prediction.
chr4:137883368-137883382	FOSL1	CEBPA	0.7	0	Motif match 91% of max PWM score (strand -, rank 1). No ENCODE ChIP-seq data for Kasumi-1 cells. Motif-based prediction.
chr17:44587528-44587540	JUN	FOSL2	1.0	0	Motif match 100% of max PWM score (strand +, rank 2). ENCODE JUN ChIP-seq: 1 peak(s) overlap this locus in A549 cells. BATF has higher motif score (100%) but no ENCODE evidence in A549.
chr3:114627970-114627981	FOXD1	FOXA2	0.85	0	Motif match 100% of max PWM score (strand +, rank 1). No ENCODE peak overlap at this locus in A549 cells. Motif-based prediction.
chr17:8692564-8692583	YY1	CTCF	0.27	0	Motif match 54% of max PWM score (strand +, rank 1). No ENCODE ChIP-seq data for MCF7L-P-immortalized-breast-epithelial-cell-line- cells. Motif-based prediction.
chr4:83651668-83651676	GATA3	GATA3	0.22	1	Motif match 45% of max PWM score (strand +, rank 1). No ENCODE peak overlap at this locus in MCF-7 cells. Motif-based prediction.
chr20:47994199-47994207	GATA5	GATA3	0.82	0	Motif match 98% of max PWM score (strand -, rank 1). No ENCODE peak overlap at this locus in MCF-7 cells. Motif-based prediction.
chr10:121063940-121063952	FOXD1	FOXA1	0.85	0	Motif match 100% of max PWM score (strand +, rank 1). No ENCODE ChIP-seq data for CyT49-derived-endodermal-cells cells. Motif-based prediction.
chr17:80772773-80772785	FOXA3	FOXA1	0.27	0	Motif match 54% of max PWM score (strand +, rank 1). No ENCODE ChIP-seq data for vcap-shpias1-r1881 cells. Motif-based prediction.
chr3:186525054-186525066	FOXA2	FOXA1	0.64	0	Motif match 87% of max PWM score (strand +, rank 1). No ENCODE peak overlap at this locus in LNCaP cells. Motif-based prediction.
chr2:45410239-45410257	USF1	MITF	0.85	0	Motif match 100% of max PWM score (strand -, rank 1). No ENCODE ChIP-seq data for 501mel cells. Motif-based prediction.
chr6:47182809-47182821	FOXL1	FOXA1	0.41	0	Motif match 74% of max PWM score (strand -, rank 1). No ENCODE ChIP-seq data for vcap-etoh cells. Motif-based prediction.
chr10:112287324-112287336	HOXA7	YY1	0.26	0	Motif match 61% of max PWM score (strand +, rank 1). No ENCODE ChIP-seq overlap for this TF in HepG2 cells (37 other TF(s) have peaks here). Motif-based prediction.
chr19:49119045-49119055	TFEB	BHLHE40	0.24	0	Motif match 58% of max PWM score (strand -, rank 1). No ENCODE ChIP-seq overlap for this TF in K562 cells (119 other TF(s) have peaks here). Motif-based prediction.
chr8:113738740-113738753	BATF	FOS	0.85	0	Motif match 100% of max PWM score (strand -, rank 1). No ENCODE ChIP-seq data for MCF10A-ER-Src cells. Motif-based prediction.
chr18:57325924-57325936	FOXP3	GATA4	0.56	0	Motif match 83% of max PWM score (strand +, rank 1). No ENCODE peak overlap at this locus in BJ cells. Motif-based prediction.
chr20:31661715-31661734	CTCFL	CTCF	0.85	0	Motif match 100% of max PWM score (strand +, rank 1). No ENCODE ChIP-seq data for lymphoblastoid-cells cells. Motif-based prediction.
chr13:47479299-47479310	FOXA2	FOXA2	0.6	1	Motif match 76% of max PWM score (strand -, rank 2). ENCODE FOXA2 ChIP-seq: 2 peak(s) overlap this locus in liver cells.
chr14:69738731-69738744	ZEB1	TCF4	0.85	0	Motif match 100% of max PWM score (strand -, rank 1). No ENCODE ChIP-seq data for SU-DHL-2 cells. Motif-based prediction.
chr9:98930003-98930016	TFAP2E	TFAP2C	0.54	0	Motif match 81% of max PWM score (strand -, rank 1). No ENCODE ChIP-seq data for a375-dmso cells. Motif-based prediction.
chr14:90785635-90785654	ZNF549	CTCF	0.8	0	Motif match 100% of max PWM score (strand -, rank 1). No ENCODE ChIP-seq overlap for this TF in MCF7 cells (2 other TF(s) have peaks here). Motif-based prediction.
chr10:59812889-59812901	FOXD1	FOXA1	0.85	0	Motif match 100% of max PWM score (strand -, rank 1). No ENCODE ChIP-seq data for ZR-75-1 cells. Motif-based prediction.
chr19:40542466-40542479	BHLHE22	TCF4	0.85	0	Motif match 100% of max PWM score (strand +, rank 1). No ENCODE ChIP-seq data for TMD8 cells. Motif-based prediction.
chr10:57920099-57920111	FOSL2	JUNB	0.7	0	Motif match 82% of max PWM score (strand +, rank 7). ENCODE FOSL2 ChIP-seq: 1 peak(s) overlap this locus in A549 cells.
chr20:63980966-63980985	ZNF354C	CTCF	0.81	0	Motif match 98% of max PWM score (strand +, rank 1). No ENCODE ChIP-seq data for Peyer-s-patch cells. Motif-based prediction.
chr1:151612050-151612062	KLF15	E2F1	0.34	0	Motif match 67% of max PWM score (strand +, rank 1). No ENCODE peak overlap at this locus in LNCaP cells. Motif-based prediction.
chr1:98251677-98251696	ZNF354C	CTCF	0.81	0	Motif match 98% of max PWM score (strand -, rank 1). No ENCODE ChIP-seq data for MIA-PaCa-2 cells. Motif-based prediction.
chr2:152781342-152781356	MNX1	ONECUT2	0.81	0	Motif match 98% of max PWM score (strand -, rank 1). No ENCODE peak overlap at this locus in LNCaP cells. Motif-based prediction.
chr11:14041244-14041263	ZNF354C	CTCF	0.54	0	Motif match 82% of max PWM score (strand -, rank 1). No ENCODE peak overlap at this locus in GM12872 cells. Motif-based prediction.
chr2:9768631-9768650	TFAP2E	CTCF	0.46	0	Motif match 80% of max PWM score (strand +, rank 1). No ENCODE ChIP-seq overlap for this TF in K562 cells (16 other TF(s) have peaks here). Motif-based prediction.
chr7:65351635-65351647	FOXD1	FOXA1	0.85	0	Motif match 100% of max PWM score (strand -, rank 1). No ENCODE ChIP-seq data for lncap-dht cells. Motif-based prediction.
chr3:14772298-14772315	NR2C1	ESR1	0.84	0	Motif match 100% of max PWM score (strand +, rank 1). No ENCODE peak overlap at this locus in MCF7 cells. Motif-based prediction.
chr10:25079175-25079187	GATA2	GATA4	0.85	0	Motif match 100% of max PWM score (strand -, rank 1). No ENCODE ChIP-seq data for ags cells. Motif-based prediction.
chr3:194296555-194296567	TEAD4	TEAD4	0.8	1	Motif match 100% of max PWM score (strand -, rank 1). No ENCODE ChIP-seq overlap for this TF in SK-N-SH cells (1 other TF(s) have peaks here). Motif-based prediction.
chr1:30929576-30929595	MNT	CTCF	0.29	0	Motif match 57% of max PWM score (strand +, rank 1). No ENCODE ChIP-seq data for upper-lobe-of-left-lung cells. Motif-based prediction.
chr18:14470263-14470273	FOSB	JUNB	0.62	0	Motif match 86% of max PWM score (strand +, rank 1). No ENCODE peak overlap at this locus in A549 cells. Motif-based prediction.
chr12:67637904-67637916	FOXP3	FOXA1	0.26	0	Motif match 62% of max PWM score (strand -, rank 1). No ENCODE ChIP-seq overlap for this TF in liver cells (3 other TF(s) have peaks here). Motif-based prediction.
chr2:111168669-111168682	JUND	JUND	1.0	1	Motif match 100% of max PWM score (strand +, rank 6). ENCODE JUND ChIP-seq: 1 peak(s) overlap this locus in SK-N-SH cells. NFE2L2 has higher motif score (100%) but no ENCODE evidence in SK-N-SH.
chr3:60421959-60421972	NR2F2	HNF4A	0.22	0	Motif match 55% of max PWM score (strand +, rank 1). No ENCODE ChIP-seq overlap for this TF in liver cells (8 other TF(s) have peaks here). Motif-based prediction.
chr1:94539733-94539746	BATF	JUND	0.85	0	Motif match 100% of max PWM score (strand -, rank 1). No ENCODE ChIP-seq data for artery-smooth-muscle cells. Motif-based prediction.
chr6:98903856-98903868	FOXL1	FOXA1	0.8	0	Motif match 97% of max PWM score (strand -, rank 1). No ENCODE peak overlap at this locus in LNCaP cells. Motif-based prediction.
chr7:103149352-103149371	E2F8	CTCF	0.39	0	Motif match 73% of max PWM score (strand -, rank 1). No ENCODE ChIP-seq data for tibial-nerve cells. Motif-based prediction.
chr10:103044773-103044785	TFAP2E	TFAP2A	0.63	0	Motif match 87% of max PWM score (strand -, rank 1). No ENCODE ChIP-seq data for hiPSC cells. Motif-based prediction.
chrX:40077042-40077056	NFATC3	RFX1	0.8	0	Motif match 100% of max PWM score (strand -, rank 1). No ENCODE ChIP-seq overlap for this TF in K562 cells (3 other TF(s) have peaks here). Motif-based prediction.
chrX:154354784-154354794	SMAD2	HAND2	0.85	0	Motif match 100% of max PWM score (strand +, rank 1). No ENCODE peak overlap at this locus in BE2C cells. Motif-based prediction.
chr11:23554203-23554222	HIC2	CTCF	0.82	0	Motif match 98% of max PWM score (strand +, rank 1). No ENCODE ChIP-seq data for zr751 cells. Motif-based prediction.
chr11:101430296-101430309	THAP1	TFAP2C	0.55	0	Motif match 82% of max PWM score (strand +, rank 1). No ENCODE ChIP-seq data for bt474 cells. Motif-based prediction.
chr7:151111226-151111245	ZNF549	CTCF	0.35	0	Motif match 69% of max PWM score (strand +, rank 1). No ENCODE ChIP-seq data for MDM-monocyte-derived-macrophages- cells. Motif-based prediction.
chr9:99491756-99491771	NR2C1	NR2F1	1.0	0	Motif match 100% of max PWM score (strand +, rank 2). ENCODE NR2C1 ChIP-seq: 1 peak(s) overlap this locus in GM12878 cells. NR2C2 has higher motif score (100%) but no ENCODE evidence in GM12878.
chr3:64760049-64760066	PGR	NR3C1	0.83	0	Motif match 99% of max PWM score (strand +, rank 1). No ENCODE ChIP-seq data for HASM2 cells. Motif-based prediction.
chr2:217995020-217995031	MEIS3	JUN	0.4	0	Motif match 76% of max PWM score (strand +, rank 1). No ENCODE ChIP-seq overlap for this TF in A549 cells (4 other TF(s) have peaks here). Motif-based prediction.
chr21:37979399-37979416	FOXP3	AR	0.56	0	Motif match 83% of max PWM score (strand -, rank 1). No ENCODE peak overlap at this locus in lncap cells. Motif-based prediction.
chr1:13735078-13735091	GATA2	GATA6	0.85	0	Motif match 100% of max PWM score (strand +, rank 1). No ENCODE ChIP-seq data for WA01 cells. Motif-based prediction.
chr16:85615176-85615193	ZNF708	AR	0.85	0	Motif match 100% of max PWM score (strand +, rank 1). No ENCODE ChIP-seq data for du145-arq6540x cells. Motif-based prediction.
chr17:64975672-64975684	KLF10	KLF4	0.8	0	Motif match 100% of max PWM score (strand -, rank 1). No ENCODE ChIP-seq overlap for this TF in MCF-7 cells (26 other TF(s) have peaks here). Motif-based prediction.
chr11:35622322-35622340	SMAD2	TP63	0.85	0	Motif match 100% of max PWM score (strand +, rank 1). No ENCODE ChIP-seq data for JHU-029 cells. Motif-based prediction.
chr13:48078316-48078335	HIC2	CTCF	0.82	0	Motif match 98% of max PWM score (strand -, rank 1). No ENCODE ChIP-seq data for MIA-PaCa-2 cells. Motif-based prediction.
chr18:56638715-56638729	NFATC3	GABPA	0.75	0	Motif match 94% of max PWM score (strand -, rank 1). No ENCODE ChIP-seq data for hela cells. Motif-based prediction.
chr12:91883900-91883917	NR2C1	ESR1	0.84	0	Motif match 100% of max PWM score (strand -, rank 1). No ENCODE ChIP-seq data for H3396 cells. Motif-based prediction.
chr16:30445993-30446005	CEBPD	CEBPA	0.43	0	Motif match 75% of max PWM score (strand +, rank 1). No ENCODE ChIP-seq data for THP-1 cells. Motif-based prediction.
chr6:69796975-69796987	NR2C2	NR4A1	0.49	0	Motif match 78% of max PWM score (strand +, rank 1). No ENCODE ChIP-seq data for kasumi1 cells. Motif-based prediction.
chr22:30205956-30205968	JUN	FOSL2	0.69	0	Motif match 82% of max PWM score (strand +, rank 3). ENCODE JUN ChIP-seq: 1 peak(s) overlap this locus in A549 cells.
chr3:52231688-52231707	TCF12	CTCF	0.32	0	Motif match 63% of max PWM score (strand -, rank 1). No ENCODE ChIP-seq data for WA09 cells. Motif-based prediction.
chr1:58929033-58929050	NR2C2	ESR1	0.85	0	Motif match 100% of max PWM score (strand +, rank 1). No ENCODE peak overlap at this locus in MCF7 cells. Motif-based prediction.
chr2:170887728-170887740	TFAP2A	TFAP2C	0.85	0	Motif match 100% of max PWM score (strand -, rank 1). No ENCODE ChIP-seq data for a375-dmso cells. Motif-based prediction.
chr1:222171234-222171253	ZSCAN21	CTCF	0.19	0	Motif match 48% of max PWM score (strand +, rank 1). No ENCODE ChIP-seq overlap for this TF in T47D cells (1 other TF(s) have peaks here). Motif-based prediction.
chr7:43217603-43217623	RELB	SPI1	0.33	0	Motif match 65% of max PWM score (strand -, rank 1). No ENCODE peak overlap at this locus in dohh2 cells. Motif-based prediction.
chr5:128121872-128121889	GRHL2	AR	0.85	0	Motif match 100% of max PWM score (strand +, rank 1). No ENCODE ChIP-seq data for vcap-r1881 cells. Motif-based prediction.
chr1:7268090-7268102	FOXL1	FOXA1	0.8	0	Motif match 97% of max PWM score (strand +, rank 1). No ENCODE ChIP-seq data for ZR-75-1 cells. Motif-based prediction.
chr3:180704757-180704769	SRY	FOXA1	0.85	0	Motif match 100% of max PWM score (strand -, rank 1). No ENCODE ChIP-seq data for zr751 cells. Motif-based prediction.
chr7:24670418-24670428	BHLHE22	TFAP4	0.85	0	Motif match 100% of max PWM score (strand +, rank 1). No ENCODE ChIP-seq data for COLO-320 cells. Motif-based prediction.
chr10:8485224-8485238	DMRTA2	CEBPA	0.59	0	Motif match 84% of max PWM score (strand -, rank 1). No ENCODE ChIP-seq data for U937 cells. Motif-based prediction.
chr1:21336153-21336163	FOSB	JUN	0.39	0	Motif match 73% of max PWM score (strand -, rank 1). No ENCODE ChIP-seq data for MCF10A-ER-Src cells. Motif-based prediction.
chr12:65607669-65607680	POU3F1	POU5F1	0.45	0	Motif match 76% of max PWM score (strand -, rank 1). No ENCODE ChIP-seq data for esc-naive cells. Motif-based prediction.
chr7:12686906-12686918	HES1	MYCN	0.56	0	Motif match 83% of max PWM score (strand +, rank 1). No ENCODE ChIP-seq data for Kelly cells. Motif-based prediction.
chr13:109985006-109985018	FOXD1	FOXA1	0.85	0	Motif match 100% of max PWM score (strand +, rank 1). No ENCODE peak overlap at this locus in LNCaP cells. Motif-based prediction.
chr12:100669233-100669248	HNF4A	HNF4A	0.43	1	Motif match 75% of max PWM score (strand -, rank 1). No ENCODE ChIP-seq data for HUES64 cells. Motif-based prediction.
chr2:216328542-216328561	THAP1	CTCF	0.58	0	Motif match 87% of max PWM score (strand -, rank 1). No ENCODE ChIP-seq overlap for this TF in K562 cells (1 other TF(s) have peaks here). Motif-based prediction.
chr22:49949417-49949427	HES1	MAX	0.79	0	Motif match 100% of max PWM score (strand +, rank 1). No ENCODE ChIP-seq overlap for this TF in HepG2 cells (71 other TF(s) have peaks here). Motif-based prediction.
chr1:150668849-150668861	FOXP3	FOXA1	0.56	0	Motif match 83% of max PWM score (strand +, rank 1). No ENCODE ChIP-seq data for ZR-75-1 cells. Motif-based prediction.
chr17:81418867-81418879	FOXA2	FOXA1	0.45	0	Motif match 76% of max PWM score (strand -, rank 1). No ENCODE peak overlap at this locus in VCaP cells. Motif-based prediction.
chr6:168162608-168162625	RHOXF1	AR	0.45	0	Motif match 76% of max PWM score (strand +, rank 1). No ENCODE ChIP-seq data for vcap-r1881 cells. Motif-based prediction.
chr12:102877079-102877098	CTCFL	CTCF	0.8	0	Motif match 100% of max PWM score (strand -, rank 1). No ENCODE ChIP-seq overlap for this TF in 22RV1 cells (1 other TF(s) have peaks here). Motif-based prediction.
chr3:173747647-173747658	BATF3	FOSL2	0.47	0	Motif match 77% of max PWM score (strand +, rank 1). No ENCODE ChIP-seq data for LPS141 cells. Motif-based prediction.
chr1:93093580-93093591	FOXO3	FOXA2	0.31	0	Motif match 62% of max PWM score (strand -, rank 1). No ENCODE ChIP-seq data for mdamb231 cells. Motif-based prediction.
chr17:82134273-82134290	PGR	AR	0.78	0	Motif match 96% of max PWM score (strand +, rank 1). No ENCODE ChIP-seq data for LNCaP95 cells. Motif-based prediction.
chr5:90410090-90410102	YY1	YY1	0.75	1	Motif match 85% of max PWM score (strand +, rank 2). ENCODE YY1 ChIP-seq: 1 peak(s) overlap this locus in GM12891 cells. YY2 has higher motif score (100%) but no ENCODE evidence in GM12891.
chr8:81685933-81685945	HIC2	TFAP2C	0.31	0	Motif match 62% of max PWM score (strand -, rank 1). No ENCODE ChIP-seq data for UCLA1-hESCs cells. Motif-based prediction.
chr5:72315021-72315031	HIC2	CEBPB	0.56	0	Motif match 86% of max PWM score (strand -, rank 1). No ENCODE ChIP-seq overlap for this TF in HeLa-S3 cells (1 other TF(s) have peaks here). Motif-based prediction.
chr1:231883057-231883068	HAND2	MYC	0.85	0	Motif match 100% of max PWM score (strand +, rank 1). No ENCODE ChIP-seq data for NCI-H2171 cells. Motif-based prediction.
chr18:23520046-23520056	MEIS3	JUN	0.42	0	Motif match 74% of max PWM score (strand +, rank 1). No ENCODE ChIP-seq data for HAEC cells. Motif-based prediction.
chr5:68443823-68443840	PGR	AR	0.66	0	Motif match 89% of max PWM score (strand +, rank 1). No ENCODE peak overlap at this locus in HEK293 cells. Motif-based prediction.
chr5:142548892-142548911	EBF3	CTCF	0.29	0	Motif match 58% of max PWM score (strand -, rank 1). No ENCODE ChIP-seq data for mcf7-e2-shctcf cells. Motif-based prediction.
chr2:55109728-55109739	FOSL2	FOSL2	0.88	1	Motif match 93% of max PWM score (strand +, rank 6). ENCODE FOSL2 ChIP-seq: 1 peak(s) overlap this locus in A549 cells. BATF has higher motif score (100%) but no ENCODE evidence in A549.
chr2:103335033-103335048	POU5F1	POU5F1	0.85	1	Motif match 100% of max PWM score (strand +, rank 1). No ENCODE ChIP-seq data for HUES8 cells. Motif-based prediction.
chr1:150066529-150066543	NFIL3	CEBPA	0.85	0	Motif match 100% of max PWM score (strand -, rank 1). No ENCODE ChIP-seq data for U937 cells. Motif-based prediction.
chrX:135464108-135464127	HIC2	CTCF	0.82	0	Motif match 98% of max PWM score (strand -, rank 1). No ENCODE ChIP-seq data for HUVEC-C cells. Motif-based prediction.
chr4:81757149-81757162	NR2F2	NR2F1	0.58	0	Motif match 75% of max PWM score (strand +, rank 4). ENCODE NR2F2 ChIP-seq: 1 peak(s) overlap this locus in K562 cells. NR2C2 has higher motif score (100%) but no ENCODE evidence in K562.
chr10:79386143-79386162	VEZF1	CTCF	0.85	0	Motif match 100% of max PWM score (strand -, rank 1). No ENCODE ChIP-seq data for HUES64 cells. Motif-based prediction.
chr13:46647683-46647695	FOXD1	FOXA1	0.85	0	Motif match 100% of max PWM score (strand +, rank 1). No ENCODE peak overlap at this locus in LNCaP cells. Motif-based prediction.
chr12:82026137-82026157	NOTO	SPI1	0.25	0	Motif match 60% of max PWM score (strand -, rank 1). No ENCODE ChIP-seq overlap for this TF in GM12891 cells (1 other TF(s) have peaks here). Motif-based prediction.
chr3:13155089-13155106	VDR	AR	0.49	0	Motif match 78% of max PWM score (strand -, rank 1). No ENCODE ChIP-seq data for LNCaP95 cells. Motif-based prediction.
chr6:160066341-160066351	CEBPA	CEBPB	0.26	0	Motif match 53% of max PWM score (strand +, rank 1). No ENCODE ChIP-seq data for OCI-AML3 cells. Motif-based prediction.
chr10:46565716-46565735	MYB	CTCF	0.85	0	Motif match 100% of max PWM score (strand +, rank 1). No ENCODE peak overlap at this locus in T47D cells. Motif-based prediction.
chr16:17158091-17158110	CTCFL	CTCF	0.85	0	Motif match 100% of max PWM score (strand +, rank 1). No ENCODE ChIP-seq data for lymphoblastoid-cells cells. Motif-based prediction.
chr6:42720997-42721005	GATA3	GATA3	0.35	1	Motif match 73% of max PWM score (strand -, rank 1). No ENCODE ChIP-seq overlap for this TF in SK-N-SH cells (1 other TF(s) have peaks here). Motif-based prediction.
chr20:34677173-34677185	TCFL5	MYC	0.61	0	Motif match 85% of max PWM score (strand +, rank 1). No ENCODE ChIP-seq data for p493-shterc cells. Motif-based prediction.
chr5:135430866-135430886	HIC2	SPI1	0.3	0	Motif match 60% of max PWM score (strand -, rank 1). No ENCODE ChIP-seq data for macrophages-il4 cells. Motif-based prediction.
chr12:99569151-99569162	FOXD1	FOXA2	0.85	0	Motif match 100% of max PWM score (strand +, rank 1). No ENCODE peak overlap at this locus in BJ cells. Motif-based prediction.
chr20:63682815-63682833	RHOXF1	TP53	0.67	0	Motif match 89% of max PWM score (strand -, rank 1). No ENCODE ChIP-seq data for A498 cells. Motif-based prediction.
chr19:18986920-18986939	MAZ	CTCF	0.66	0	Motif match 89% of max PWM score (strand +, rank 1). No ENCODE peak overlap at this locus in DOHH2 cells. Motif-based prediction.
chr20:13119691-13119710	ZNF549	CTCF	0.35	0	Motif match 69% of max PWM score (strand -, rank 1). No ENCODE ChIP-seq data for stomach cells. Motif-based prediction.
chr12:69327886-69327901	FEZF2	RXRA	0.6	0	Motif match 85% of max PWM score (strand -, rank 1). No ENCODE peak overlap at this locus in MCF7 cells. Motif-based prediction.
chr4:14144080-14144099	RHOXF1	CTCF	0.67	0	Motif match 89% of max PWM score (strand -, rank 1). No ENCODE ChIP-seq data for ID00014 cells. Motif-based prediction.
chr9:19493266-19493285	ZNF549	CTCF	0.85	0	Motif match 100% of max PWM score (strand -, rank 1). No ENCODE peak overlap at this locus in gm12891 cells. Motif-based prediction.
chr17:48067935-48067949	CDX2	HOXB13	0.85	0	Motif match 100% of max PWM score (strand -, rank 1). No ENCODE peak overlap at this locus in lncap cells. Motif-based prediction.
chr6:16947679-16947691	HOXA7	GATA4	0.8	0	Motif match 97% of max PWM score (strand +, rank 1). No ENCODE ChIP-seq data for iPSC-derived-cardiomyocytes cells. Motif-based prediction.
chr8:37619310-37619329	ZNF549	CTCF	0.37	0	Motif match 71% of max PWM score (strand +, rank 1). No ENCODE ChIP-seq data for THP-1 cells. Motif-based prediction.
chr17:44774960-44774979	KLF7	CTCF	0.4	0	Motif match 73% of max PWM score (strand -, rank 1). No ENCODE ChIP-seq data for right-lobe-of-liver cells. Motif-based prediction.
chr10:53091113-53091130	HOXB4	AR	0.85	0	Motif match 100% of max PWM score (strand -, rank 1). No ENCODE ChIP-seq data for LNCaP-C4-2 cells. Motif-based prediction.
chr2:179872025-179872036	FOXA2	FOXA2	0.64	1	Motif match 87% of max PWM score (strand -, rank 1). No ENCODE ChIP-seq data for esc-h9 cells. Motif-based prediction.
chr20:36128649-36128661	FOXP3	MAFB	0.55	0	Motif match 82% of max PWM score (strand +, rank 1). No ENCODE ChIP-seq data for islet cells. Motif-based prediction.
chr7:124310921-124310931	NFIL3	CEBPB	0.85	0	Motif match 100% of max PWM score (strand +, rank 1). No ENCODE peak overlap at this locus in HeLa-S3 cells. Motif-based prediction.
chr16:22728594-22728606	GSC2	OTX2	0.5	0	Motif match 79% of max PWM score (strand +, rank 1). No ENCODE ChIP-seq data for D341-Med cells. Motif-based prediction.
chr2:69704697-69704709	FOXP3	CEBPA	0.32	0	Motif match 65% of max PWM score (strand -, rank 1). No ENCODE ChIP-seq data for Kasumi-1 cells. Motif-based prediction.
chr8:59108517-59108534	PGR	NR3C1	0.8	0	Motif match 97% of max PWM score (strand +, rank 1). No ENCODE ChIP-seq data for HASM2 cells. Motif-based prediction.
chr4:28149978-28149995	MEIS3	ESR1	0.41	0	Motif match 77% of max PWM score (strand -, rank 1). No ENCODE ChIP-seq overlap for this TF in MCF7 cells (1 other TF(s) have peaks here). Motif-based prediction.
chr7:77685408-77685420	FOXL1	FOXA1	0.61	0	Motif match 85% of max PWM score (strand -, rank 1). No ENCODE ChIP-seq data for lncap-dht cells. Motif-based prediction.
chr14:103748646-103748656	TCFL5	TBX21	0.23	0	Motif match 47% of max PWM score (strand -, rank 1). No ENCODE ChIP-seq data for cd4-th1 cells. Motif-based prediction.
chr5:141992535-141992554	ZEB1	CTCF	0.85	0	Motif match 100% of max PWM score (strand -, rank 1). No ENCODE ChIP-seq data for OCI-LY1 cells. Motif-based prediction.
chr14:61183618-61183628	ETS1	FLI1	0.35	0	Motif match 70% of max PWM score (strand +, rank 1). No ENCODE ChIP-seq data for HUVEC-C cells. Motif-based prediction.
chr5:172775773-172775790	PGR	AR	0.7	0	Motif match 91% of max PWM score (strand -, rank 1). No ENCODE peak overlap at this locus in LNCaP cells. Motif-based prediction.
chr2:158143143-158143154	GATA1	GATA2	0.83	0	Motif match 90% of max PWM score (strand +, rank 6). ENCODE GATA1 ChIP-seq: 1 peak(s) overlap this locus in K562 cells. GATA2 has higher motif score (100%) but no ENCODE evidence in K562.
chr21:37759149-37759168	ZEB1	CTCF	0.85	0	Motif match 100% of max PWM score (strand -, rank 1). No ENCODE ChIP-seq data for esophagus-squamous-epithelium cells. Motif-based prediction.
chr1:37690500-37690512	HES1	MYCN	0.84	0	Motif match 100% of max PWM score (strand -, rank 1). No ENCODE ChIP-seq data for IMR-5 cells. Motif-based prediction.
chr12:62786132-62786144	MAFK	JUN	0.38	0	Motif match 72% of max PWM score (strand -, rank 1). No ENCODE ChIP-seq data for MCF10A-ER-Src cells. Motif-based prediction.
chr6:10679468-10679480	HOXB2	CEBPA	0.47	0	Motif match 77% of max PWM score (strand -, rank 1). No ENCODE ChIP-seq data for Kasumi-1 cells. Motif-based prediction.
chr3:25783924-25783936	MNT	MYC	0.85	0	Motif match 100% of max PWM score (strand +, rank 1). No ENCODE ChIP-seq data for u2os-dox cells. Motif-based prediction.
chr14:104677915-104677927	BATF	JUN	0.85	0	Motif match 100% of max PWM score (strand +, rank 1). No ENCODE ChIP-seq data for HUVEC-C cells. Motif-based prediction.
chr2:31558895-31558905	JUN	JUNB	0.68	0	Motif match 81% of max PWM score (strand +, rank 2). ENCODE JUN ChIP-seq: 1 peak(s) overlap this locus in A549 cells.
chr10:113056543-113056555	MAFK	JUNB	0.51	0	Motif match 71% of max PWM score (strand -, rank 18). ENCODE MAFK ChIP-seq: 1 peak(s) overlap this locus in A549 cells. MNX1 has higher motif score (98%) but no ENCODE evidence in A549.
chrX:11459161-11459175	SOX8	HOXB13	0.79	0	Motif match 96% of max PWM score (strand +, rank 1). No ENCODE peak overlap at this locus in LNCaP cells. Motif-based prediction.
chr4:139922039-139922051	RHOXF1	OTX2	0.67	0	Motif match 89% of max PWM score (strand -, rank 1). No ENCODE ChIP-seq data for D341-Med cells. Motif-based prediction.
chrY:14138511-14138519	NFYC	TBX5	0.14	0	Motif match 27% of max PWM score (strand +, rank 1). No ENCODE ChIP-seq data for iPSC-derived-cardiomyocytes cells. Motif-based prediction.
chr10:77641990-77642009	ZNF354C	CTCF	0.85	0	Motif match 100% of max PWM score (strand -, rank 1). No ENCODE ChIP-seq data for HCT-116-RAD21-mAC cells. Motif-based prediction.
chr11:33997167-33997186	ZEB1	CTCF	0.85	0	Motif match 100% of max PWM score (strand -, rank 1). No ENCODE ChIP-seq data for omental-fat-pad cells. Motif-based prediction.
chr11:66678673-66678692	E2F8	CTCF	0.38	0	Motif match 72% of max PWM score (strand -, rank 1). No ENCODE ChIP-seq data for erythroid cells. Motif-based prediction.
chr5:36178152-36178171	NR2C2	CTCF	0.8	0	Motif match 100% of max PWM score (strand +, rank 1). No ENCODE ChIP-seq overlap for this TF in MCF7 cells (3 other TF(s) have peaks here). Motif-based prediction.
chr4:141576122-141576133	MNX1	FOXA2	0.81	0	Motif match 98% of max PWM score (strand -, rank 1). No ENCODE ChIP-seq data for KerCT cells. Motif-based prediction.
chr18:35389462-35389472	ZNF354C	RELA	0.35	0	Motif match 70% of max PWM score (strand -, rank 1). No ENCODE ChIP-seq data for HUVEC-C cells. Motif-based prediction.
chr7:74093090-74093102	ARNT	MYCN	0.54	0	Motif match 82% of max PWM score (strand -, rank 1). No ENCODE ChIP-seq data for NGP cells. Motif-based prediction.
chr10:5685703-5685722	ZNF417	CTCF	0.8	0	Motif match 100% of max PWM score (strand +, rank 1). No ENCODE ChIP-seq overlap for this TF in K562 cells (49 other TF(s) have peaks here). Motif-based prediction.
chr10:52354114-52354124	HLF	CEBPB	0.59	0	Motif match 88% of max PWM score (strand +, rank 1). No ENCODE ChIP-seq overlap for this TF in A549 cells (2 other TF(s) have peaks here). Motif-based prediction.
chr1:226899332-226899349	BCL11A	AR	0.29	0	Motif match 59% of max PWM score (strand +, rank 1). No ENCODE peak overlap at this locus in VCaP cells. Motif-based prediction.
chr17:70271744-70271752	GATA3	GATA3	0.34	1	Motif match 72% of max PWM score (strand +, rank 1). No ENCODE ChIP-seq overlap for this TF in T47D cells (2 other TF(s) have peaks here). Motif-based prediction.
chr4:8419382-8419394	ZNF417	CEBPA	0.32	0	Motif match 64% of max PWM score (strand -, rank 1). No ENCODE ChIP-seq data for THP-1 cells. Motif-based prediction.
chr10:91557001-91557018	NR2C2	ESR1	0.8	0	Motif match 100% of max PWM score (strand -, rank 1). No ENCODE ChIP-seq overlap for this TF in MCF7 cells (11 other TF(s) have peaks here). Motif-based prediction.
chr6:164756339-164756352	FOS	JUN	0.85	0	Motif match 100% of max PWM score (strand +, rank 1). No ENCODE ChIP-seq data for definitive-endoderm-from-HUES8 cells. Motif-based prediction.
chr20:37721387-37721399	FOXO4	FOXA1	0.58	0	Motif match 84% of max PWM score (strand -, rank 1). No ENCODE ChIP-seq data for mcf7-e2-tnf cells. Motif-based prediction.
chr20:4060671-4060682	RHOXF1	RELB	0.16	0	Motif match 42% of max PWM score (strand +, rank 1). No ENCODE ChIP-seq overlap for this TF in GM12878 cells (7 other TF(s) have peaks here). Motif-based prediction.
chr7:69457981-69457996	CEBPD	POU5F1	0.31	0	Motif match 62% of max PWM score (strand +, rank 1). No ENCODE ChIP-seq data for iPSC cells. Motif-based prediction.
chr1:59650051-59650065	ONECUT1	ONECUT2	0.85	0	Motif match 100% of max PWM score (strand -, rank 1). No ENCODE peak overlap at this locus in LNCaP cells. Motif-based prediction.
chr11:1831014-1831031	NR2C2	ESR1	0.85	0	Motif match 100% of max PWM score (strand -, rank 1). No ENCODE ChIP-seq data for BT-474 cells. Motif-based prediction.
chr12:40559152-40559172	PRDM1	SPI1	0.85	0	Motif match 100% of max PWM score (strand +, rank 1). No ENCODE ChIP-seq data for lcl cells. Motif-based prediction.
chr16:87652995-87653014	RELB	CTCF	0.33	0	Motif match 65% of max PWM score (strand -, rank 1). No ENCODE peak overlap at this locus in MCF-7 cells. Motif-based prediction.
chr3:188274260-188274273	BATF	JUNB	0.85	0	Motif match 100% of max PWM score (strand -, rank 1). No ENCODE ChIP-seq data for MCF10A-ER-Src cells. Motif-based prediction.
chr15:62111106-62111116	IKZF2	FLI1	0.85	0	Motif match 100% of max PWM score (strand +, rank 1). No ENCODE ChIP-seq data for HUVEC-C cells. Motif-based prediction.
chr12:60910690-60910707	HOXA5	ESR1	0.48	0	Motif match 78% of max PWM score (strand +, rank 1). No ENCODE peak overlap at this locus in T47D cells. Motif-based prediction.
chr1:12147133-12147144	GATA3	GATA2	0.45	0	Motif match 76% of max PWM score (strand -, rank 1). No ENCODE ChIP-seq data for HUVEC-C cells. Motif-based prediction.
chr7:135894898-135894908	CEBPD	CEBPB	0.31	0	Motif match 62% of max PWM score (strand +, rank 1). No ENCODE ChIP-seq data for SUM159PT cells. Motif-based prediction.
chr3:38137388-38137402	ETV3	GABPA	0.85	0	Motif match 100% of max PWM score (strand +, rank 1). No ENCODE ChIP-seq data for vcap-etoh cells. Motif-based prediction.
chr1:51518285-51518300	HNF4A	RXRA	1.0	0	Motif match 100% of max PWM score (strand -, rank 2). ENCODE HNF4A ChIP-seq: 2 peak(s) overlap this locus in liver cells.
chr1:84443434-84443446	FOXD1	FOXA1	0.85	0	Motif match 100% of max PWM score (strand +, rank 1). No ENCODE peak overlap at this locus in LNCaP cells. Motif-based prediction.
chr10:94677896-94677911	HNF4G	RXRA	0.62	0	Motif match 77% of max PWM score (strand -, rank 3). ENCODE HNF4G ChIP-seq: 1 peak(s) overlap this locus in liver cells. SOX10 has higher motif score (100%) but no ENCODE evidence in liver.
chr4:30286404-30286421	TCF7	AR	0.28	0	Motif match 57% of max PWM score (strand +, rank 1). No ENCODE peak overlap at this locus in LNCaP cells. Motif-based prediction.
chr19:40662968-40662980	MNT	MYC	0.85	0	Motif match 100% of max PWM score (strand +, rank 1). No ENCODE ChIP-seq data for u2os-shrctr cells. Motif-based prediction.
chr17:51001229-51001248	HOXA7	CTCF	0.75	0	Motif match 97% of max PWM score (strand +, rank 1). No ENCODE ChIP-seq overlap for this TF in MCF-7 cells (5 other TF(s) have peaks here). Motif-based prediction.
chr3:19063338-19063351	BATF3	JUN	0.46	0	Motif match 77% of max PWM score (strand -, rank 1). No ENCODE ChIP-seq data for MCF10A-ER-Src cells. Motif-based prediction.
chr21:37821263-37821275	CEBPD	CEBPA	0.85	0	Motif match 100% of max PWM score (strand +, rank 1). No ENCODE ChIP-seq data for THP-1 cells. Motif-based prediction.
chr10:29947009-29947026	PGR	AR	0.83	0	Motif match 99% of max PWM score (strand -, rank 1). No ENCODE ChIP-seq data for lhsar-lacz cells. Motif-based prediction.
chr10:119317663-119317680	NR2C2	ESR1	0.54	0	Motif match 85% of max PWM score (strand -, rank 1). No ENCODE ChIP-seq overlap for this TF in MCF7 cells (5 other TF(s) have peaks here). Motif-based prediction.
chr12:25195577-25195596	ZNF281	CTCF	0.55	0	Motif match 85% of max PWM score (strand +, rank 1). No ENCODE ChIP-seq overlap for this TF in A549 cells (3 other TF(s) have peaks here). Motif-based prediction.
chr5:108728322-108728339	ZNF682	ESR1	0.53	0	Motif match 81% of max PWM score (strand -, rank 1). No ENCODE ChIP-seq data for endometrioid-adenocarcinoma cells. Motif-based prediction.
chr19:52277708-52277725	NR2C1	ESR1	0.84	0	Motif match 100% of max PWM score (strand -, rank 1). No ENCODE peak overlap at this locus in MCF7 cells. Motif-based prediction.
chr18:48538761-48538773	RHOXF1	OTX2	0.67	0	Motif match 89% of max PWM score (strand +, rank 1). No ENCODE ChIP-seq data for D341-Med cells. Motif-based prediction.
chr11:66258504-66258516	FOXA1	FOXA1	0.65	1	Motif match 79% of max PWM score (strand -, rank 17). ENCODE FOXA1 ChIP-seq: 1 peak(s) overlap this locus in T47D cells. FOXD1 has higher motif score (100%) but no ENCODE evidence in T47D.
chr22:27416705-27416721	CTCFL	GLIS1	0.8	0	Motif match 100% of max PWM score (strand +, rank 1). No ENCODE ChIP-seq overlap for this TF in HEK293 cells (12 other TF(s) have peaks here). Motif-based prediction.
chr9:112717750-112717769	MEIS3	CTCF	0.66	0	Motif match 92% of max PWM score (strand +, rank 1). No ENCODE ChIP-seq overlap for this TF in GM12864 cells (1 other TF(s) have peaks here). Motif-based prediction.
chr8:98835585-98835598	TFAP2E	TFAP2A	0.72	0	Motif match 92% of max PWM score (strand +, rank 1). No ENCODE peak overlap at this locus in HeLa-S3 cells. Motif-based prediction.
chr17:38470232-38470245	ARNT	E2F6	0.49	0	Motif match 82% of max PWM score (strand -, rank 1). No ENCODE ChIP-seq overlap for this TF in K562 cells (22 other TF(s) have peaks here). Motif-based prediction.
chr14:67412222-67412236	IKZF2	GABPA	0.8	0	Motif match 100% of max PWM score (strand +, rank 1). No ENCODE ChIP-seq overlap for this TF in HeLa-S3 cells (3 other TF(s) have peaks here). Motif-based prediction.
chr10:104329533-104329543	FOS	JUN	0.85	0	Motif match 100% of max PWM score (strand -, rank 1). No ENCODE ChIP-seq data for HUVEC-C cells. Motif-based prediction.
chr11:33520271-33520291	ETV7	SPI1	0.52	0	Motif match 80% of max PWM score (strand -, rank 1). No ENCODE ChIP-seq data for MDM-monocyte-derived-macrophages- cells. Motif-based prediction.
chr10:11679954-11679971	MEIS3	ESR1	0.46	0	Motif match 77% of max PWM score (strand +, rank 1). No ENCODE ChIP-seq data for mcf7-prog cells. Motif-based prediction.
chr5:166500061-166500071	EHF	FLI1	0.36	0	Motif match 70% of max PWM score (strand +, rank 1). No ENCODE ChIP-seq data for A-673-clone-Asp114 cells. Motif-based prediction.
chr15:58771004-58771014	ETV4	ERG	0.72	0	Motif match 92% of max PWM score (strand -, rank 1). No ENCODE peak overlap at this locus in VCaP cells. Motif-based prediction.
chr1:229984772-229984784	RFX7	CEBPA	0.32	0	Motif match 71% of max PWM score (strand -, rank 1). No ENCODE ChIP-seq overlap for this TF in HepG2 cells (11 other TF(s) have peaks here). Motif-based prediction.
chr12:115341566-115341577	JUN	JUN	1.0	1	Motif match 100% of max PWM score (strand +, rank 2). ENCODE JUN ChIP-seq: 1 peak(s) overlap this locus in A549 cells. BATF has higher motif score (100%) but no ENCODE evidence in A549.
chr16:53703792-53703809	MSANTD3	AR	0.57	0	Motif match 83% of max PWM score (strand +, rank 1). No ENCODE peak overlap at this locus in VCaP cells. Motif-based prediction.
chr9:124267413-124267424	BATF	JUN	0.85	0	Motif match 100% of max PWM score (strand -, rank 1). No ENCODE ChIP-seq data for HAEC cells. Motif-based prediction.
chr11:31750468-31750481	TFAP2E	TFAP2C	0.72	0	Motif match 92% of max PWM score (strand +, rank 1). No ENCODE ChIP-seq data for a375-dmso cells. Motif-based prediction.
chr11:39247818-39247835	FOXL1	AR	0.61	0	Motif match 85% of max PWM score (strand +, rank 1). No ENCODE peak overlap at this locus in lncap cells. Motif-based prediction.
chr20:62588203-62588214	MAFK	JUN	0.38	0	Motif match 72% of max PWM score (strand -, rank 1). No ENCODE ChIP-seq data for 786-O cells. Motif-based prediction.
chrY:7383225-7383236	BATF	JUN	0.85	0	Motif match 100% of max PWM score (strand -, rank 1). No ENCODE ChIP-seq data for HAEC cells. Motif-based prediction.
chr15:81957839-81957851	TFAP2B	TFAP2C	0.19	0	Motif match 38% of max PWM score (strand +, rank 1). No ENCODE ChIP-seq data for bt474 cells. Motif-based prediction.
chr1:118635845-118635863	FOXP3	TP53	0.27	0	Motif match 54% of max PWM score (strand +, rank 1). No ENCODE peak overlap at this locus in MCF10A cells. Motif-based prediction.
chr16:4339405-4339418	TEAD1	TEAD1	0.85	1	Motif match 100% of max PWM score (strand +, rank 1). No ENCODE peak overlap at this locus in T47D cells. Motif-based prediction.
chr2:46699532-46699545	HIC2	E2F6	0.77	0	Motif match 98% of max PWM score (strand +, rank 1). No ENCODE ChIP-seq overlap for this TF in K562 cells (28 other TF(s) have peaks here). Motif-based prediction.
chr15:72353480-72353495	MAFK	MAFK	0.56	1	Motif match 73% of max PWM score (strand +, rank 13). ENCODE MAFK ChIP-seq: 2 peak(s) overlap this locus in HepG2 cells. BATF has higher motif score (100%) but no ENCODE evidence in HepG2.
chr8:12726753-12726764	FOS	JUN	0.85	0	Motif match 100% of max PWM score (strand -, rank 1). No ENCODE ChIP-seq data for MDA-MB-231 cells. Motif-based prediction.
chr10:86711255-86711274	CTCFL	CTCF	0.43	0	Motif match 75% of max PWM score (strand +, rank 1). No ENCODE ChIP-seq data for MCF7L-P-immortalized-breast-epithelial-cell-line- cells. Motif-based prediction.
chr6:149043630-149043649	ZNF263	CTCF	0.31	0	Motif match 63% of max PWM score (strand +, rank 1). No ENCODE ChIP-seq data for gm19193 cells. Motif-based prediction.
chr2:135741654-135741665	HES1	NRF1	0.51	0	Motif match 83% of max PWM score (strand +, rank 1). No ENCODE ChIP-seq overlap for this TF in K562 cells (87 other TF(s) have peaks here). Motif-based prediction.
chr1:165651171-165651186	NFE2L2	BACH1	1.0	0	Motif match 100% of max PWM score (strand -, rank 1). ENCODE NFE2L2 ChIP-seq: 1 peak(s) overlap this locus in A549 cells.
chr15:92846443-92846461	NR2C2	RARA	0.85	0	Motif match 100% of max PWM score (strand -, rank 1). No ENCODE peak overlap at this locus in HepG2 cells. Motif-based prediction.
chr11:91737847-91737859	FOXP3	FOXA1	0.31	0	Motif match 62% of max PWM score (strand +, rank 1). No ENCODE peak overlap at this locus in LNCaP cells. Motif-based prediction.
chr21:39126128-39126147	HIC2	CTCF	0.61	0	Motif match 86% of max PWM score (strand +, rank 1). No ENCODE ChIP-seq data for bjab cells. Motif-based prediction.
chr19:38693420-38693434	IKZF2	ELF3	0.8	0	Motif match 100% of max PWM score (strand +, rank 1). No ENCODE ChIP-seq overlap for this TF in HepG2 cells (7 other TF(s) have peaks here). Motif-based prediction.
chr5:111092501-111092512	NFATC3	SPDEF	0.39	0	Motif match 75% of max PWM score (strand -, rank 1). No ENCODE ChIP-seq overlap for this TF in A549 cells (9 other TF(s) have peaks here). Motif-based prediction.
chr1:23600680-23600694	TFAP2C	TFAP2A	0.27	0	Motif match 54% of max PWM score (strand -, rank 1). No ENCODE ChIP-seq data for H9-derived-neural-crest-cells cells. Motif-based prediction.
chr6:35754600-35754619	HIC2	CTCF	0.3	0	Motif match 60% of max PWM score (strand -, rank 1). No ENCODE ChIP-seq data for THP-1 cells. Motif-based prediction.
chr13:67619555-67619569	BATF	JUN	0.85	0	Motif match 100% of max PWM score (strand +, rank 1). No ENCODE ChIP-seq data for MCF10A-ER-Src cells. Motif-based prediction.
chr3:65606201-65606214	MEIS3	HNF4A	0.21	0	Motif match 51% of max PWM score (strand +, rank 1). No ENCODE ChIP-seq overlap for this TF in liver cells (9 other TF(s) have peaks here). Motif-based prediction.
chr3:186537401-186537414	GATA2	GATA6	0.85	0	Motif match 100% of max PWM score (strand -, rank 1). No ENCODE ChIP-seq data for definitive-endoderm-from-HUES8 cells. Motif-based prediction.
chr3:15324454-15324466	FOXD1	FOXA1	0.85	0	Motif match 100% of max PWM score (strand -, rank 1). No ENCODE peak overlap at this locus in LNCaP cells. Motif-based prediction.
chr1:21368661-21368680	ZNF341	CTCF	0.32	0	Motif match 64% of max PWM score (strand -, rank 1). No ENCODE ChIP-seq data for MOLM-13-acute-monocytic-leukemia-AML cells. Motif-based prediction.
chr1:240236661-240236681	IKZF2	SPI1	0.85	0	Motif match 100% of max PWM score (strand +, rank 1). No ENCODE ChIP-seq data for THP-1 cells. Motif-based prediction.
chr12:11705281-11705294	BATF	JUNB	0.85	0	Motif match 100% of max PWM score (strand -, rank 1). No ENCODE ChIP-seq data for HAEC cells. Motif-based prediction.
chr10:38140537-38140549	GATA2	GATA4	0.85	0	Motif match 100% of max PWM score (strand -, rank 1). No ENCODE peak overlap at this locus in BJ cells. Motif-based prediction.
chr15:99361757-99361776	VEZF1	CTCF	0.35	0	Motif match 70% of max PWM score (strand +, rank 1). No ENCODE ChIP-seq data for Jurkat cells. Motif-based prediction.
chr9:77224929-77224942	JUND	JUN	0.81	0	Motif match 88% of max PWM score (strand -, rank 7). ENCODE JUND ChIP-seq: 1 peak(s) overlap this locus in K562 cells. BATF has higher motif score (100%) but no ENCODE evidence in K562.
chr13:75507848-75507868	IKZF2	SPI1	0.85	0	Motif match 100% of max PWM score (strand +, rank 1). No ENCODE ChIP-seq data for macrophages-ifng cells. Motif-based prediction.
chr2:190319782-190319803	SMAD2	REST	0.26	0	Motif match 62% of max PWM score (strand +, rank 1). No ENCODE ChIP-seq overlap for this TF in GM12878 cells (40 other TF(s) have peaks here). Motif-based prediction.
chr22:25447997-25448009	KLF2	E2F1	0.24	0	Motif match 58% of max PWM score (strand -, rank 1). No ENCODE ChIP-seq overlap for this TF in LNCaP cells (1 other TF(s) have peaks here). Motif-based prediction.
chr5:149959499-149959518	ZNF549	CTCF	0.85	0	Motif match 100% of max PWM score (strand -, rank 1). No ENCODE ChIP-seq data for mcf7-e2 cells. Motif-based prediction.
chr17:44203833-44203852	CTCFL	CTCF	0.53	0	Motif match 81% of max PWM score (strand +, rank 1). No ENCODE ChIP-seq data for Karpas-422 cells. Motif-based prediction.
chr1:9239823-9239837	IKZF2	GABPA	0.85	0	Motif match 100% of max PWM score (strand -, rank 1). No ENCODE ChIP-seq data for jurkat cells. Motif-based prediction.
chr10:131224583-131224597	TFAP2A	TFAP2A	0.41	1	Motif match 74% of max PWM score (strand +, rank 1). No ENCODE ChIP-seq data for H9-derived-neural-crest-cells cells. Motif-based prediction.
chr4:707213-707225	VEZF1	TFAP2C	0.85	0	Motif match 100% of max PWM score (strand -, rank 1). No ENCODE ChIP-seq data for UCLA1-hESCs cells. Motif-based prediction.
chr5:67101890-67101900	CEBPD	CEBPB	0.8	0	Motif match 100% of max PWM score (strand +, rank 1). No ENCODE ChIP-seq overlap for this TF in IMR-90 cells (1 other TF(s) have peaks here). Motif-based prediction.
chr10:32830971-32830983	DMRTA2	CEBPA	0.44	0	Motif match 75% of max PWM score (strand -, rank 1). No ENCODE ChIP-seq data for Kasumi-1 cells. Motif-based prediction.
chr3:136995027-136995038	SOX18	MYC	0.29	0	Motif match 58% of max PWM score (strand -, rank 1). No ENCODE ChIP-seq data for HeLa cells. Motif-based prediction.
chr1:233791277-233791296	HIC2	CTCF	0.61	0	Motif match 86% of max PWM score (strand -, rank 1). No ENCODE ChIP-seq data for normal-lung-fibroblasts cells. Motif-based prediction.
chr16:75745418-75745438	ZKSCAN5	SPI1	0.56	0	Motif match 82% of max PWM score (strand +, rank 1). No ENCODE ChIP-seq data for monocyte-derived-macrophages cells. Motif-based prediction.
chr19:48064745-48064759	ZNF35	JUN	0.34	0	Motif match 68% of max PWM score (strand -, rank 1). No ENCODE ChIP-seq data for definitive-endoderm-from-HUES8 cells. Motif-based prediction.
chr11:108735145-108735164	NEUROG2	CTCF	0.85	0	Motif match 100% of max PWM score (strand -, rank 1). No ENCODE ChIP-seq data for gm18951 cells. Motif-based prediction.
chr7:101804516-101804532	ZEB1	GLIS1	0.8	0	Motif match 100% of max PWM score (strand -, rank 1). No ENCODE ChIP-seq overlap for this TF in HEK293 cells (13 other TF(s) have peaks here). Motif-based prediction.
chr1:240831571-240831581	BATF3	JUNB	0.47	0	Motif match 77% of max PWM score (strand +, rank 1). No ENCODE peak overlap at this locus in A549 cells. Motif-based prediction.
chr3:161171280-161171290	BATF	JUN	0.85	0	Motif match 100% of max PWM score (strand +, rank 1). No ENCODE ChIP-seq data for HUVEC-C cells. Motif-based prediction.
chr17:64808631-64808644	BATF	JUN	0.8	0	Motif match 100% of max PWM score (strand -, rank 1). No ENCODE ChIP-seq overlap for this TF in K562 cells (2 other TF(s) have peaks here). Motif-based prediction.
chr3:14413981-14413994	FOSL2	JUNB	0.97	0	Motif match 98% of max PWM score (strand -, rank 8). ENCODE FOSL2 ChIP-seq: 1 peak(s) overlap this locus in A549 cells. BATF has higher motif score (100%) but no ENCODE evidence in A549.
chr7:51376740-51376750	FOS	JUN	0.85	0	Motif match 100% of max PWM score (strand +, rank 1). No ENCODE ChIP-seq data for MCF10A-ER-Src cells. Motif-based prediction.
chr7:106369593-106369606	BATF	FOSL1	0.85	0	Motif match 100% of max PWM score (strand -, rank 1). No ENCODE ChIP-seq data for MDA231-LM2-4175 cells. Motif-based prediction.
chrX:71652653-71652672	ZEB1	CTCF	0.85	0	Motif match 100% of max PWM score (strand +, rank 1). No ENCODE ChIP-seq data for upper-lobe-of-left-lung cells. Motif-based prediction.
chr14:92714898-92714917	NEUROG2	CTCF	0.85	0	Motif match 100% of max PWM score (strand +, rank 1). No ENCODE ChIP-seq data for esophagus-squamous-epithelium cells. Motif-based prediction.
chr12:110690041-110690052	GATA5	GATA1	0.77	0	Motif match 98% of max PWM score (strand -, rank 1). No ENCODE ChIP-seq overlap for this TF in K562 cells (8 other TF(s) have peaks here). Motif-based prediction.
chr11:27097850-27097862	FOXA2	FOXA1	0.64	0	Motif match 87% of max PWM score (strand +, rank 1). No ENCODE ChIP-seq data for lncap-etoh cells. Motif-based prediction.
chr8:95317892-95317909	FOS	ESR1	1.0	0	Motif match 100% of max PWM score (strand +, rank 1). ENCODE FOS ChIP-seq: 1 peak(s) overlap this locus in MCF7 cells.
chr9:96293687-96293698	ONECUT1	FOXA2	0.58	0	Motif match 84% of max PWM score (strand -, rank 1). No ENCODE ChIP-seq data for KerCT cells. Motif-based prediction.
chr6:33249508-33249527	VEZF1	CTCF	0.85	0	Motif match 100% of max PWM score (strand +, rank 1). No ENCODE ChIP-seq data for RO01746 cells. Motif-based prediction.
chr4:114417396-114417415	MXI1	CTCF	0.8	0	Motif match 100% of max PWM score (strand +, rank 1). No ENCODE ChIP-seq overlap for this TF in HCT-116 cells (1 other TF(s) have peaks here). Motif-based prediction.
chr2:98453244-98453255	ZNF354C	RUNX1	0.54	0	Motif match 82% of max PWM score (strand +, rank 1). No ENCODE ChIP-seq data for pre-B-lymphoblast-cells-with-BCP-ALL cells. Motif-based prediction.
chr19:19668745-19668757	KLF2	E2F1	0.11	0	Motif match 33% of max PWM score (strand -, rank 1). No ENCODE ChIP-seq overlap for this TF in MCF7 cells (12 other TF(s) have peaks here). Motif-based prediction.
chr5:116129054-116129066	FOXD1	FOXA1	0.85	0	Motif match 100% of max PWM score (strand +, rank 1). No ENCODE peak overlap at this locus in 22RV1 cells. Motif-based prediction.
chr16:86292303-86292309	ARNT	ARNT	0.85	1	Motif match 100% of max PWM score (strand +, rank 1). No ENCODE ChIP-seq data for t47d-haegin2 cells. Motif-based prediction.
chr2:165775682-165775695	TFAP2B	TFAP2C	0.64	0	Motif match 88% of max PWM score (strand -, rank 1). No ENCODE ChIP-seq data for UCLA1-hESCs cells. Motif-based prediction.
chr20:34825365-34825376	KLF15	MYC	0.23	0	Motif match 57% of max PWM score (strand -, rank 1). No ENCODE ChIP-seq overlap for this TF in HCT-116 cells (2 other TF(s) have peaks here). Motif-based prediction.
chr7:147376459-147376470	GATA5	GATA1	0.8	0	Motif match 97% of max PWM score (strand -, rank 1). No ENCODE ChIP-seq data for CD36 cells. Motif-based prediction.
chr19:52480399-52480413	HOXA10	HOXB13	0.39	0	Motif match 73% of max PWM score (strand +, rank 1). No ENCODE peak overlap at this locus in VCaP cells. Motif-based prediction.
chr11:36289478-36289497	TFAP2E	CTCF	0.56	0	Motif match 83% of max PWM score (strand -, rank 1). No ENCODE ChIP-seq data for RH4 cells. Motif-based prediction.
chr13:81487335-81487354	CTCF	CTCF	0.63	1	Motif match 78% of max PWM score (strand +, rank 3). ENCODE CTCF ChIP-seq: 2 peak(s) overlap this locus in GM23338 cells.
chr7:29189886-29189905	YY2	CTCF	0.31	0	Motif match 70% of max PWM score (strand -, rank 1). No ENCODE ChIP-seq overlap for this TF in A549 cells (3 other TF(s) have peaks here). Motif-based prediction.
chr2:212499221-212499241	ZNF354C	SPI1	0.51	0	Motif match 79% of max PWM score (strand -, rank 1). No ENCODE ChIP-seq data for THP-1 cells. Motif-based prediction.
chr6:139977929-139977937	GATA2	GATA3	0.85	0	Motif match 100% of max PWM score (strand +, rank 1). No ENCODE ChIP-seq data for mcf7-e2 cells. Motif-based prediction.
chr6:44179366-44179376	BATF	JUN	0.85	0	Motif match 100% of max PWM score (strand +, rank 1). No ENCODE ChIP-seq data for MDA-MB-231 cells. Motif-based prediction.
chr4:99045027-99045039	HOXA6	CEBPA	0.47	0	Motif match 77% of max PWM score (strand +, rank 1). No ENCODE ChIP-seq data for THP-1 cells. Motif-based prediction.
chr4:120096683-120096700	MEIS3	AR	0.45	0	Motif match 76% of max PWM score (strand -, rank 1). No ENCODE ChIP-seq data for mdamb453-r1881-sictr cells. Motif-based prediction.
chr9:21466105-21466124	CTCF	CTCF	0.73	1	Motif match 84% of max PWM score (strand +, rank 1). ENCODE CTCF ChIP-seq: 2 peak(s) overlap this locus in HeLa-S3 cells.
chr22:36559029-36559039	MXI1	MAX	0.85	0	Motif match 100% of max PWM score (strand +, rank 1). No ENCODE ChIP-seq data for ncih2171 cells. Motif-based prediction.
chrX:7132609-7132628	ZNF549	CTCF	0.8	0	Motif match 100% of max PWM score (strand -, rank 1). No ENCODE ChIP-seq overlap for this TF in transverse-colon cells (1 other TF(s) have peaks here). Motif-based prediction.
chr1:43987443-43987457	NR2C2	RXRA	0.46	0	Motif match 80% of max PWM score (strand -, rank 1). No ENCODE ChIP-seq overlap for this TF in liver cells (3 other TF(s) have peaks here). Motif-based prediction.
chr17:50164523-50164538	HIC2	EBF1	0.77	0	Motif match 98% of max PWM score (strand -, rank 1). No ENCODE ChIP-seq overlap for this TF in GM12878 cells (4 other TF(s) have peaks here). Motif-based prediction.
chr10:59176396-59176408	TFDP1	E2F1	0.8	0	Motif match 97% of max PWM score (strand -, rank 1). No ENCODE peak overlap at this locus in LNCaP cells. Motif-based prediction.
chr5:173591161-173591178	NR2C1	ESR1	0.79	0	Motif match 100% of max PWM score (strand +, rank 1). No ENCODE ChIP-seq overlap for this TF in T47D cells (3 other TF(s) have peaks here). Motif-based prediction.
chr2:30509997-30510014	SOX18	AR	0.47	0	Motif match 77% of max PWM score (strand -, rank 1). No ENCODE ChIP-seq data for lncap-shgata2 cells. Motif-based prediction.
chr4:8101455-8101465	KLF6	KLF5	0.33	0	Motif match 66% of max PWM score (strand +, rank 1). No ENCODE ChIP-seq data for katoiii cells. Motif-based prediction.
chr19:14496219-14496230	NFATC3	RUNX1	0.29	0	Motif match 58% of max PWM score (strand -, rank 1). No ENCODE ChIP-seq data for cord-blood-CD34-cells cells. Motif-based prediction.
chr5:111814203-111814215	FOXL1	FOXA1	0.61	0	Motif match 85% of max PWM score (strand -, rank 1). No ENCODE ChIP-seq data for MCF7-TamR cells. Motif-based prediction.
chr4:120664915-120664927	ZNF354C	OTX2	0.85	0	Motif match 100% of max PWM score (strand +, rank 1). No ENCODE ChIP-seq data for D341-Med cells. Motif-based prediction.
chr12:117604122-117604133	NEUROD2	MAX	0.27	0	Motif match 53% of max PWM score (strand -, rank 1). No ENCODE ChIP-seq data for MKL-1 cells. Motif-based prediction.
chr20:19583982-19584001	ZNF768	CTCF	0.85	0	Motif match 100% of max PWM score (strand +, rank 1). No ENCODE ChIP-seq data for HeLa cells. Motif-based prediction.
chr3:5115787-5115795	JUND	MEIS2	0.62	0	Motif match 77% of max PWM score (strand -, rank 5). ENCODE JUND ChIP-seq: 1 peak(s) overlap this locus in K562 cells.
chr6:40440204-40440214	CEBPD	CEBPB	0.85	0	Motif match 100% of max PWM score (strand -, rank 1). No ENCODE peak overlap at this locus in A549 cells. Motif-based prediction.
chr2:232606346-232606358	RHOXF1	OTX2	0.67	0	Motif match 89% of max PWM score (strand +, rank 1). No ENCODE ChIP-seq data for D283-Med cells. Motif-based prediction.
chrX:24958380-24958390	DMRTA2	CEBPB	0.28	0	Motif match 55% of max PWM score (strand +, rank 1). No ENCODE ChIP-seq data for H1-hESC cells. Motif-based prediction.
chr8:65174840-65174855	MEIS3	PKNOX1	0.66	0	Motif match 92% of max PWM score (strand -, rank 1). No ENCODE ChIP-seq overlap for this TF in GM12878 cells (6 other TF(s) have peaks here). Motif-based prediction.
chr1:203620662-203620673	GATA5	GATA1	0.77	0	Motif match 98% of max PWM score (strand -, rank 1). No ENCODE ChIP-seq overlap for this TF in K562 cells (2 other TF(s) have peaks here). Motif-based prediction.
chr18:59788090-59788101	BATF	JUN	0.85	0	Motif match 100% of max PWM score (strand -, rank 1). No ENCODE ChIP-seq data for MCF10A-ER-Src cells. Motif-based prediction.
chr2:113910493-113910506	BATF	JUN	0.85	0	Motif match 100% of max PWM score (strand -, rank 1). No ENCODE ChIP-seq data for HAEC cells. Motif-based prediction.
chr1:95116858-95116877	CTCFL	CTCF	0.48	0	Motif match 81% of max PWM score (strand -, rank 1). No ENCODE ChIP-seq overlap for this TF in GM23338 cells (1 other TF(s) have peaks here). Motif-based prediction.
chr17:69116211-69116222	ZNF354C	RUNX1	0.45	0	Motif match 76% of max PWM score (strand +, rank 1). No ENCODE ChIP-seq data for THP-1 cells. Motif-based prediction.
chr6:11175915-11175927	FOXA3	FOXA1	0.27	0	Motif match 54% of max PWM score (strand +, rank 1). No ENCODE peak overlap at this locus in lncap cells. Motif-based prediction.
chr12:11858804-11858815	FOXD1	FOXA2	0.85	0	Motif match 100% of max PWM score (strand +, rank 1). No ENCODE peak overlap at this locus in BJ cells. Motif-based prediction.
chr12:48212720-48212731	NRF1	NRF1	0.67	1	Motif match 77% of max PWM score (strand -, rank 2). ENCODE NRF1 ChIP-seq: 4 peak(s) overlap this locus in K562 cells. TCFL5 has higher motif score (85%) but no ENCODE evidence in K562.
chr2:54905147-54905164	HIC2	ESR1	0.82	0	Motif match 98% of max PWM score (strand -, rank 1). No ENCODE peak overlap at this locus in MCF7 cells. Motif-based prediction.
chr1:206128265-206128278	TFAP2A	TFAP2A	0.38	1	Motif match 72% of max PWM score (strand -, rank 1). No ENCODE ChIP-seq data for hiPSC cells. Motif-based prediction.
chr2:174004114-174004127	GATA5	GATA6	0.85	0	Motif match 100% of max PWM score (strand +, rank 1). No ENCODE ChIP-seq data for definitive-endoderm-from-HUES8 cells. Motif-based prediction.
chr10:116788234-116788253	ZNF354C	CTCF	0.51	0	Motif match 79% of max PWM score (strand -, rank 1). No ENCODE ChIP-seq data for THP-1 cells. Motif-based prediction.
chr6:160349261-160349272	NFATC3	ETV5	0.39	0	Motif match 75% of max PWM score (strand -, rank 1). No ENCODE ChIP-seq overlap for this TF in HepG2 cells (74 other TF(s) have peaks here). Motif-based prediction.
chr3:142556208-142556223	SOX15	PPARG	0.73	0	Motif match 93% of max PWM score (strand -, rank 1). No ENCODE ChIP-seq data for hMADS-3 cells. Motif-based prediction.
chr10:42768947-42768964	PAX5	ESR1	0.45	0	Motif match 76% of max PWM score (strand +, rank 1). No ENCODE peak overlap at this locus in MCF7 cells. Motif-based prediction.
chr4:105474071-105474083	ZBTB14	MYC	0.56	0	Motif match 83% of max PWM score (strand -, rank 1). No ENCODE ChIP-seq data for u2os-shmyc cells. Motif-based prediction.
chr22:28442486-28442505	ZEB1	CTCF	0.8	0	Motif match 100% of max PWM score (strand +, rank 1). No ENCODE ChIP-seq overlap for this TF in MCF7 cells (1 other TF(s) have peaks here). Motif-based prediction.
chrX:68461249-68461260	ZSCAN21	FOXA2	0.32	0	Motif match 64% of max PWM score (strand +, rank 1). No ENCODE peak overlap at this locus in BJ cells. Motif-based prediction.
chr17:20271088-20271100	GATA3	GATA4	0.45	0	Motif match 76% of max PWM score (strand -, rank 1). No ENCODE peak overlap at this locus in BJ cells. Motif-based prediction.
chr10:87657518-87657531	FOS	JUN	1.0	0	Motif match 100% of max PWM score (strand +, rank 1). ENCODE FOS ChIP-seq: 1 peak(s) overlap this locus in MCF7 cells.
chr8:51340567-51340579	FOXD1	FOXA1	0.85	0	Motif match 100% of max PWM score (strand -, rank 1). No ENCODE peak overlap at this locus in LNCaP cells. Motif-based prediction.
chr14:66107345-66107357	OTX2	OTX2	0.85	1	Motif match 100% of max PWM score (strand +, rank 1). No ENCODE ChIP-seq data for D341-Med cells. Motif-based prediction.
chr1:218285141-218285153	FOXD1	FOXA1	0.85	0	Motif match 100% of max PWM score (strand +, rank 1). No ENCODE ChIP-seq data for lncap-dht cells. Motif-based prediction.
chr3:197966659-197966673	PBX1	ONECUT2	0.85	0	Motif match 100% of max PWM score (strand -, rank 1). No ENCODE peak overlap at this locus in LNCaP cells. Motif-based prediction.
chr4:137711578-137711589	POU5F1	POU5F1	0.85	1	Motif match 100% of max PWM score (strand -, rank 1). No ENCODE ChIP-seq data for esc-primed cells. Motif-based prediction.
chr12:108664987-108665006	NEUROG2	CTCF	0.85	0	Motif match 100% of max PWM score (strand +, rank 1). No ENCODE ChIP-seq data for THP-1 cells. Motif-based prediction.
chr7:77364162-77364172	CEBPD	CEBPB	0.49	0	Motif match 78% of max PWM score (strand +, rank 1). No ENCODE peak overlap at this locus in HepG2 cells. Motif-based prediction.
chr8:47697941-47697951	BHLHE22	NEUROG2	0.85	0	Motif match 100% of max PWM score (strand +, rank 1). No ENCODE ChIP-seq data for MRC-5 cells. Motif-based prediction.
chr1:91021513-91021532	ZNF281	CTCF	0.61	0	Motif match 86% of max PWM score (strand -, rank 1). No ENCODE ChIP-seq data for WA01 cells. Motif-based prediction.
chr16:51509487-51509506	NEUROG2	CTCF	0.85	0	Motif match 100% of max PWM score (strand +, rank 1). No ENCODE ChIP-seq data for gm2588 cells. Motif-based prediction.
chr3:138787175-138787187	FOXD1	FOXA1	0.85	0	Motif match 100% of max PWM score (strand -, rank 1). No ENCODE ChIP-seq data for ZR-75-1 cells. Motif-based prediction.
chr6:95834133-95834153	ETV7	SPI1	0.52	0	Motif match 80% of max PWM score (strand +, rank 1). No ENCODE peak overlap at this locus in k562 cells. Motif-based prediction.
chr8:101931595-101931610	PKNOX1	PKNOX1	0.59	1	Motif match 75% of max PWM score (strand -, rank 6). ENCODE PKNOX1 ChIP-seq: 1 peak(s) overlap this locus in GM12878 cells. MEIS3 has higher motif score (83%) but no ENCODE evidence in GM12878.
chr1:176801627-176801643	HIC2	GLIS1	0.34	0	Motif match 73% of max PWM score (strand -, rank 1). No ENCODE ChIP-seq overlap for this TF in HEK293 cells (1 other TF(s) have peaks here). Motif-based prediction.
chr7:156722594-156722605	FOXL1	FOXA2	0.41	0	Motif match 74% of max PWM score (strand -, rank 1). No ENCODE ChIP-seq data for esc-h9 cells. Motif-based prediction.
chr3:4504701-4504711	IKZF2	ERG	0.85	0	Motif match 100% of max PWM score (strand +, rank 1). No ENCODE ChIP-seq data for skno1 cells. Motif-based prediction.
chr3:123657401-123657420	BHLHE22	CTCF	0.85	0	Motif match 100% of max PWM score (strand +, rank 1). No ENCODE ChIP-seq data for erythroid cells. Motif-based prediction.
chr12:121794330-121794349	CTCFL	CTCF	0.3	0	Motif match 69% of max PWM score (strand -, rank 1). No ENCODE ChIP-seq overlap for this TF in MCF7 cells (29 other TF(s) have peaks here). Motif-based prediction.
chr12:111304732-111304751	ZEB1	CTCF	0.85	0	Motif match 100% of max PWM score (strand -, rank 1). No ENCODE ChIP-seq data for GM18526 cells. Motif-based prediction.
chr7:80901048-80901060	FOSL2	FOSL2	0.89	1	Motif match 94% of max PWM score (strand -, rank 8). ENCODE FOSL2 ChIP-seq: 1 peak(s) overlap this locus in A549 cells. BATF has higher motif score (100%) but no ENCODE evidence in A549.
chr18:79687935-79687946	BNC2	JUN	0.26	0	Motif match 52% of max PWM score (strand -, rank 1). No ENCODE ChIP-seq data for 786-O cells. Motif-based prediction.
chr9:121090680-121090697	NFATC3	AR	0.54	0	Motif match 81% of max PWM score (strand +, rank 1). No ENCODE peak overlap at this locus in LNCaP cells. Motif-based prediction.
chr21:38028149-38028161	FOS	JUNB	0.85	0	Motif match 100% of max PWM score (strand +, rank 1). No ENCODE ChIP-seq data for MCF10A-ER-Src cells. Motif-based prediction.
chr10:80408438-80408457	VEZF1	CTCF	0.49	0	Motif match 78% of max PWM score (strand -, rank 1). No ENCODE peak overlap at this locus in T47D cells. Motif-based prediction.
chr6:126841203-126841215	GATA5	GATA4	0.83	0	Motif match 99% of max PWM score (strand -, rank 1). No ENCODE ChIP-seq data for HUES64 cells. Motif-based prediction.
chr12:14315084-14315104	IKZF2	SPI1	0.85	0	Motif match 100% of max PWM score (strand -, rank 1). No ENCODE ChIP-seq data for macrophages-tpp cells. Motif-based prediction.
chr2:2719172-2719193	REST	REST	0.42	1	Motif match 74% of max PWM score (strand -, rank 1). No ENCODE ChIP-seq data for CRC121 cells. Motif-based prediction.
chr8:139832619-139832631	FOXL1	FOXA1	0.61	0	Motif match 85% of max PWM score (strand +, rank 1). No ENCODE ChIP-seq data for MCF7-WS8-cells cells. Motif-based prediction.
chr14:94969463-94969475	TFAP2E	TFAP2C	0.47	0	Motif match 77% of max PWM score (strand -, rank 1). No ENCODE peak overlap at this locus in mcf7 cells. Motif-based prediction.
chr7:79352429-79352444	BCL11A	RXRA	0.8	0	Motif match 100% of max PWM score (strand -, rank 1). No ENCODE ChIP-seq overlap for this TF in liver cells (3 other TF(s) have peaks here). Motif-based prediction.
chr5:154061529-154061541	PITX1	OTX2	0.85	0	Motif match 100% of max PWM score (strand -, rank 1). No ENCODE ChIP-seq data for D283-Med cells. Motif-based prediction.
chr13:69579524-69579543	TBX2	CTCF	0.27	0	Motif match 64% of max PWM score (strand -, rank 1). No ENCODE ChIP-seq overlap for this TF in MCF-7 cells (2 other TF(s) have peaks here). Motif-based prediction.
chr22:48306965-48306978	ZEB1	TCF4	0.85	0	Motif match 100% of max PWM score (strand -, rank 1). No ENCODE ChIP-seq data for TMD8 cells. Motif-based prediction.
chr15:90189138-90189152	IKZF2	ELF3	0.85	0	Motif match 100% of max PWM score (strand +, rank 1). No ENCODE ChIP-seq data for pdac-koklf5 cells. Motif-based prediction.
chr8:144358465-144358475	RELA	RELA	0.34	1	Motif match 69% of max PWM score (strand -, rank 1). No ENCODE ChIP-seq data for helab2-grkd-ta-tnfa cells. Motif-based prediction.
chr5:90940858-90940872	YY1	RXRA	0.75	0	Motif match 85% of max PWM score (strand +, rank 3). ENCODE YY1 ChIP-seq: 1 peak(s) overlap this locus in GM12878 cells. BARHL2 has higher motif score (93%) but no ENCODE evidence in GM12878.
chr10:113411061-113411073	ARNT	MYCN	0.85	0	Motif match 100% of max PWM score (strand -, rank 1). No ENCODE ChIP-seq data for Kelly cells. Motif-based prediction.
chr2:128469375-128469394	PGR	CTCF	0.62	0	Motif match 86% of max PWM score (strand +, rank 1). No ENCODE peak overlap at this locus in PC9 cells. Motif-based prediction.
chr7:34928143-34928162	CTCFL	CTCF	0.85	0	Motif match 100% of max PWM score (strand -, rank 1). No ENCODE ChIP-seq data for PrEC cells. Motif-based prediction.
chr19:42291085-42291104	CTCFL	CTCF	0.85	0	Motif match 100% of max PWM score (strand -, rank 1). No ENCODE ChIP-seq data for gm2630 cells. Motif-based prediction.
chr7:2527911-2527924	FOSL2	JUNB	0.88	0	Motif match 93% of max PWM score (strand +, rank 7). ENCODE FOSL2 ChIP-seq: 1 peak(s) overlap this locus in A549 cells. BATF has higher motif score (100%) but no ENCODE evidence in A549.
chr6:133548663-133548677	MXI1	USF1	0.85	0	Motif match 100% of max PWM score (strand +, rank 1). No ENCODE ChIP-seq data for H1-hESC cells. Motif-based prediction.
chr15:90301379-90301398	CTCFL	CTCF	0.53	0	Motif match 81% of max PWM score (strand -, rank 1). No ENCODE ChIP-seq data for CD20- cells. Motif-based prediction.
chr18:63452453-63452467	HMBOX1	HOXB13	0.52	0	Motif match 80% of max PWM score (strand +, rank 1). No ENCODE peak overlap at this locus in VCaP cells. Motif-based prediction.
chr7:66034882-66034894	BARHL2	FOXA1	0.34	0	Motif match 68% of max PWM score (strand +, rank 1). No ENCODE peak overlap at this locus in LNCaP cells. Motif-based prediction.
chr2:55109728-55109739	BATF	FOSL2	0.85	0	Motif match 100% of max PWM score (strand +, rank 1). No ENCODE ChIP-seq data for hesc cells. Motif-based prediction.
chr19:12757729-12757748	CTCFL	CTCF	0.32	0	Motif match 63% of max PWM score (strand -, rank 1). No ENCODE ChIP-seq data for GM18486 cells. Motif-based prediction.
chr9:110283845-110283855	BATF	JUNB	0.85	0	Motif match 100% of max PWM score (strand -, rank 1). No ENCODE ChIP-seq data for MCF10A-ER-Src cells. Motif-based prediction.
chr15:69043792-69043804	ZNF417	CEBPA	0.32	0	Motif match 64% of max PWM score (strand +, rank 1). No ENCODE ChIP-seq data for MV4-11 cells. Motif-based prediction.
chr7:1170047-1170066	ZFP57	CTCF	0.35	0	Motif match 70% of max PWM score (strand -, rank 1). No ENCODE ChIP-seq data for mcf7-e2-shctr cells. Motif-based prediction.
chr19:30406660-30406672	HIF1A	MYC	0.8	0	Motif match 100% of max PWM score (strand +, rank 1). No ENCODE ChIP-seq overlap for this TF in LNCaP cells (1 other TF(s) have peaks here). Motif-based prediction.
chr1:150508027-150508040	BATF	JUNB	0.85	0	Motif match 100% of max PWM score (strand -, rank 1). No ENCODE ChIP-seq data for MCF10A-ER-Src cells. Motif-based prediction.
chr15:73560687-73560706	ZNF549	CTCF	0.35	0	Motif match 69% of max PWM score (strand -, rank 1). No ENCODE ChIP-seq data for gm19240 cells. Motif-based prediction.
chr14:96106332-96106342	FOS	JUN	0.69	0	Motif match 82% of max PWM score (strand +, rank 2). ENCODE FOS ChIP-seq: 1 peak(s) overlap this locus in MCF7 cells.
chr5:53292213-53292232	HIC2	CTCF	0.3	0	Motif match 59% of max PWM score (strand -, rank 1). No ENCODE ChIP-seq data for OCI-LY1 cells. Motif-based prediction.
chr1:92774628-92774641	GATA5	GATA6	0.8	0	Motif match 97% of max PWM score (strand +, rank 1). No ENCODE ChIP-seq data for definitive-endoderm-from-HUES8 cells. Motif-based prediction.
chr20:31585848-31585863	HOXA10	SOX2	0.63	0	Motif match 87% of max PWM score (strand +, rank 1). No ENCODE ChIP-seq data for HUES64 cells. Motif-based prediction.
chr18:35642839-35642856	NR2C1	ESR1	0.84	0	Motif match 100% of max PWM score (strand +, rank 1). No ENCODE ChIP-seq data for MDA-MB-134 cells. Motif-based prediction.
chr8:130483444-130483454	MSANTD3	FOSL2	0.31	0	Motif match 71% of max PWM score (strand -, rank 1). No ENCODE ChIP-seq overlap for this TF in A549 cells (15 other TF(s) have peaks here). Motif-based prediction.
chr12:3332356-3332369	BATF	JUND	0.85	0	Motif match 100% of max PWM score (strand -, rank 1). No ENCODE ChIP-seq data for artery-smooth-muscle cells. Motif-based prediction.
chr6:168163539-168163550	GATA3	GATA2	0.52	0	Motif match 80% of max PWM score (strand +, rank 1). No ENCODE ChIP-seq data for endometrial-stromal-cells cells. Motif-based prediction.
chr12:53348874-53348885	BATF	JUN	0.85	0	Motif match 100% of max PWM score (strand +, rank 1). No ENCODE ChIP-seq data for HAEC cells. Motif-based prediction.
chr19:30669610-30669629	ZFP57	CTCF	0.29	0	Motif match 59% of max PWM score (strand +, rank 1). No ENCODE peak overlap at this locus in T47D cells. Motif-based prediction.
chr11:118659697-118659708	KLF7	KLF11	0.63	0	Motif match 87% of max PWM score (strand +, rank 1). No ENCODE ChIP-seq data for hMADS-3 cells. Motif-based prediction.
chr11:63977625-63977635	CEBPB	CEBPB	0.57	1	Motif match 74% of max PWM score (strand +, rank 2). ENCODE CEBPB ChIP-seq: 2 peak(s) overlap this locus in HepG2 cells.
chr7:74272808-74272819	BATF	FOSL2	0.85	0	Motif match 100% of max PWM score (strand -, rank 1). No ENCODE ChIP-seq data for hesc cells. Motif-based prediction.
chr2:134281966-134281983	DMRTA2	AR	0.51	0	Motif match 80% of max PWM score (strand +, rank 1). No ENCODE peak overlap at this locus in VCaP cells. Motif-based prediction.
chr7:130722095-130722114	ZBTB12	CTCF	0.85	0	Motif match 100% of max PWM score (strand +, rank 1). No ENCODE ChIP-seq data for HUES64 cells. Motif-based prediction.
chr2:43131720-43131739	CTCFL	CTCF	0.85	0	Motif match 100% of max PWM score (strand +, rank 1). No ENCODE ChIP-seq data for NA-A cells. Motif-based prediction.
chr15:39208528-39208540	ONECUT1	FOXA1	0.33	0	Motif match 66% of max PWM score (strand -, rank 1). No ENCODE ChIP-seq data for lncap-dht cells. Motif-based prediction.
chr3:85876028-85876047	ZNF354C	CTCF	0.54	0	Motif match 82% of max PWM score (strand -, rank 1). No ENCODE peak overlap at this locus in T47D cells. Motif-based prediction.
chr15:41514420-41514434	NR2C2	ONECUT2	0.85	0	Motif match 100% of max PWM score (strand +, rank 1). No ENCODE peak overlap at this locus in LNCaP cells. Motif-based prediction.
chr10:70550037-70550056	CTCF	CTCF	0.77	1	Motif match 83% of max PWM score (strand +, rank 4). ENCODE CTCF ChIP-seq: 5 peak(s) overlap this locus in K562 cells. ZEB1 has higher motif score (100%) but no ENCODE evidence in K562.
chr17:38880664-38880677	TFAP2B	TFAP2A	0.52	0	Motif match 80% of max PWM score (strand +, rank 1). No ENCODE ChIP-seq data for H9-derived-neural-crest-cells cells. Motif-based prediction.
chr9:105007230-105007240	CEBPA	CEBPB	0.85	0	Motif match 100% of max PWM score (strand -, rank 1). No ENCODE ChIP-seq data for monocyte-macro cells. Motif-based prediction.
chr1:200993247-200993259	FOXA2	FOXA1	0.45	0	Motif match 76% of max PWM score (strand +, rank 1). No ENCODE ChIP-seq data for MCF7-TamR cells. Motif-based prediction.
chr3:189383831-189383844	TFAP2E	TFAP2C	0.38	0	Motif match 72% of max PWM score (strand -, rank 1). No ENCODE peak overlap at this locus in HeLa-S3 cells. Motif-based prediction.
chrX:32568195-32568216	IRF1	IRF1	0.59	1	Motif match 84% of max PWM score (strand -, rank 1). No ENCODE ChIP-seq data for HAEC cells. Motif-based prediction.
chr12:70242931-70242943	E2F8	E2F1	0.67	0	Motif match 89% of max PWM score (strand -, rank 1). No ENCODE peak overlap at this locus in LNCaP cells. Motif-based prediction.
chr8:33410038-33410050	OTX2	OTX2	0.85	1	Motif match 100% of max PWM score (strand -, rank 1). No ENCODE ChIP-seq data for D341-Med cells. Motif-based prediction.
chr8:84103880-84103890	FOXL1	ERF	0.61	0	Motif match 85% of max PWM score (strand -, rank 1). No ENCODE peak overlap at this locus in VCaP cells. Motif-based prediction.
chr9:33631120-33631132	CDX2	CEBPA	0.28	0	Motif match 56% of max PWM score (strand +, rank 1). No ENCODE ChIP-seq data for THP-1 cells. Motif-based prediction.
chr5:102010915-102010932	GATA3	AR	0.52	0	Motif match 80% of max PWM score (strand -, rank 1). No ENCODE peak overlap at this locus in VCaP cells. Motif-based prediction.
chr20:38435432-38435451	HINFP	CTCF	0.35	0	Motif match 70% of max PWM score (strand +, rank 1). No ENCODE ChIP-seq data for ovcar8 cells. Motif-based prediction.
chr1:226168645-226168659	ATF4	CEBPA	0.67	0	Motif match 89% of max PWM score (strand +, rank 1). No ENCODE ChIP-seq data for THP-1 cells. Motif-based prediction.
chr3:154335056-154335067	FOXL1	FOXK2	0.75	0	Motif match 97% of max PWM score (strand -, rank 1). No ENCODE ChIP-seq overlap for this TF in K562 cells (2 other TF(s) have peaks here). Motif-based prediction.
chr17:74944261-74944273	KLF4	KLF4	0.85	1	Motif match 100% of max PWM score (strand +, rank 1). No ENCODE peak overlap at this locus in keratinocyte-diff cells. Motif-based prediction.
chr4:149602854-149602866	CDX2	CDX2	0.85	1	Motif match 100% of max PWM score (strand +, rank 1). No ENCODE ChIP-seq data for Wnt-Fgf-specified-intestinal-culture-cells cells. Motif-based prediction.
chr17:69777207-69777220	FOS	JUNB	0.85	0	Motif match 100% of max PWM score (strand -, rank 1). No ENCODE ChIP-seq data for MCF10A-ER-Src cells. Motif-based prediction.
chr16:87950971-87950989	RFX7	TP63	0.43	0	Motif match 78% of max PWM score (strand -, rank 1). No ENCODE ChIP-seq overlap for this TF in keratinocyte-d2 cells (1 other TF(s) have peaks here). Motif-based prediction.
chr2:74455070-74455080	ARNT	MAX	0.49	0	Motif match 82% of max PWM score (strand +, rank 1). No ENCODE ChIP-seq overlap for this TF in SK-N-SH cells (7 other TF(s) have peaks here). Motif-based prediction.
chr11:798332-798351	MAZ	CTCF	0.66	0	Motif match 89% of max PWM score (strand +, rank 1). No ENCODE peak overlap at this locus in MM1.S cells. Motif-based prediction.
chr5:131395113-131395127	OLIG3	JUN	0.23	0	Motif match 46% of max PWM score (strand -, rank 1). No ENCODE peak overlap at this locus in A549 cells. Motif-based prediction.
chr10:51960582-51960601	HIC2	CTCF	0.61	0	Motif match 86% of max PWM score (strand +, rank 1). No ENCODE ChIP-seq data for Jurkat cells. Motif-based prediction.
chr17:32831616-32831627	FOXD1	FOXA2	0.85	0	Motif match 100% of max PWM score (strand +, rank 1). No ENCODE peak overlap at this locus in BJ cells. Motif-based prediction.
chr1:113110332-113110346	BNC2	JUN	0.3	0	Motif match 70% of max PWM score (strand +, rank 1). No ENCODE ChIP-seq overlap for this TF in K562 cells (9 other TF(s) have peaks here). Motif-based prediction.
chr6:33781534-33781547	JUND	JUN	0.78	0	Motif match 87% of max PWM score (strand -, rank 7). ENCODE JUND ChIP-seq: 1 peak(s) overlap this locus in A549 cells. BATF has higher motif score (100%) but no ENCODE evidence in A549.
chr2:10305929-10305943	TFAP2A	TFAP2C	0.23	0	Motif match 46% of max PWM score (strand +, rank 1). No ENCODE ChIP-seq data for UCLA1-hESCs cells. Motif-based prediction.
chr3:184469539-184469558	CTCF	CTCF	0.75	1	Motif match 82% of max PWM score (strand +, rank 4). ENCODE CTCF ChIP-seq: 5 peak(s) overlap this locus in MCF-7 cells. ZEB1 has higher motif score (100%) but no ENCODE evidence in MCF-7.
chr19:4660582-4660601	HIC2	CTCF	0.25	0	Motif match 60% of max PWM score (strand -, rank 1). No ENCODE ChIP-seq overlap for this TF in HCT-116 cells (1 other TF(s) have peaks here). Motif-based prediction.
chr10:92416868-92416880	FOXL1	CDX2	0.8	0	Motif match 97% of max PWM score (strand -, rank 1). No ENCODE ChIP-seq data for Wnt-Fgf-specified-intestinal-culture-cells cells. Motif-based prediction.
chr13:20538655-20538673	NFIA	TP53	0.8	0	Motif match 100% of max PWM score (strand -, rank 1). No ENCODE ChIP-seq overlap for this TF in MCF7 cells (2 other TF(s) have peaks here). Motif-based prediction.
chr1:219818153-219818168	NR2C2	RXRA	0.8	0	Motif match 100% of max PWM score (strand +, rank 1). No ENCODE ChIP-seq overlap for this TF in liver cells (4 other TF(s) have peaks here). Motif-based prediction.
chr12:24562499-24562511	ARNT	MYC	0.54	0	Motif match 82% of max PWM score (strand +, rank 1). No ENCODE ChIP-seq data for HUES64 cells. Motif-based prediction.
chrX:10697233-10697248	BCL11A	MAFK	0.27	0	Motif match 54% of max PWM score (strand +, rank 1). No ENCODE peak overlap at this locus in IMR-90 cells. Motif-based prediction.
chr15:82622162-82622181	HIC2	CTCF	0.3	0	Motif match 60% of max PWM score (strand -, rank 1). No ENCODE peak overlap at this locus in T47D cells. Motif-based prediction.
chr5:135011236-135011255	NR2C1	CTCF	0.84	0	Motif match 100% of max PWM score (strand +, rank 1). No ENCODE ChIP-seq data for WA09 cells. Motif-based prediction.
chr20:13119691-13119710	CTCF	CTCF	0.79	1	Motif match 84% of max PWM score (strand +, rank 2). ENCODE CTCF ChIP-seq: 4 peak(s) overlap this locus in transverse-colon cells.
chr8:129984484-129984494	FOSL2	JUNB	0.97	0	Motif match 98% of max PWM score (strand -, rank 6). ENCODE FOSL2 ChIP-seq: 1 peak(s) overlap this locus in A549 cells. BATF has higher motif score (100%) but no ENCODE evidence in A549.
chr2:61423928-61423938	BATF3	JUN	0.41	0	Motif match 77% of max PWM score (strand -, rank 1). No ENCODE ChIP-seq overlap for this TF in K562 cells (4 other TF(s) have peaks here). Motif-based prediction.
chr1:206999143-206999160	PGR	AR	0.78	0	Motif match 96% of max PWM score (strand +, rank 1). No ENCODE ChIP-seq data for VCaP-and-LTAD-cells cells. Motif-based prediction.
chr1:200669539-200669553	EGR1	EGR1	0.74	1	Motif match 84% of max PWM score (strand +, rank 4). ENCODE EGR1 ChIP-seq: 2 peak(s) overlap this locus in liver cells. KLF2 has higher motif score (100%) but no ENCODE evidence in liver.
chr5:110736964-110736977	NR2C2	HNF4A	0.85	0	Motif match 100% of max PWM score (strand +, rank 1). No ENCODE ChIP-seq data for caco2-diff cells. Motif-based prediction.
chr11:114280774-114280793	HIC2	CTCF	0.82	0	Motif match 98% of max PWM score (strand -, rank 1). No ENCODE ChIP-seq data for NHLF cells. Motif-based prediction.
chr6:106390276-106390286	EHF	FLI1	0.36	0	Motif match 70% of max PWM score (strand -, rank 1). No ENCODE ChIP-seq data for A-673-clone-Asp114 cells. Motif-based prediction.
chr9:70101456-70101466	FOS	FOS	1.0	1	Motif match 100% of max PWM score (strand +, rank 1). ENCODE FOS ChIP-seq: 1 peak(s) overlap this locus in IMR90 cells.
chr16:14498270-14498281	BATF	JUN	0.85	0	Motif match 100% of max PWM score (strand -, rank 1). No ENCODE ChIP-seq data for 786-O cells. Motif-based prediction.
chr1:17536549-17536557	ARNT	ARNT	1.0	1	Motif match 100% of max PWM score (strand +, rank 1). ENCODE ARNT ChIP-seq: 1 peak(s) overlap this locus in GM12878 cells.
chr2:8680343-8680358	PRDM4	MYBL2	0.58	0	Motif match 87% of max PWM score (strand -, rank 1). No ENCODE ChIP-seq overlap for this TF in HepG2 cells (117 other TF(s) have peaks here). Motif-based prediction.
chr1:217131279-217131296	NR2C2	ESR1	0.49	0	Motif match 78% of max PWM score (strand +, rank 1). No ENCODE peak overlap at this locus in mcf7 cells. Motif-based prediction.
chr5:39041080-39041090	MXI1	MAX	0.85	0	Motif match 100% of max PWM score (strand +, rank 1). No ENCODE ChIP-seq data for h128 cells. Motif-based prediction.
chr19:33290092-33290102	FOS	JUN	1.0	0	Motif match 100% of max PWM score (strand +, rank 1). ENCODE FOS ChIP-seq: 1 peak(s) overlap this locus in MCF7 cells.
chr7:92424757-92424776	CTCFL	CTCF	0.85	0	Motif match 100% of max PWM score (strand +, rank 1). No ENCODE peak overlap at this locus in T47D cells. Motif-based prediction.
chr2:184327960-184327977	KLF11	ESR1	0.85	0	Motif match 100% of max PWM score (strand +, rank 1). No ENCODE ChIP-seq data for MDA-MB-231 cells. Motif-based prediction.
chr5:159209813-159209832	ZNF354C	CTCF	0.51	0	Motif match 79% of max PWM score (strand +, rank 1). No ENCODE ChIP-seq data for gm18486 cells. Motif-based prediction.
chr3:178104213-178104225	MNX1	OTX2	0.81	0	Motif match 98% of max PWM score (strand +, rank 1). No ENCODE ChIP-seq data for D341-Med cells. Motif-based prediction.
chr3:28576052-28576064	ARNT	MYC	0.54	0	Motif match 82% of max PWM score (strand -, rank 1). No ENCODE ChIP-seq data for U2OS cells. Motif-based prediction.
chr3:185085046-185085065	HIC2	CTCF	0.64	0	Motif match 88% of max PWM score (strand +, rank 1). No ENCODE ChIP-seq data for gm2630 cells. Motif-based prediction.
chr8:130096695-130096708	MAFK	FOS	0.38	0	Motif match 72% of max PWM score (strand -, rank 1). No ENCODE ChIP-seq data for MCF10A-ER-Src cells. Motif-based prediction.
chr1:197147054-197147065	RUNX2	RUNX1	0.42	0	Motif match 74% of max PWM score (strand -, rank 1). No ENCODE ChIP-seq data for CD4 cells. Motif-based prediction.
chr4:179892449-179892457	GATA3	GATA3	0.31	1	Motif match 62% of max PWM score (strand -, rank 1). No ENCODE ChIP-seq data for MDA-MB-231 cells. Motif-based prediction.
chr10:69446409-69446419	DMRTA2	CEBPB	0.39	0	Motif match 75% of max PWM score (strand -, rank 1). No ENCODE ChIP-seq overlap for this TF in A549 cells (3 other TF(s) have peaks here). Motif-based prediction.
chrX:129748474-129748486	RHOXF1	ATF3	0.61	0	Motif match 89% of max PWM score (strand +, rank 1). No ENCODE ChIP-seq overlap for this TF in liver cells (8 other TF(s) have peaks here). Motif-based prediction.
chr5:134648425-134648439	ZEB1	TFAP2A	0.24	0	Motif match 59% of max PWM score (strand -, rank 1). No ENCODE ChIP-seq overlap for this TF in MCF7 cells (14 other TF(s) have peaks here). Motif-based prediction.
chr5:88144470-88144484	FOXP3	ELF1	0.32	0	Motif match 65% of max PWM score (strand -, rank 1). No ENCODE peak overlap at this locus in GM12878 cells. Motif-based prediction.
chr22:46355568-46355587	NEUROG2	CTCF	0.85	0	Motif match 100% of max PWM score (strand +, rank 1). No ENCODE peak overlap at this locus in T47D cells. Motif-based prediction.
chr5:22965146-22965158	FOXL1	FOXA1	0.8	0	Motif match 97% of max PWM score (strand -, rank 1). No ENCODE peak overlap at this locus in LNCaP cells. Motif-based prediction.
chr11:73964496-73964515	MSANTD3	CTCF	0.45	0	Motif match 79% of max PWM score (strand -, rank 1). No ENCODE ChIP-seq overlap for this TF in T47D cells (2 other TF(s) have peaks here). Motif-based prediction.
chr22:26585255-26585268	HAND2	NEUROD1	0.35	0	Motif match 69% of max PWM score (strand +, rank 1). No ENCODE ChIP-seq data for D341-Med cells. Motif-based prediction.
chr5:72879825-72879837	POU5F1	FOXA1	0.8	0	Motif match 100% of max PWM score (strand -, rank 1). No ENCODE ChIP-seq overlap for this TF in MCF7 cells (1 other TF(s) have peaks here). Motif-based prediction.
chr5:170558685-170558700	MAFK	MAFK	0.62	1	Motif match 77% of max PWM score (strand -, rank 4). ENCODE MAFK ChIP-seq: 1 peak(s) overlap this locus in HepG2 cells. ZSCAN21 has higher motif score (80%) but no ENCODE evidence in HepG2.
chr11:14262772-14262786	MNT	USF1	0.85	0	Motif match 100% of max PWM score (strand +, rank 1). No ENCODE ChIP-seq data for H1-hESC cells. Motif-based prediction.
chr16:1823991-1824010	HIC2	CTCF	0.82	0	Motif match 98% of max PWM score (strand +, rank 1). No ENCODE ChIP-seq data for THP-1 cells. Motif-based prediction.
chr19:12991466-12991483	SOX10	AR	0.85	0	Motif match 100% of max PWM score (strand +, rank 1). No ENCODE ChIP-seq data for lncap-shgata2 cells. Motif-based prediction.
chr7:39357866-39357885	CTCFL	CTCF	0.5	0	Motif match 82% of max PWM score (strand -, rank 1). No ENCODE ChIP-seq overlap for this TF in keratinocyte cells (1 other TF(s) have peaks here). Motif-based prediction.
chr8:23747954-23747973	STAT3	CTCF	0.65	0	Motif match 91% of max PWM score (strand +, rank 1). No ENCODE ChIP-seq overlap for this TF in HCT-116 cells (1 other TF(s) have peaks here). Motif-based prediction.
chr7:18102850-18102863	TEAD1	TEAD1	0.85	1	Motif match 100% of max PWM score (strand -, rank 1). No ENCODE peak overlap at this locus in T47D cells. Motif-based prediction.
chr7:3381291-3381302	POU5F1	FOXA2	0.51	0	Motif match 80% of max PWM score (strand -, rank 1). No ENCODE ChIP-seq data for liver-carn1618 cells. Motif-based prediction.
chr16:54422314-54422331	MSGN1	AR	0.7	0	Motif match 91% of max PWM score (strand -, rank 1). No ENCODE ChIP-seq data for vcap-r1881-4h cells. Motif-based prediction.
chr15:95560069-95560081	MYC	MYC	1.0	1	Motif match 100% of max PWM score (strand +, rank 5). ENCODE MYC ChIP-seq: 1 peak(s) overlap this locus in MCF10A cells.
chrX:10467894-10467906	CEBPD	CEBPA	0.27	0	Motif match 53% of max PWM score (strand -, rank 1). No ENCODE ChIP-seq data for THP-1 cells. Motif-based prediction.
chr5:9254085-9254105	GABPA	SPI1	0.85	0	Motif match 100% of max PWM score (strand -, rank 1). No ENCODE ChIP-seq data for lcl cells. Motif-based prediction.
chr2:171863979-171863996	PGR	AR	0.77	0	Motif match 95% of max PWM score (strand +, rank 1). No ENCODE ChIP-seq data for prostate-cancer cells. Motif-based prediction.
chr5:30608582-30608595	TEAD2	TEAD1	0.51	0	Motif match 80% of max PWM score (strand -, rank 1). No ENCODE ChIP-seq data for pancreas-12d cells. Motif-based prediction.
chr3:31876474-31876488	BATF	JUN	0.85	0	Motif match 100% of max PWM score (strand -, rank 1). No ENCODE ChIP-seq data for definitive-endoderm-from-HUES8 cells. Motif-based prediction.
chr9:21530998-21531015	SOX10	AR	0.85	0	Motif match 100% of max PWM score (strand +, rank 1). No ENCODE ChIP-seq data for LNCaP-C4-2 cells. Motif-based prediction.
chr1:220279356-220279369	GATA5	GATA6	0.82	0	Motif match 98% of max PWM score (strand -, rank 1). No ENCODE ChIP-seq data for WA01 cells. Motif-based prediction.
chr14:56852154-56852167	PGR	NEUROD1	0.29	0	Motif match 58% of max PWM score (strand +, rank 1). No ENCODE ChIP-seq data for D341-Med cells. Motif-based prediction.
chr3:123338484-123338498	RHOXF1	GABPA	0.51	0	Motif match 80% of max PWM score (strand -, rank 1). No ENCODE ChIP-seq data for vcap-r1881 cells. Motif-based prediction.
chr9:136605413-136605428	NR2C1	NR2F1	0.84	0	Motif match 100% of max PWM score (strand +, rank 1). No ENCODE ChIP-seq data for cranial-neural-crest-cells cells. Motif-based prediction.
chr21:15639324-15639336	FOXO4	FOXA1	0.53	0	Motif match 84% of max PWM score (strand -, rank 1). No ENCODE ChIP-seq overlap for this TF in mcf7 cells (1 other TF(s) have peaks here). Motif-based prediction.
chr4:17142355-17142369	IKZF2	ELF1	0.85	0	Motif match 100% of max PWM score (strand +, rank 1). No ENCODE ChIP-seq data for skmnc-shfli-96h cells. Motif-based prediction.
chr1:97774098-97774117	ZNF263	CTCF	0.33	0	Motif match 66% of max PWM score (strand -, rank 1). No ENCODE ChIP-seq data for HT1080 cells. Motif-based prediction.
chr7:104172606-104172620	ONECUT1	ONECUT2	0.85	0	Motif match 100% of max PWM score (strand -, rank 1). No ENCODE peak overlap at this locus in LNCaP cells. Motif-based prediction.
chr18:50586900-50586919	ZNF354C	CTCF	0.46	0	Motif match 79% of max PWM score (strand -, rank 1). No ENCODE ChIP-seq overlap for this TF in K562 cells (1 other TF(s) have peaks here). Motif-based prediction.
chr4:110589493-110589512	ZNF263	CTCF	0.33	0	Motif match 66% of max PWM score (strand +, rank 1). No ENCODE ChIP-seq data for HSMM-dirived-skeletal-muscle-myotubes cells. Motif-based prediction.
chr13:31200495-31200506	ZBTB14	MYC	0.28	0	Motif match 66% of max PWM score (strand +, rank 1). No ENCODE ChIP-seq overlap for this TF in HEK293T cells (1 other TF(s) have peaks here). Motif-based prediction.
chr17:14309370-14309380	USF1	MXI1	1.0	0	Motif match 100% of max PWM score (strand -, rank 1). ENCODE USF1 ChIP-seq: 1 peak(s) overlap this locus in HepG2 cells.
chr1:113976779-113976796	ESR1	ESR1	0.9	1	Motif match 91% of max PWM score (strand +, rank 3). ENCODE ESR1 ChIP-seq: 3 peak(s) overlap this locus in T47D cells. NR2C2 has higher motif score (100%) but no ENCODE evidence in T47D.
chr6:131672535-131672545	HOXA9	CEBPB	0.85	0	Motif match 100% of max PWM score (strand +, rank 1). No ENCODE ChIP-seq data for JB6 cells. Motif-based prediction.
chr6:26204425-26204439	FOSL1	JUN	0.53	0	Motif match 72% of max PWM score (strand +, rank 2). ENCODE FOSL1 ChIP-seq: 1 peak(s) overlap this locus in K562 cells.
chr6:41936479-41936498	NFATC3	CTCF	0.31	0	Motif match 71% of max PWM score (strand -, rank 1). No ENCODE ChIP-seq overlap for this TF in osteoblasts cells (1 other TF(s) have peaks here). Motif-based prediction.
chr5:142192620-142192632	SRY	FOXA1	0.48	0	Motif match 78% of max PWM score (strand +, rank 1). No ENCODE peak overlap at this locus in LNCaP cells. Motif-based prediction.
chr5:95508449-95508461	FOXD1	FOXA1	0.85	0	Motif match 100% of max PWM score (strand +, rank 1). No ENCODE ChIP-seq data for vcap-r1881 cells. Motif-based prediction.
chr10:85177618-85177626	ARNT	TBX5	0.85	0	Motif match 100% of max PWM score (strand -, rank 1). No ENCODE ChIP-seq data for iPSC-derived-cardiomyocytes cells. Motif-based prediction.
chr9:95298612-95298629	ZNF524	NR3C1	0.31	0	Motif match 61% of max PWM score (strand +, rank 1). No ENCODE peak overlap at this locus in LNCaP cells. Motif-based prediction.
chr4:3502817-3502834	NR2C2	ESR1	0.85	0	Motif match 100% of max PWM score (strand -, rank 1). No ENCODE peak overlap at this locus in MCF7 cells. Motif-based prediction.
chr8:117474487-117474506	ZNF354C	CTCF	0.81	0	Motif match 98% of max PWM score (strand -, rank 1). No ENCODE ChIP-seq data for IMR-5 cells. Motif-based prediction.
chr15:43219433-43219451	NRL	TP63	0.31	0	Motif match 62% of max PWM score (strand -, rank 1). No ENCODE peak overlap at this locus in keratinocytes cells. Motif-based prediction.
chr19:48927198-48927211	BATF3	JUNB	0.47	0	Motif match 77% of max PWM score (strand -, rank 1). No ENCODE ChIP-seq data for MCF10A-ER-Src cells. Motif-based prediction.
chr6:148329038-148329048	ETS1	ERG	0.33	0	Motif match 66% of max PWM score (strand -, rank 1). No ENCODE ChIP-seq data for HUVEC-C cells. Motif-based prediction.
chr10:89519504-89519517	HAND2	TWIST1	0.85	0	Motif match 100% of max PWM score (strand +, rank 1). No ENCODE ChIP-seq data for shep21-dox-24h cells. Motif-based prediction.
chr2:126658067-126658080	BATF	JUN	0.85	0	Motif match 100% of max PWM score (strand -, rank 1). No ENCODE ChIP-seq data for MDA-MB-231p27CK-DD cells. Motif-based prediction.
chr6:41191754-41191773	ZNF549	CTCF	0.48	0	Motif match 78% of max PWM score (strand -, rank 1). No ENCODE ChIP-seq data for gm2630 cells. Motif-based prediction.
chr14:52961904-52961916	FOXD1	FOXA1	0.85	0	Motif match 100% of max PWM score (strand +, rank 1). No ENCODE peak overlap at this locus in VCaP cells. Motif-based prediction.
chr11:60924695-60924714	CTCFL	CTCF	0.32	0	Motif match 63% of max PWM score (strand -, rank 1). No ENCODE ChIP-seq data for lymphoblastoid-cells cells. Motif-based prediction.
chr7:28106482-28106492	CLOCK	MAX	0.85	0	Motif match 100% of max PWM score (strand +, rank 1). No ENCODE ChIP-seq data for MKL-1 cells. Motif-based prediction.
chr12:31238970-31238989	NEUROG2	CTCF	0.18	0	Motif match 46% of max PWM score (strand -, rank 1). No ENCODE ChIP-seq overlap for this TF in MCF7 cells (3 other TF(s) have peaks here). Motif-based prediction.
chr10:55312144-55312156	FOXA2	FOXA1	0.64	0	Motif match 87% of max PWM score (strand +, rank 1). No ENCODE peak overlap at this locus in 22RV1 cells. Motif-based prediction.
chr4:114180691-114180710	YY1	CTCF	1.0	0	Motif match 100% of max PWM score (strand +, rank 1). ENCODE YY1 ChIP-seq: 1 peak(s) overlap this locus in GM12870 cells.
chr8:94574314-94574333	CTCF	CTCF	0.56	1	Motif match 74% of max PWM score (strand -, rank 3). ENCODE CTCF ChIP-seq: 1 peak(s) overlap this locus in pancreas cells. ZKSCAN1 has higher motif score (75%) but no ENCODE evidence in pancreas.
chr20:4116082-4116096	PBX1	ONECUT2	0.72	0	Motif match 92% of max PWM score (strand +, rank 1). No ENCODE peak overlap at this locus in LNCaP cells. Motif-based prediction.
chr1:8094943-8094955	ZNF317	TCF7L1	0.31	0	Motif match 62% of max PWM score (strand +, rank 1). No ENCODE peak overlap at this locus in HCT-116 cells. Motif-based prediction.
chr9:116166900-116166919	VEZF1	CTCF	0.85	0	Motif match 100% of max PWM score (strand +, rank 1). No ENCODE ChIP-seq data for HeLa-Kyoto cells. Motif-based prediction.
chr13:113105412-113105424	FOXA2	FOXA1	0.64	0	Motif match 87% of max PWM score (strand -, rank 1). No ENCODE ChIP-seq data for lncap-tnfa cells. Motif-based prediction.
chr20:46191055-46191072	MEIS3	NR3C1	0.29	0	Motif match 58% of max PWM score (strand +, rank 1). No ENCODE ChIP-seq data for u2os-shhic5 cells. Motif-based prediction.
chr2:74746000-74746012	KLF2	FOXA1	0.42	0	Motif match 74% of max PWM score (strand -, rank 1). No ENCODE ChIP-seq data for MCF7-WS8-cells cells. Motif-based prediction.
chr18:9348932-9348944	FOXA1	FOXA1	0.7	1	Motif match 82% of max PWM score (strand +, rank 5). ENCODE FOXA1 ChIP-seq: 1 peak(s) overlap this locus in HepG2 cells. FOXA2 has higher motif score (87%) but no ENCODE evidence in HepG2.
chr4:17707837-17707849	FOXA2	FOXA1	0.45	0	Motif match 76% of max PWM score (strand -, rank 1). No ENCODE ChIP-seq data for mcf7-dex cells. Motif-based prediction.
chr11:57311191-57311208	ZNF524	AR	0.41	0	Motif match 73% of max PWM score (strand +, rank 1). No ENCODE ChIP-seq data for prostate-normal cells. Motif-based prediction.
chr3:126911584-126911597	JUN	JUND	1.0	0	Motif match 100% of max PWM score (strand -, rank 2). ENCODE JUN ChIP-seq: 3 peak(s) overlap this locus in K562 cells. BATF has higher motif score (100%) but no ENCODE evidence in K562.
chr2:67260035-67260047	FOXD1	FOXA1	0.85	0	Motif match 100% of max PWM score (strand -, rank 1). No ENCODE peak overlap at this locus in VCaP cells. Motif-based prediction.
chr2:14286052-14286064	FOXA2	FOXA1	0.64	0	Motif match 87% of max PWM score (strand -, rank 1). No ENCODE peak overlap at this locus in lncap cells. Motif-based prediction.
chr10:96656057-96656068	ARNT	EGR2	0.54	0	Motif match 82% of max PWM score (strand -, rank 1). No ENCODE peak overlap at this locus in HEK293 cells. Motif-based prediction.
chr6:83054177-83054189	CDX2	CDX2	0.85	1	Motif match 100% of max PWM score (strand +, rank 1). No ENCODE ChIP-seq data for naive-endoderm cells. Motif-based prediction.
chr7:100539068-100539082	TFAP2A	TFAP2C	0.85	0	Motif match 100% of max PWM score (strand -, rank 1). No ENCODE ChIP-seq data for mcf7-e2 cells. Motif-based prediction.
chrX:15471248-15471261	FOSL2	CREB1	0.89	0	Motif match 94% of max PWM score (strand -, rank 8). ENCODE FOSL2 ChIP-seq: 1 peak(s) overlap this locus in A549 cells. BATF has higher motif score (100%) but no ENCODE evidence in A549.
chr1:203535606-203535618	FOXA2	FOXA1	0.45	0	Motif match 76% of max PWM score (strand -, rank 1). No ENCODE ChIP-seq data for vcap-shpias1-r1881 cells. Motif-based prediction.
chr8:12665657-12665676	ZNF417	CTCF	0.85	0	Motif match 100% of max PWM score (strand -, rank 1). No ENCODE ChIP-seq data for suprapubic-skin cells. Motif-based prediction.
chr2:84600666-84600679	ISL2	NFKB2	0.28	0	Motif match 55% of max PWM score (strand -, rank 1). No ENCODE peak overlap at this locus in GM12878 cells. Motif-based prediction.
chr13:110593661-110593680	CTCF	CTCF	0.55	1	Motif match 73% of max PWM score (strand +, rank 3). ENCODE CTCF ChIP-seq: 1 peak(s) overlap this locus in gastrocnemius-medialis cells. HIC2 has higher motif score (98%) but no ENCODE evidence in gastrocnemius-medialis.
chr6:36611243-36611254	MZF1	RELB	0.39	0	Motif match 73% of max PWM score (strand -, rank 1). No ENCODE ChIP-seq data for l1236 cells. Motif-based prediction.
chr7:975154-975165	BATF	JUN	0.8	0	Motif match 100% of max PWM score (strand -, rank 1). No ENCODE ChIP-seq overlap for this TF in K562 cells (48 other TF(s) have peaks here). Motif-based prediction.
chr15:89815226-89815237	GATA5	GATA2	0.85	0	Motif match 100% of max PWM score (strand +, rank 1). No ENCODE ChIP-seq data for tf1 cells. Motif-based prediction.
chr9:99266716-99266735	YY2	CTCF	0.4	0	Motif match 76% of max PWM score (strand +, rank 1). No ENCODE ChIP-seq overlap for this TF in A549 cells (3 other TF(s) have peaks here). Motif-based prediction.
chr20:1816669-1816684	THAP1	PPARG	0.54	0	Motif match 82% of max PWM score (strand +, rank 1). No ENCODE ChIP-seq data for hMADS-3 cells. Motif-based prediction.
chr12:6280291-6280312	EBF3	REST	0.27	0	Motif match 63% of max PWM score (strand -, rank 1). No ENCODE ChIP-seq overlap for this TF in HeLa-S3 cells (6 other TF(s) have peaks here). Motif-based prediction.
chr7:128863282-128863302	ZNF189	SPI1	0.53	0	Motif match 81% of max PWM score (strand -, rank 1). No ENCODE ChIP-seq data for monocyte-derived-macrophages cells. Motif-based prediction.
chr6:134335726-134335738	FOXD1	FOXA1	0.85	0	Motif match 100% of max PWM score (strand +, rank 1). No ENCODE ChIP-seq data for MCF7-WS8-cells cells. Motif-based prediction.
chr6:14326947-14326967	IKZF2	SPI1	0.85	0	Motif match 100% of max PWM score (strand +, rank 1). No ENCODE peak overlap at this locus in dohh2 cells. Motif-based prediction.
chr22:44050006-44050023	PKNOX1	PBX3	1.0	0	Motif match 100% of max PWM score (strand -, rank 2). ENCODE PKNOX1 ChIP-seq: 1 peak(s) overlap this locus in GM12878 cells.
chr13:110971605-110971621	BHLHE22	GLIS1	0.8	0	Motif match 100% of max PWM score (strand +, rank 1). No ENCODE ChIP-seq overlap for this TF in HEK293 cells (1 other TF(s) have peaks here). Motif-based prediction.
chr6:121587544-121587563	VEZF1	CTCF	0.85	0	Motif match 100% of max PWM score (strand -, rank 1). No ENCODE peak overlap at this locus in osteoblasts cells. Motif-based prediction.
chrX:128599876-128599893	GSC2	ESR1	0.5	0	Motif match 79% of max PWM score (strand -, rank 1). No ENCODE ChIP-seq data for mcf7-sictr-e2 cells. Motif-based prediction.
chr10:50471754-50471767	GATA5	GATA6	0.8	0	Motif match 97% of max PWM score (strand -, rank 1). No ENCODE ChIP-seq data for ycc3 cells. Motif-based prediction.
chr21:44801862-44801880	HES1	IRF2	0.99	0	Motif match 100% of max PWM score (strand +, rank 1). ENCODE HES1 ChIP-seq: 1 peak(s) overlap this locus in K562 cells.
chr6:38382756-38382764	GATA2	GATA3	0.85	0	Motif match 100% of max PWM score (strand -, rank 1). No ENCODE ChIP-seq data for MDA-MB-231 cells. Motif-based prediction.
chr20:11532114-11532126	FOXD1	FOXA1	0.85	0	Motif match 100% of max PWM score (strand +, rank 1). No ENCODE peak overlap at this locus in LNCaP cells. Motif-based prediction.
chr19:4935798-4935809	TCF12	EGR2	0.16	0	Motif match 41% of max PWM score (strand +, rank 1). No ENCODE ChIP-seq overlap for this TF in HEK293 cells (2 other TF(s) have peaks here). Motif-based prediction.
chr19:3360979-3360999	SPI1	SPI1	0.73	1	Motif match 84% of max PWM score (strand -, rank 1). ENCODE SPI1 ChIP-seq: 1 peak(s) overlap this locus in GM12878 cells.
chr8:103741595-103741603	GATA2	GATA3	0.52	0	Motif match 83% of max PWM score (strand +, rank 1). No ENCODE ChIP-seq overlap for this TF in SK-N-SH cells (1 other TF(s) have peaks here). Motif-based prediction.
chr9:124721232-124721244	FOXD1	FOXA1	0.85	0	Motif match 100% of max PWM score (strand +, rank 1). No ENCODE ChIP-seq data for mdamb453 cells. Motif-based prediction.
chr2:201183016-201183035	VAX2	CTCF	0.26	0	Motif match 52% of max PWM score (strand +, rank 1). No ENCODE ChIP-seq data for gastroesophageal-sphincter cells. Motif-based prediction.
chr8:101632690-101632709	ZNF354C	CTCF	0.81	0	Motif match 98% of max PWM score (strand +, rank 1). No ENCODE ChIP-seq data for HSMM cells. Motif-based prediction.
chr15:85432751-85432761	BATF	JUN	0.85	0	Motif match 100% of max PWM score (strand -, rank 1). No ENCODE ChIP-seq data for HAEC cells. Motif-based prediction.
chr4:178955831-178955844	FOSB	JUN	0.5	0	Motif match 79% of max PWM score (strand +, rank 1). No ENCODE ChIP-seq data for MCF10A-ER-Src cells. Motif-based prediction.
chr2:116563422-116563432	CEBPA	CEBPB	0.62	0	Motif match 86% of max PWM score (strand +, rank 1). No ENCODE peak overlap at this locus in IMR-90 cells. Motif-based prediction.
chr2:78631287-78631297	CEBPA	CEBPB	0.85	0	Motif match 100% of max PWM score (strand -, rank 1). No ENCODE peak overlap at this locus in A549 cells. Motif-based prediction.
chr5:55187483-55187502	HIC2	CTCF	0.61	0	Motif match 86% of max PWM score (strand -, rank 1). No ENCODE ChIP-seq data for MDA-MB-157 cells. Motif-based prediction.
chr8:98006723-98006744	FOXO4	REST	0.58	0	Motif match 84% of max PWM score (strand +, rank 1). No ENCODE ChIP-seq data for H1-hESC cells. Motif-based prediction.
chr10:17782048-17782067	ZNF354C	CTCF	0.46	0	Motif match 79% of max PWM score (strand +, rank 1). No ENCODE ChIP-seq overlap for this TF in GM23338 cells (1 other TF(s) have peaks here). Motif-based prediction.
chr20:53003588-53003608	HOXA7	PPARG	0.8	0	Motif match 97% of max PWM score (strand -, rank 1). No ENCODE ChIP-seq data for asc cells. Motif-based prediction.
chr1:218281449-218281468	HIC2	CTCF	0.85	0	Motif match 100% of max PWM score (strand +, rank 1). No ENCODE peak overlap at this locus in PC9 cells. Motif-based prediction.
chr4:141636484-141636494	BATF	JUN	0.27	0	Motif match 55% of max PWM score (strand -, rank 1). No ENCODE ChIP-seq data for HAEC cells. Motif-based prediction.
chr4:11720486-11720505	ZNF354C	CTCF	0.51	0	Motif match 79% of max PWM score (strand -, rank 1). No ENCODE peak overlap at this locus in PC9 cells. Motif-based prediction.
chr20:44497146-44497156	ATF4	CEBPB	0.33	0	Motif match 67% of max PWM score (strand +, rank 1). No ENCODE ChIP-seq data for HEE cells. Motif-based prediction.
chr7:107972179-107972196	PGR	AR	0.67	0	Motif match 89% of max PWM score (strand +, rank 1). No ENCODE ChIP-seq data for vcap-sh2-dht cells. Motif-based prediction.
chr5:93112640-93112651	FOXD1	FOXA2	0.85	0	Motif match 100% of max PWM score (strand -, rank 1). No ENCODE ChIP-seq data for islet cells. Motif-based prediction.
chr5:83608329-83608348	MEIS3	CTCF	0.46	0	Motif match 77% of max PWM score (strand -, rank 1). No ENCODE ChIP-seq data for esc-naive cells. Motif-based prediction.
chr9:23622184-23622194	HOXA9	HIF1A	0.28	0	Motif match 56% of max PWM score (strand +, rank 1). No ENCODE ChIP-seq data for PC3-bone-mets-prostate-adenocarcinoma- cells. Motif-based prediction.
chr19:33274248-33274258	TBX2	HIF1A	0.35	0	Motif match 69% of max PWM score (strand +, rank 1). No ENCODE ChIP-seq data for PC3-bone-mets-prostate-adenocarcinoma- cells. Motif-based prediction.
chr1:26204143-26204162	ZNF417	CTCF	0.8	0	Motif match 100% of max PWM score (strand -, rank 1). No ENCODE ChIP-seq overlap for this TF in HCT-116 cells (1 other TF(s) have peaks here). Motif-based prediction.
chr20:22762760-22762770	KLF4	KLF5	0.85	0	Motif match 100% of max PWM score (strand -, rank 1). No ENCODE ChIP-seq data for HCC95 cells. Motif-based prediction.
chr16:81096107-81096119	MYC	MYC	0.85	1	Motif match 100% of max PWM score (strand +, rank 1). No ENCODE ChIP-seq data for G401 cells. Motif-based prediction.
chr16:5216052-5216064	PITX1	OTX2	0.85	0	Motif match 100% of max PWM score (strand +, rank 1). No ENCODE ChIP-seq data for HUES64 cells. Motif-based prediction.
chr15:90930149-90930159	ELK4	FLI1	0.85	0	Motif match 100% of max PWM score (strand +, rank 1). No ENCODE ChIP-seq data for uae cells. Motif-based prediction.
chr8:126604024-126604043	MAX	CTCF	0.85	0	Motif match 100% of max PWM score (strand +, rank 1). No ENCODE ChIP-seq data for vcap-r1881 cells. Motif-based prediction.
chr13:95355655-95355668	FOSB	FOS	0.49	0	Motif match 79% of max PWM score (strand -, rank 1). No ENCODE ChIP-seq data for HUVEC-C cells. Motif-based prediction.
chr5:134224285-134224299	SRY	ONECUT2	0.27	0	Motif match 55% of max PWM score (strand +, rank 1). No ENCODE peak overlap at this locus in LNCaP cells. Motif-based prediction.
chr19:43699829-43699848	RFX7	CTCF	0.41	0	Motif match 73% of max PWM score (strand +, rank 1). No ENCODE ChIP-seq data for gm19239 cells. Motif-based prediction.
chr6:17918203-17918220	MSANTD3	ESR1	0.85	0	Motif match 100% of max PWM score (strand +, rank 1). No ENCODE peak overlap at this locus in T47D cells. Motif-based prediction.
chr21:39537568-39537583	PRDM1	SOX2	0.85	0	Motif match 100% of max PWM score (strand -, rank 1). No ENCODE ChIP-seq data for iPS cells. Motif-based prediction.
chr1:38140227-38140239	FOXL1	FOXA1	0.8	0	Motif match 97% of max PWM score (strand -, rank 1). No ENCODE ChIP-seq data for mcf7-e2 cells. Motif-based prediction.
chr1:84379286-84379298	FOSB	JUN	0.49	0	Motif match 79% of max PWM score (strand +, rank 1). No ENCODE ChIP-seq data for HAEC cells. Motif-based prediction.
chr3:22098208-22098220	NFIL3	CEBPA	0.31	0	Motif match 62% of max PWM score (strand -, rank 1). No ENCODE ChIP-seq data for MOLM-13-acute-monocytic-leukemia-AML cells. Motif-based prediction.
chr7:21446801-21446813	SRY	FOXA1	0.64	0	Motif match 88% of max PWM score (strand -, rank 1). No ENCODE peak overlap at this locus in lncap cells. Motif-based prediction.
chr11:101953783-101953795	HMBOX1	CDX2	0.52	0	Motif match 80% of max PWM score (strand -, rank 1). No ENCODE ChIP-seq data for naive-endoderm cells. Motif-based prediction.
chr3:47981004-47981018	HOXC10	HOXB13	0.63	0	Motif match 87% of max PWM score (strand -, rank 1). No ENCODE peak overlap at this locus in LNCaP cells. Motif-based prediction.
chr12:121627360-121627370	MXI1	MAX	0.8	0	Motif match 100% of max PWM score (strand -, rank 1). No ENCODE ChIP-seq overlap for this TF in A549 cells (3 other TF(s) have peaks here). Motif-based prediction.
chr8:14264508-14264527	ZSCAN21	CTCF	0.47	0	Motif match 80% of max PWM score (strand -, rank 1). No ENCODE ChIP-seq overlap for this TF in A673 cells (1 other TF(s) have peaks here). Motif-based prediction.
chr18:49492602-49492612	ARNT	HIF1A	0.85	0	Motif match 100% of max PWM score (strand +, rank 1). No ENCODE ChIP-seq data for PC3-bone-mets-prostate-adenocarcinoma- cells. Motif-based prediction.
chr20:63626808-63626820	HES1	MYC	0.29	0	Motif match 59% of max PWM score (strand -, rank 1). No ENCODE ChIP-seq data for HUES64 cells. Motif-based prediction.
chr7:22094747-22094766	ZNF549	CTCF	0.34	0	Motif match 68% of max PWM score (strand -, rank 1). No ENCODE peak overlap at this locus in gm12891 cells. Motif-based prediction.
chr8:8664626-8664636	JUND	JUNB	0.87	0	Motif match 92% of max PWM score (strand +, rank 7). ENCODE JUND ChIP-seq: 1 peak(s) overlap this locus in A549 cells. BATF has higher motif score (100%) but no ENCODE evidence in A549.
chr5:28766738-28766757	NEUROG2	CTCF	0.85	0	Motif match 100% of max PWM score (strand -, rank 1). No ENCODE peak overlap at this locus in mm1s cells. Motif-based prediction.
chr17:62824936-62824946	JUN	FOSL2	1.0	0	Motif match 100% of max PWM score (strand +, rank 2). ENCODE JUN ChIP-seq: 1 peak(s) overlap this locus in A549 cells. BATF has higher motif score (100%) but no ENCODE evidence in A549.
chr5:92808485-92808493	GATA2	GATA3	0.85	0	Motif match 100% of max PWM score (strand +, rank 1). No ENCODE peak overlap at this locus in T47D cells. Motif-based prediction.
chr7:44617436-44617449	SNAI1	TFAP2C	0.31	0	Motif match 62% of max PWM score (strand -, rank 1). No ENCODE ChIP-seq data for bt474 cells. Motif-based prediction.
chr20:50952216-50952228	FOXP3	FOXA1	0.56	0	Motif match 83% of max PWM score (strand -, rank 1). No ENCODE peak overlap at this locus in VCaP cells. Motif-based prediction.
chr14:80671152-80671163	GATA2	GATA1	0.85	0	Motif match 100% of max PWM score (strand -, rank 1). No ENCODE ChIP-seq data for CD34 cells. Motif-based prediction.
chr6:87848643-87848656	NR2C2	ESRRA	0.85	0	Motif match 100% of max PWM score (strand +, rank 1). No ENCODE ChIP-seq data for bt474 cells. Motif-based prediction.
chr8:130297550-130297569	TCF12	CTCF	1.0	0	Motif match 100% of max PWM score (strand +, rank 5). ENCODE TCF12 ChIP-seq: 1 peak(s) overlap this locus in K562 cells. ZEB1 has higher motif score (100%) but no ENCODE evidence in K562.
chr9:124570127-124570138	GATA2	GATA1	0.8	0	Motif match 100% of max PWM score (strand +, rank 1). No ENCODE ChIP-seq overlap for this TF in K562 cells (12 other TF(s) have peaks here). Motif-based prediction.
chr13:108176866-108176885	CTCF	CTCF	0.59	1	Motif match 72% of max PWM score (strand +, rank 1). ENCODE CTCF ChIP-seq: 5 peak(s) overlap this locus in MCF7 cells.
chr5:66988147-66988166	NKX2-4	CTCF	0.32	0	Motif match 64% of max PWM score (strand +, rank 1). No ENCODE ChIP-seq data for upper-lobe-of-left-lung cells. Motif-based prediction.
chr17:35587447-35587460	KLF2	E2F6	0.37	0	Motif match 74% of max PWM score (strand -, rank 1). No ENCODE ChIP-seq overlap for this TF in K562 cells (148 other TF(s) have peaks here). Motif-based prediction.
chr10:26172335-26172354	HAND2	CTCF	0.85	0	Motif match 100% of max PWM score (strand +, rank 1). No ENCODE ChIP-seq data for WA01 cells. Motif-based prediction.
chr2:175546740-175546752	BATF	ATF3	0.8	0	Motif match 100% of max PWM score (strand +, rank 1). No ENCODE ChIP-seq overlap for this TF in K562 cells (1 other TF(s) have peaks here). Motif-based prediction.
chr7:123271484-123271497	BATF	JUN	0.85	0	Motif match 100% of max PWM score (strand +, rank 1). No ENCODE ChIP-seq data for definitive-endoderm-from-HUES8 cells. Motif-based prediction.
chr11:46367339-46367353	TFAP2E	TFAP2A	0.63	0	Motif match 87% of max PWM score (strand -, rank 1). No ENCODE ChIP-seq data for cranial-neural-crest-cells cells. Motif-based prediction.
chr19:10569644-10569654	USF1	MXI1	1.0	0	Motif match 100% of max PWM score (strand +, rank 1). ENCODE USF1 ChIP-seq: 1 peak(s) overlap this locus in HepG2 cells.
chr1:116852503-116852520	KLF4	ESR1	0.85	0	Motif match 100% of max PWM score (strand -, rank 1). No ENCODE peak overlap at this locus in MCF7 cells. Motif-based prediction.
chrX:12471780-12471792	CEBPD	CEBPA	0.5	0	Motif match 79% of max PWM score (strand +, rank 1). No ENCODE ChIP-seq data for MV4-11 cells. Motif-based prediction.
chr10:17910345-17910364	CTCF	CTCF	0.57	1	Motif match 71% of max PWM score (strand +, rank 3). ENCODE CTCF ChIP-seq: 3 peak(s) overlap this locus in GM12870 cells. NKX2-4 has higher motif score (80%) but no ENCODE evidence in GM12870.
chr4:18021211-18021230	CTCFL	CTCF	0.35	0	Motif match 70% of max PWM score (strand +, rank 1). No ENCODE ChIP-seq data for gastroesophageal-sphincter cells. Motif-based prediction.
chr8:116887680-116887691	FOXO4	FOXA2	0.58	0	Motif match 84% of max PWM score (strand -, rank 1). No ENCODE ChIP-seq data for KerCT cells. Motif-based prediction.
chr8:66467058-66467077	VEZF1	CTCF	0.8	0	Motif match 100% of max PWM score (strand -, rank 1). No ENCODE ChIP-seq overlap for this TF in astrocyte cells (1 other TF(s) have peaks here). Motif-based prediction.
chr9:105718641-105718660	HIC2	CTCF	0.3	0	Motif match 59% of max PWM score (strand -, rank 1). No ENCODE peak overlap at this locus in PC9 cells. Motif-based prediction.
chr4:53633842-53633852	NFIL3	CEBPB	0.85	0	Motif match 100% of max PWM score (strand -, rank 1). No ENCODE ChIP-seq data for SUM159PT cells. Motif-based prediction.
chr12:56759559-56759576	NFATC3	AR	0.54	0	Motif match 81% of max PWM score (strand -, rank 1). No ENCODE peak overlap at this locus in LNCaP cells. Motif-based prediction.
chr14:62692398-62692411	BATF	JUN	0.85	0	Motif match 100% of max PWM score (strand -, rank 1). No ENCODE ChIP-seq data for MCF10A-ER-Src cells. Motif-based prediction.
chr16:81697405-81697424	ZNF549	CTCF	0.27	0	Motif match 63% of max PWM score (strand +, rank 1). No ENCODE ChIP-seq overlap for this TF in GM12865 cells (1 other TF(s) have peaks here). Motif-based prediction.
chr14:93686484-93686496	FOXD1	FOXA1	0.85	0	Motif match 100% of max PWM score (strand +, rank 1). No ENCODE peak overlap at this locus in LNCaP cells. Motif-based prediction.
chr7:19995335-19995349	FOXD1	HOXB13	0.34	0	Motif match 69% of max PWM score (strand -, rank 1). No ENCODE peak overlap at this locus in VCaP cells. Motif-based prediction.
chr2:168211255-168211271	YY1	SRF	0.54	0	Motif match 72% of max PWM score (strand -, rank 2). ENCODE YY1 ChIP-seq: 1 peak(s) overlap this locus in HCT116 cells.
chr4:84954358-84954370	FOXL1	FOXA1	0.61	0	Motif match 85% of max PWM score (strand -, rank 1). No ENCODE ChIP-seq data for lncap-abl cells. Motif-based prediction.
chr3:49601939-49601956	ZNF189	NR3C1	0.32	0	Motif match 64% of max PWM score (strand +, rank 1). No ENCODE ChIP-seq data for HASM2 cells. Motif-based prediction.
chr2:227227479-227227489	CEBPG	CEBPB	0.68	0	Motif match 90% of max PWM score (strand -, rank 1). No ENCODE ChIP-seq data for SU-DHL-1 cells. Motif-based prediction.
chr3:87546446-87546457	FOSB	JUN	0.62	0	Motif match 86% of max PWM score (strand +, rank 1). No ENCODE ChIP-seq data for MCF10A-ER-Src cells. Motif-based prediction.
chr11:36266197-36266216	CTCF	CTCF	0.67	1	Motif match 77% of max PWM score (strand -, rank 6). ENCODE CTCF ChIP-seq: 3 peak(s) overlap this locus in A549 cells. NEUROG2 has higher motif score (100%) but no ENCODE evidence in A549.
chr3:99935593-99935608	TCF7	NR2F1	0.61	0	Motif match 76% of max PWM score (strand +, rank 4). ENCODE TCF7 ChIP-seq: 1 peak(s) overlap this locus in HepG2 cells. NR2C2 has higher motif score (100%) but no ENCODE evidence in HepG2.
chr17:75654344-75654363	CTCFL	CTCF	0.48	0	Motif match 81% of max PWM score (strand -, rank 1). No ENCODE ChIP-seq overlap for this TF in A549 cells (2 other TF(s) have peaks here). Motif-based prediction.
chr3:73094120-73094132	BARHL2	FOXA1	0.31	0	Motif match 70% of max PWM score (strand -, rank 1). No ENCODE ChIP-seq overlap for this TF in mcf7 cells (9 other TF(s) have peaks here). Motif-based prediction.
chr9:119436501-119436518	TEAD4	RXRA	0.44	0	Motif match 79% of max PWM score (strand -, rank 1). No ENCODE ChIP-seq overlap for this TF in liver cells (3 other TF(s) have peaks here). Motif-based prediction.
chrX:134484231-134484250	CTCF	CTCF	0.59	1	Motif match 73% of max PWM score (strand +, rank 5). ENCODE CTCF ChIP-seq: 3 peak(s) overlap this locus in mcf7 cells. ZBTB26 has higher motif score (100%) but no ENCODE evidence in mcf7.
chr14:74988788-74988800	FOXA2	FOXA1	0.41	0	Motif match 74% of max PWM score (strand +, rank 1). No ENCODE ChIP-seq data for vcap-shctr-r1881 cells. Motif-based prediction.
chr2:235107304-235107323	ZEB1	CTCF	0.85	0	Motif match 100% of max PWM score (strand +, rank 1). No ENCODE ChIP-seq data for WA09 cells. Motif-based prediction.
chr11:8717756-8717773	IKZF2	NR3C1	0.85	0	Motif match 100% of max PWM score (strand -, rank 1). No ENCODE ChIP-seq data for BEAS-2B cells. Motif-based prediction.
chr12:132519548-132519567	ZNF549	CTCF	0.43	0	Motif match 78% of max PWM score (strand +, rank 1). No ENCODE ChIP-seq overlap for this TF in MCF7 cells (2 other TF(s) have peaks here). Motif-based prediction.
chr8:30315778-30315789	FOXH1	FOXA2	0.55	0	Motif match 85% of max PWM score (strand +, rank 1). No ENCODE ChIP-seq overlap for this TF in A549 cells (3 other TF(s) have peaks here). Motif-based prediction.
chr6:62430006-62430023	NFATC3	AR	0.54	0	Motif match 81% of max PWM score (strand +, rank 1). No ENCODE ChIP-seq data for VCaP-and-LTAD-cells cells. Motif-based prediction.
chr9:19174435-19174454	HOXD8	CTCF	0.81	0	Motif match 98% of max PWM score (strand -, rank 1). No ENCODE ChIP-seq data for embryonic-stem-cells cells. Motif-based prediction.
chr11:80826026-80826038	FOXD1	FOXA1	0.85	0	Motif match 100% of max PWM score (strand -, rank 1). No ENCODE peak overlap at this locus in LNCaP cells. Motif-based prediction.
chr14:100011787-100011799	TEAD2	TEAD4	0.34	0	Motif match 72% of max PWM score (strand +, rank 1). No ENCODE ChIP-seq overlap for this TF in MCF-7 cells (10 other TF(s) have peaks here). Motif-based prediction.
chr1:156503532-156503544	BATF	FOSL2	0.85	0	Motif match 100% of max PWM score (strand -, rank 1). No ENCODE ChIP-seq data for LPS141 cells. Motif-based prediction.
chr6:154277438-154277457	ZEB1	CTCF	0.27	0	Motif match 54% of max PWM score (strand +, rank 1). No ENCODE ChIP-seq data for THP-1 cells. Motif-based prediction.
chr6:105609649-105609659	NFATC3	ERG	0.75	0	Motif match 94% of max PWM score (strand -, rank 1). No ENCODE ChIP-seq data for me1 cells. Motif-based prediction.
chr1:225271470-225271480	BATF	JUN	0.85	0	Motif match 100% of max PWM score (strand -, rank 1). No ENCODE ChIP-seq data for MCF10A-ER-Src cells. Motif-based prediction.
chr7:7890335-7890346	GATA2	GATA1	0.85	0	Motif match 100% of max PWM score (strand +, rank 1). No ENCODE ChIP-seq data for CD34 cells. Motif-based prediction.
chr10:114173923-114173933	HIF1A	BHLHE40	0.8	0	Motif match 100% of max PWM score (strand +, rank 1). No ENCODE ChIP-seq overlap for this TF in GM12878 cells (16 other TF(s) have peaks here). Motif-based prediction.
chr3:126435815-126435834	CTCFL	CTCF	0.85	0	Motif match 100% of max PWM score (strand +, rank 1). No ENCODE ChIP-seq data for mcf7-tam cells. Motif-based prediction.
chr1:93701901-93701913	KLF5	KLF4	0.5	0	Motif match 79% of max PWM score (strand -, rank 1). No ENCODE peak overlap at this locus in keratinocyte-diff cells. Motif-based prediction.
chr1:221148825-221148842	ZNF189	AR	0.5	0	Motif match 79% of max PWM score (strand -, rank 1). No ENCODE ChIP-seq data for lncap-r1881-hotair cells. Motif-based prediction.
chr14:102488393-102488407	YY2	CEBPA	0.45	0	Motif match 76% of max PWM score (strand +, rank 1). No ENCODE ChIP-seq data for U937 cells. Motif-based prediction.
chr19:45730972-45730991	ZNF549	CTCF	0.48	0	Motif match 78% of max PWM score (strand -, rank 1). No ENCODE ChIP-seq data for upper-lobe-of-left-lung cells. Motif-based prediction.
chr7:129896840-129896850	FOSB	JUN	0.49	0	Motif match 79% of max PWM score (strand -, rank 1). No ENCODE ChIP-seq data for HAEC cells. Motif-based prediction.
chr6:161370992-161371011	CTCF	CTCF	0.67	1	Motif match 77% of max PWM score (strand -, rank 1). ENCODE CTCF ChIP-seq: 3 peak(s) overlap this locus in A549 cells.
chr10:54985918-54985937	MEIS3	CTCF	0.52	0	Motif match 83% of max PWM score (strand +, rank 1). No ENCODE ChIP-seq overlap for this TF in SK-N-SH cells (3 other TF(s) have peaks here). Motif-based prediction.
chr6:13573854-13573864	MNT	MAX	0.85	0	Motif match 100% of max PWM score (strand +, rank 1). No ENCODE peak overlap at this locus in A549 cells. Motif-based prediction.
chr18:39805406-39805418	FOXP3	FOXA1	0.55	0	Motif match 82% of max PWM score (strand +, rank 1). No ENCODE peak overlap at this locus in 22RV1 cells. Motif-based prediction.
chr3:194003449-194003461	ARNT	KLF4	0.54	0	Motif match 82% of max PWM score (strand -, rank 1). No ENCODE ChIP-seq data for bj-induced cells. Motif-based prediction.
chr2:20198130-20198147	NR2C2	ESR1	0.8	0	Motif match 100% of max PWM score (strand -, rank 1). No ENCODE ChIP-seq overlap for this TF in MCF7 cells (5 other TF(s) have peaks here). Motif-based prediction.
chr12:5796662-5796681	FEZF2	CTCF	0.21	0	Motif match 51% of max PWM score (strand +, rank 1). No ENCODE ChIP-seq overlap for this TF in MCF-7 cells (8 other TF(s) have peaks here). Motif-based prediction.
chr12:26701797-26701816	NEUROG2	CTCF	0.85	0	Motif match 100% of max PWM score (strand -, rank 1). No ENCODE ChIP-seq data for Jurkat cells. Motif-based prediction.
chr11:122938167-122938178	STAT3	STAT3	0.85	1	Motif match 100% of max PWM score (strand +, rank 1). No ENCODE ChIP-seq data for MCF10A-ER-Src cells. Motif-based prediction.
chr3:32204049-32204062	FOS	JUN	0.85	0	Motif match 100% of max PWM score (strand -, rank 1). No ENCODE ChIP-seq data for definitive-endoderm-from-HUES8 cells. Motif-based prediction.
chr3:111776206-111776218	OTX2	OTX2	0.85	1	Motif match 100% of max PWM score (strand -, rank 1). No ENCODE ChIP-seq data for D283-Med cells. Motif-based prediction.
chr4:133016422-133016439	HIC2	ESR1	0.33	0	Motif match 72% of max PWM score (strand +, rank 1). No ENCODE ChIP-seq overlap for this TF in MCF7 cells (1 other TF(s) have peaks here). Motif-based prediction.
chr3:33884679-33884691	FOXL1	FOXA1	0.56	0	Motif match 85% of max PWM score (strand +, rank 1). No ENCODE ChIP-seq overlap for this TF in VCaP cells (1 other TF(s) have peaks here). Motif-based prediction.
chr3:176921010-176921022	FOXP3	FOXA1	0.56	0	Motif match 83% of max PWM score (strand -, rank 1). No ENCODE ChIP-seq data for mcf7-etoh cells. Motif-based prediction.
chr5:16234815-16234834	NR2C1	CTCF	0.79	0	Motif match 100% of max PWM score (strand -, rank 1). No ENCODE ChIP-seq overlap for this TF in RWPE2 cells (1 other TF(s) have peaks here). Motif-based prediction.
chr3:76222312-76222324	FOXA1	FOXA1	0.59	1	Motif match 75% of max PWM score (strand -, rank 14). ENCODE FOXA1 ChIP-seq: 1 peak(s) overlap this locus in MCF7 cells. FOXL1 has higher motif score (97%) but no ENCODE evidence in MCF7.
chr14:88029673-88029684	ZNF354C	NKX2-5	0.85	0	Motif match 100% of max PWM score (strand -, rank 1). No ENCODE ChIP-seq data for BGO3 cells. Motif-based prediction.
chr12:5380354-5380374	POU5F1	SPI1	0.36	0	Motif match 74% of max PWM score (strand -, rank 1). No ENCODE ChIP-seq overlap for this TF in GM12878 cells (3 other TF(s) have peaks here). Motif-based prediction.
chr4:9949925-9949933	ZNF341	TBX5	0.21	0	Motif match 42% of max PWM score (strand +, rank 1). No ENCODE ChIP-seq data for iPSC-derived-cardiomyocytes cells. Motif-based prediction.
chr4:165970800-165970810	HIF1A	HIF1A	0.85	1	Motif match 100% of max PWM score (strand +, rank 1). No ENCODE ChIP-seq data for PC3-bone-mets-prostate-adenocarcinoma- cells. Motif-based prediction.
chr11:118614113-118614128	NR2C1	NR5A2	0.84	0	Motif match 100% of max PWM score (strand -, rank 1). No ENCODE peak overlap at this locus in MCF7 cells. Motif-based prediction.
chr11:126163355-126163370	NR2C1	NFE2L2	0.79	0	Motif match 100% of max PWM score (strand -, rank 1). No ENCODE ChIP-seq overlap for this TF in IMR90 cells (4 other TF(s) have peaks here). Motif-based prediction.
chr6:100881242-100881257	NFYC	NFE2L2	0.28	0	Motif match 66% of max PWM score (strand +, rank 1). No ENCODE ChIP-seq overlap for this TF in HeLa-S3 cells (3 other TF(s) have peaks here). Motif-based prediction.
chr11:114359553-114359568	MEIS3	NFE2	0.42	0	Motif match 77% of max PWM score (strand +, rank 1). No ENCODE ChIP-seq overlap for this TF in K562 cells (1 other TF(s) have peaks here). Motif-based prediction.
chr1:33148092-33148111	CTCFL	CTCF	0.53	0	Motif match 81% of max PWM score (strand -, rank 1). No ENCODE ChIP-seq data for GM19238 cells. Motif-based prediction.
chr3:43690544-43690554	JUN	CEBPB	0.54	0	Motif match 73% of max PWM score (strand -, rank 2). ENCODE JUN ChIP-seq: 1 peak(s) overlap this locus in K562 cells.
chr4:37485381-37485393	GATA5	GATA4	0.85	0	Motif match 100% of max PWM score (strand -, rank 1). No ENCODE ChIP-seq data for HUES64 cells. Motif-based prediction.
chr13:42898809-42898821	PITX1	OTX2	0.85	0	Motif match 100% of max PWM score (strand +, rank 1). No ENCODE ChIP-seq data for D341-Med cells. Motif-based prediction.
chr2:200510115-200510134	VEZF1	CTCF	0.49	0	Motif match 78% of max PWM score (strand +, rank 1). No ENCODE ChIP-seq data for asc cells. Motif-based prediction.
chr11:2867353-2867369	ZNF317	MAFF	0.8	0	Motif match 100% of max PWM score (strand -, rank 1). No ENCODE ChIP-seq overlap for this TF in K562 cells (11 other TF(s) have peaks here). Motif-based prediction.
chr2:179800952-179800962	CEBPD	CEBPB	0.26	0	Motif match 51% of max PWM score (strand +, rank 1). No ENCODE ChIP-seq data for SU-DHL-1 cells. Motif-based prediction.
chr4:23334216-23334227	ZNF354C	RUNX1	0.54	0	Motif match 82% of max PWM score (strand +, rank 1). No ENCODE ChIP-seq data for jurkat cells. Motif-based prediction.
chr3:179027660-179027674	ETV6	GABPA	0.35	0	Motif match 70% of max PWM score (strand -, rank 1). No ENCODE ChIP-seq data for jurkat cells. Motif-based prediction.
chrX:15493645-15493664	SP5	CTCF	0.85	0	Motif match 100% of max PWM score (strand -, rank 1). No ENCODE ChIP-seq data for WA09 cells. Motif-based prediction.
chr14:96741404-96741422	POU5F1	TP53	0.8	0	Motif match 100% of max PWM score (strand -, rank 1). No ENCODE ChIP-seq overlap for this TF in MCF7 cells (5 other TF(s) have peaks here). Motif-based prediction.
chr13:106536612-106536631	ZNF354C	CTCF	0.32	0	Motif match 64% of max PWM score (strand +, rank 1). No ENCODE peak overlap at this locus in DOHH2 cells. Motif-based prediction.
chr19:41691565-41691584	ZNF549	CTCF	0.8	0	Motif match 100% of max PWM score (strand +, rank 1). No ENCODE ChIP-seq overlap for this TF in HCT-116 cells (1 other TF(s) have peaks here). Motif-based prediction.
chr7:34870274-34870284	FOS	FOSL2	0.8	0	Motif match 100% of max PWM score (strand -, rank 1). No ENCODE ChIP-seq overlap for this TF in A549 cells (2 other TF(s) have peaks here). Motif-based prediction.
chr3:148943701-148943712	MEIS3	FOXA2	0.85	0	Motif match 100% of max PWM score (strand -, rank 1). No ENCODE ChIP-seq data for esc-h9 cells. Motif-based prediction.
chr11:16924861-16924872	JUND	JUN	0.66	0	Motif match 80% of max PWM score (strand -, rank 6). ENCODE JUND ChIP-seq: 1 peak(s) overlap this locus in A549 cells. FOSB has higher motif score (80%) but no ENCODE evidence in A549.
chr5:147216733-147216744	FOXD1	FOXA2	0.85	0	Motif match 100% of max PWM score (strand +, rank 1). No ENCODE peak overlap at this locus in BJ cells. Motif-based prediction.
chr14:69269001-69269011	BNC2	JUN	0.35	0	Motif match 70% of max PWM score (strand -, rank 1). No ENCODE ChIP-seq data for HAEC cells. Motif-based prediction.
chr6:56955507-56955521	NFATC3	ZFX	0.33	0	Motif match 66% of max PWM score (strand +, rank 1). No ENCODE ChIP-seq data for daoy cells. Motif-based prediction.
chr19:45304755-45304774	IKZF2	CTCF	0.85	0	Motif match 100% of max PWM score (strand -, rank 1). No ENCODE ChIP-seq data for normal-epidermal-keratinocytes cells. Motif-based prediction.
chr8:52713326-52713337	FOXD1	FOXA2	0.85	0	Motif match 100% of max PWM score (strand +, rank 1). No ENCODE peak overlap at this locus in BJ cells. Motif-based prediction.
chr8:37472800-37472817	PGR	AR	0.77	0	Motif match 95% of max PWM score (strand +, rank 1). No ENCODE ChIP-seq data for prostate cells. Motif-based prediction.
chr1:28351721-28351735	FOSL2	JUN	0.89	0	Motif match 94% of max PWM score (strand -, rank 8). ENCODE FOSL2 ChIP-seq: 1 peak(s) overlap this locus in A549 cells. BATF has higher motif score (100%) but no ENCODE evidence in A549.
chr7:92621313-92621325	NFIA	FOXA1	0.8	0	Motif match 100% of max PWM score (strand -, rank 1). No ENCODE ChIP-seq overlap for this TF in VCaP cells (1 other TF(s) have peaks here). Motif-based prediction.
chr7:91945690-91945702	FOXL1	FOXA1	0.61	0	Motif match 85% of max PWM score (strand +, rank 1). No ENCODE ChIP-seq data for mcf7-sictr cells. Motif-based prediction.
chr14:84300157-84300173	NKX3-1	PHOX2B	0.58	0	Motif match 84% of max PWM score (strand -, rank 1). No ENCODE ChIP-seq data for CLB-Ga cells. Motif-based prediction.
chr2:82411964-82411976	SRY	FOXA1	0.48	0	Motif match 78% of max PWM score (strand +, rank 1). No ENCODE ChIP-seq data for vcap-shctr-r1881 cells. Motif-based prediction.
chr7:36115706-36115718	JUND	FOSL2	1.0	0	Motif match 100% of max PWM score (strand -, rank 4). ENCODE JUND ChIP-seq: 1 peak(s) overlap this locus in A549 cells. BATF has higher motif score (100%) but no ENCODE evidence in A549.
chr3:29764832-29764851	DMRTA2	CTCF	0.7	0	Motif match 91% of max PWM score (strand +, rank 1). No ENCODE ChIP-seq data for snyder cells. Motif-based prediction.
chr6:147769659-147769671	FOXD1	FOXA1	0.85	0	Motif match 100% of max PWM score (strand -, rank 1). No ENCODE ChIP-seq data for t47d-e2 cells. Motif-based prediction.
chr12:68677125-68677135	CEBPG	CEBPB	0.66	0	Motif match 80% of max PWM score (strand -, rank 1). ENCODE CEBPG ChIP-seq: 1 peak(s) overlap this locus in HepG2 cells.
chr6:125759264-125759283	ZNF417	CTCF	0.27	0	Motif match 64% of max PWM score (strand -, rank 1). No ENCODE ChIP-seq overlap for this TF in A549 cells (1 other TF(s) have peaks here). Motif-based prediction.
chr8:94968250-94968260	NFIL3	CEBPB	0.81	0	Motif match 97% of max PWM score (strand -, rank 1). No ENCODE ChIP-seq data for SUM159PT cells. Motif-based prediction.
chr1:167663110-167663122	FOSL2	FOSL2	1.0	1	Motif match 100% of max PWM score (strand -, rank 5). ENCODE FOSL2 ChIP-seq: 1 peak(s) overlap this locus in A549 cells. NFE2 has higher motif score (100%) but no ENCODE evidence in A549.
chr19:54507954-54507965	TCF7L2	TCF7	0.56	0	Motif match 86% of max PWM score (strand -, rank 1). No ENCODE ChIP-seq overlap for this TF in HepG2 cells (1 other TF(s) have peaks here). Motif-based prediction.
chr3:42371494-42371512	MNT	MITF	0.8	0	Motif match 100% of max PWM score (strand +, rank 1). No ENCODE ChIP-seq overlap for this TF in K562 cells (1 other TF(s) have peaks here). Motif-based prediction.
chr11:116074508-116074520	HOXA6	CEBPA	0.47	0	Motif match 77% of max PWM score (strand -, rank 1). No ENCODE ChIP-seq data for MOLM-13-acute-monocytic-leukemia-AML cells. Motif-based prediction.
chr2:126112246-126112258	GRHL2	GRHL2	0.42	1	Motif match 74% of max PWM score (strand -, rank 1). No ENCODE ChIP-seq data for ovca429 cells. Motif-based prediction.
chr11:94880365-94880378	JUND	JUNB	0.78	0	Motif match 87% of max PWM score (strand +, rank 7). ENCODE JUND ChIP-seq: 1 peak(s) overlap this locus in A549 cells. BATF has higher motif score (100%) but no ENCODE evidence in A549.
chr20:20837654-20837673	NEUROG2	CTCF	0.85	0	Motif match 100% of max PWM score (strand +, rank 1). No ENCODE ChIP-seq data for LUHMES cells. Motif-based prediction.
chr17:37494753-37494763	CEBPB	CEBPB	0.48	1	Motif match 78% of max PWM score (strand +, rank 1). No ENCODE ChIP-seq data for THP-1 cells. Motif-based prediction.
chr2:130988066-130988078	SHOX	FOXA1	0.52	0	Motif match 80% of max PWM score (strand +, rank 1). No ENCODE peak overlap at this locus in LNCaP cells. Motif-based prediction.
chr16:3070183-3070195	LHX1	CEBPA	0.49	0	Motif match 78% of max PWM score (strand +, rank 1). No ENCODE ChIP-seq data for THP-1 cells. Motif-based prediction.
chr1:215500642-215500654	FOXD1	FOXA1	0.85	0	Motif match 100% of max PWM score (strand +, rank 1). No ENCODE peak overlap at this locus in LNCaP cells. Motif-based prediction.
chr6:134645034-134645047	BATF	JUND	0.85	0	Motif match 100% of max PWM score (strand +, rank 1). No ENCODE ChIP-seq data for artery-smooth-muscle cells. Motif-based prediction.
chr3:48465819-48465834	JUND	NFE2	1.0	0	Motif match 100% of max PWM score (strand -, rank 7). ENCODE JUND ChIP-seq: 1 peak(s) overlap this locus in K562 cells. BATF has higher motif score (100%) but no ENCODE evidence in K562.
chr8:30061765-30061785	DMRT3	SPI1	0.85	0	Motif match 100% of max PWM score (strand -, rank 1). No ENCODE peak overlap at this locus in GM12878 cells. Motif-based prediction.
chr12:88330504-88330514	CEBPG	CEBPB	0.85	0	Motif match 100% of max PWM score (strand -, rank 1). No ENCODE ChIP-seq data for SUM159PT cells. Motif-based prediction.
chr7:80883690-80883702	TFAP2E	TFAP2A	0.47	0	Motif match 77% of max PWM score (strand +, rank 1). No ENCODE ChIP-seq data for mcf7-e2 cells. Motif-based prediction.
chr7:149753514-149753528	NFIL3	HLF	0.96	0	Motif match 97% of max PWM score (strand +, rank 4). ENCODE NFIL3 ChIP-seq: 1 peak(s) overlap this locus in HepG2 cells. HOXB4 has higher motif score (100%) but no ENCODE evidence in HepG2.
chr20:33844097-33844109	FOXP3	FOXA1	0.56	0	Motif match 83% of max PWM score (strand -, rank 1). No ENCODE ChIP-seq data for zr751-e2 cells. Motif-based prediction.
chr22:50151666-50151685	ZNF549	CTCF	0.32	0	Motif match 71% of max PWM score (strand +, rank 1). No ENCODE ChIP-seq overlap for this TF in MCF7 cells (1 other TF(s) have peaks here). Motif-based prediction.
chr5:30607478-30607490	FOXP3	FOXA1	0.26	0	Motif match 62% of max PWM score (strand -, rank 1). No ENCODE ChIP-seq overlap for this TF in MCF7 cells (2 other TF(s) have peaks here). Motif-based prediction.
chr9:128964174-128964185	FOXL1	FOXA2	0.61	0	Motif match 85% of max PWM score (strand -, rank 1). No ENCODE ChIP-seq data for KerCT cells. Motif-based prediction.
chr14:103630563-103630571	MNX1	GATA3	0.33	0	Motif match 66% of max PWM score (strand +, rank 1). No ENCODE ChIP-seq data for MDA-MB-231 cells. Motif-based prediction.
chr3:52278883-52278902	ZNF417	CTCF	0.8	0	Motif match 100% of max PWM score (strand -, rank 1). No ENCODE ChIP-seq overlap for this TF in BJ cells (1 other TF(s) have peaks here). Motif-based prediction.
chr12:97572410-97572420	JUN	FOS	1.0	0	Motif match 100% of max PWM score (strand +, rank 1). ENCODE JUN ChIP-seq: 1 peak(s) overlap this locus in MCF7 cells.
chr16:71572639-71572653	NR2F2	RXRA	0.8	0	Motif match 100% of max PWM score (strand +, rank 1). No ENCODE ChIP-seq overlap for this TF in HepG2 cells (68 other TF(s) have peaks here). Motif-based prediction.
chr10:24255826-24255837	EMX1	ISL1	0.85	0	Motif match 100% of max PWM score (strand +, rank 1). No ENCODE ChIP-seq data for Kelly cells. Motif-based prediction.
chr1:110338425-110338442	NR2C1	ESR1	0.84	0	Motif match 100% of max PWM score (strand -, rank 1). No ENCODE ChIP-seq data for mcf7-e2-tnf cells. Motif-based prediction.
chr11:32658820-32658832	BATF	JUN	0.85	0	Motif match 100% of max PWM score (strand -, rank 1). No ENCODE ChIP-seq data for MDA-MB-231 cells. Motif-based prediction.
chr19:49340452-49340463	MNT	MYC	0.85	0	Motif match 100% of max PWM score (strand +, rank 1). No ENCODE ChIP-seq data for NCI-H2171 cells. Motif-based prediction.
chr7:132243704-132243717	CEBPG	JUN	1.0	0	Motif match 100% of max PWM score (strand +, rank 1). ENCODE CEBPG ChIP-seq: 1 peak(s) overlap this locus in K562 cells.
chr7:27576531-27576550	CTCF	CTCF	0.63	1	Motif match 78% of max PWM score (strand -, rank 3). ENCODE CTCF ChIP-seq: 2 peak(s) overlap this locus in HepG2 cells. NR2C2 has higher motif score (100%) but no ENCODE evidence in HepG2.
chr6:81091572-81091584	FOXL1	FOXA1	0.61	0	Motif match 85% of max PWM score (strand +, rank 1). No ENCODE ChIP-seq data for lncap-tnfa cells. Motif-based prediction.
chr2:105518014-105518029	HIC2	PPARG	0.38	0	Motif match 72% of max PWM score (strand +, rank 1). No ENCODE ChIP-seq data for hMADS-3 cells. Motif-based prediction.
chr15:42956992-42957002	BATF	FOS	0.85	0	Motif match 100% of max PWM score (strand +, rank 1). No ENCODE ChIP-seq data for MCF10A-ER-Src cells. Motif-based prediction.
chr10:92822162-92822174	NFE2L2	FOSL2	1.0	0	Motif match 100% of max PWM score (strand +, rank 1). ENCODE NFE2L2 ChIP-seq: 1 peak(s) overlap this locus in A549 cells.
chr11:86456273-86456292	NEUROG2	CTCF	0.85	0	Motif match 100% of max PWM score (strand +, rank 1). No ENCODE ChIP-seq data for h1-mesen cells. Motif-based prediction.
chr16:58734372-58734391	ZNF770	CTCF	0.25	0	Motif match 49% of max PWM score (strand -, rank 1). No ENCODE ChIP-seq data for HUVEC-C cells. Motif-based prediction.
chr2:96470726-96470745	CTCF	CTCF	0.59	1	Motif match 72% of max PWM score (strand +, rank 1). ENCODE CTCF ChIP-seq: 4 peak(s) overlap this locus in K562 cells.
chr7:66813280-66813300	PRDM1	SPI1	0.85	0	Motif match 100% of max PWM score (strand +, rank 1). No ENCODE ChIP-seq data for THP-1 cells. Motif-based prediction.
chr18:44839374-44839385	BATF	JUN	0.85	0	Motif match 100% of max PWM score (strand -, rank 1). No ENCODE ChIP-seq data for Kasumi-1 cells. Motif-based prediction.
chr2:54084800-54084819	IKZF2	CTCF	0.85	0	Motif match 100% of max PWM score (strand -, rank 1). No ENCODE ChIP-seq data for WA01 cells. Motif-based prediction.
chr2:109248359-109248371	HOXA10	CDX2	0.5	0	Motif match 79% of max PWM score (strand -, rank 1). No ENCODE ChIP-seq data for Wnt-Fgf-specified-intestinal-culture-cells cells. Motif-based prediction.
chr3:168162322-168162334	FOXD1	FOXA1	0.85	0	Motif match 100% of max PWM score (strand +, rank 1). No ENCODE ChIP-seq data for lncap-dht cells. Motif-based prediction.
chr8:29636139-29636151	EBF3	TFAP2C	0.64	0	Motif match 87% of max PWM score (strand -, rank 1). No ENCODE ChIP-seq data for UCLA1-hESCs cells. Motif-based prediction.
chr14:101761227-101761241	ZNF770	PLAG1	0.2	0	Motif match 49% of max PWM score (strand -, rank 1). No ENCODE ChIP-seq overlap for this TF in K562 cells (73 other TF(s) have peaks here). Motif-based prediction.
chr5:19278415-19278427	FOXL1	FOXA1	0.61	0	Motif match 85% of max PWM score (strand +, rank 1). No ENCODE ChIP-seq data for ZR-75-1 cells. Motif-based prediction.
chr9:107448023-107448035	GRHL2	GRHL2	0.85	1	Motif match 100% of max PWM score (strand -, rank 1). No ENCODE ChIP-seq data for MCF7-TamR cells. Motif-based prediction.
chr8:6605483-6605500	SOX8	AR	0.79	0	Motif match 96% of max PWM score (strand +, rank 1). No ENCODE peak overlap at this locus in VCaP cells. Motif-based prediction.
chr16:27738901-27738913	TFAP2E	TFAP2C	0.54	0	Motif match 84% of max PWM score (strand -, rank 1). No ENCODE ChIP-seq overlap for this TF in mcf7 cells (2 other TF(s) have peaks here). Motif-based prediction.
chr12:107295935-107295946	FOS	FOSL2	1.0	0	Motif match 100% of max PWM score (strand -, rank 1). ENCODE FOS ChIP-seq: 1 peak(s) overlap this locus in MCF-7 cells.
chr22:27378087-27378104	NR2C2	ESR1	0.85	0	Motif match 100% of max PWM score (strand +, rank 1). No ENCODE peak overlap at this locus in MCF7 cells. Motif-based prediction.
chr11:130285823-130285842	ZNF549	CTCF	0.37	0	Motif match 71% of max PWM score (strand +, rank 1). No ENCODE ChIP-seq data for GM19239 cells. Motif-based prediction.
chr3:12739879-12739889	CEBPB	CEBPB	0.65	1	Motif match 79% of max PWM score (strand +, rank 3). ENCODE CEBPB ChIP-seq: 1 peak(s) overlap this locus in A549 cells.
chr3:39879348-39879358	FOXK1	ERG	0.33	0	Motif match 66% of max PWM score (strand -, rank 1). No ENCODE ChIP-seq data for HUVEC-C cells. Motif-based prediction.
chr3:177284666-177284685	ZEB1	CTCF	0.85	0	Motif match 100% of max PWM score (strand +, rank 1). No ENCODE peak overlap at this locus in GM12891 cells. Motif-based prediction.
chr20:62763247-62763262	ZNF692	SP1	0.75	0	Motif match 97% of max PWM score (strand +, rank 1). No ENCODE ChIP-seq overlap for this TF in HCT-116 cells (2 other TF(s) have peaks here). Motif-based prediction.
chr3:130821132-130821142	BATF	FOS	0.85	0	Motif match 100% of max PWM score (strand -, rank 1). No ENCODE ChIP-seq data for MCF10A-ER-Src cells. Motif-based prediction.
chr10:21905048-21905062	MNX1	HOXB13	0.81	0	Motif match 98% of max PWM score (strand +, rank 1). No ENCODE peak overlap at this locus in LNCaP cells. Motif-based prediction.
chr7:139739958-139739970	HOXA7	FOXA1	0.32	0	Motif match 64% of max PWM score (strand -, rank 1). No ENCODE peak overlap at this locus in LNCaP cells. Motif-based prediction.
chr14:24710907-24710926	ZNF770	CTCF	0.31	0	Motif match 62% of max PWM score (strand +, rank 1). No ENCODE peak overlap at this locus in WERI-Rb-1 cells. Motif-based prediction.
chr3:10026264-10026278	TFAP2A	TFAP2A	0.25	1	Motif match 61% of max PWM score (strand +, rank 1). No ENCODE ChIP-seq overlap for this TF in MCF7 cells (25 other TF(s) have peaks here). Motif-based prediction.
chr14:36168021-36168031	MXI1	MAX	0.85	0	Motif match 100% of max PWM score (strand -, rank 1). No ENCODE ChIP-seq data for H1-hESC cells. Motif-based prediction.
chrX:133587266-133587278	NFATC3	GRHL2	0.45	0	Motif match 76% of max PWM score (strand +, rank 1). No ENCODE ChIP-seq data for MCF7-WS8-cells cells. Motif-based prediction.
chr1:119827219-119827238	RHOXF1	CTCF	0.5	0	Motif match 79% of max PWM score (strand +, rank 1). No ENCODE ChIP-seq data for NA-A cells. Motif-based prediction.
chr18:6720507-6720521	ATF4	ATF4	0.83	1	Motif match 90% of max PWM score (strand +, rank 1). ENCODE ATF4 ChIP-seq: 2 peak(s) overlap this locus in K562 cells.
chr16:56813065-56813080	NFE2L2	NFE2L2	1.0	1	Motif match 100% of max PWM score (strand +, rank 1). ENCODE NFE2L2 ChIP-seq: 1 peak(s) overlap this locus in IMR90 cells.
chr11:44569352-44569363	ZNF354C	RUNX1	0.54	0	Motif match 82% of max PWM score (strand -, rank 1). No ENCODE ChIP-seq data for THP-1 cells. Motif-based prediction.
chr10:91913015-91913034	PGR	CTCF	0.62	0	Motif match 89% of max PWM score (strand -, rank 1). No ENCODE ChIP-seq overlap for this TF in T47D cells (1 other TF(s) have peaks here). Motif-based prediction.
chr5:174951347-174951366	YY2	CTCF	0.36	0	Motif match 70% of max PWM score (strand +, rank 1). No ENCODE ChIP-seq data for esophagus-squamous-epithelium cells. Motif-based prediction.
chr18:35982787-35982800	ZNF354C	TWIST1	0.54	0	Motif match 82% of max PWM score (strand -, rank 1). No ENCODE ChIP-seq data for shep21-dox-0h cells. Motif-based prediction.
chr3:196488430-196488442	ZNF417	CEBPA	0.32	0	Motif match 64% of max PWM score (strand -, rank 1). No ENCODE ChIP-seq data for Kasumi-1 cells. Motif-based prediction.
chr9:38054261-38054280	ZNF354C	CTCF	0.41	0	Motif match 74% of max PWM score (strand +, rank 1). No ENCODE ChIP-seq data for GM19240 cells. Motif-based prediction.
chr4:76148414-76148426	CTCFL	MYC	0.14	0	Motif match 38% of max PWM score (strand +, rank 1). No ENCODE ChIP-seq overlap for this TF in K562 cells (146 other TF(s) have peaks here). Motif-based prediction.
chr2:85178303-85178314	FOXD1	FOXA2	0.85	0	Motif match 100% of max PWM score (strand +, rank 1). No ENCODE peak overlap at this locus in BJ cells. Motif-based prediction.
chr17:18992946-18992959	MSC	TCF4	0.85	0	Motif match 100% of max PWM score (strand +, rank 1). No ENCODE ChIP-seq data for GEN2.2 cells. Motif-based prediction.
chr17:39450228-39450240	JUND	FOS	0.87	0	Motif match 92% of max PWM score (strand -, rank 7). ENCODE JUND ChIP-seq: 1 peak(s) overlap this locus in K562 cells. BATF has higher motif score (100%) but no ENCODE evidence in K562.
chr6:19837166-19837180	KLF15	GLIS3	0.85	0	Motif match 100% of max PWM score (strand +, rank 1). No ENCODE ChIP-seq data for H9 cells. Motif-based prediction.
chr7:128453616-128453624	GATA2	GATA3	0.85	0	Motif match 100% of max PWM score (strand +, rank 1). No ENCODE ChIP-seq data for mcf7-e2 cells. Motif-based prediction.
chr6:97497913-97497932	ZEB1	CTCF	0.85	0	Motif match 100% of max PWM score (strand -, rank 1). No ENCODE ChIP-seq data for tibial-artery cells. Motif-based prediction.
chrX:48891621-48891632	TFAP2E	RUNX1	0.51	0	Motif match 80% of max PWM score (strand +, rank 1). No ENCODE ChIP-seq data for SKH1 cells. Motif-based prediction.
chr2:46409220-46409232	FOXO4	FOXA1	0.58	0	Motif match 84% of max PWM score (strand -, rank 1). No ENCODE ChIP-seq data for mcf7-etoh cells. Motif-based prediction.
chr9:77649606-77649625	NR2C1	CTCF	0.84	0	Motif match 100% of max PWM score (strand -, rank 1). No ENCODE ChIP-seq data for upper-lobe-of-left-lung cells. Motif-based prediction.
chr5:33181088-33181107	HIC2	CTCF	0.82	0	Motif match 98% of max PWM score (strand +, rank 1). No ENCODE ChIP-seq data for tibial-nerve cells. Motif-based prediction.
chr5:175747080-175747091	IKZF2	STAT5B	0.85	0	Motif match 100% of max PWM score (strand +, rank 1). No ENCODE ChIP-seq data for T-cells cells. Motif-based prediction.
chr8:61735214-61735234	SPI1	SPI1	0.9	1	Motif match 94% of max PWM score (strand -, rank 4). ENCODE SPI1 ChIP-seq: 1 peak(s) overlap this locus in K562 cells. IKZF2 has higher motif score (100%) but no ENCODE evidence in K562.
chr1:225567982-225568001	SOX9	CTCF	0.36	0	Motif match 71% of max PWM score (strand -, rank 1). No ENCODE ChIP-seq data for islet cells. Motif-based prediction.
chr6:57046555-57046573	PRDM1	GATA1	0.33	0	Motif match 66% of max PWM score (strand -, rank 1). No ENCODE ChIP-seq data for CD36 cells. Motif-based prediction.
chr11:33061411-33061424	NR1I3	HNF4A	0.85	0	Motif match 100% of max PWM score (strand -, rank 1). No ENCODE ChIP-seq data for lovo-phaseM cells. Motif-based prediction.
chr22:49789459-49789470	IKZF2	RUNX1	0.85	0	Motif match 100% of max PWM score (strand -, rank 1). No ENCODE ChIP-seq data for CD34 cells. Motif-based prediction.
chr5:135945147-135945166	KLF2	CTCF	0.29	0	Motif match 58% of max PWM score (strand -, rank 1). No ENCODE ChIP-seq data for gm18951 cells. Motif-based prediction.
chr2:79005378-79005390	GSC2	GATA4	0.5	0	Motif match 79% of max PWM score (strand -, rank 1). No ENCODE ChIP-seq data for HUES64 cells. Motif-based prediction.
chr4:81572575-81572587	SRY	FOXA1	0.34	0	Motif match 68% of max PWM score (strand -, rank 1). No ENCODE peak overlap at this locus in LNCaP cells. Motif-based prediction.
chr12:1865501-1865511	ETV7	FLI1	0.85	0	Motif match 100% of max PWM score (strand -, rank 1). No ENCODE ChIP-seq data for uae cells. Motif-based prediction.
chr10:131885523-131885542	ZNF549	CTCF	0.48	0	Motif match 78% of max PWM score (strand -, rank 1). No ENCODE ChIP-seq data for MCF7L-P-immortalized-breast-epithelial-cell-line- cells. Motif-based prediction.
chr19:56750863-56750877	GABPA	ELF3	0.84	0	Motif match 91% of max PWM score (strand -, rank 3). ENCODE GABPA ChIP-seq: 1 peak(s) overlap this locus in HepG2 cells.
chr20:46438335-46438354	ZNF768	CTCF	0.35	0	Motif match 69% of max PWM score (strand +, rank 1). No ENCODE ChIP-seq data for 786o-normoxia cells. Motif-based prediction.
chr4:65661831-65661843	FOXP3	FOXA1	0.31	0	Motif match 62% of max PWM score (strand +, rank 1). No ENCODE peak overlap at this locus in LNCaP cells. Motif-based prediction.
chr15:94408566-94408578	MSX1	CDX2	0.85	0	Motif match 100% of max PWM score (strand -, rank 1). No ENCODE ChIP-seq data for naive-endoderm cells. Motif-based prediction.
chr15:55113696-55113709	GATA5	GATA6	0.8	0	Motif match 97% of max PWM score (strand -, rank 1). No ENCODE ChIP-seq data for definitive-endoderm-from-HUES8 cells. Motif-based prediction.
chr7:111108781-111108798	NR2F2	RXRA	0.8	0	Motif match 100% of max PWM score (strand +, rank 1). No ENCODE ChIP-seq overlap for this TF in liver cells (5 other TF(s) have peaks here). Motif-based prediction.
chr1:99727768-99727788	ZNF189	SPI1	0.33	0	Motif match 65% of max PWM score (strand +, rank 1). No ENCODE ChIP-seq data for k562-nabut cells. Motif-based prediction.
chr10:119654781-119654793	FOXL1	FOXA1	0.8	0	Motif match 97% of max PWM score (strand +, rank 1). No ENCODE peak overlap at this locus in LNCaP cells. Motif-based prediction.
chr10:75144391-75144403	FOS	JUN	0.8	0	Motif match 100% of max PWM score (strand -, rank 1). No ENCODE ChIP-seq overlap for this TF in K562 cells (4 other TF(s) have peaks here). Motif-based prediction.
chr5:23303629-23303648	KLF4	CTCF	0.32	0	Motif match 64% of max PWM score (strand -, rank 1). No ENCODE ChIP-seq data for WA09 cells. Motif-based prediction.
chr14:28295014-28295033	CTCF	CTCF	0.8	1	Motif match 85% of max PWM score (strand +, rank 1). ENCODE CTCF ChIP-seq: 4 peak(s) overlap this locus in MCF7 cells.
chr2:56416928-56416943	ISL2	EBF1	0.23	0	Motif match 55% of max PWM score (strand +, rank 1). No ENCODE ChIP-seq overlap for this TF in GM12878 cells (28 other TF(s) have peaks here). Motif-based prediction.
chr21:10770218-10770230	FOXD1	FOXA1	0.85	0	Motif match 100% of max PWM score (strand +, rank 1). No ENCODE ChIP-seq data for MCF7-TamR cells. Motif-based prediction.
chr6:29628793-29628812	CTCF	CTCF	0.61	1	Motif match 77% of max PWM score (strand -, rank 2). ENCODE CTCF ChIP-seq: 1 peak(s) overlap this locus in neutrophils cells.
chr11:77188520-77188539	CTCF	CTCF	0.63	1	Motif match 75% of max PWM score (strand -, rank 4). ENCODE CTCF ChIP-seq: 5 peak(s) overlap this locus in MCF-7 cells. CTCFL has higher motif score (100%) but no ENCODE evidence in MCF-7.
chr6:118172048-118172060	FOXD1	FOXA1	0.85	0	Motif match 100% of max PWM score (strand +, rank 1). No ENCODE peak overlap at this locus in 22RV1 cells. Motif-based prediction.
chr5:82440315-82440327	FOXP3	FOXA1	0.56	0	Motif match 83% of max PWM score (strand -, rank 1). No ENCODE ChIP-seq data for lncap-shfoxa1-r1881 cells. Motif-based prediction.
chr10:102295252-102295265	GATA2	GATA6	0.45	0	Motif match 76% of max PWM score (strand -, rank 1). No ENCODE ChIP-seq data for definitive-endoderm-from-HUES8 cells. Motif-based prediction.
chr12:44368696-44368713	PGR	AR	0.71	0	Motif match 92% of max PWM score (strand -, rank 1). No ENCODE peak overlap at this locus in LNCaP cells. Motif-based prediction.
chr6:143569337-143569347	BATF	FOSL2	0.85	0	Motif match 100% of max PWM score (strand -, rank 1). No ENCODE ChIP-seq data for LPS141 cells. Motif-based prediction.
chr14:35367862-35367880	GATA2	GATA1	0.85	0	Motif match 100% of max PWM score (strand +, rank 1). No ENCODE ChIP-seq data for megakaryocytes cells. Motif-based prediction.
chr3:60070559-60070572	GSC2	GATA6	0.5	0	Motif match 79% of max PWM score (strand -, rank 1). No ENCODE ChIP-seq data for HUES64 cells. Motif-based prediction.
chr2:168712161-168712180	ZNF354C	CTCF	0.51	0	Motif match 79% of max PWM score (strand +, rank 1). No ENCODE ChIP-seq data for THP-1 cells. Motif-based prediction.
chr19:17496423-17496442	TCF12	CTCF	0.27	0	Motif match 63% of max PWM score (strand -, rank 1). No ENCODE ChIP-seq overlap for this TF in GM23338 cells (1 other TF(s) have peaks here). Motif-based prediction.
chr10:84352423-84352442	HOXD8	CTCF	0.81	0	Motif match 98% of max PWM score (strand +, rank 1). No ENCODE ChIP-seq data for RO01746 cells. Motif-based prediction.
chr2:29645137-29645156	ZEB1	CTCF	0.85	0	Motif match 100% of max PWM score (strand -, rank 1). No ENCODE ChIP-seq data for gm19239 cells. Motif-based prediction.
chr10:28077871-28077884	CREB1	CREB1	0.52	1	Motif match 80% of max PWM score (strand +, rank 1). No ENCODE peak overlap at this locus in MCF7 cells. Motif-based prediction.
chr9:12760970-12760982	FOXH1	FOXA1	0.71	0	Motif match 91% of max PWM score (strand +, rank 1). No ENCODE ChIP-seq data for lncap-abl-shctr cells. Motif-based prediction.
chr13:47598504-47598523	CTCFL	CTCF	0.35	0	Motif match 69% of max PWM score (strand -, rank 1). No ENCODE ChIP-seq data for erythroid-progenitors cells. Motif-based prediction.
chr1:5938674-5938687	BHLHE22	NEUROG2	0.85	0	Motif match 100% of max PWM score (strand +, rank 1). No ENCODE ChIP-seq data for MRC-5 cells. Motif-based prediction.
chr2:179460691-179460703	FOS	JUNB	0.85	0	Motif match 100% of max PWM score (strand -, rank 1). No ENCODE ChIP-seq data for MCF10A-ER-Src cells. Motif-based prediction.
chr1:155140567-155140579	HES1	PAX5	0.24	0	Motif match 59% of max PWM score (strand -, rank 1). No ENCODE ChIP-seq overlap for this TF in GM12892 cells (4 other TF(s) have peaks here). Motif-based prediction.
chr10:114684258-114684273	NR2F2	MAFK	0.28	0	Motif match 56% of max PWM score (strand -, rank 1). No ENCODE ChIP-seq data for H1-hESC cells. Motif-based prediction.
chr3:196537509-196537528	CTCFL	CTCF	0.53	0	Motif match 81% of max PWM score (strand +, rank 1). No ENCODE ChIP-seq data for esophagus-squamous-epithelium cells. Motif-based prediction.
chr7:12044366-12044381	MSX1	PKNOX1	0.8	0	Motif match 100% of max PWM score (strand +, rank 1). No ENCODE ChIP-seq overlap for this TF in HEK293T cells (1 other TF(s) have peaks here). Motif-based prediction.
chr6:75749380-75749397	PATZ1	ESR1	0.46	0	Motif match 80% of max PWM score (strand -, rank 1). No ENCODE ChIP-seq overlap for this TF in MCF7 cells (9 other TF(s) have peaks here). Motif-based prediction.
chr19:13839250-13839271	NFATC3	REST	0.31	0	Motif match 71% of max PWM score (strand -, rank 1). No ENCODE ChIP-seq overlap for this TF in Panc1 cells (1 other TF(s) have peaks here). Motif-based prediction.
chr17:16217420-16217432	TFAP2B	TFAP2C	0.59	0	Motif match 88% of max PWM score (strand +, rank 1). No ENCODE ChIP-seq overlap for this TF in mcf7 cells (12 other TF(s) have peaks here). Motif-based prediction.
chr19:44954659-44954669	NFATC3	RELA	0.4	0	Motif match 76% of max PWM score (strand +, rank 1). No ENCODE ChIP-seq overlap for this TF in MCF7 cells (2 other TF(s) have peaks here). Motif-based prediction.
chr2:10717926-10717937	NR2C2	NR2F2	0.85	0	Motif match 100% of max PWM score (strand -, rank 1). No ENCODE ChIP-seq data for stroma-endometrium cells. Motif-based prediction.
chr3:131386825-131386839	IKZF2	GABPA	0.85	0	Motif match 100% of max PWM score (strand -, rank 1). No ENCODE ChIP-seq data for vcap-etoh cells. Motif-based prediction.
chr9:2991484-2991503	ZNF354C	CTCF	0.85	0	Motif match 100% of max PWM score (strand -, rank 1). No ENCODE ChIP-seq data for HeLa cells. Motif-based prediction.
chr7:112202922-112202939	NFIC	NFIC	0.51	1	Motif match 83% of max PWM score (strand +, rank 1). No ENCODE ChIP-seq overlap for this TF in HepG2 cells (40 other TF(s) have peaks here). Motif-based prediction.
chr15:75450675-75450687	TFAP2E	TFAP2A	0.58	0	Motif match 87% of max PWM score (strand +, rank 1). No ENCODE ChIP-seq overlap for this TF in MCF7 cells (23 other TF(s) have peaks here). Motif-based prediction.
chr1:32797699-32797710	FOXL1	FOXA2	0.8	0	Motif match 97% of max PWM score (strand +, rank 1). No ENCODE peak overlap at this locus in BJ cells. Motif-based prediction.
chr10:84606009-84606022	BNC2	JUN	0.35	0	Motif match 70% of max PWM score (strand +, rank 1). No ENCODE ChIP-seq data for definitive-endoderm-from-HUES8 cells. Motif-based prediction.
chr1:184620566-184620580	DMRTA2	CEBPA	0.85	0	Motif match 100% of max PWM score (strand -, rank 1). No ENCODE ChIP-seq data for U937 cells. Motif-based prediction.
chr6:89645065-89645082	ZNF549	ESR1	0.48	0	Motif match 81% of max PWM score (strand -, rank 1). No ENCODE ChIP-seq overlap for this TF in MCF7 cells (4 other TF(s) have peaks here). Motif-based prediction.
chr4:48296541-48296560	ZNF341	CTCF	0.34	0	Motif match 68% of max PWM score (strand -, rank 1). No ENCODE ChIP-seq data for GM18505 cells. Motif-based prediction.
chr12:2142402-2142419	SOX18	AR	0.25	0	Motif match 50% of max PWM score (strand +, rank 1). No ENCODE peak overlap at this locus in LNCaP cells. Motif-based prediction.
chr5:80075569-80075586	NR2C2	ESR1	0.85	0	Motif match 100% of max PWM score (strand +, rank 1). No ENCODE ChIP-seq data for mcf7-shctr-e2 cells. Motif-based prediction.
chr10:62594141-62594151	HOXA6	RELA	0.29	0	Motif match 59% of max PWM score (strand +, rank 1). No ENCODE ChIP-seq data for HAEC cells. Motif-based prediction.
chr4:68881360-68881377	PGR	NR3C1	0.75	0	Motif match 94% of max PWM score (strand -, rank 1). No ENCODE peak overlap at this locus in MCF10A cells. Motif-based prediction.
chr5:65708354-65708368	MSX1	CEBPA	0.85	0	Motif match 100% of max PWM score (strand -, rank 1). No ENCODE ChIP-seq data for SKH1 cells. Motif-based prediction.
chr1:154972871-154972881	MAZ	KLF5	0.85	0	Motif match 100% of max PWM score (strand -, rank 1). No ENCODE ChIP-seq data for HCC95 cells. Motif-based prediction.
chr3:79996404-79996415	FOXL1	FOXA2	0.8	0	Motif match 97% of max PWM score (strand -, rank 1). No ENCODE ChIP-seq data for KerCT cells. Motif-based prediction.
chr3:127697327-127697337	BATF3	CEBPB	0.46	0	Motif match 77% of max PWM score (strand -, rank 1). No ENCODE ChIP-seq data for hmsc-dmi-low cells. Motif-based prediction.
chr20:4934755-4934769	BNC2	WT1	0.27	0	Motif match 54% of max PWM score (strand +, rank 1). No ENCODE peak overlap at this locus in K562 cells. Motif-based prediction.
chr1:197869102-197869121	SP5	CTCF	0.85	0	Motif match 100% of max PWM score (strand +, rank 1). No ENCODE ChIP-seq data for asc cells. Motif-based prediction.
chr2:159124553-159124565	FOXP3	FOXA1	0.56	0	Motif match 83% of max PWM score (strand +, rank 1). No ENCODE peak overlap at this locus in lncap cells. Motif-based prediction.
chr18:60358704-60358716	FOS	FOS	1.0	1	Motif match 100% of max PWM score (strand -, rank 4). ENCODE FOS ChIP-seq: 1 peak(s) overlap this locus in IMR90 cells.
chr18:65057609-65057620	GATA2	GATA1	0.85	0	Motif match 100% of max PWM score (strand +, rank 1). No ENCODE ChIP-seq data for primary-erythroblasts cells. Motif-based prediction.
chr6:161266036-161266046	RELA	RELA	0.51	1	Motif match 83% of max PWM score (strand +, rank 1). No ENCODE ChIP-seq overlap for this TF in GM12878 cells (2 other TF(s) have peaks here). Motif-based prediction.
chr6:41939641-41939654	HOXA7	GATA6	0.8	0	Motif match 97% of max PWM score (strand +, rank 1). No ENCODE ChIP-seq data for definitive-endoderm-from-HUES8 cells. Motif-based prediction.
chr1:163410152-163410171	CTCF	CTCF	0.66	1	Motif match 76% of max PWM score (strand +, rank 2). ENCODE CTCF ChIP-seq: 3 peak(s) overlap this locus in gm12878 cells. HIC2 has higher motif score (98%) but no ENCODE evidence in gm12878.
chr22:39003265-39003284	CTCFL	CTCF	0.63	0	Motif match 78% of max PWM score (strand -, rank 4). ENCODE CTCFL ChIP-seq: 1 peak(s) overlap this locus in K562 cells. VEZF1 has higher motif score (78%) but no ENCODE evidence in K562.
chr3:109978120-109978132	KLF4	KLF4	0.85	1	Motif match 100% of max PWM score (strand -, rank 1). No ENCODE ChIP-seq data for bj-induced cells. Motif-based prediction.
chr1:32411374-32411389	HNF4A	HNF4A	1.0	1	Motif match 100% of max PWM score (strand -, rank 1). ENCODE HNF4A ChIP-seq: 2 peak(s) overlap this locus in liver cells.
chr19:8355876-8355893	PGR	NR3C1	0.71	0	Motif match 92% of max PWM score (strand +, rank 1). No ENCODE ChIP-seq data for HASM2 cells. Motif-based prediction.
chr2:203427291-203427306	MSANTD3	NFE2L2	0.3	0	Motif match 70% of max PWM score (strand -, rank 1). No ENCODE ChIP-seq overlap for this TF in IMR90 cells (1 other TF(s) have peaks here). Motif-based prediction.
chr10:131049170-131049180	NFATC3	FLI1	0.75	0	Motif match 94% of max PWM score (strand -, rank 1). No ENCODE ChIP-seq data for A-673-clone-Asp114 cells. Motif-based prediction.
chr6:56359407-56359426	HIC2	CTCF	0.82	0	Motif match 98% of max PWM score (strand -, rank 1). No ENCODE ChIP-seq data for CD34 cells. Motif-based prediction.
chrX:37926884-37926903	HIC2	CTCF	0.61	0	Motif match 86% of max PWM score (strand +, rank 1). No ENCODE ChIP-seq data for HSMM cells. Motif-based prediction.
chr22:35591058-35591072	BATF	SMAD3	0.85	0	Motif match 100% of max PWM score (strand +, rank 1). No ENCODE ChIP-seq data for MDA-MB-231 cells. Motif-based prediction.
chr16:69901173-69901187	ELK4	ETV1	0.85	0	Motif match 100% of max PWM score (strand -, rank 1). No ENCODE ChIP-seq data for GIST-T1 cells. Motif-based prediction.
chr14:104687940-104687953	FOSL2	JUNB	0.91	0	Motif match 94% of max PWM score (strand +, rank 6). ENCODE FOSL2 ChIP-seq: 1 peak(s) overlap this locus in A549 cells. BATF has higher motif score (100%) but no ENCODE evidence in A549.
chr10:126014133-126014152	ZNF417	CTCF	0.8	0	Motif match 100% of max PWM score (strand +, rank 1). No ENCODE ChIP-seq overlap for this TF in MCF-7 cells (1 other TF(s) have peaks here). Motif-based prediction.
chr2:216066485-216066499	HOXA9	GABPA	0.37	0	Motif match 71% of max PWM score (strand -, rank 1). No ENCODE peak overlap at this locus in vcap cells. Motif-based prediction.
chr1:246113632-246113643	GATA2	GATA1	0.77	0	Motif match 86% of max PWM score (strand -, rank 1). ENCODE GATA2 ChIP-seq: 1 peak(s) overlap this locus in K562 cells.
chr12:75571287-75571299	FOXA2	FOXA1	0.64	0	Motif match 87% of max PWM score (strand +, rank 1). No ENCODE ChIP-seq data for vcap-shpias1-r1881 cells. Motif-based prediction.
chr19:40266399-40266409	MXI1	MAX	0.85	0	Motif match 100% of max PWM score (strand -, rank 1). No ENCODE ChIP-seq data for MKL-1 cells. Motif-based prediction.
chr2:205183655-205183669	TFAP2E	TFAP2C	0.71	0	Motif match 95% of max PWM score (strand -, rank 1). No ENCODE ChIP-seq overlap for this TF in mcf7 cells (14 other TF(s) have peaks here). Motif-based prediction.
chr6:154166277-154166296	VEZF1	CTCF	0.8	0	Motif match 100% of max PWM score (strand +, rank 1). No ENCODE ChIP-seq overlap for this TF in GM06990 cells (1 other TF(s) have peaks here). Motif-based prediction.
chr3:480116-480133	HIF1A	AR	0.85	0	Motif match 100% of max PWM score (strand -, rank 1). No ENCODE ChIP-seq data for ovarian-granulosa-cells cells. Motif-based prediction.
chr1:222589860-222589871	TCFL5	MYC	0.43	0	Motif match 78% of max PWM score (strand -, rank 1). No ENCODE ChIP-seq overlap for this TF in MCF10A cells (4 other TF(s) have peaks here). Motif-based prediction.
chr9:36075045-36075063	RHOXF1	TP73	0.33	0	Motif match 65% of max PWM score (strand -, rank 1). No ENCODE ChIP-seq data for saos-rep2 cells. Motif-based prediction.
chr13:31199912-31199931	CTCF	CTCF	0.68	1	Motif match 81% of max PWM score (strand +, rank 2). ENCODE CTCF ChIP-seq: 2 peak(s) overlap this locus in RWPE1 cells. KLF2 has higher motif score (84%) but no ENCODE evidence in RWPE1.
chr3:42961796-42961815	NKX2-3	CTCF	0.55	0	Motif match 82% of max PWM score (strand +, rank 1). No ENCODE ChIP-seq data for esophagus-squamous-epithelium cells. Motif-based prediction.
chr7:572571-572584	ZEB1	TCF4	0.85	0	Motif match 100% of max PWM score (strand +, rank 1). No ENCODE ChIP-seq data for SU-DHL-2 cells. Motif-based prediction.
chr5:138825456-138825475	ZNF549	CTCF	0.3	0	Motif match 69% of max PWM score (strand -, rank 1). No ENCODE ChIP-seq overlap for this TF in T47D cells (1 other TF(s) have peaks here). Motif-based prediction.
chr2:205916738-205916751	DMRTA2	ASCL1	0.32	0	Motif match 64% of max PWM score (strand +, rank 1). No ENCODE ChIP-seq data for fibroblasts cells. Motif-based prediction.
chr12:20716409-20716421	FOXD1	FOXA1	0.8	0	Motif match 100% of max PWM score (strand -, rank 1). No ENCODE ChIP-seq overlap for this TF in 22RV1 cells (1 other TF(s) have peaks here). Motif-based prediction.
chr8:98365904-98365916	SRY	FOXA1	0.64	0	Motif match 88% of max PWM score (strand -, rank 1). No ENCODE peak overlap at this locus in MCF7 cells. Motif-based prediction.
chr7:80387784-80387798	TFAP2A	TFAP2C	0.72	0	Motif match 92% of max PWM score (strand -, rank 1). No ENCODE ChIP-seq data for UCLA1-hESCs cells. Motif-based prediction.
chr5:138222953-138222972	NEUROG2	CTCF	0.8	0	Motif match 100% of max PWM score (strand +, rank 1). No ENCODE ChIP-seq overlap for this TF in A549 cells (5 other TF(s) have peaks here). Motif-based prediction.
chr21:45404868-45404881	TFAP2E	TFAP2C	0.76	0	Motif match 94% of max PWM score (strand -, rank 1). No ENCODE ChIP-seq data for UCLA1-hESCs cells. Motif-based prediction.
chr10:93039904-93039923	NKX2-4	CTCF	0.32	0	Motif match 64% of max PWM score (strand -, rank 1). No ENCODE ChIP-seq data for upper-lobe-of-left-lung cells. Motif-based prediction.
chr3:111080728-111080742	CEBPD	CEBPA	0.5	0	Motif match 79% of max PWM score (strand -, rank 1). No ENCODE ChIP-seq data for Kasumi-1 cells. Motif-based prediction.
chr6:99894216-99894226	CEBPG	CEBPB	0.63	0	Motif match 90% of max PWM score (strand +, rank 1). No ENCODE ChIP-seq overlap for this TF in HepG2 cells (1 other TF(s) have peaks here). Motif-based prediction.
chr12:118357679-118357699	SPI1	SPI1	1.0	1	Motif match 100% of max PWM score (strand -, rank 1). ENCODE SPI1 ChIP-seq: 1 peak(s) overlap this locus in GM12878 cells.
chr21:35743148-35743164	NRL	MAFF	0.29	0	Motif match 68% of max PWM score (strand -, rank 1). No ENCODE ChIP-seq overlap for this TF in HepG2 cells (2 other TF(s) have peaks here). Motif-based prediction.
chr7:110862476-110862487	GATA2	TCF12	0.26	0	Motif match 62% of max PWM score (strand -, rank 1). No ENCODE ChIP-seq overlap for this TF in K562 cells (13 other TF(s) have peaks here). Motif-based prediction.
chr2:189261516-189261530	HOXC10	JUN	0.69	0	Motif match 90% of max PWM score (strand +, rank 1). No ENCODE ChIP-seq data for HAEC cells. Motif-based prediction.
chr8:140464397-140464410	DMRTA2	JUN	0.32	0	Motif match 64% of max PWM score (strand -, rank 1). No ENCODE ChIP-seq data for MCF10A-ER-Src cells. Motif-based prediction.
chr11:97608648-97608659	RBPJ	STAT3	0.85	0	Motif match 100% of max PWM score (strand -, rank 1). No ENCODE ChIP-seq data for JB6 cells. Motif-based prediction.
chr10:137239-137251	FOXA2	FOXA1	0.4	0	Motif match 76% of max PWM score (strand -, rank 1). No ENCODE ChIP-seq overlap for this TF in MCF7 cells (3 other TF(s) have peaks here). Motif-based prediction.
chrX:48997127-48997148	REST	REST	0.72	1	Motif match 83% of max PWM score (strand +, rank 1). ENCODE REST ChIP-seq: 2 peak(s) overlap this locus in Panc1 cells.
chr3:101828057-101828071	RUNX3	TCF7L2	0.85	0	Motif match 100% of max PWM score (strand +, rank 1). No ENCODE peak overlap at this locus in lncap cells. Motif-based prediction.
chr6:14100279-14100293	NFATC3	NFIC	0.8	0	Motif match 100% of max PWM score (strand +, rank 1). No ENCODE ChIP-seq overlap for this TF in K562 cells (1 other TF(s) have peaks here). Motif-based prediction.
chr18:3441498-3441517	ZNF354C	CTCF	0.85	0	Motif match 100% of max PWM score (strand +, rank 1). No ENCODE peak overlap at this locus in gm12891 cells. Motif-based prediction.
chr2:196131517-196131536	CTCFL	CTCF	0.28	0	Motif match 56% of max PWM score (strand +, rank 1). No ENCODE ChIP-seq data for HT1080 cells. Motif-based prediction.
chr17:4733375-4733394	CTCFL	CTCF	0.3	0	Motif match 59% of max PWM score (strand +, rank 1). No ENCODE ChIP-seq data for gm19099 cells. Motif-based prediction.
chr1:34663301-34663312	GATA2	TCF12	0.77	0	Motif match 86% of max PWM score (strand +, rank 3). ENCODE GATA2 ChIP-seq: 2 peak(s) overlap this locus in K562 cells. GATA5 has higher motif score (99%) but no ENCODE evidence in K562.
chr8:2623355-2623374	PRDM1	CTCF	0.3	0	Motif match 61% of max PWM score (strand -, rank 1). No ENCODE ChIP-seq data for h1-trop cells. Motif-based prediction.
chr19:41646778-41646797	CTCFL	CTCF	0.85	0	Motif match 100% of max PWM score (strand -, rank 1). No ENCODE ChIP-seq data for HT1080 cells. Motif-based prediction.
chr8:51556834-51556847	HAND2	TWIST1	0.85	0	Motif match 100% of max PWM score (strand +, rank 1). No ENCODE ChIP-seq data for shep21-dox-0h cells. Motif-based prediction.
chr1:201408379-201408398	ZEB1	CTCF	0.85	0	Motif match 100% of max PWM score (strand +, rank 1). No ENCODE ChIP-seq data for Peyer-s-patch cells. Motif-based prediction.
chr3:5205633-5205643	ZNF189	RELA	0.28	0	Motif match 56% of max PWM score (strand +, rank 1). No ENCODE ChIP-seq data for monocyte-derived-macrophages cells. Motif-based prediction.
chr3:134392431-134392441	NR1I3	RELA	0.85	0	Motif match 100% of max PWM score (strand -, rank 1). No ENCODE ChIP-seq data for helab2-ta-tnfa cells. Motif-based prediction.
chr10:128150155-128150174	CTCF	CTCF	0.75	1	Motif match 82% of max PWM score (strand -, rank 3). ENCODE CTCF ChIP-seq: 3 peak(s) overlap this locus in A549 cells. ZEB1 has higher motif score (100%) but no ENCODE evidence in A549.
chr12:26308764-26308775	FOXL1	FOXA2	0.41	0	Motif match 74% of max PWM score (strand -, rank 1). No ENCODE peak overlap at this locus in BJ cells. Motif-based prediction.
chr17:56753326-56753338	HMBOX1	FOXA1	0.52	0	Motif match 80% of max PWM score (strand +, rank 1). No ENCODE ChIP-seq data for vcap-r1881 cells. Motif-based prediction.
chr9:10562799-10562809	USF1	MAX	0.85	0	Motif match 100% of max PWM score (strand +, rank 1). No ENCODE ChIP-seq data for u87mg cells. Motif-based prediction.
chr13:42528368-42528378	RELA	RELA	0.54	1	Motif match 82% of max PWM score (strand +, rank 1). No ENCODE ChIP-seq data for HUVEC-C cells. Motif-based prediction.
chr11:128532919-128532934	SRY	POU5F1	0.45	0	Motif match 76% of max PWM score (strand -, rank 1). No ENCODE ChIP-seq data for HUES8 cells. Motif-based prediction.
chr3:125116821-125116838	FEZF2	ESR1	0.44	0	Motif match 75% of max PWM score (strand +, rank 1). No ENCODE ChIP-seq data for mcf7-e2 cells. Motif-based prediction.
chrX:11531419-11531438	ZNF549	CTCF	0.53	0	Motif match 81% of max PWM score (strand +, rank 1). No ENCODE ChIP-seq data for THP-1 cells. Motif-based prediction.
chr21:26457970-26457987	PGR	AR	0.71	0	Motif match 92% of max PWM score (strand -, rank 1). No ENCODE ChIP-seq data for lhsar-lacz cells. Motif-based prediction.
chr11:123741427-123741446	KLF10	CTCF	0.85	0	Motif match 100% of max PWM score (strand +, rank 1). No ENCODE ChIP-seq data for WA01 cells. Motif-based prediction.
chr2:99624855-99624867	SP5	E2F1	0.85	0	Motif match 100% of max PWM score (strand -, rank 1). No ENCODE peak overlap at this locus in MCF7 cells. Motif-based prediction.
chr5:93330720-93330731	FOSB	JUN	0.37	0	Motif match 71% of max PWM score (strand -, rank 1). No ENCODE ChIP-seq data for MCF10A-ER-Src cells. Motif-based prediction.
chr5:117881235-117881252	NFATC3	AR	0.54	0	Motif match 81% of max PWM score (strand +, rank 1). No ENCODE peak overlap at this locus in 22RV1 cells. Motif-based prediction.
chr1:6123252-6123262	CEBPE	CEBPB	0.38	0	Motif match 72% of max PWM score (strand +, rank 1). No ENCODE ChIP-seq data for SUM159PT cells. Motif-based prediction.
chr8:29719428-29719441	BNC2	JUNB	0.35	0	Motif match 70% of max PWM score (strand +, rank 1). No ENCODE ChIP-seq data for HAEC cells. Motif-based prediction.
chr14:99744716-99744731	POU5F1	POU5F1	0.85	1	Motif match 100% of max PWM score (strand -, rank 1). No ENCODE ChIP-seq data for MRC-5 cells. Motif-based prediction.
chr4:159024409-159024422	GATA3	GATA6	0.4	0	Motif match 73% of max PWM score (strand -, rank 1). No ENCODE ChIP-seq data for definitive-endoderm-from-HUES8 cells. Motif-based prediction.
chr1:207004929-207004946	PGR	AR	0.28	0	Motif match 65% of max PWM score (strand +, rank 1). No ENCODE ChIP-seq overlap for this TF in HEK293 cells (3 other TF(s) have peaks here). Motif-based prediction.
chr11:6282169-6282188	ZBTB26	CTCF	0.23	0	Motif match 57% of max PWM score (strand +, rank 1). No ENCODE ChIP-seq overlap for this TF in K562 cells (3 other TF(s) have peaks here). Motif-based prediction.
chr1:23554392-23554405	NR2C2	ESRRA	0.8	0	Motif match 100% of max PWM score (strand -, rank 1). No ENCODE ChIP-seq overlap for this TF in MCF-7 cells (3 other TF(s) have peaks here). Motif-based prediction.
chr8:53710745-53710762	PGR	NR3C1	0.71	0	Motif match 92% of max PWM score (strand -, rank 1). No ENCODE ChIP-seq data for macrophages cells. Motif-based prediction.
chr8:132703692-132703702	BATF	JUN	0.85	0	Motif match 100% of max PWM score (strand +, rank 1). No ENCODE ChIP-seq data for definitive-endoderm-from-HUES8 cells. Motif-based prediction.
chr1:202162450-202162460	CEBPD	CEBPB	0.22	0	Motif match 53% of max PWM score (strand -, rank 1). No ENCODE ChIP-seq overlap for this TF in K562 cells (27 other TF(s) have peaks here). Motif-based prediction.
chr17:28846408-28846420	FOS	FOS	1.0	1	Motif match 100% of max PWM score (strand +, rank 1). ENCODE FOS ChIP-seq: 1 peak(s) overlap this locus in MCF7 cells.
chr17:3557894-3557904	USF1	MLX	1.0	0	Motif match 100% of max PWM score (strand +, rank 1). ENCODE USF1 ChIP-seq: 1 peak(s) overlap this locus in HepG2 cells.
chr15:22767359-22767371	ONECUT1	FOXA1	0.33	0	Motif match 66% of max PWM score (strand +, rank 1). No ENCODE peak overlap at this locus in LNCaP cells. Motif-based prediction.
chrX:154409208-154409228	IKZF2	SPI1	0.85	0	Motif match 100% of max PWM score (strand +, rank 1). No ENCODE ChIP-seq data for macrophages-ifng cells. Motif-based prediction.
chr12:46435492-46435504	FOXL1	FOXA1	0.61	0	Motif match 85% of max PWM score (strand -, rank 1). No ENCODE ChIP-seq data for A1A3-breast-cancer-cells- cells. Motif-based prediction.
chr1:23810946-23810965	HIC2	CTCF	0.56	0	Motif match 86% of max PWM score (strand +, rank 1). No ENCODE ChIP-seq overlap for this TF in MCF7 cells (2 other TF(s) have peaks here). Motif-based prediction.
chr17:7834696-7834713	NR2C2	ESR1	0.8	0	Motif match 100% of max PWM score (strand +, rank 1). No ENCODE ChIP-seq overlap for this TF in MCF7 cells (1 other TF(s) have peaks here). Motif-based prediction.
chr6:153170691-153170704	JUND	JUNB	0.98	0	Motif match 99% of max PWM score (strand -, rank 6). ENCODE JUND ChIP-seq: 1 peak(s) overlap this locus in A549 cells. BATF has higher motif score (100%) but no ENCODE evidence in A549.
chr17:4606078-4606092	VEZF1	TFAP2C	0.85	0	Motif match 100% of max PWM score (strand -, rank 1). No ENCODE ChIP-seq data for a375-dmso cells. Motif-based prediction.
chrX:20530493-20530512	CTCFL	CTCF	0.35	0	Motif match 69% of max PWM score (strand +, rank 1). No ENCODE ChIP-seq data for hepatocytes cells. Motif-based prediction.
chr4:165322521-165322533	FOXP3	FOXA1	0.56	0	Motif match 83% of max PWM score (strand -, rank 1). No ENCODE peak overlap at this locus in LNCaP cells. Motif-based prediction.
chr2:85830829-85830837	GATA3	GATA3	1.0	1	Motif match 100% of max PWM score (strand +, rank 1). ENCODE GATA3 ChIP-seq: 1 peak(s) overlap this locus in MCF-7 cells.
chr1:201904721-201904733	MNX1	FOS	0.76	0	Motif match 98% of max PWM score (strand -, rank 1). No ENCODE ChIP-seq overlap for this TF in IMR90 cells (1 other TF(s) have peaks here). Motif-based prediction.
chr5:84412117-84412128	MEIS3	FOS	0.45	0	Motif match 76% of max PWM score (strand +, rank 1). No ENCODE ChIP-seq data for MCF10A-ER-Src cells. Motif-based prediction.
chr17:81711975-81711994	VDR	CTCF	0.31	0	Motif match 62% of max PWM score (strand +, rank 1). No ENCODE ChIP-seq data for gm19193 cells. Motif-based prediction.
chr6:131107176-131107193	PGR	AR	0.75	0	Motif match 94% of max PWM score (strand -, rank 1). No ENCODE ChIP-seq data for lncap-dht cells. Motif-based prediction.
chr12:116642712-116642729	FOXD1	AR	0.85	0	Motif match 100% of max PWM score (strand +, rank 1). No ENCODE ChIP-seq data for plhsar-foxa1-hoxb13 cells. Motif-based prediction.
chr10:9073188-9073205	FOS	ESR1	0.68	0	Motif match 81% of max PWM score (strand +, rank 4). ENCODE FOS ChIP-seq: 1 peak(s) overlap this locus in mcf7 cells. NR2C2 has higher motif score (100%) but no ENCODE evidence in mcf7.
chr17:65684819-65684833	IKZF2	ELF3	0.85	0	Motif match 100% of max PWM score (strand -, rank 1). No ENCODE ChIP-seq data for pdac-shctr cells. Motif-based prediction.
chr1:89065705-89065724	MAZ	CTCF	0.66	0	Motif match 89% of max PWM score (strand -, rank 1). No ENCODE ChIP-seq data for lymphoblastoid-cells cells. Motif-based prediction.
chr20:30537599-30537609	CEBPB	CEBPB	0.55	1	Motif match 70% of max PWM score (strand +, rank 3). ENCODE CEBPB ChIP-seq: 3 peak(s) overlap this locus in K562 cells. CEBPD has higher motif score (82%) but no ENCODE evidence in K562.
chr1:219304399-219304418	ZEB1	CTCF	0.85	0	Motif match 100% of max PWM score (strand -, rank 1). No ENCODE ChIP-seq data for PC3-bone-mets-prostate-adenocarcinoma- cells. Motif-based prediction.
chr5:23357561-23357575	PBX1	ONECUT2	0.85	0	Motif match 100% of max PWM score (strand -, rank 1). No ENCODE peak overlap at this locus in LNCaP cells. Motif-based prediction.
chr12:123662174-123662186	SRY	FOXA1	0.48	0	Motif match 78% of max PWM score (strand -, rank 1). No ENCODE ChIP-seq data for RT4 cells. Motif-based prediction.
chr2:8882273-8882292	ZNF692	CTCF	0.29	0	Motif match 68% of max PWM score (strand +, rank 1). No ENCODE ChIP-seq overlap for this TF in k562 cells (2 other TF(s) have peaks here). Motif-based prediction.
chr2:29890897-29890917	SPIB	SPI1	0.6	0	Motif match 85% of max PWM score (strand -, rank 1). No ENCODE ChIP-seq data for THP-1 cells. Motif-based prediction.
chr19:40373172-40373185	BATF	JUN	0.85	0	Motif match 100% of max PWM score (strand +, rank 1). No ENCODE ChIP-seq data for Kasumi-1 cells. Motif-based prediction.
chr20:4759303-4759322	ELF3	CTCF	0.34	0	Motif match 68% of max PWM score (strand -, rank 1). No ENCODE ChIP-seq data for GM19240 cells. Motif-based prediction.
chr14:54516916-54516926	CEBPB	CEBPG	0.77	0	Motif match 83% of max PWM score (strand -, rank 4). ENCODE CEBPB ChIP-seq: 3 peak(s) overlap this locus in K562 cells. CEBPA has higher motif score (100%) but no ENCODE evidence in K562.
chr2:64052674-64052684	IKZF2	ETS1	0.85	0	Motif match 100% of max PWM score (strand -, rank 1). No ENCODE ChIP-seq data for HUVEC-C cells. Motif-based prediction.
chr20:36842110-36842120	BHLHE22	ASCL1	0.85	0	Motif match 100% of max PWM score (strand +, rank 1). No ENCODE ChIP-seq data for sclc-asclp cells. Motif-based prediction.
chr2:98601735-98601754	ZNF354C	CTCF	0.81	0	Motif match 98% of max PWM score (strand +, rank 1). No ENCODE ChIP-seq data for MCF7L-TamR-immortalized-breast-epithelial cells. Motif-based prediction.
chr1:9531244-9531255	HIF1A	MYC	0.85	0	Motif match 100% of max PWM score (strand +, rank 1). No ENCODE peak overlap at this locus in LNCaP cells. Motif-based prediction.
chr1:192939598-192939610	FOXD1	FOXA1	0.85	0	Motif match 100% of max PWM score (strand -, rank 1). No ENCODE ChIP-seq data for MCF7-TamR cells. Motif-based prediction.
chr7:99720481-99720494	TCF7	HNF4A	0.8	0	Motif match 100% of max PWM score (strand +, rank 1). No ENCODE ChIP-seq overlap for this TF in HepG2 cells (58 other TF(s) have peaks here). Motif-based prediction.
chr10:60964632-60964644	FOSL2	JUNB	0.75	0	Motif match 85% of max PWM score (strand +, rank 5). ENCODE FOSL2 ChIP-seq: 1 peak(s) overlap this locus in A549 cells. FOSB has higher motif score (86%) but no ENCODE evidence in A549.
chr2:152755167-152755186	CTCFL	CTCF	0.35	0	Motif match 69% of max PWM score (strand +, rank 1). No ENCODE ChIP-seq data for heart-left-ventricle cells. Motif-based prediction.
chr17:45395092-45395102	ZSCAN21	RELA	0.29	0	Motif match 58% of max PWM score (strand +, rank 1). No ENCODE ChIP-seq data for 786-O cells. Motif-based prediction.
chr12:118543564-118543576	GATA5	GATA4	0.65	0	Motif match 88% of max PWM score (strand +, rank 1). No ENCODE ChIP-seq data for HUES64 cells. Motif-based prediction.
chr3:178706106-178706124	HIC2	TP63	0.32	0	Motif match 65% of max PWM score (strand +, rank 1). No ENCODE ChIP-seq data for epidermal-keratinocyte-kdpaf cells. Motif-based prediction.
chr9:100087303-100087314	NFIA	NFIC	0.85	0	Motif match 100% of max PWM score (strand -, rank 1). No ENCODE peak overlap at this locus in SK-N-SH cells. Motif-based prediction.
chr2:169839385-169839397	GATA2	GATA4	0.85	0	Motif match 100% of max PWM score (strand -, rank 1). No ENCODE peak overlap at this locus in BJ cells. Motif-based prediction.
chr15:81506270-81506283	BATF	JUN	0.85	0	Motif match 100% of max PWM score (strand +, rank 1). No ENCODE ChIP-seq data for MCF10A-ER-Src cells. Motif-based prediction.
chr10:84328556-84328566	TCFL5	BHLHE40	0.71	0	Motif match 95% of max PWM score (strand -, rank 1). No ENCODE ChIP-seq overlap for this TF in GM12878 cells (14 other TF(s) have peaks here). Motif-based prediction.
chr11:20128425-20128444	ZNF549	CTCF	0.85	0	Motif match 100% of max PWM score (strand -, rank 1). No ENCODE ChIP-seq data for adrenal-gland cells. Motif-based prediction.
chr7:20667070-20667082	FOXA2	FOXA1	0.32	0	Motif match 63% of max PWM score (strand -, rank 1). No ENCODE ChIP-seq data for vcap-r1881 cells. Motif-based prediction.
chr6:69159577-69159589	FOXL1	FOXA1	0.61	0	Motif match 85% of max PWM score (strand +, rank 1). No ENCODE ChIP-seq data for lncap-dht cells. Motif-based prediction.
chr3:48352764-48352772	GATA2	GATA3	0.89	0	Motif match 93% of max PWM score (strand -, rank 2). ENCODE GATA2 ChIP-seq: 1 peak(s) overlap this locus in shsy5y cells. GATA5 has higher motif score (100%) but no ENCODE evidence in shsy5y.
chr1:51635359-51635370	GATA2	GATA2	0.85	1	Motif match 100% of max PWM score (strand -, rank 1). No ENCODE peak overlap at this locus in lncap cells. Motif-based prediction.
chr1:205271552-205271571	NKX2-4	CTCF	0.47	0	Motif match 80% of max PWM score (strand -, rank 1). No ENCODE ChIP-seq overlap for this TF in osteoblast cells (1 other TF(s) have peaks here). Motif-based prediction.
chr6:144105074-144105093	NR2C2	CTCF	0.54	0	Motif match 82% of max PWM score (strand +, rank 1). No ENCODE peak overlap at this locus in DOHH2 cells. Motif-based prediction.
chr12:15738599-15738612	HIC2	TFAP2C	0.85	0	Motif match 100% of max PWM score (strand +, rank 1). No ENCODE ChIP-seq data for a375-dmso cells. Motif-based prediction.
chr12:94896357-94896370	ZBTB26	HSF1	0.7	0	Motif match 91% of max PWM score (strand -, rank 1). No ENCODE ChIP-seq data for mcf10a-heat cells. Motif-based prediction.
chr14:92044483-92044494	FOXD1	FOXA2	0.85	0	Motif match 100% of max PWM score (strand +, rank 1). No ENCODE peak overlap at this locus in BJ cells. Motif-based prediction.
chr22:17570928-17570940	MXI1	MYC	0.8	0	Motif match 100% of max PWM score (strand -, rank 1). No ENCODE ChIP-seq overlap for this TF in MCF10A cells (3 other TF(s) have peaks here). Motif-based prediction.
chr8:31640256-31640275	CTCF	CTCF	0.53	1	Motif match 72% of max PWM score (strand +, rank 4). ENCODE CTCF ChIP-seq: 2 peak(s) overlap this locus in A549 cells. CTCFL has higher motif score (100%) but no ENCODE evidence in A549.
chr8:124589571-124589590	VEZF1	CTCF	0.85	0	Motif match 100% of max PWM score (strand +, rank 1). No ENCODE ChIP-seq data for H1-hESC cells. Motif-based prediction.
chr2:156490027-156490041	RHOXF1	ONECUT2	0.45	0	Motif match 76% of max PWM score (strand -, rank 1). No ENCODE peak overlap at this locus in LNCaP cells. Motif-based prediction.
chr7:73979304-73979323	NKX2-3	CTCF	0.55	0	Motif match 82% of max PWM score (strand -, rank 1). No ENCODE ChIP-seq data for hepatocytes cells. Motif-based prediction.
chr7:132980544-132980556	POU5F1	FOXA1	0.8	0	Motif match 100% of max PWM score (strand -, rank 1). No ENCODE ChIP-seq overlap for this TF in MCF7 cells (1 other TF(s) have peaks here). Motif-based prediction.
chr12:104581212-104581220	HOXB4	PDX1	0.85	0	Motif match 100% of max PWM score (strand +, rank 1). No ENCODE ChIP-seq data for iPS cells. Motif-based prediction.
chr2:81661006-81661019	MNX1	GATA6	0.81	0	Motif match 98% of max PWM score (strand +, rank 1). No ENCODE ChIP-seq data for HUES64 cells. Motif-based prediction.
chr8:73630732-73630749	MEIS3	ESR1	0.44	0	Motif match 75% of max PWM score (strand -, rank 1). No ENCODE peak overlap at this locus in MCF7 cells. Motif-based prediction.
chr15:40279601-40279619	NFYB	TP53	0.22	0	Motif match 54% of max PWM score (strand +, rank 1). No ENCODE ChIP-seq overlap for this TF in MCF7 cells (6 other TF(s) have peaks here). Motif-based prediction.
chr12:65948417-65948428	GATA2	GATA1	0.85	0	Motif match 100% of max PWM score (strand -, rank 1). No ENCODE ChIP-seq data for CD34 cells. Motif-based prediction.
chrX:118348333-118348343	FOS	JUNB	0.85	0	Motif match 100% of max PWM score (strand +, rank 1). No ENCODE ChIP-seq data for HAEC cells. Motif-based prediction.
chr8:11755225-11755244	ZNF354C	CTCF	0.51	0	Motif match 79% of max PWM score (strand -, rank 1). No ENCODE ChIP-seq data for H1-hESC cells. Motif-based prediction.
chr11:116772132-116772143	ATF2	JUN	0.85	0	Motif match 100% of max PWM score (strand -, rank 1). No ENCODE ChIP-seq data for definitive-endoderm-from-HUES8 cells. Motif-based prediction.
chr11:127281734-127281750	ZNF317	MAFF	0.17	0	Motif match 45% of max PWM score (strand +, rank 1). No ENCODE ChIP-seq overlap for this TF in HepG2 cells (2 other TF(s) have peaks here). Motif-based prediction.
chr15:71215237-71215251	MAX	USF2	0.85	0	Motif match 100% of max PWM score (strand +, rank 1). No ENCODE ChIP-seq data for H1-hESC cells. Motif-based prediction.
chr17:67027459-67027472	BATF	JUN	0.85	0	Motif match 100% of max PWM score (strand -, rank 1). No ENCODE ChIP-seq data for MDA-MB-231p27CK-DD cells. Motif-based prediction.
chr21:36325537-36325549	HOXA6	CEBPA	0.55	0	Motif match 82% of max PWM score (strand +, rank 1). No ENCODE ChIP-seq data for THP-1 cells. Motif-based prediction.
chr2:97870765-97870775	IKZF2	FLI1	0.85	0	Motif match 100% of max PWM score (strand +, rank 1). No ENCODE ChIP-seq data for A-673-clone-Asp114 cells. Motif-based prediction.
chr2:46082936-46082949	BATF3	JUN	0.46	0	Motif match 77% of max PWM score (strand +, rank 1). No ENCODE ChIP-seq data for MCF10A-ER-Src cells. Motif-based prediction.
chr6:122361769-122361788	SP2	CTCF	0.69	0	Motif match 90% of max PWM score (strand +, rank 1). No ENCODE ChIP-seq data for IPSC-derived-bipolar-neuron cells. Motif-based prediction.
chr6:81289286-81289298	FOXA2	FOXA1	0.64	0	Motif match 87% of max PWM score (strand +, rank 1). No ENCODE peak overlap at this locus in LNCaP cells. Motif-based prediction.
chr9:113657458-113657471	BHLHE22	TCF4	0.85	0	Motif match 100% of max PWM score (strand +, rank 1). No ENCODE ChIP-seq data for TMD8 cells. Motif-based prediction.
chr1:110917046-110917056	FOSL2	JUN	0.61	0	Motif match 76% of max PWM score (strand -, rank 9). ENCODE FOSL2 ChIP-seq: 1 peak(s) overlap this locus in A549 cells. BATF has higher motif score (100%) but no ENCODE evidence in A549.
chr14:72699927-72699940	BHLHE22	TCF4	0.85	0	Motif match 100% of max PWM score (strand +, rank 1). No ENCODE ChIP-seq data for GEN2.2 cells. Motif-based prediction.
chr22:42730689-42730700	GATA3	GATA1	0.57	0	Motif match 83% of max PWM score (strand +, rank 1). No ENCODE peak overlap at this locus in k562 cells. Motif-based prediction.
chr7:11858882-11858894	FOXD1	FOXA1	0.85	0	Motif match 100% of max PWM score (strand +, rank 1). No ENCODE peak overlap at this locus in VCaP cells. Motif-based prediction.
chr10:112525406-112525418	BATF	JUNB	0.85	0	Motif match 100% of max PWM score (strand -, rank 1). No ENCODE peak overlap at this locus in A549 cells. Motif-based prediction.
chr14:38042505-38042519	MSANTD3	JUN	0.85	0	Motif match 100% of max PWM score (strand -, rank 1). No ENCODE ChIP-seq data for HAEC cells. Motif-based prediction.
chr10:67764428-67764449	PRDM1	REST	0.26	0	Motif match 62% of max PWM score (strand +, rank 1). No ENCODE ChIP-seq overlap for this TF in A549 cells (15 other TF(s) have peaks here). Motif-based prediction.
chr6:120039004-120039016	FOXA3	FOXA1	0.27	0	Motif match 54% of max PWM score (strand -, rank 1). No ENCODE ChIP-seq data for du145-foxa1-arq6540x cells. Motif-based prediction.
chr1:241219581-241219593	FOXA2	FOXA1	0.64	0	Motif match 87% of max PWM score (strand -, rank 1). No ENCODE ChIP-seq data for ZR-75-1 cells. Motif-based prediction.
chr14:31835260-31835273	BATF	JUN	0.85	0	Motif match 100% of max PWM score (strand +, rank 1). No ENCODE ChIP-seq data for HAEC cells. Motif-based prediction.
chr5:93118281-93118291	MEIS3	JUN	0.45	0	Motif match 76% of max PWM score (strand -, rank 1). No ENCODE ChIP-seq data for HUVEC-C cells. Motif-based prediction.
chr11:14269866-14269876	FOSB	JUN	0.49	0	Motif match 79% of max PWM score (strand +, rank 1). No ENCODE ChIP-seq data for HAEC cells. Motif-based prediction.
chr16:31429493-31429505	RHOXF1	RUNX3	0.34	0	Motif match 69% of max PWM score (strand +, rank 1). No ENCODE peak overlap at this locus in GM12878 cells. Motif-based prediction.
chr15:77497337-77497354	ZNF549	ESR1	0.52	0	Motif match 80% of max PWM score (strand -, rank 1). No ENCODE ChIP-seq data for mcf7-e2 cells. Motif-based prediction.
chr2:97591009-97591028	HIC2	CTCF	0.82	0	Motif match 98% of max PWM score (strand -, rank 1). No ENCODE ChIP-seq data for THP-1 cells. Motif-based prediction.
chr3:88661122-88661139	NR2C2	ESR1	0.85	0	Motif match 100% of max PWM score (strand +, rank 1). No ENCODE ChIP-seq data for zr751-e2 cells. Motif-based prediction.
chr3:163776976-163776993	NR2F2	ESR1	0.23	0	Motif match 56% of max PWM score (strand +, rank 1). No ENCODE ChIP-seq overlap for this TF in MCF7 cells (3 other TF(s) have peaks here). Motif-based prediction.
chr13:110294330-110294340	ATF4	CEBPB	0.52	0	Motif match 83% of max PWM score (strand -, rank 1). No ENCODE ChIP-seq overlap for this TF in IMR-90 cells (1 other TF(s) have peaks here). Motif-based prediction.
chr3:67384957-67384976	ZNF770	CTCF	0.71	0	Motif match 92% of max PWM score (strand +, rank 1). No ENCODE ChIP-seq data for esc-primed cells. Motif-based prediction.
chr6:142551667-142551680	TEAD2	TEAD1	0.51	0	Motif match 80% of max PWM score (strand +, rank 1). No ENCODE ChIP-seq data for MCF-7-C4-12 cells. Motif-based prediction.
chr12:68827325-68827338	BATF	JUN	0.85	0	Motif match 100% of max PWM score (strand +, rank 1). No ENCODE ChIP-seq data for MCF10A-ER-Src cells. Motif-based prediction.
chr10:119254011-119254023	FOXO4	GATA4	0.58	0	Motif match 84% of max PWM score (strand +, rank 1). No ENCODE peak overlap at this locus in BJ cells. Motif-based prediction.
chr5:142325780-142325794	VEZF1	TFAP2C	0.85	0	Motif match 100% of max PWM score (strand +, rank 1). No ENCODE ChIP-seq data for UCLA1-hESCs cells. Motif-based prediction.
chr14:77303875-77303887	BATF	JUN	0.85	0	Motif match 100% of max PWM score (strand +, rank 1). No ENCODE ChIP-seq data for HAEC cells. Motif-based prediction.
chr5:134511264-134511274	FOS	JUN	1.0	0	Motif match 100% of max PWM score (strand -, rank 1). ENCODE FOS ChIP-seq: 1 peak(s) overlap this locus in MCF7 cells.
chr17:63985907-63985926	ARNT	CTCF	0.54	0	Motif match 82% of max PWM score (strand -, rank 1). No ENCODE ChIP-seq data for HUVEC-C cells. Motif-based prediction.
chr14:68794530-68794540	ARNT	MAX	0.49	0	Motif match 82% of max PWM score (strand -, rank 1). No ENCODE ChIP-seq overlap for this TF in A549 cells (13 other TF(s) have peaks here). Motif-based prediction.
chr19:3613035-3613048	ZNF770	TFAP2C	0.33	0	Motif match 66% of max PWM score (strand +, rank 1). No ENCODE ChIP-seq data for UCLA1-hESCs cells. Motif-based prediction.
chr2:174538070-174538084	MNT	USF2	0.85	0	Motif match 100% of max PWM score (strand +, rank 1). No ENCODE peak overlap at this locus in IMR90 cells. Motif-based prediction.
chr7:2758075-2758088	JUN	FOS	1.0	0	Motif match 100% of max PWM score (strand -, rank 2). ENCODE JUN ChIP-seq: 5 peak(s) overlap this locus in K562 cells. BATF has higher motif score (100%) but no ENCODE evidence in K562.
chr10:78029641-78029660	ZEB1	CTCF	0.85	0	Motif match 100% of max PWM score (strand +, rank 1). No ENCODE ChIP-seq data for E18-retina cells. Motif-based prediction.
chr19:43774619-43774638	CTCFL	CTCF	0.48	0	Motif match 81% of max PWM score (strand +, rank 1). No ENCODE ChIP-seq overlap for this TF in HepG2 cells (60 other TF(s) have peaks here). Motif-based prediction.
chr14:55803264-55803281	FOS	ESR1	0.83	0	Motif match 90% of max PWM score (strand -, rank 3). ENCODE FOS ChIP-seq: 1 peak(s) overlap this locus in MCF7 cells. NR2C2 has higher motif score (100%) but no ENCODE evidence in MCF7.
chr4:121939819-121939827	SRY	TBX5	0.22	0	Motif match 45% of max PWM score (strand +, rank 1). No ENCODE ChIP-seq data for iPSC-derived-cardiomyocytes cells. Motif-based prediction.
chr5:93189838-93189852	HLF	HLF	0.65	1	Motif match 79% of max PWM score (strand +, rank 3). ENCODE HLF ChIP-seq: 1 peak(s) overlap this locus in HepG2 cells. DMRTA2 has higher motif score (100%) but no ENCODE evidence in HepG2.
chr12:68236700-68236710	ZEB1	ASCL1	0.85	0	Motif match 100% of max PWM score (strand +, rank 1). No ENCODE ChIP-seq data for h889 cells. Motif-based prediction.
chr10:58157664-58157674	NFATC3	FLI1	0.32	0	Motif match 65% of max PWM score (strand -, rank 1). No ENCODE ChIP-seq data for A-673-clone-Asp114 cells. Motif-based prediction.
chr8:122858291-122858308	BARHL2	AR	0.73	0	Motif match 93% of max PWM score (strand +, rank 1). No ENCODE peak overlap at this locus in lncap cells. Motif-based prediction.
chr4:177308289-177308302	JUND	JUNB	0.99	0	Motif match 99% of max PWM score (strand +, rank 6). ENCODE JUND ChIP-seq: 1 peak(s) overlap this locus in A549 cells. BATF has higher motif score (100%) but no ENCODE evidence in A549.
chr17:72702611-72702631	RBPJ	SPI1	0.85	0	Motif match 100% of max PWM score (strand +, rank 1). No ENCODE peak overlap at this locus in GM12878 cells. Motif-based prediction.
chr11:122633392-122633411	NKX2-4	CTCF	0.28	0	Motif match 57% of max PWM score (strand -, rank 1). No ENCODE ChIP-seq data for mcf7-normoxia cells. Motif-based prediction.
chr7:100720113-100720132	HIC2	CTCF	0.61	0	Motif match 86% of max PWM score (strand -, rank 1). No ENCODE peak overlap at this locus in gm12878 cells. Motif-based prediction.
chr6:107318313-107318332	NR2C2	CTCF	0.85	0	Motif match 100% of max PWM score (strand +, rank 1). No ENCODE peak overlap at this locus in Loucy cells. Motif-based prediction.
chr19:17466421-17466440	CTCF	CTCF	0.55	1	Motif match 73% of max PWM score (strand -, rank 1). ENCODE CTCF ChIP-seq: 1 peak(s) overlap this locus in pancreas cells.
chrX:49080021-49080035	KLF2	EGR1	0.54	0	Motif match 84% of max PWM score (strand -, rank 1). No ENCODE ChIP-seq overlap for this TF in K562 cells (92 other TF(s) have peaks here). Motif-based prediction.
chr19:53538109-53538128	KLF2	CTCF	0.43	0	Motif match 75% of max PWM score (strand -, rank 1). No ENCODE ChIP-seq data for adrenal-gland cells. Motif-based prediction.
chr11:70638446-70638459	NR2F1	NR2F1	0.55	1	Motif match 73% of max PWM score (strand -, rank 7). ENCODE NR2F1 ChIP-seq: 1 peak(s) overlap this locus in HepG2 cells. NR2C2 has higher motif score (100%) but no ENCODE evidence in HepG2.
chrX:113929073-113929085	FOXP3	FOXA1	0.44	0	Motif match 75% of max PWM score (strand -, rank 1). No ENCODE ChIP-seq data for MCF7-TamR cells. Motif-based prediction.
chr5:141643184-141643204	GABPA	SPI1	0.85	0	Motif match 100% of max PWM score (strand -, rank 1). No ENCODE ChIP-seq data for THP-1 cells. Motif-based prediction.
chr20:36904886-36904907	ZKSCAN5	IRF1	0.6	0	Motif match 85% of max PWM score (strand +, rank 1). No ENCODE ChIP-seq data for HAEC cells. Motif-based prediction.
chr6:108760745-108760758	JUND	JUND	1.0	1	Motif match 100% of max PWM score (strand -, rank 3). ENCODE JUND ChIP-seq: 1 peak(s) overlap this locus in K562 cells. BATF has higher motif score (100%) but no ENCODE evidence in K562.
chr1:47013606-47013618	CEBPD	TFAP2C	0.29	0	Motif match 59% of max PWM score (strand +, rank 1). No ENCODE peak overlap at this locus in HeLa-S3 cells. Motif-based prediction.
chr7:32516116-32516130	NR1I3	RXRB	0.15	0	Motif match 40% of max PWM score (strand -, rank 1). No ENCODE ChIP-seq overlap for this TF in HepG2 cells (31 other TF(s) have peaks here). Motif-based prediction.
chr18:66645620-66645637	SOX8	AR	0.26	0	Motif match 52% of max PWM score (strand +, rank 1). No ENCODE ChIP-seq data for LNCaP95 cells. Motif-based prediction.
chr5:163566224-163566236	FOXD1	FOXA1	0.8	0	Motif match 100% of max PWM score (strand -, rank 1). No ENCODE ChIP-seq overlap for this TF in LNCaP cells (1 other TF(s) have peaks here). Motif-based prediction.
chr2:101566801-101566812	FOXL1	FOXA2	0.19	0	Motif match 48% of max PWM score (strand +, rank 1). No ENCODE ChIP-seq overlap for this TF in A549 cells (6 other TF(s) have peaks here). Motif-based prediction.
chr2:134823539-134823556	NR2C2	ESR1	0.85	0	Motif match 100% of max PWM score (strand -, rank 1). No ENCODE ChIP-seq data for mcf7-e2 cells. Motif-based prediction.
chr17:47217012-47217032	IKZF2	SPI1	0.85	0	Motif match 100% of max PWM score (strand -, rank 1). No ENCODE ChIP-seq data for monocyte-derived-macrophages cells. Motif-based prediction.
chr3:111674686-111674705	TFAP2E	CTCF	0.41	0	Motif match 74% of max PWM score (strand +, rank 1). No ENCODE ChIP-seq data for lymphoblastoid-cells cells. Motif-based prediction.
chr19:23823014-23823031	HIC2	ESR1	0.77	0	Motif match 98% of max PWM score (strand +, rank 1). No ENCODE ChIP-seq overlap for this TF in MCF7 cells (5 other TF(s) have peaks here). Motif-based prediction.
chr10:19412709-19412728	CTCFL	CTCF	0.32	0	Motif match 63% of max PWM score (strand +, rank 1). No ENCODE ChIP-seq data for OCI-LY1 cells. Motif-based prediction.
chr3:182710753-182710772	CTCF	CTCF	0.66	1	Motif match 77% of max PWM score (strand -, rank 2). ENCODE CTCF ChIP-seq: 3 peak(s) overlap this locus in GM12875 cells.
chr15:36430481-36430489	GATA3	GATA3	0.57	1	Motif match 83% of max PWM score (strand -, rank 1). No ENCODE peak overlap at this locus in BE2C cells. Motif-based prediction.
chr13:108322397-108322416	ZNF354C	CTCF	0.51	0	Motif match 79% of max PWM score (strand +, rank 1). No ENCODE ChIP-seq data for smooth-muscle-cell cells. Motif-based prediction.
chr6:108893563-108893582	CTCF	CTCF	0.56	1	Motif match 71% of max PWM score (strand -, rank 3). ENCODE CTCF ChIP-seq: 7 peak(s) overlap this locus in spleen cells. NR2C1 has higher motif score (100%) but no ENCODE evidence in spleen.
chr4:133016422-133016439	HIC2	ESR1	0.33	0	Motif match 72% of max PWM score (strand +, rank 1). No ENCODE ChIP-seq overlap for this TF in MCF7 cells (1 other TF(s) have peaks here). Motif-based prediction.
chr6:143843400-143843417	HNF4A	RXRA	0.59	0	Motif match 73% of max PWM score (strand -, rank 2). ENCODE HNF4A ChIP-seq: 3 peak(s) overlap this locus in liver cells. HNF4G has higher motif score (73%) but no ENCODE evidence in liver.
chr4:1574958-1574969	MSANTD3	JUN	0.49	0	Motif match 78% of max PWM score (strand -, rank 1). No ENCODE ChIP-seq data for HAEC cells. Motif-based prediction.
chr7:37784221-37784232	MSANTD3	RELB	0.13	0	Motif match 37% of max PWM score (strand -, rank 1). No ENCODE ChIP-seq overlap for this TF in GM12878 cells (24 other TF(s) have peaks here). Motif-based prediction.
chr8:79890787-79890799	FOXD1	FOXA1	0.85	0	Motif match 100% of max PWM score (strand -, rank 1). No ENCODE ChIP-seq data for MCF7-TamR cells. Motif-based prediction.
chr5:115858158-115858170	FOXD1	FOXA1	0.85	0	Motif match 100% of max PWM score (strand -, rank 1). No ENCODE ChIP-seq data for mcf7-e2 cells. Motif-based prediction.
chr7:83936246-83936265	NEUROG2	CTCF	0.85	0	Motif match 100% of max PWM score (strand +, rank 1). No ENCODE ChIP-seq data for lymphoblastoid-cells cells. Motif-based prediction.
chr16:19284450-19284460	ZEB1	TFAP4	0.85	0	Motif match 100% of max PWM score (strand -, rank 1). No ENCODE ChIP-seq data for dld1 cells. Motif-based prediction.
chr16:57993681-57993695	HIC2	TFAP2C	0.85	0	Motif match 100% of max PWM score (strand -, rank 1). No ENCODE ChIP-seq data for skbr3 cells. Motif-based prediction.
chrX:28974399-28974411	FOXL1	FOXA1	0.8	0	Motif match 97% of max PWM score (strand +, rank 1). No ENCODE peak overlap at this locus in lncap cells. Motif-based prediction.
chr3:189429553-189429567	RHOXF1	HOXB13	0.28	0	Motif match 56% of max PWM score (strand +, rank 1). No ENCODE peak overlap at this locus in VCaP cells. Motif-based prediction.
chr5:113275100-113275112	ZNF354C	TFAP2C	0.3	0	Motif match 59% of max PWM score (strand +, rank 1). No ENCODE ChIP-seq data for UCLA1-hESCs cells. Motif-based prediction.
chr5:7746305-7746324	NKX2-4	CTCF	0.32	0	Motif match 64% of max PWM score (strand -, rank 1). No ENCODE ChIP-seq data for erythroid-progenitors cells. Motif-based prediction.
chr10:15710608-15710620	FOXP3	FOXA1	0.56	0	Motif match 83% of max PWM score (strand -, rank 1). No ENCODE peak overlap at this locus in LNCaP cells. Motif-based prediction.
chr8:26659222-26659234	FOXL1	FOXA1	0.56	0	Motif match 82% of max PWM score (strand +, rank 1). No ENCODE ChIP-seq data for lncap-dht-tnfa cells. Motif-based prediction.
chr4:15754030-15754047	HIC2	ESR1	0.39	0	Motif match 73% of max PWM score (strand -, rank 1). No ENCODE peak overlap at this locus in mcf7 cells. Motif-based prediction.
chr12:42410108-42410120	RHOXF1	OTX2	0.33	0	Motif match 66% of max PWM score (strand -, rank 1). No ENCODE ChIP-seq data for D283-Med cells. Motif-based prediction.
chr14:101961144-101961161	NR2C2	ESR1	0.85	0	Motif match 100% of max PWM score (strand -, rank 1). No ENCODE ChIP-seq data for mcf7-e2 cells. Motif-based prediction.
chr20:62816720-62816730	TCFL5	MAX	0.48	0	Motif match 78% of max PWM score (strand +, rank 1). No ENCODE ChIP-seq data for MKL-1 cells. Motif-based prediction.
chr3:26820149-26820167	MXI1	TP53	0.85	0	Motif match 100% of max PWM score (strand -, rank 1). No ENCODE peak overlap at this locus in MCF7 cells. Motif-based prediction.
chr6:95822140-95822152	FOXO4	FOXA1	0.58	0	Motif match 84% of max PWM score (strand +, rank 1). No ENCODE peak overlap at this locus in VCaP cells. Motif-based prediction.
chr9:87895194-87895213	CTCF	CTCF	0.51	1	Motif match 71% of max PWM score (strand +, rank 4). ENCODE CTCF ChIP-seq: 1 peak(s) overlap this locus in H54 cells. ETV7 has higher motif score (80%) but no ENCODE evidence in H54.
chr5:174383616-174383631	NR2C2	NR2F1	0.44	0	Motif match 76% of max PWM score (strand -, rank 1). No ENCODE ChIP-seq data for cranial-neural-crest-cells cells. Motif-based prediction.
chr12:7645572-7645591	ZNF354C	CTCF	0.6	0	Motif match 88% of max PWM score (strand -, rank 1). No ENCODE ChIP-seq overlap for this TF in K562 cells (2 other TF(s) have peaks here). Motif-based prediction.
chr2:127811320-127811339	ZNF263	CTCF	0.3	0	Motif match 60% of max PWM score (strand +, rank 1). No ENCODE ChIP-seq data for adrenal-gland cells. Motif-based prediction.
chr4:126058351-126058364	GSC2	GATA6	0.5	0	Motif match 79% of max PWM score (strand +, rank 1). No ENCODE ChIP-seq data for HUES64 cells. Motif-based prediction.
chr13:62014457-62014476	NKX2-3	CTCF	0.55	0	Motif match 82% of max PWM score (strand +, rank 1). No ENCODE ChIP-seq data for thyroid-gland cells. Motif-based prediction.
chr10:93419218-93419228	YY2	CEBPB	0.45	0	Motif match 76% of max PWM score (strand +, rank 1). No ENCODE ChIP-seq data for HEE cells. Motif-based prediction.
chr10:99396002-99396014	FOXD1	FOXA1	0.85	0	Motif match 100% of max PWM score (strand +, rank 1). No ENCODE ChIP-seq data for lncap-abl-shctr cells. Motif-based prediction.
chr2:237322749-237322768	CTCFL	CTCF	0.3	0	Motif match 69% of max PWM score (strand -, rank 1). No ENCODE ChIP-seq overlap for this TF in MCF7 cells (3 other TF(s) have peaks here). Motif-based prediction.
chr7:151111226-151111245	ZNF549	CTCF	0.35	0	Motif match 69% of max PWM score (strand +, rank 1). No ENCODE ChIP-seq data for THP-1 cells. Motif-based prediction.
chr10:122724684-122724696	KLF11	KLF4	0.46	0	Motif match 76% of max PWM score (strand +, rank 1). No ENCODE ChIP-seq data for bj-induced cells. Motif-based prediction.
chr6:168007662-168007674	CEBPD	CEBPA	0.85	0	Motif match 100% of max PWM score (strand -, rank 1). No ENCODE ChIP-seq data for mesenchymal-stem-cells-derived-adipocytes cells. Motif-based prediction.
chr2:64453372-64453384	DMRTA2	ATF3	0.8	0	Motif match 100% of max PWM score (strand +, rank 1). No ENCODE ChIP-seq overlap for this TF in liver cells (10 other TF(s) have peaks here). Motif-based prediction.
chr3:198030333-198030345	FOXD1	FOXA1	0.85	0	Motif match 100% of max PWM score (strand -, rank 1). No ENCODE ChIP-seq data for vcap-shctr-r1881 cells. Motif-based prediction.
chr10:24466419-24466430	BATF	FOSL2	0.85	0	Motif match 100% of max PWM score (strand -, rank 1). No ENCODE ChIP-seq data for LPS141 cells. Motif-based prediction.
chr19:37210571-37210582	NRF1	NRF1	0.78	1	Motif match 84% of max PWM score (strand -, rank 1). ENCODE NRF1 ChIP-seq: 5 peak(s) overlap this locus in K562 cells.
chr5:111758155-111758168	RELB	NFKB1	0.33	0	Motif match 65% of max PWM score (strand -, rank 1). No ENCODE ChIP-seq data for l1236 cells. Motif-based prediction.
chr9:5442598-5442617	MXI1	CTCF	0.85	0	Motif match 100% of max PWM score (strand -, rank 1). No ENCODE peak overlap at this locus in MM1.S cells. Motif-based prediction.
chr13:23820722-23820734	TFAP2B	TFAP2C	0.18	0	Motif match 37% of max PWM score (strand -, rank 1). No ENCODE ChIP-seq data for mdamb453 cells. Motif-based prediction.
chr5:135263384-135263402	MEIS3	RARA	0.41	0	Motif match 77% of max PWM score (strand +, rank 1). No ENCODE ChIP-seq overlap for this TF in HepG2 cells (77 other TF(s) have peaks here). Motif-based prediction.
chr4:160873561-160873569	GATA3	GATA3	0.23	1	Motif match 45% of max PWM score (strand +, rank 1). No ENCODE ChIP-seq data for mcf7-e2 cells. Motif-based prediction.
chr15:39363878-39363895	SOX18	ESR1	0.41	0	Motif match 77% of max PWM score (strand +, rank 1). No ENCODE ChIP-seq overlap for this TF in MCF7 cells (1 other TF(s) have peaks here). Motif-based prediction.
chr19:32340451-32340470	MEIS3	CTCF	0.46	0	Motif match 77% of max PWM score (strand -, rank 1). No ENCODE ChIP-seq data for esophagus-muscularis-mucosa cells. Motif-based prediction.
chr10:93445800-93445812	IKZF1	GRHL2	0.8	0	Motif match 100% of max PWM score (strand +, rank 1). No ENCODE ChIP-seq overlap for this TF in MCF7 cells (22 other TF(s) have peaks here). Motif-based prediction.
chr15:53528120-53528132	FOXD1	FOXA1	0.85	0	Motif match 100% of max PWM score (strand +, rank 1). No ENCODE peak overlap at this locus in LNCaP cells. Motif-based prediction.
chr17:52842223-52842242	YY2	CTCF	0.36	0	Motif match 70% of max PWM score (strand +, rank 1). No ENCODE ChIP-seq data for MCF7L-P-immortalized-breast-epithelial-cell-line- cells. Motif-based prediction.
chr1:224784770-224784790	IKZF2	SPI1	0.85	0	Motif match 100% of max PWM score (strand +, rank 1). No ENCODE ChIP-seq data for macrophages-ifng cells. Motif-based prediction.
chr6:2820263-2820280	MEIS3	ESR1	0.55	0	Motif match 85% of max PWM score (strand -, rank 1). No ENCODE ChIP-seq overlap for this TF in MCF7 cells (2 other TF(s) have peaks here). Motif-based prediction.
chrX:110387839-110387850	GATA5	GATA1	0.85	0	Motif match 100% of max PWM score (strand -, rank 1). No ENCODE peak overlap at this locus in k562 cells. Motif-based prediction.
chr19:40715628-40715640	FOXA2	FOXA1	0.32	0	Motif match 63% of max PWM score (strand +, rank 1). No ENCODE ChIP-seq data for mcf7-e2 cells. Motif-based prediction.
chr7:130891549-130891561	JUND	JUNB	0.83	0	Motif match 90% of max PWM score (strand -, rank 2). ENCODE JUND ChIP-seq: 1 peak(s) overlap this locus in A549 cells.
chr14:35403924-35403941	HOXA6	ESR1	0.44	0	Motif match 78% of max PWM score (strand +, rank 1). No ENCODE ChIP-seq overlap for this TF in MCF7 cells (17 other TF(s) have peaks here). Motif-based prediction.
chr2:67227304-67227319	NR2C2	JUND	0.85	0	Motif match 100% of max PWM score (strand +, rank 1). No ENCODE peak overlap at this locus in HepG2 cells. Motif-based prediction.
chr11:66326548-66326565	SOX18	NR3C1	0.29	0	Motif match 58% of max PWM score (strand +, rank 1). No ENCODE ChIP-seq data for u2os-shhic5 cells. Motif-based prediction.
chr19:11528939-11528956	NR2C2	ESR1	0.8	0	Motif match 100% of max PWM score (strand +, rank 1). No ENCODE ChIP-seq overlap for this TF in MCF7 cells (10 other TF(s) have peaks here). Motif-based prediction.
chr19:52962858-52962871	YY2	NEUROD1	0.36	0	Motif match 70% of max PWM score (strand -, rank 1). No ENCODE ChIP-seq data for D341-Med cells. Motif-based prediction.
chr10:99945486-99945500	BATF	JUN	0.85	0	Motif match 100% of max PWM score (strand -, rank 1). No ENCODE ChIP-seq data for MCF10A-ER-Src cells. Motif-based prediction.
chr2:183021036-183021048	FOXL1	GATA4	0.61	0	Motif match 85% of max PWM score (strand +, rank 1). No ENCODE peak overlap at this locus in BJ cells. Motif-based prediction.
chr1:172456591-172456609	GATA2	GATA1	0.89	0	Motif match 93% of max PWM score (strand +, rank 1). ENCODE GATA2 ChIP-seq: 2 peak(s) overlap this locus in K562 cells.
chr13:106552898-106552915	PGR	AR	0.75	0	Motif match 94% of max PWM score (strand +, rank 1). No ENCODE ChIP-seq data for CWR22 cells. Motif-based prediction.
chr21:34808468-34808477	RUNX2	RUNX2	0.38	1	Motif match 72% of max PWM score (strand -, rank 1). No ENCODE peak overlap at this locus in MCF7 cells. Motif-based prediction.
chr16:2904335-2904354	KLF2	CTCF	0.3	0	Motif match 60% of max PWM score (strand -, rank 1). No ENCODE ChIP-seq data for MCF7L-P-immortalized-breast-epithelial-cell-line- cells. Motif-based prediction.
chr5:27278422-27278435	HAND2	NEUROG2	0.85	0	Motif match 100% of max PWM score (strand +, rank 1). No ENCODE ChIP-seq data for MRC-5 cells. Motif-based prediction.
chr8:25251968-25251979	MEIS3	JUN	0.44	0	Motif match 75% of max PWM score (strand +, rank 1). No ENCODE ChIP-seq data for MDA-MB-231p27CK-DD cells. Motif-based prediction.
chr20:22962884-22962901	BARHL2	ESR1	0.29	0	Motif match 68% of max PWM score (strand -, rank 1). No ENCODE ChIP-seq overlap for this TF in MCF7 cells (4 other TF(s) have peaks here). Motif-based prediction.
chr2:216316122-216316135	NFE2L2	JUN	0.33	0	Motif match 67% of max PWM score (strand -, rank 1). No ENCODE ChIP-seq data for definitive-endoderm-from-HUES8 cells. Motif-based prediction.
chr1:171530889-171530901	FOXL1	FOXA1	0.8	0	Motif match 97% of max PWM score (strand -, rank 1). No ENCODE peak overlap at this locus in LNCaP cells. Motif-based prediction.
chrX:40794195-40794206	CEBPD	POU5F1	0.29	0	Motif match 59% of max PWM score (strand +, rank 1). No ENCODE ChIP-seq data for esc-naive cells. Motif-based prediction.
chr5:111671273-111671292	NR2C2	CTCF	0.27	0	Motif match 64% of max PWM score (strand -, rank 1). No ENCODE ChIP-seq overlap for this TF in HeLa-S3 cells (1 other TF(s) have peaks here). Motif-based prediction.
chr5:93236994-93237013	ZNF354C	CTCF	0.8	0	Motif match 100% of max PWM score (strand -, rank 1). No ENCODE ChIP-seq overlap for this TF in MCF-7 cells (1 other TF(s) have peaks here). Motif-based prediction.
chr12:116455683-116455700	FOXA2	NR3C1	0.32	0	Motif match 63% of max PWM score (strand -, rank 1). No ENCODE ChIP-seq data for embryonic-kidney cells. Motif-based prediction.
chr15:78728654-78728666	FOXD1	FOXA1	0.85	0	Motif match 100% of max PWM score (strand -, rank 1). No ENCODE peak overlap at this locus in LNCaP cells. Motif-based prediction.
chr2:9050344-9050355	GATA2	GATA2	0.89	1	Motif match 93% of max PWM score (strand -, rank 3). ENCODE GATA2 ChIP-seq: 2 peak(s) overlap this locus in K562 cells. GATA5 has higher motif score (98%) but no ENCODE evidence in K562.
chr1:3171391-3171404	HNF4A	HNF4A	0.56	1	Motif match 73% of max PWM score (strand -, rank 3). ENCODE HNF4A ChIP-seq: 1 peak(s) overlap this locus in liver cells. SOX10 has higher motif score (100%) but no ENCODE evidence in liver.
chr1:109724427-109724444	PGR	AR	0.67	0	Motif match 89% of max PWM score (strand +, rank 1). No ENCODE ChIP-seq data for vcap-sh1-dht cells. Motif-based prediction.
chr16:1333648-1333660	TCFL5	E2F1	0.61	0	Motif match 85% of max PWM score (strand +, rank 1). No ENCODE peak overlap at this locus in LNCaP cells. Motif-based prediction.
chr5:55821070-55821078	GATA5	GATA3	0.83	0	Motif match 99% of max PWM score (strand +, rank 1). No ENCODE ChIP-seq data for MDA-MB-231 cells. Motif-based prediction.
chr11:6012224-6012238	CEBPA	CEBPA	0.53	1	Motif match 81% of max PWM score (strand -, rank 1). No ENCODE ChIP-seq data for Kasumi-1 cells. Motif-based prediction.
chr3:177555330-177555342	TFAP2E	TFAP2C	0.76	0	Motif match 95% of max PWM score (strand +, rank 1). No ENCODE ChIP-seq data for UCLA1-hESCs cells. Motif-based prediction.
chr20:54244569-54244586	NR2C2	ESR1	0.8	0	Motif match 100% of max PWM score (strand +, rank 1). No ENCODE ChIP-seq overlap for this TF in MCF7 cells (1 other TF(s) have peaks here). Motif-based prediction.
chr2:101253130-101253142	TFAP2E	TFAP2C	0.42	0	Motif match 74% of max PWM score (strand -, rank 1). No ENCODE ChIP-seq data for mcf7-e2 cells. Motif-based prediction.
chr2:47307153-47307174	NFIB	NFIB	0.7	1	Motif match 82% of max PWM score (strand +, rank 5). ENCODE NFIB ChIP-seq: 2 peak(s) overlap this locus in MCF7 cells. NFIC has higher motif score (90%) but no ENCODE evidence in MCF7.
chr5:93745783-93745791	GATA3	GATA3	0.36	1	Motif match 71% of max PWM score (strand -, rank 1). No ENCODE peak overlap at this locus in SK-N-SH cells. Motif-based prediction.
chr19:46234828-46234847	ELF3	CTCF	0.34	0	Motif match 68% of max PWM score (strand -, rank 1). No ENCODE ChIP-seq data for SK-N-AS cells. Motif-based prediction.
chr10:87976299-87976309	JUN	JUN	1.0	1	Motif match 100% of max PWM score (strand -, rank 1). ENCODE JUN ChIP-seq: 1 peak(s) overlap this locus in K562 cells.
chr11:64457030-64457043	CREB1	ATF2	0.8	0	Motif match 100% of max PWM score (strand -, rank 1). No ENCODE ChIP-seq overlap for this TF in K562 cells (1 other TF(s) have peaks here). Motif-based prediction.
chr1:204619983-204620002	ZNF354C	CTCF	0.76	0	Motif match 98% of max PWM score (strand -, rank 1). No ENCODE ChIP-seq overlap for this TF in gm12878 cells (1 other TF(s) have peaks here). Motif-based prediction.
chr10:90454191-90454202	GATA5	GATA2	0.83	0	Motif match 99% of max PWM score (strand -, rank 1). No ENCODE ChIP-seq data for lncap-fbs cells. Motif-based prediction.
chr8:33697607-33697619	MEIS3	FOXA1	0.6	0	Motif match 85% of max PWM score (strand +, rank 1). No ENCODE ChIP-seq data for HUES64 cells. Motif-based prediction.
chr7:74240756-74240766	MXI1	BHLHE40	0.8	0	Motif match 100% of max PWM score (strand +, rank 1). No ENCODE ChIP-seq overlap for this TF in HepG2 cells (2 other TF(s) have peaks here). Motif-based prediction.
chr8:33624779-33624798	ZNF770	CTCF	0.51	0	Motif match 83% of max PWM score (strand -, rank 1). No ENCODE ChIP-seq overlap for this TF in A549 cells (1 other TF(s) have peaks here). Motif-based prediction.
chr5:99060527-99060546	CTCF	CTCF	0.69	1	Motif match 82% of max PWM score (strand -, rank 3). ENCODE CTCF ChIP-seq: 2 peak(s) overlap this locus in HeLa-S3 cells. ZNF417 has higher motif score (100%) but no ENCODE evidence in HeLa-S3.
chr1:147627672-147627691	CTCFL	CTCF	0.8	0	Motif match 100% of max PWM score (strand -, rank 1). No ENCODE ChIP-seq overlap for this TF in K562 cells (5 other TF(s) have peaks here). Motif-based prediction.
chr9:100701170-100701182	FOXD1	FOXA1	0.85	0	Motif match 100% of max PWM score (strand +, rank 1). No ENCODE peak overlap at this locus in lncap cells. Motif-based prediction.
chr18:28062632-28062642	ATF4	CEBPB	0.67	0	Motif match 89% of max PWM score (strand +, rank 1). No ENCODE ChIP-seq data for hmsc-dmi-hi cells. Motif-based prediction.
chr11:85809977-85809996	NR2C1	CTCF	0.84	0	Motif match 100% of max PWM score (strand +, rank 1). No ENCODE ChIP-seq data for gm18951 cells. Motif-based prediction.
chrX:96389217-96389228	FOXD1	FOXA2	0.85	0	Motif match 100% of max PWM score (strand -, rank 1). No ENCODE ChIP-seq data for esc-h9 cells. Motif-based prediction.
chr6:147974464-147974475	FOXL1	FOXA2	0.8	0	Motif match 97% of max PWM score (strand +, rank 1). No ENCODE peak overlap at this locus in BJ cells. Motif-based prediction.
chr10:114646765-114646778	TEAD4	TEAD1	0.34	0	Motif match 68% of max PWM score (strand -, rank 1). No ENCODE ChIP-seq data for hucct1 cells. Motif-based prediction.
chr13:28549041-28549060	SP5	CTCF	0.85	0	Motif match 100% of max PWM score (strand -, rank 1). No ENCODE ChIP-seq data for THP-1 cells. Motif-based prediction.
chr19:29247282-29247301	ZNF354C	CTCF	0.81	0	Motif match 98% of max PWM score (strand +, rank 1). No ENCODE ChIP-seq data for CD34 cells. Motif-based prediction.
chr8:17765209-17765219	KLF5	KLF5	0.63	1	Motif match 87% of max PWM score (strand -, rank 1). No ENCODE peak overlap at this locus in HEK293T cells. Motif-based prediction.
chr19:869558-869568	FOSL2	JUNB	0.89	0	Motif match 94% of max PWM score (strand +, rank 8). ENCODE FOSL2 ChIP-seq: 1 peak(s) overlap this locus in A549 cells. BATF has higher motif score (100%) but no ENCODE evidence in A549.
chr17:75289756-75289773	NR2C1	ESR1	0.79	0	Motif match 100% of max PWM score (strand -, rank 1). No ENCODE ChIP-seq overlap for this TF in mcf7 cells (40 other TF(s) have peaks here). Motif-based prediction.
chr1:193211632-193211642	BATF3	JUN	0.47	0	Motif match 77% of max PWM score (strand +, rank 1). No ENCODE ChIP-seq data for HAEC cells. Motif-based prediction.
chr8:127809808-127809819	FOSB	FOSL2	0.49	0	Motif match 79% of max PWM score (strand +, rank 1). No ENCODE ChIP-seq data for LPS141 cells. Motif-based prediction.
chr7:25823785-25823805	IKZF2	SPI1	0.85	0	Motif match 100% of max PWM score (strand -, rank 1). No ENCODE peak overlap at this locus in dohh2 cells. Motif-based prediction.
chr1:212316007-212316026	MYB	CTCF	0.85	0	Motif match 100% of max PWM score (strand +, rank 1). No ENCODE peak overlap at this locus in BJ cells. Motif-based prediction.
chr19:54136335-54136345	IKZF2	ERG	0.85	0	Motif match 100% of max PWM score (strand +, rank 1). No ENCODE peak overlap at this locus in VCaP cells. Motif-based prediction.
chr9:70438751-70438769	SOX10	RXRA	0.8	0	Motif match 100% of max PWM score (strand +, rank 1). No ENCODE ChIP-seq overlap for this TF in liver cells (7 other TF(s) have peaks here). Motif-based prediction.
chr17:31573248-31573262	TFAP2E	TFAP2C	0.76	0	Motif match 94% of max PWM score (strand +, rank 1). No ENCODE ChIP-seq data for mdamb453 cells. Motif-based prediction.
chr10:15075507-15075517	POU5F1	CEBPB	0.85	0	Motif match 100% of max PWM score (strand +, rank 1). No ENCODE ChIP-seq data for hmsc-dmi-low cells. Motif-based prediction.
chr13:31073872-31073887	ZNF354C	EBF1	0.36	0	Motif match 74% of max PWM score (strand -, rank 1). No ENCODE ChIP-seq overlap for this TF in GM12878 cells (2 other TF(s) have peaks here). Motif-based prediction.
chr8:135457711-135457730	ZBTB7A	CTCF	0.39	0	Motif match 73% of max PWM score (strand -, rank 1). No ENCODE ChIP-seq data for HT1080 cells. Motif-based prediction.
chr17:28711393-28711406	TFAP2E	TFAP2C	0.56	0	Motif match 83% of max PWM score (strand +, rank 1). No ENCODE ChIP-seq data for UCLA1-hESCs cells. Motif-based prediction.
chr2:232902122-232902135	EBF3	TFAP2C	0.34	0	Motif match 67% of max PWM score (strand -, rank 1). No ENCODE ChIP-seq data for mcf7-e2 cells. Motif-based prediction.
chr3:150184339-150184358	NEUROG2	CTCF	0.18	0	Motif match 46% of max PWM score (strand -, rank 1). No ENCODE ChIP-seq overlap for this TF in T47D cells (2 other TF(s) have peaks here). Motif-based prediction.
chr16:19114675-19114689	IKZF2	ETV1	0.85	0	Motif match 100% of max PWM score (strand -, rank 1). No ENCODE ChIP-seq data for gist cells. Motif-based prediction.
chr7:108368691-108368708	PGR	NR3C1	0.78	0	Motif match 96% of max PWM score (strand -, rank 1). No ENCODE peak overlap at this locus in A549 cells. Motif-based prediction.
chr7:131071863-131071882	CTCF	CTCF	0.51	1	Motif match 71% of max PWM score (strand +, rank 6). ENCODE CTCF ChIP-seq: 2 peak(s) overlap this locus in A549 cells. HIC2 has higher motif score (86%) but no ENCODE evidence in A549.
chr3:32758484-32758498	TEAD4	CEBPA	0.34	0	Motif match 67% of max PWM score (strand +, rank 1). No ENCODE ChIP-seq data for THP-1 cells. Motif-based prediction.
chr14:53260374-53260391	RHOXF1	ESR1	0.79	0	Motif match 100% of max PWM score (strand -, rank 1). No ENCODE ChIP-seq overlap for this TF in MCF7 cells (1 other TF(s) have peaks here). Motif-based prediction.
chr18:9259902-9259914	HOXA7	CDX2	0.8	0	Motif match 97% of max PWM score (strand +, rank 1). No ENCODE ChIP-seq data for naive-endoderm cells. Motif-based prediction.
chr15:69160240-69160251	ZEB1	TCF3	1.0	0	Motif match 100% of max PWM score (strand -, rank 2). ENCODE ZEB1 ChIP-seq: 1 peak(s) overlap this locus in GM12878 cells.
chr17:48483907-48483921	MSANTD3	JUN	0.31	0	Motif match 62% of max PWM score (strand -, rank 1). No ENCODE ChIP-seq data for MDA-MB-231 cells. Motif-based prediction.
chr18:8448293-8448305	MAFK	FOS	0.38	0	Motif match 72% of max PWM score (strand +, rank 1). No ENCODE ChIP-seq data for HUVEC-C cells. Motif-based prediction.
chr12:6363923-6363940	ZNF354C	NR3C1	0.6	0	Motif match 88% of max PWM score (strand -, rank 1). No ENCODE ChIP-seq overlap for this TF in A549 cells (13 other TF(s) have peaks here). Motif-based prediction.
chr17:38852478-38852486	GATA2	GATA3	0.85	0	Motif match 100% of max PWM score (strand +, rank 1). No ENCODE peak overlap at this locus in T47D cells. Motif-based prediction.
chr19:10931380-10931390	ZNF417	CEBPB	0.32	0	Motif match 64% of max PWM score (strand -, rank 1). No ENCODE ChIP-seq data for MV4-11 cells. Motif-based prediction.
chr9:128371413-128371426	JUND	JUND	0.87	1	Motif match 92% of max PWM score (strand -, rank 7). ENCODE JUND ChIP-seq: 1 peak(s) overlap this locus in liver cells. BATF has higher motif score (100%) but no ENCODE evidence in liver.
chr9:106591236-106591248	GATA2	GATA4	0.45	0	Motif match 76% of max PWM score (strand +, rank 1). No ENCODE ChIP-seq data for ags cells. Motif-based prediction.
chr10:45949737-45949747	NFATC3	FLI1	0.32	0	Motif match 65% of max PWM score (strand +, rank 1). No ENCODE ChIP-seq data for A-673-clone-Asp114 cells. Motif-based prediction.
chr10:60387752-60387769	HOXB2	AR	0.47	0	Motif match 77% of max PWM score (strand -, rank 1). No ENCODE ChIP-seq data for VCS2 cells. Motif-based prediction.
chr9:37399662-37399674	FOXD1	FOXA1	0.85	0	Motif match 100% of max PWM score (strand -, rank 1). No ENCODE ChIP-seq data for ZR-75-1 cells. Motif-based prediction.
chr6:128245459-128245471	HOXA7	FOXA1	0.34	0	Motif match 68% of max PWM score (strand +, rank 1). No ENCODE peak overlap at this locus in VCaP cells. Motif-based prediction.
chr1:154546679-154546691	EBF3	TFAP2C	0.27	0	Motif match 54% of max PWM score (strand +, rank 1). No ENCODE ChIP-seq data for bt474 cells. Motif-based prediction.
chr2:35724997-35725014	NR2C2	ESR1	0.41	0	Motif match 77% of max PWM score (strand +, rank 1). No ENCODE ChIP-seq overlap for this TF in MCF7 cells (1 other TF(s) have peaks here). Motif-based prediction.
chr6:92811028-92811047	ZEB1	CTCF	0.85	0	Motif match 100% of max PWM score (strand -, rank 1). No ENCODE ChIP-seq data for gm2610 cells. Motif-based prediction.
chr2:157460768-157460781	FOXP1	JUND	0.67	0	Motif match 80% of max PWM score (strand -, rank 7). ENCODE FOXP1 ChIP-seq: 1 peak(s) overlap this locus in HepG2 cells. FOXL1 has higher motif score (85%) but no ENCODE evidence in HepG2.
chr18:57523406-57523426	POU5F1	SPI1	0.41	0	Motif match 74% of max PWM score (strand -, rank 1). No ENCODE ChIP-seq data for monocyte-derived-macrophages cells. Motif-based prediction.
chr18:268889-268902	ARNT	E2F6	1.0	0	Motif match 100% of max PWM score (strand +, rank 2). ENCODE ARNT ChIP-seq: 1 peak(s) overlap this locus in K562 cells. CLOCK has higher motif score (100%) but no ENCODE evidence in K562.
chrX:68197118-68197137	HIC2	CTCF	0.82	0	Motif match 98% of max PWM score (strand -, rank 1). No ENCODE ChIP-seq data for gm10847 cells. Motif-based prediction.
chr5:95847171-95847190	CTCF	CTCF	0.67	1	Motif match 80% of max PWM score (strand -, rank 1). ENCODE CTCF ChIP-seq: 1 peak(s) overlap this locus in lung cells.
chr8:2544569-2544584	RUNX3	MAFK	0.59	0	Motif match 87% of max PWM score (strand +, rank 1). No ENCODE ChIP-seq overlap for this TF in MCF-7 cells (1 other TF(s) have peaks here). Motif-based prediction.
chr10:41865968-41865979	FOXH1	FOXA2	0.6	0	Motif match 85% of max PWM score (strand +, rank 1). No ENCODE ChIP-seq data for mdamb231 cells. Motif-based prediction.
chr19:44657410-44657429	NR2C2	CTCF	0.59	0	Motif match 85% of max PWM score (strand -, rank 1). No ENCODE peak overlap at this locus in Loucy cells. Motif-based prediction.
chr3:27217119-27217127	GATA3	GATA3	0.52	1	Motif match 83% of max PWM score (strand -, rank 1). No ENCODE ChIP-seq overlap for this TF in SK-N-SH cells (1 other TF(s) have peaks here). Motif-based prediction.
chr3:122257847-122257867	IKZF1	SPI1	0.85	0	Motif match 100% of max PWM score (strand +, rank 1). No ENCODE ChIP-seq data for THP-1 cells. Motif-based prediction.
chr15:73927522-73927534	TFAP2A	TFAP2C	0.72	0	Motif match 92% of max PWM score (strand +, rank 1). No ENCODE ChIP-seq data for UCLA1-hESCs cells. Motif-based prediction.
chr15:70812233-70812252	RFX7	CTCF	0.54	0	Motif match 84% of max PWM score (strand +, rank 1). No ENCODE ChIP-seq overlap for this TF in GM12868 cells (5 other TF(s) have peaks here). Motif-based prediction.
chr3:97971916-97971930	SIX1	RXRB	0.4	0	Motif match 76% of max PWM score (strand -, rank 1). No ENCODE ChIP-seq overlap for this TF in HepG2 cells (48 other TF(s) have peaks here). Motif-based prediction.
chr16:12679834-12679847	GATA2	GATA6	0.85	0	Motif match 100% of max PWM score (strand +, rank 1). No ENCODE ChIP-seq data for definitive-endoderm-from-HUES8 cells. Motif-based prediction.
chr17:67431846-67431863	HOXA5	ESR1	0.48	0	Motif match 78% of max PWM score (strand +, rank 1). No ENCODE ChIP-seq data for mcf7-sictr-e2 cells. Motif-based prediction.
chr4:20427126-20427138	RHOXF1	OTX2	0.67	0	Motif match 89% of max PWM score (strand -, rank 1). No ENCODE ChIP-seq data for D341-Med cells. Motif-based prediction.
chr14:20461660-20461672	TFEB	MYC	0.85	0	Motif match 100% of max PWM score (strand +, rank 1). No ENCODE ChIP-seq data for G401 cells. Motif-based prediction.
chr1:57596124-57596138	SP5	GLIS3	0.85	0	Motif match 100% of max PWM score (strand -, rank 1). No ENCODE ChIP-seq data for H9 cells. Motif-based prediction.
chr15:39741432-39741446	CEBPD	CEBPA	0.31	0	Motif match 62% of max PWM score (strand +, rank 1). No ENCODE ChIP-seq data for mesenchymal-stem-cells-derived-adipocytes cells. Motif-based prediction.
chr17:28647013-28647032	NEUROG2	CTCF	0.85	0	Motif match 100% of max PWM score (strand +, rank 1). No ENCODE ChIP-seq data for THP-1 cells. Motif-based prediction.
chr4:115054994-115055006	FOXD1	FOXA1	0.85	0	Motif match 100% of max PWM score (strand -, rank 1). No ENCODE ChIP-seq data for mcf7-tnf cells. Motif-based prediction.
chr1:109950644-109950661	BCL11A	ESR1	0.39	0	Motif match 76% of max PWM score (strand +, rank 1). No ENCODE ChIP-seq overlap for this TF in MCF7 cells (6 other TF(s) have peaks here). Motif-based prediction.
chr6:12010754-12010767	HOXC4	JUND	0.31	0	Motif match 63% of max PWM score (strand +, rank 1). No ENCODE ChIP-seq data for H1-hESC cells. Motif-based prediction.
chr10:93977636-93977655	CTCF	CTCF	0.53	1	Motif match 72% of max PWM score (strand -, rank 4). ENCODE CTCF ChIP-seq: 1 peak(s) overlap this locus in k562 cells. ZNF549 has higher motif score (100%) but no ENCODE evidence in k562.
chr6:129684119-129684129	JUND	FOSL2	1.0	0	Motif match 100% of max PWM score (strand +, rank 5). ENCODE JUND ChIP-seq: 1 peak(s) overlap this locus in A549 cells. BATF has higher motif score (100%) but no ENCODE evidence in A549.
chr3:181850407-181850427	ZKSCAN5	SPI1	0.3	0	Motif match 70% of max PWM score (strand -, rank 1). No ENCODE ChIP-seq overlap for this TF in GM12891 cells (1 other TF(s) have peaks here). Motif-based prediction.
chr11:120229979-120229998	CREB1	CTCF	0.8	0	Motif match 100% of max PWM score (strand +, rank 1). No ENCODE ChIP-seq overlap for this TF in GM12873 cells (1 other TF(s) have peaks here). Motif-based prediction.
chr18:78056197-78056208	HAND2	MAX	0.85	0	Motif match 100% of max PWM score (strand -, rank 1). No ENCODE ChIP-seq data for MKL-1 cells. Motif-based prediction.
chr5:76458229-76458240	GATA3	GATA1	0.51	0	Motif match 80% of max PWM score (strand +, rank 1). No ENCODE ChIP-seq data for CD34 cells. Motif-based prediction.
chr2:162424809-162424826	NR2C1	ESR1	0.84	0	Motif match 100% of max PWM score (strand -, rank 1). No ENCODE peak overlap at this locus in MCF7 cells. Motif-based prediction.
chr17:61403459-61403470	FOXD1	FOXA2	0.85	0	Motif match 100% of max PWM score (strand -, rank 1). No ENCODE peak overlap at this locus in BJ cells. Motif-based prediction.
chr15:51759984-51760003	CTCFL	CTCF	0.85	0	Motif match 100% of max PWM score (strand -, rank 1). No ENCODE ChIP-seq data for H1-hESC cells. Motif-based prediction.
chr6:36914638-36914657	NKX2-3	CTCF	0.55	0	Motif match 82% of max PWM score (strand -, rank 1). No ENCODE ChIP-seq data for epidermal-keratinocytes cells. Motif-based prediction.
chr10:102267898-102267910	BATF	JUNB	0.85	0	Motif match 100% of max PWM score (strand -, rank 1). No ENCODE ChIP-seq data for MCF10A-ER-Src cells. Motif-based prediction.
chr14:77948966-77948978	FOXP3	FOXA1	0.56	0	Motif match 83% of max PWM score (strand -, rank 1). No ENCODE ChIP-seq data for mdamb453 cells. Motif-based prediction.
chr7:16078248-16078267	ZEB1	CTCF	0.85	0	Motif match 100% of max PWM score (strand -, rank 1). No ENCODE ChIP-seq data for THP-1 cells. Motif-based prediction.
chr1:183882509-183882523	NFIL3	CEBPA	0.34	0	Motif match 68% of max PWM score (strand -, rank 1). No ENCODE ChIP-seq data for U937 cells. Motif-based prediction.
chr11:20713100-20713119	ELF3	CTCF	0.34	0	Motif match 68% of max PWM score (strand -, rank 1). No ENCODE ChIP-seq data for h1-mesen cells. Motif-based prediction.
chr1:233909298-233909310	TEAD4	TEAD4	0.85	1	Motif match 100% of max PWM score (strand +, rank 1). No ENCODE ChIP-seq data for mdamb231 cells. Motif-based prediction.
chr3:140029124-140029144	ZNF384	SPI1	0.85	0	Motif match 100% of max PWM score (strand -, rank 1). No ENCODE ChIP-seq data for cd34-adult cells. Motif-based prediction.
chr12:67721232-67721249	HOXA9	AR	0.23	0	Motif match 56% of max PWM score (strand -, rank 1). No ENCODE ChIP-seq overlap for this TF in HEK293 cells (1 other TF(s) have peaks here). Motif-based prediction.
chr16:70048294-70048307	GATA5	GATA6	0.81	0	Motif match 98% of max PWM score (strand +, rank 1). No ENCODE ChIP-seq data for HUES64 cells. Motif-based prediction.
chr8:66493567-66493579	PITX1	OTX2	0.85	0	Motif match 100% of max PWM score (strand -, rank 1). No ENCODE ChIP-seq data for D341-Med cells. Motif-based prediction.
chr12:106136358-106136377	CTCFL	CTCF	0.55	0	Motif match 82% of max PWM score (strand -, rank 1). No ENCODE ChIP-seq data for MCF7L-P-immortalized-breast-epithelial-cell-line- cells. Motif-based prediction.
chr14:32202940-32202957	NR2C2	ESR1	0.85	0	Motif match 100% of max PWM score (strand -, rank 1). No ENCODE ChIP-seq data for U2OS cells. Motif-based prediction.
chr10:88150158-88150169	FOXO4	FOXA2	0.32	0	Motif match 64% of max PWM score (strand +, rank 1). No ENCODE peak overlap at this locus in BJ cells. Motif-based prediction.
chr8:31464646-31464665	PRDM1	CTCF	0.25	0	Motif match 49% of max PWM score (strand +, rank 1). No ENCODE ChIP-seq data for lymphoblastoid-cells cells. Motif-based prediction.
chr12:25458485-25458499	MSX1	SMAD3	0.85	0	Motif match 100% of max PWM score (strand +, rank 1). No ENCODE ChIP-seq data for HCC1954 cells. Motif-based prediction.
chr20:36406437-36406450	BATF	FOS	0.85	0	Motif match 100% of max PWM score (strand -, rank 1). No ENCODE ChIP-seq data for MCF10A-ER-Src cells. Motif-based prediction.
chr5:40134186-40134206	IKZF2	SPI1	0.85	0	Motif match 100% of max PWM score (strand -, rank 1). No ENCODE ChIP-seq data for monocyte-derived-macrophages cells. Motif-based prediction.
chr11:60100619-60100639	IKZF2	SPI1	0.85	0	Motif match 100% of max PWM score (strand +, rank 1). No ENCODE ChIP-seq data for monocyte-derived-macrophages cells. Motif-based prediction.
chr9:78032512-78032522	HOXA9	MYB	0.25	0	Motif match 50% of max PWM score (strand +, rank 1). No ENCODE ChIP-seq data for AML cells. Motif-based prediction.
chrX:24846086-24846103	TEAD2	AR	0.32	0	Motif match 63% of max PWM score (strand +, rank 1). No ENCODE ChIP-seq data for LNCaP-C4-2 cells. Motif-based prediction.
chr4:71377813-71377825	BATF	JUN	0.85	0	Motif match 100% of max PWM score (strand -, rank 1). No ENCODE ChIP-seq data for MCF10A-ER-Src cells. Motif-based prediction.
chr10:13107712-13107723	FOXL1	FOXA2	0.61	0	Motif match 85% of max PWM score (strand +, rank 1). No ENCODE ChIP-seq data for esc-h9 cells. Motif-based prediction.
chr14:49770482-49770495	HNF4A	HNF4A	1.0	1	Motif match 100% of max PWM score (strand -, rank 1). ENCODE HNF4A ChIP-seq: 1 peak(s) overlap this locus in HepG2 cells.
chr7:105304072-105304087	SNAI1	THRB	0.28	0	Motif match 65% of max PWM score (strand +, rank 1). No ENCODE ChIP-seq overlap for this TF in HepG2 cells (41 other TF(s) have peaks here). Motif-based prediction.
chr9:103320177-103320196	ZNF354C	CTCF	0.54	0	Motif match 82% of max PWM score (strand -, rank 1). No ENCODE ChIP-seq data for NB69 cells. Motif-based prediction.
chr4:152996357-152996369	TFAP2E	TFAP2C	0.38	0	Motif match 72% of max PWM score (strand -, rank 1). No ENCODE ChIP-seq data for WA09 cells. Motif-based prediction.
chr17:32111537-32111556	ZNF417	CTCF	0.8	0	Motif match 100% of max PWM score (strand -, rank 1). No ENCODE ChIP-seq overlap for this TF in GM12868 cells (1 other TF(s) have peaks here). Motif-based prediction.
chr14:100240163-100240182	RELB	CTCF	0.33	0	Motif match 65% of max PWM score (strand -, rank 1). No ENCODE peak overlap at this locus in BJ cells. Motif-based prediction.
chr16:2970259-2970278	YY2	CTCF	0.31	0	Motif match 70% of max PWM score (strand +, rank 1). No ENCODE ChIP-seq overlap for this TF in osteoblast cells (1 other TF(s) have peaks here). Motif-based prediction.
chr10:25493861-25493878	SOX15	AR	0.58	0	Motif match 84% of max PWM score (strand -, rank 1). No ENCODE ChIP-seq data for plhsar-foxa1-hoxb13 cells. Motif-based prediction.
chr3:119913168-119913179	SOX13	SOX2	0.85	0	Motif match 100% of max PWM score (strand +, rank 1). No ENCODE ChIP-seq data for ipsc cells. Motif-based prediction.
chr7:145797684-145797695	GATA2	GATA2	1.0	1	Motif match 100% of max PWM score (strand -, rank 1). ENCODE GATA2 ChIP-seq: 1 peak(s) overlap this locus in K562 cells.
chr9:74578182-74578201	NR2C1	CTCF	0.79	0	Motif match 100% of max PWM score (strand +, rank 1). No ENCODE ChIP-seq overlap for this TF in A549 cells (2 other TF(s) have peaks here). Motif-based prediction.
chr1:35810308-35810318	FOSB	JUNB	0.49	0	Motif match 79% of max PWM score (strand +, rank 1). No ENCODE ChIP-seq data for MCF10A-ER-Src cells. Motif-based prediction.
chr12:56840079-56840098	PLAGL2	CTCF	0.51	0	Motif match 80% of max PWM score (strand +, rank 1). No ENCODE ChIP-seq data for zr751 cells. Motif-based prediction.
chr9:31970363-31970373	CEBPD	CEBPB	0.5	0	Motif match 79% of max PWM score (strand +, rank 1). No ENCODE ChIP-seq data for hmsc-dmi-low cells. Motif-based prediction.
chr5:175760433-175760453	ZKSCAN5	SPI1	0.56	0	Motif match 82% of max PWM score (strand +, rank 1). No ENCODE ChIP-seq data for THP-1 cells. Motif-based prediction.
chr11:41094162-41094182	IKZF2	SPI1	0.85	0	Motif match 100% of max PWM score (strand -, rank 1). No ENCODE ChIP-seq data for THP-1 cells. Motif-based prediction.
chr3:9067535-9067554	NKX2-4	CTCF	0.27	0	Motif match 64% of max PWM score (strand -, rank 1). No ENCODE ChIP-seq overlap for this TF in A549 cells (3 other TF(s) have peaks here). Motif-based prediction.
chr3:130821132-130821142	FOSL2	JUNB	0.89	0	Motif match 94% of max PWM score (strand -, rank 8). ENCODE FOSL2 ChIP-seq: 1 peak(s) overlap this locus in A549 cells. BATF has higher motif score (100%) but no ENCODE evidence in A549.
chr1:205288395-205288405	MEIS3	TBX21	0.44	0	Motif match 75% of max PWM score (strand -, rank 1). No ENCODE ChIP-seq data for Th1-cells cells. Motif-based prediction.
chr17:44385573-44385590	RHOXF1	NR3C1	0.61	0	Motif match 89% of max PWM score (strand -, rank 1). No ENCODE ChIP-seq overlap for this TF in MCF7 cells (2 other TF(s) have peaks here). Motif-based prediction.
chr16:2876136-2876146	PGR	MYB	0.73	0	Motif match 93% of max PWM score (strand +, rank 1). No ENCODE ChIP-seq data for PF-382 cells. Motif-based prediction.
chr22:29625755-29625774	ZNF354C	CTCF	0.51	0	Motif match 79% of max PWM score (strand +, rank 1). No ENCODE ChIP-seq data for THP-1 cells. Motif-based prediction.
chr2:207912917-207912928	FOXL1	FOXA2	0.61	0	Motif match 85% of max PWM score (strand +, rank 1). No ENCODE ChIP-seq data for KerCT cells. Motif-based prediction.
chr12:108169-108188	ZNF317	CTCF	0.29	0	Motif match 68% of max PWM score (strand -, rank 1). No ENCODE ChIP-seq overlap for this TF in PANC1 cells (1 other TF(s) have peaks here). Motif-based prediction.
chr17:81404761-81404771	BHLHE22	ASCL1	0.85	0	Motif match 100% of max PWM score (strand +, rank 1). No ENCODE ChIP-seq data for sclc-asclp cells. Motif-based prediction.
chr2:195898695-195898706	MXI1	MYC	0.8	0	Motif match 100% of max PWM score (strand +, rank 1). No ENCODE ChIP-seq overlap for this TF in MCF10A cells (1 other TF(s) have peaks here). Motif-based prediction.
chr3:167814710-167814723	BARHL2	JUN	0.24	0	Motif match 58% of max PWM score (strand +, rank 1). No ENCODE ChIP-seq overlap for this TF in A549 cells (7 other TF(s) have peaks here). Motif-based prediction.
chr15:83284717-83284729	ARNT	MYC	0.49	0	Motif match 82% of max PWM score (strand +, rank 1). No ENCODE ChIP-seq overlap for this TF in MCF10A cells (1 other TF(s) have peaks here). Motif-based prediction.
chr20:63957235-63957245	BATF	JUND	0.85	0	Motif match 100% of max PWM score (strand -, rank 1). No ENCODE ChIP-seq data for Calu-3 cells. Motif-based prediction.
chr18:51384634-51384653	CTCFL	CTCF	0.48	0	Motif match 81% of max PWM score (strand -, rank 1). No ENCODE ChIP-seq overlap for this TF in HeLa-S3 cells (1 other TF(s) have peaks here). Motif-based prediction.
chr6:23177735-23177749	RELB	TFAP2A	0.34	0	Motif match 69% of max PWM score (strand +, rank 1). No ENCODE ChIP-seq data for cranial-neural-crest-cells cells. Motif-based prediction.
chr10:88553351-88553370	MXI1	CTCF	0.85	0	Motif match 100% of max PWM score (strand +, rank 1). No ENCODE ChIP-seq data for TTC-1240 cells. Motif-based prediction.
chr12:34453201-34453219	POU5F1	TP53	0.35	0	Motif match 69% of max PWM score (strand +, rank 1). No ENCODE ChIP-seq data for u2os-uv-16h cells. Motif-based prediction.
chr13:68893797-68893810	BHLHE22	TCF4	0.85	0	Motif match 100% of max PWM score (strand +, rank 1). No ENCODE ChIP-seq data for SU-DHL-2 cells. Motif-based prediction.
chr18:50764783-50764795	FOXA2	FOXA1	0.41	0	Motif match 74% of max PWM score (strand -, rank 1). No ENCODE peak overlap at this locus in VCaP cells. Motif-based prediction.
chr20:43950395-43950415	IKZF2	SPI1	0.85	0	Motif match 100% of max PWM score (strand -, rank 1). No ENCODE ChIP-seq data for k562-nabut cells. Motif-based prediction.
chr1:96474021-96474035	EBF3	TFAP2C	0.53	0	Motif match 81% of max PWM score (strand -, rank 1). No ENCODE ChIP-seq data for skbr3 cells. Motif-based prediction.
chr13:109799774-109799791	DMRT3	AR	0.85	0	Motif match 100% of max PWM score (strand -, rank 1). No ENCODE ChIP-seq data for VCS2 cells. Motif-based prediction.
chr6:53828527-53828538	FOXO4	FOXA2	0.58	0	Motif match 84% of max PWM score (strand -, rank 1). No ENCODE ChIP-seq data for KerCT cells. Motif-based prediction.
chr2:190372599-190372611	FOXA2	FOXA1	0.64	0	Motif match 87% of max PWM score (strand -, rank 1). No ENCODE ChIP-seq data for ZR-75-1 cells. Motif-based prediction.
chr2:70862073-70862084	FOXP2	FOXA2	0.42	0	Motif match 74% of max PWM score (strand -, rank 1). No ENCODE ChIP-seq data for definitive-endoderm-dEN cells. Motif-based prediction.
chrX:123201895-123201912	CREB1	RXRA	0.44	0	Motif match 78% of max PWM score (strand -, rank 1). No ENCODE ChIP-seq overlap for this TF in liver cells (4 other TF(s) have peaks here). Motif-based prediction.
chr9:114098361-114098373	ZBTB14	E2F1	0.51	0	Motif match 83% of max PWM score (strand -, rank 1). No ENCODE ChIP-seq overlap for this TF in MCF7 cells (4 other TF(s) have peaks here). Motif-based prediction.
chr13:99766709-99766728	ZNF354C	CTCF	0.81	0	Motif match 98% of max PWM score (strand -, rank 1). No ENCODE ChIP-seq data for h1-neur cells. Motif-based prediction.
chr1:201149868-201149885	NR2C2	ESR1	0.8	0	Motif match 100% of max PWM score (strand +, rank 1). No ENCODE ChIP-seq overlap for this TF in MCF7 cells (6 other TF(s) have peaks here). Motif-based prediction.
chr16:15660500-15660515	PRDM4	NFE2L2	0.61	0	Motif match 89% of max PWM score (strand -, rank 1). No ENCODE ChIP-seq overlap for this TF in K562 cells (15 other TF(s) have peaks here). Motif-based prediction.
chr7:4837910-4837920	NEUROG2	NEUROG2	0.85	1	Motif match 100% of max PWM score (strand -, rank 1). No ENCODE ChIP-seq data for MRC-5 cells. Motif-based prediction.
chr19:30023595-30023607	FOXL1	FOXA1	0.61	0	Motif match 85% of max PWM score (strand -, rank 1). No ENCODE ChIP-seq data for lncap-dht-tnfa cells. Motif-based prediction.
chr8:128109748-128109762	NFATC3	ELF3	0.32	0	Motif match 65% of max PWM score (strand +, rank 1). No ENCODE ChIP-seq data for pdac-koklf5 cells. Motif-based prediction.
chr10:13161539-13161552	SP2	SP3	0.84	0	Motif match 90% of max PWM score (strand +, rank 1). ENCODE SP2 ChIP-seq: 1 peak(s) overlap this locus in HEK293 cells.
chr1:75532302-75532314	FOXD1	FOXA1	0.85	0	Motif match 100% of max PWM score (strand -, rank 1). No ENCODE ChIP-seq data for lncap-abl-shcreb1 cells. Motif-based prediction.
chr2:29081728-29081748	SPIB	SPI1	0.44	0	Motif match 75% of max PWM score (strand +, rank 1). No ENCODE ChIP-seq data for MDM-monocyte-derived-macrophages- cells. Motif-based prediction.
chr6:8499750-8499763	NFATC3	TEAD1	0.45	0	Motif match 76% of max PWM score (strand -, rank 1). No ENCODE peak overlap at this locus in T47D cells. Motif-based prediction.
chr12:115794914-115794933	NR2C2	CTCF	0.85	0	Motif match 100% of max PWM score (strand +, rank 1). No ENCODE ChIP-seq data for lymphoblastoid-cells cells. Motif-based prediction.
chr5:95748348-95748365	HIC2	NR3C1	0.85	0	Motif match 100% of max PWM score (strand +, rank 1). No ENCODE peak overlap at this locus in MCF7 cells. Motif-based prediction.
chr4:112214864-112214883	CTCF	CTCF	0.56	1	Motif match 73% of max PWM score (strand +, rank 10). ENCODE CTCF ChIP-seq: 1 peak(s) overlap this locus in osteoblast cells. ZEB1 has higher motif score (100%) but no ENCODE evidence in osteoblast.
chrX:72030110-72030122	JUND	ATF3	1.0	0	Motif match 100% of max PWM score (strand +, rank 6). ENCODE JUND ChIP-seq: 2 peak(s) overlap this locus in liver cells. FOS has higher motif score (100%) but no ENCODE evidence in liver.
chr8:139023286-139023305	ZKSCAN1	CTCF	0.44	0	Motif match 75% of max PWM score (strand +, rank 1). No ENCODE ChIP-seq data for gm19240 cells. Motif-based prediction.
chr19:29671529-29671546	SRY	ESR1	0.3	0	Motif match 60% of max PWM score (strand -, rank 1). No ENCODE ChIP-seq data for ZR-75-1 cells. Motif-based prediction.
chr4:109435277-109435289	FOXD1	FOXA1	0.85	0	Motif match 100% of max PWM score (strand -, rank 1). No ENCODE peak overlap at this locus in LNCaP cells. Motif-based prediction.
chr12:5913129-5913148	HINFP	CTCF	0.35	0	Motif match 70% of max PWM score (strand -, rank 1). No ENCODE peak overlap at this locus in T47D cells. Motif-based prediction.
chr6:10492058-10492070	NFYA	FOS	0.8	0	Motif match 100% of max PWM score (strand +, rank 1). No ENCODE ChIP-seq overlap for this TF in K562 cells (8 other TF(s) have peaks here). Motif-based prediction.
chr19:15836971-15836987	ARNT	CREM	0.8	0	Motif match 100% of max PWM score (strand -, rank 1). No ENCODE ChIP-seq overlap for this TF in K562 cells (93 other TF(s) have peaks here). Motif-based prediction.
chr1:161921145-161921155	BHLHE22	ASCL1	0.85	0	Motif match 100% of max PWM score (strand +, rank 1). No ENCODE ChIP-seq data for h889 cells. Motif-based prediction.
chr6:128569938-128569948	JUND	FOSL2	1.0	0	Motif match 100% of max PWM score (strand +, rank 5). ENCODE JUND ChIP-seq: 1 peak(s) overlap this locus in A549 cells. BATF has higher motif score (100%) but no ENCODE evidence in A549.
chr3:143973240-143973259	MSANTD3	CTCF	0.5	0	Motif match 79% of max PWM score (strand -, rank 1). No ENCODE ChIP-seq data for hepatocytes cells. Motif-based prediction.
chr7:21428113-21428130	ZNF331	NR3C1	0.3	0	Motif match 70% of max PWM score (strand +, rank 1). No ENCODE ChIP-seq overlap for this TF in MCF7 cells (5 other TF(s) have peaks here). Motif-based prediction.
chr14:77213568-77213582	IKZF2	GABPA	0.8	0	Motif match 100% of max PWM score (strand -, rank 1). No ENCODE ChIP-seq overlap for this TF in GM12878 cells (5 other TF(s) have peaks here). Motif-based prediction.
chr1:53399908-53399922	TFEB	USF2	0.8	0	Motif match 100% of max PWM score (strand +, rank 1). No ENCODE ChIP-seq overlap for this TF in HepG2 cells (2 other TF(s) have peaks here). Motif-based prediction.
chr8:131856884-131856896	EBF3	TFAP2C	0.3	0	Motif match 60% of max PWM score (strand -, rank 1). No ENCODE ChIP-seq data for a375-dmso cells. Motif-based prediction.
chr3:81302145-81302164	CTCF	CTCF	0.78	1	Motif match 84% of max PWM score (strand +, rank 2). ENCODE CTCF ChIP-seq: 3 peak(s) overlap this locus in foreskin-keratinocyte cells. HIC2 has higher motif score (98%) but no ENCODE evidence in foreskin-keratinocyte.
chr8:48621991-48622003	FOXL1	FOXA1	0.51	0	Motif match 82% of max PWM score (strand -, rank 1). No ENCODE ChIP-seq overlap for this TF in MCF7 cells (7 other TF(s) have peaks here). Motif-based prediction.
chr1:166952614-166952627	TEAD2	TEAD1	0.51	0	Motif match 80% of max PWM score (strand -, rank 1). No ENCODE ChIP-seq data for hucct1 cells. Motif-based prediction.
chr19:44714776-44714788	YY1	YY1	0.8	1	Motif match 97% of max PWM score (strand +, rank 1). No ENCODE peak overlap at this locus in HCT116 cells. Motif-based prediction.
chr9:17531838-17531857	VEZF1	CTCF	0.85	0	Motif match 100% of max PWM score (strand -, rank 1). No ENCODE peak overlap at this locus in OCI-LY7 cells. Motif-based prediction.
chr2:118046824-118046843	NEUROG2	CTCF	0.85	0	Motif match 100% of max PWM score (strand +, rank 1). No ENCODE ChIP-seq data for breast-epithelial-cells cells. Motif-based prediction.
chr20:13870540-13870559	ARNT	CTCF	0.54	0	Motif match 82% of max PWM score (strand -, rank 1). No ENCODE peak overlap at this locus in GM12865 cells. Motif-based prediction.
chr3:185859758-185859769	FOXA1	ETV5	1.0	0	Motif match 100% of max PWM score (strand +, rank 9). ENCODE FOXA1 ChIP-seq: 1 peak(s) overlap this locus in HepG2 cells. FOXD1 has higher motif score (100%) but no ENCODE evidence in HepG2.
chr6:158626296-158626313	ZNF189	AR	0.53	0	Motif match 81% of max PWM score (strand -, rank 1). No ENCODE ChIP-seq data for pc3-r1881 cells. Motif-based prediction.
chr17:44988370-44988380	ARNT	MAX	0.54	0	Motif match 82% of max PWM score (strand -, rank 1). No ENCODE ChIP-seq data for H1-hESC cells. Motif-based prediction.
chr14:77307294-77307307	RELA	NFKB2	0.68	0	Motif match 90% of max PWM score (strand -, rank 1). No ENCODE ChIP-seq data for l1236 cells. Motif-based prediction.
chr3:146599824-146599841	HIC2	ESR1	0.85	0	Motif match 100% of max PWM score (strand +, rank 1). No ENCODE ChIP-seq data for mcf7-shctr-e2-tnf cells. Motif-based prediction.
chr8:90917753-90917772	NR2C2	CTCF	0.85	0	Motif match 100% of max PWM score (strand -, rank 1). No ENCODE ChIP-seq data for PC3-bone-mets-prostate-adenocarcinoma- cells. Motif-based prediction.
chr1:234980753-234980771	TCF7	RARA	0.88	0	Motif match 93% of max PWM score (strand -, rank 2). ENCODE TCF7 ChIP-seq: 1 peak(s) overlap this locus in HepG2 cells. TCF7L2 has higher motif score (93%) but no ENCODE evidence in HepG2.
chr7:21024229-21024248	MEIS3	CTCF	0.44	0	Motif match 75% of max PWM score (strand -, rank 1). No ENCODE peak overlap at this locus in T47D cells. Motif-based prediction.
chr7:27540292-27540309	IKZF2	AR	0.85	0	Motif match 100% of max PWM score (strand -, rank 1). No ENCODE ChIP-seq data for vcap-r1881-4h cells. Motif-based prediction.
chr5:170936867-170936879	FOXD1	FOXA1	0.85	0	Motif match 100% of max PWM score (strand +, rank 1). No ENCODE ChIP-seq data for zr751-dex cells. Motif-based prediction.
chr2:200901673-200901692	NEUROG2	CTCF	0.85	0	Motif match 100% of max PWM score (strand +, rank 1). No ENCODE ChIP-seq data for PrEC cells. Motif-based prediction.
chr3:65817854-65817871	SOX13	AR	0.85	0	Motif match 100% of max PWM score (strand +, rank 1). No ENCODE peak overlap at this locus in 22RV1 cells. Motif-based prediction.
chr1:104984-105003	ZEB1	CTCF	0.85	0	Motif match 100% of max PWM score (strand +, rank 1). No ENCODE peak overlap at this locus in HeLa-S3 cells. Motif-based prediction.
chr3:69717597-69717609	BATF3	FOS	0.46	0	Motif match 77% of max PWM score (strand +, rank 1). No ENCODE ChIP-seq data for MCF10A-ER-Src cells. Motif-based prediction.
chr11:130089582-130089594	FOXD1	FOXA1	0.85	0	Motif match 100% of max PWM score (strand -, rank 1). No ENCODE ChIP-seq data for t47d-dex cells. Motif-based prediction.
chr12:132427216-132427226	DMRTA2	RELA	0.21	0	Motif match 53% of max PWM score (strand +, rank 1). No ENCODE ChIP-seq overlap for this TF in A549 cells (1 other TF(s) have peaks here). Motif-based prediction.
chr17:75352217-75352234	ZNF341	AR	0.36	0	Motif match 71% of max PWM score (strand +, rank 1). No ENCODE ChIP-seq data for CWR22 cells. Motif-based prediction.
chr2:133561239-133561258	HIC2	CTCF	0.25	0	Motif match 59% of max PWM score (strand -, rank 1). No ENCODE ChIP-seq overlap for this TF in transverse-colon cells (1 other TF(s) have peaks here). Motif-based prediction.
chr5:78700003-78700013	BATF	JUN	0.85	0	Motif match 100% of max PWM score (strand +, rank 1). No ENCODE ChIP-seq data for HAEC cells. Motif-based prediction.
chr6:42452348-42452362	ELF1	ELF1	0.73	1	Motif match 84% of max PWM score (strand +, rank 15). ENCODE ELF1 ChIP-seq: 1 peak(s) overlap this locus in MCF7 cells. IKZF2 has higher motif score (100%) but no ENCODE evidence in MCF7.
chr4:71550879-71550891	TEAD2	TEAD4	0.32	0	Motif match 63% of max PWM score (strand -, rank 1). No ENCODE ChIP-seq data for mdamb231 cells. Motif-based prediction.
chr12:85468917-85468929	FOXL1	FOXA1	0.61	0	Motif match 85% of max PWM score (strand -, rank 1). No ENCODE ChIP-seq data for mdamb453 cells. Motif-based prediction.
chr20:45368399-45368409	ZNF354C	RELA	0.45	0	Motif match 76% of max PWM score (strand +, rank 1). No ENCODE ChIP-seq data for monocyte-derived-macrophages cells. Motif-based prediction.
chr8:30339661-30339673	FOXD1	FOXA1	0.85	0	Motif match 100% of max PWM score (strand -, rank 1). No ENCODE ChIP-seq data for mcf7-e2 cells. Motif-based prediction.
chr10:28818467-28818484	BSX	AR	0.35	0	Motif match 69% of max PWM score (strand +, rank 1). No ENCODE ChIP-seq data for vcap-dhat-2h cells. Motif-based prediction.
chrX:120309693-120309710	PRDM1	PBX3	0.25	0	Motif match 61% of max PWM score (strand +, rank 1). No ENCODE ChIP-seq overlap for this TF in GM12878 cells (43 other TF(s) have peaks here). Motif-based prediction.
chr7:150976842-150976859	RHOXF1	AR	0.79	0	Motif match 100% of max PWM score (strand -, rank 1). No ENCODE ChIP-seq overlap for this TF in HEK293 cells (8 other TF(s) have peaks here). Motif-based prediction.
chrX:72046523-72046531	GATA3	GATA3	0.35	1	Motif match 70% of max PWM score (strand -, rank 1). No ENCODE ChIP-seq data for jurkat cells. Motif-based prediction.
chr6:145339182-145339194	FOXD1	FOXA1	0.85	0	Motif match 100% of max PWM score (strand -, rank 1). No ENCODE peak overlap at this locus in LNCaP cells. Motif-based prediction.
chr11:75240506-75240516	BHLHE40	BHLHE40	0.72	1	Motif match 83% of max PWM score (strand +, rank 8). ENCODE BHLHE40 ChIP-seq: 1 peak(s) overlap this locus in K562 cells. CLOCK has higher motif score (100%) but no ENCODE evidence in K562.
chr17:48456744-48456758	TFEB	USF2	0.85	0	Motif match 100% of max PWM score (strand -, rank 1). No ENCODE ChIP-seq data for H1-hESC cells. Motif-based prediction.
