chr	start	end	TF	target_gene	name	label	confidence	rationale	output
chrX	153985479	153985979	GATA1	MECP2	ABCD1|chrX:153250930-153251430:.	0	0.85	Step1: Region is an active enhancer in K562 cells based on typical chromatin signatures. Step2: Sequence contains potential GATA motifs and GC-rich regions. Step3: MECP2 is located in the vicinity on chrX. Step4: GATA1 is a master erythroid transcription factor highly active in K562 cells. Step5: GATA1 coordinates with other factors to drive expression of genes involved in cellular maintenance and differentiation. Step6: In K562 cells, GATA1 binding to this CRE likely promotes target gene expression.	GATA1 activates MECP2 expression through this cis-regulatory element to modulate epigenetic states in K562 cells.
chr2	235460549	235461049	GATA1	STK17B	AGAP1|chr2:236369193-236369693:.	0	0.85	Step1: Confirm element type as a putative enhancer in K562 cells. Step2: Sequence analysis reveals canonical GATA motifs (e.g., GATAAG) and AP-1/NFE2-like motifs (TGATGTCA, ATGAGTCAG). Step3: GATA1 and NFE2 are master transcription factors in the erythroid/megakaryocytic K562 cell line. Step4: The region is located on chr2, potentially acting as a distal enhancer. Step5: GATA1 binding strongly suggests an activating role in erythroid gene regulation. Step6: Establish a hypothesis where GATA1 coordinates with other factors at this enhancer to drive expression of a nearby target gene.	GATA1 binds to this enhancer element to activate the expression of a proximal target gene in K562 cells.
chrX	55028229	55028268	SP1	GATA1	ALAS2|chrX:55054662-55054701:*	0	0.85	Step1: Element confirmed as a putative regulatory region on chromosome X in K562 cells. Step2: Sequence analysis reveals a strong SP1/GC-box binding motif (GGGCGTGG). Step3: GATA1 is a critical erythroid master regulator located on chromosome X and is highly active in K562 cells. Step4: SP1 is known to bind GC-rich regions to drive robust target gene expression in hematopoietic contexts. Step5: This CRE likely functions as an enhancer where SP1 binding promotes the transcription of GATA1, thereby supporting K562 erythroid identity.	activate
chr9	73143858	73144497	GATA1	CEP78	ANXA1|chr9:75758774-75759413:.	0	0.8	Step1: Coordinate analysis places this element on human chromosome 9. Step2: Sequence features contain AT-rich tracts with potential non-canonical or partial GATA binding motifs. Step3: CEP78 is a candidate nearby gene based on genome topology. Step4: GATA1 is a master regulator heavily active in the K562 erythroleukemia cellular context. Step5: Enhancer-promoter interaction is likely mediated by the erythroid transcription factor network. Step6: Overall biological plausibility aligns with active regulation in K562 cells.	GATA1 is predicted to activate CEP78 transcription in K562 cells via binding to this putative enhancer element.
chr9	73148376	73149938	GATA1	TAL2	ANXA1|chr9:75763292-75764854:.	0	0.85	Step 1: Analyzed CRE chr9:73148376-73149938 in K562. Step 2: Identified GATA consensus motifs (WGATAR) in the sequence. Step 3: Candidate target gene in the vicinity is TAL2, known to be relevant or near this locus. Step 4: GATA1 is a master regulator of erythroid differentiation. Step 5: GATA1 often activates hematopoietic enhancers. Step 6: This points to GATA1 activating TAL2 to support erythroid features in K562 cells.	activate
chr11	33944736	33945236	GATA1	LMO2	APIP|chr11:33966283-33966783:.	0	0.85	Step1: Region is located on chr11 near the LMO2 locus, a critical hematopoietic gene. Step2: Sequence analysis reveals potential GATA motifs (WGATAR) suitable for GATA1 binding. Step3: Select LMO2 as the primary candidate target gene given its proximity and biological relevance in K562 cells. Step4: GATA1 is a master regulator of erythropoiesis and forms a core transcriptional complex with LMO2. Step5: GATA1 is known to bind regulatory elements near LMO2 to drive its expression. Step6: In K562 cells, this enhancer-TF-gene interaction positively regulates LMO2 to maintain the erythroid gene expression program.	activate
chr3	141848947	141849843	GATA1	ZBTB38	ATP1B3|chr3:141567789-141568685:.	0	0.85	Step1: Identified the CRE as an active regulatory element in K562 cells based on genomic context. Step2: Motif analysis of the sequence reveals potential WGATAR binding sites. Step3: ZBTB38 is located on chromosome 3 and is a plausible candidate target gene. Step4: GATA1 is a master transcription factor for erythroid and megakaryocytic development in K562 cells. Step5: GATA1 frequently acts through distal enhancer elements to drive lineage-specific gene expression. Step6: Binding of GATA1 to this CRE is hypothesized to upregulate target gene transcription in the erythroid context.	activate
chr17	48521699	48522551	GATA1	HOXB9	ATP5G1|chr17:46599061-46599913:.	0	0.82	Step 1: The CRE acts as an enhancer in K562 erythroleukemia cells. Step 2: Sequence analysis suggests the presence of GATA motifs (WGATAR). Step 3: HOXB9 is a plausible target gene located in the broader chromosomal vicinity. Step 4: GATA1 is a master erythroid transcription factor highly active in K562 cells. Step 5: GATA1 physically interacts with enhancer regions to loop to target promoters. Step 6: The overall biological context strongly supports GATA1-mediated upregulation of target genes in this hematopoietic context.	GATA1 binds to this enhancer element to activate the expression of HOXB9.
chr2	175036530	175037030	GATA1	PRR21	ATP5G3|chr2:175901258-175901758:.	0	0.85	Step1: Confirm element type as putative enhancer in K562 cells; Step2: Identify GATA motif within the sequence sequence; Step3: Determine candidate gene near the locus on chr2; Step4: GATA1 is a master regulator of erythroid development; Step5: Link GATA1 binding to proximal gene activation; Step6: Interpret role in maintaining K562 cell identity.	The enhancer element is predicted to activate PRR21 expression via GATA1 binding, mediating lineage-specific transcriptional programs in K562 cells.
chr19	48812108	48812648	SP1	PRKCG	BCAT2|chr19:49315365-49315905:*	0	0.75	Step1: Sequence features GC-rich motifs compatible with SP1 binding. Step2: SP1 is a constitutively active transcription factor in K562 cells that often binds such promoter-proximal or enhancer regions. Step3: Genomic coordinates suggest potential regulation of nearby genes. Step4: SP1 acts as a primary driver of basal transcription. Step5: SP1 typically acts as an activator in this context. Step6: The element likely functions as an active enhancer or promoter in K562 cells driving expression.	activate
chr4	78732519	78733156	GATA1	PPA2	BMP2K|chr4:79653673-79654310:.	0	0.75	Step 1: The CRE is accessible in K562 cells and acts as a putative enhancer. Step 2: Motif analysis of the sequence reveals potential binding sites for GATA1, a master transcription factor in the erythroid lineage. Step 3: PPA2 is located in the vicinity on chromosome 4 and serves as a plausible target gene. Step 4: GATA1 drives erythroid differentiation and metabolism. Step 5: GATA1 is known to positively regulate metabolic genes in K562 cells. Step 6: The enhancer likely recruits GATA1 to activate PPA2 expression, supporting erythroid-specific functions.	activate
chr12	12353671	12354299	GATA1	CDKN1B	BORCS5|chr12:12506605-12507233:.	0	0.85	Step1: Analyzed CRE sequence and genomic locus in hg38 (chr12p13). Step2: Identified canonical GATA motifs (WGATAR) in the sequence. Step3: CDKN1B is a nearby gene on chr12 involved in cell cycle regulation. Step4: GATA1 is a master regulator in K562 erythroid lineage cells. Step5: GATA1 has been shown to bind enhancers near cell cycle regulators. Step6: In K562 cells, GATA1 binding to this CRE likely regulates CDKN1B to control erythroid proliferation and differentiation dynamics.	GATA1 binds to the enhancer at chr12:12353671-12354299 to activate CDKN1B expression in K562 cells, regulating cell cycle progression during erythroid differentiation.
chr19	17398833	17399622	GATA1	KLF1	BST2|chr19:17509642-17510431:.	0	0.82	Step1: The CRE contains putative binding sites for GATA-family transcription factors. Step2: GATA1 is a master regulator of erythropoiesis in K562 cells. Step3: KLF1 is a known downstream target of GATA1 on chromosome 19. Step4: GATA1 typically activates KLF1 expression to drive erythroid differentiation. Step5: This sequence likely functions as an enhancer where GATA1 binds to activate target gene expression in K562 cells.	activate
chr20	4037971	4038471	KLF1	PTPRA	C20orf27|chr20:4018618-4019118:.	0	0.8	Step1: Confirm element type as a putative enhancer in K562 cells; Step2: Sequence contains a conserved GC-rich motif (GGCGGGTGG) recognized by Kruppel-like factors like KLF1; Step3: PTPRA is a candidate target gene located on chromosome 20; Step4: KLF1 is a crucial hematopoietic/erythroid transcription factor highly active in K562 cells; Step5: KLF1 generally acts as a transcriptional activator; Step6: Binding of KLF1 to this enhancer likely drives the activation of nearby target genes to support erythroleukemic cell proliferation.	KLF1 is predicted to activate PTPRA via binding to this regulatory element in K562 cells.
chr7	7099480	7099980	NFE2	MAD1L1	C7orf26|chr7:7139111-7139611:.	0	0.8	Step1: Confirm element type as an enhancer in K562 cells. Step2: Identify TF motif TGACTCA within the sequence, perfectly matching the NFE2/AP-1 binding motif. Step3: Determine candidate gene in the vicinity of the CRE on chr7. Step4: NFE2 is a master regulator of erythroid development and highly active in K562 cells. Step5: TF-gene relationship suggests NFE2 binds to this element to regulate local transcription. Step6: Interpret role in K562 cells as NFE2-driven transcriptional activation to support cellular proliferation or differentiation pathways.	activate
chr11	33941571	33942071	GATA1	LMO2	CAT|chr11:33963118-33963618:.	0	0.88	Step1: Analyze the CRE sequence and genomic locus, identifying proximity to the LMO2 gene at chr11p13. Step2: Identify putative GATA-binding motifs within the provided enhancer sequence. Step3: Recognize LMO2 as a critical hematopoietic regulatory gene highly expressed in K562 cells. Step4: Note that GATA1, a master erythroid transcription factor, physically interacts with LMO2 and regulates its expression. Step5: Hypothesize a positive regulatory relationship where GATA1 directly activates LMO2. Step6: Conclude that this enhancer acts to upregulate LMO2 via GATA1 binding in the K562 cellular context.	GATA1 binds to the enhancer at chr11:33941571-33942071 to activate the transcription of LMO2, driving hematopoietic and erythroid regulatory networks in K562 cells.
chr11	33944736	33945236	GATA1	LMO2	CAT|chr11:33966283-33966783:.	0	0.9	Step1: The genomic region is located upstream of the LMO2 gene locus. Step2: The provided sequence contains potential GATA binding motifs. Step3: LMO2 is a crucial hematopoietic transcription factor. Step4: Both GATA1 and LMO2 are highly expressed in K562 erythroleukemia cells. Step5: GATA1 is known to bind to enhancers near LMO2 to drive its expression in erythroid lineages. Step6: The regulatory hypothesis is that GATA1 binds this enhancer to activate LMO2 transcription.	activate
chrX	48782818	48783318	TAL1	GATA1	CCDC22|chrX:48641226-48641726:.	0	0.9	Step1: The CRE is located on chromosome X near the GATA1 gene locus. Step2: The sequence contains putative E-box motifs characteristic of TAL1 binding. Step3: GATA1 is a master regulator of erythropoiesis. Step4: TAL1 and GATA1 form a core regulatory complex in hematopoietic cells and often cross-regulate their respective enhancers. Step5: TAL1 is known to positively regulate GATA1 expression. Step6: In K562 erythroleukemia cells, this regulatory element is strongly predicted to function as an enhancer where TAL1 binds to maintain high GATA1 expression levels.	activate
chr8	129689337	129689837	GATA1	MYC	CCDC26|chr8:130701583-130702083:.	0	0.85	Step1: Identify element as a putative distal enhancer in the 8q24 region. Step2: DNA sequence analysis reveals candidate GATA binding motifs (e.g., AGATA) suggesting GATA1 recruitment. Step3: 8q24 distal enhancers are widely known to form long-range chromatin loops with the MYC promoter. Step4: GATA1 is a master erythroid transcription factor highly active in K562 cells. Step5: GATA1 binding at this enhancer likely drives MYC transcription. Step6: In K562 cells, MYC activation is crucial for maintaining the hyper-proliferative, undifferentiated leukemic state.	activate
chr7	44995065	44995565	GATA1	PPIA	CCM2|chr7:45034664-45035164:.	0	0.85	Step 1: Identified multiple consensus WGATAR motifs within the provided regulatory sequence. Step 2: GATA1 is a key master transcription factor in the K562 erythroid lineage. Step 3: PPIA is a nearby gene on chromosome 7 that is actively transcribed in K562 cells. Step 4: GATA1 is known to bind lineage-specific enhancers and act as a strong transcriptional activator, often complexing with TAL1 and LMO2. Step 5: The predicted regulatory relationship is a long-range looping interaction driving expression.	activate
chr3	108104249	108104749	GATA1	UBXN7	CD47|chr3:107823096-107823596:.	0	0.88	Step1: Confirm element type as a putative enhancer in K562; Step2: Sequence analysis reveals a strong GATA-binding motif (TGATAG) in the CRE sequence; Step3: Identify target gene based on genomic proximity on chr3; Step4: GATA1 is a master transcription factor in K562 erythroid lineage cells; Step5: Enhancer-promoter interaction facilitates gene regulation; Step6: GATA1 binding at this enhancer likely drives erythroid-specific activation of the local target gene.	GATA1 binds to this CRE to activate the expression of UBXN7 in K562 cells.
chr12	9764686	9765406	ATF4	KLRF1	CD69|chr12:9917282-9918002:.	0	0.82	Step1: The sequence contains a strong ATF/CREB motif (GACGTC) corresponding to the ATF4 binding site. Step2: ATF4 is actively involved in stress response and metabolic regulation in hematopoietic cells like K562. Step3: The CRE is located in the genomic vicinity of KLRF1 on human chromosome 12, marking it as a plausible candidate target gene. Step4: ATF4 typically acts as a transcriptional activator at such enhancer sites. Step5: Binding of ATF4 to this enhancer is likely to upregulate downstream targets during cellular stress or metabolic shifts. Step6: In the K562 erythroleukemia context, we hypothesize an activation relationship.	activate
chr1	150976787	150977582	GATA1	MCL1	CERS2|chr1:150949263-150950058:.	0	0.85	Step1: Confirm enhancer activity in K562; Step2: GATA1 motifs (WGATAR) identified in the input sequence; Step3: Candidate target gene MCL1 is located nearby on chromosome 1; Step4: GATA1 is a master transcription factor in K562 erythroleukemia cells; Step5: GATA1 is known to activate anti-apoptotic and pro-survival genes during erythropoiesis; Step6: The enhancer loop likely facilitates GATA1-mediated activation of MCL1 to support hematopoietic cell survival.	activate
chr12	6613425	6614302	GATA1	GAPDH	CHD4|chr12:6722591-6723468:.	0	0.85	Step1: The sequence contains potential binding motifs for GATA-family transcription factors. Step2: GATA1 is a master regulator of erythroid development and highly active in K562 cells. Step3: GAPDH is a nearby highly expressed gene on chromosome 12. Step4: GATA1 frequently acts through distal regulatory elements. Step5: GATA1 binding generally promotes chromatin accessibility and target gene transcription. Step6: Therefore, GATA1 is hypothesized to activate this gene in K562 cells.	activate
chr2	219661173	219662525	GATA1	TNFAIP6	CHPF|chr2:220525895-220527247:.	0	0.82	Step 1: Element chr2:219661173-219662525 represents a candidate active enhancer in human K562 cells. Step 2: Motif analysis of the DNA sequence reveals potential WGATAR consensus binding sites (e.g., TTATCA). Step 3: Given the genomic location on chromosome 2, local topologically associating domains in K562 often link this enhancer region to nearby promoters. Step 4: GATA1 is a master transcription factor coordinating the erythroid/megakaryocytic regulatory network characteristic of K562 cells. Step 5: Based on the presence of GATA motifs and the regulatory context of K562, GATA1 is hypothesized to physically interact with this element. Step 6: Enhancer-promoter looping driven by GATA1 would facilitate the transcriptional activation of the target gene, contributing to the broader hematopoietic gene expression program.	GATA1 is predicted to bind the enhancer at chr2:219661173-219662525 to activate the expression of TNFAIP6.
chr19	50728300	50728800	MYC	ZNF131	CLEC11A|chr19:51231557-51232057:.	0	0.82	Step1: Confirm element type as a putative active enhancer in K562 cells based on chromatin accessibility. Step2: Identify TF motifs, noting a clear E-box motif (CAGCTG) at the sequence start and downstream GC-rich Sp1/KLF motifs. Step3: Determine candidate gene ZNF131, which is regionally appropriate for chromosome 19. Step4: MYC is a master transcriptional regulator highly active in K562 erythroleukemia cells. Step5: MYC typically binds E-box motifs to recruit co-activators. Step6: In K562 cells, MYC-driven activation of zinc finger proteins supports rapid proliferation and prevents terminal erythroid differentiation.	activate
chr5	10310245	10310745	NFE2	TRIP13	CMBL|chr5:10310357-10310857:.	0	0.85	Step1: The sequence contains a prominent TGACTCAGC motif, which is the canonical binding site for NFE2 and AP-1 family members. Step2: In human K562 (erythroleukemia) cells, NFE2 is a critical transcription factor driving erythroid and megakaryocytic differentiation programs. Step3: The genomic coordinates reside on chromosome 5, near genes which may be regulated by NFE2 in hematopoietic contexts. Step4: NFE2 typically acts as a transcriptional activator at such enhancer elements to drive expression of nearby target genes.	activate
chr11	10744215	10744587	GATA1	TRPM5	CTR9|chr11:10744215-10744587:.	0	0.85	Step1: Given the hematopoietic K562 context, key line-determining TFs like GATA1 are often bound to active enhancers. Step2: The sequence contains potential WGATAR motifs compatible with GATA1 binding. Step3: The nearby gene is assigned based on local genomic neighborhood. Step4: GATA1 is highly expressed in erythroid lineages. Step5: GATA1 acts as a primary transactivator for erythroid-specific genes. Step6: The enhancer likely loops to the target promotor to upregulate transcription in K562 cells.	GATA1 activates TRPM5 via binding to this regulatory element in K562 cells.
chr19	2059459	2060334	GATA1	SIRT6	DAZAP1|chr19:2059458-2060333:.	0	0.88	Step1: Element acts as an enhancer in K562 cells. Step2: The sequence contains canonical GATA1 binding motifs. Step3: SIRT6, located on chromosome 19, regulates chromatin structure and metabolic homeostasis. Step4: GATA1 is a master transcription factor in the erythroid lineage. Step5: GATA1 is known to bind regulatory elements of SIRT6. Step6: GATA1-driven activation of SIRT6 supports survival, differentiation, and metabolic adaptation in K562 human erythroleukemia cells.	activate
chr5	112973835	112974335	GATA1	APC	DCP2|chr5:112309532-112310032:.	0	0.85	Step1: The input sequence contains a canonical GATA binding motif (AGATAAGG). Step2: GATA1 is a master transcription factor in the erythroleukemic K562 cell line. Step3: The CRE is located near the APC gene locus on chromosome 5. Step4: GATA1 binding to this enhancer element is biologically plausible in the context of K562 cells, where it orchestrates gene networks involved in cell proliferation and differentiation. Step5: Hypothesis is that GATA1 binds this CRE to dynamically regulate APC expression.	activate
chr19	13839483	13839983	GATA1	NFIX	DDX39A|chr19:13950297-13950797:.	0	0.85	Step1: Confirm element type as a putative enhancer in K562 cells. Step2: Identify GATA1 motifs within the CRE sequence. Step3: Determine candidate target gene based on genomic proximity and K562 expression. Step4: GATA1 is a master transcriptional regulator in erythropoeisis. Step5: GATA1 binds to the enhancer and forms a loop to the promoter. Step6: This interaction promotes the expression of the target gene, driving erythroid maturation features in K562 cells.	activate
chr5	133930196	133931107	JUN	IRF1	DDX46|chr5:133265887-133266798:.	0	0.85	Step1: Confirm element type as a putative enhancer based on regulatory context; Step2: Identify TGAGTCAC AP-1 motif in the sequence; Step3: Map to nearby target gene IRF1 on chr5; Step4: JUN/AP-1 acts as a known transcriptional activator in hematopoietic cells like K562; Step5: Motif compatibility strongly supports JUN binding; Step6: Predict activation of IRF1 to modulate stress and immune responses.	JUN binds to the AP-1 motif within this enhancer element to activate the transcription of IRF1 in K562 cells.
chr14	100770440	100770940	GATA1	MEG3	DLK1|chr14:101236777-101237277:.	0	0.85	Step1: The sequence corresponds to a potential regulatory element in the 14q32 imprinted locus. Step2: Analysis of the sequence reveals potential binding sites for erythroid master regulators like GATA1. Step3: MEG3, located in the vicinity, is a plausible target gene. Step4: GATA1 is highly expressed and developmentally active in K562 cells. Step5: GATA1 is known to bind enhancers and interact with promoters to drive gene expression in hematopoietic lineages. Step6: In K562 cells, GATA1 likely binds this CRE to increase expression of target genes at this locus.	activate
chr20	33688908	33689408	GATA1	CEBPB	E2F1|chr20:32276714-32277214:.	0	0.85	Step1: The CRE acts as an enhancer in K562 cells. Step2: The sequence contains a high-affinity AGATAA motif which is the canonical binding site for GATA1. Step3: CEBPB is located on chromosome 20 and represents a biologically plausible target. Step4: GATA1 is heavily expressed and acts as a master regulator in erythroid-like K562 cells. Step5: GATA1 generally functions as a transcriptional activator at enhancers. Step6: Enhancer-driven activation of target genes by GATA1 supports hematopoietic regulatory networks.	activate
chr11	86151226	86151726	GATA1	PICALM	EED|chr11:85862268-85862768:.	0	0.8	Step1: Region identified as a candidate regulatory enhancer in K562 cells. Step2: The sequence contains consensus GATA factor binding motifs. Step3: PICALM is a nearby gene on chromosome 11. Step4: GATA1 is a lineage-determining transcription factor in erythroid/myeloid K562 cells. Step5: GATA1 generally acts as a transcriptional activator at distal enhancers. Step6: GATA1 binding to this CRE likely drives the activation of the target gene to support cell growth and differentiation.	activate
chr11	125551610	125552466	GATA1	ZBTB16	EI24|chr11:125421506-125422362:.	0	0.8	Step1: The sequence contains putative enhancer signatures with GATA binding motifs. Step2: GATA1 is a master transcription factor highly active in K562 erythroleukemia cells. Step3: The nearby gene ZBTB16 is a plausible target for hematopoietic regulation. Step4: GATA1 is known to regulate essential genes in the erythroid lineage. Step5: GATA1 binding to this CRE is predicted to drive local gene expression. Step6: This supports an activation role in K562 cells.	activate
chr11	125552655	125553360	GATA1	ARHGEF12	EI24|chr11:125422551-125423256:.	0	0.85	Step1: Confirm element type as an active enhancer in K562 cells; Step2: Sequence analysis reveals canonical GATA1 motif bindings sites; Step3: Identify nearby gene ARHGEF12 as a highly expressed target in hematopoietic lineages; Step4: GATA1 is heavily involved in erythroid differentiation and regulation; Step5: Enhancer-promoter looping links this CRE to the target gene; Step6: GATA1 binding generally promotes robust transcriptional activation in this context.	activate
chr19	8033154	8033923	GATA1	PKN1	ELAVL1|chr19:8098038-8098807:.	0	0.85	Step1: The CRE at chr19:8033154-8033923 is active in K562 cells. Step2: Sequence analysis reveals canonical binding motifs for GATA family transcription factors. Step3: The nearby gene PKN1 is located in proximity to this regulatory element on chromosome 19. Step4: GATA1 is a master regulator of erythroid differentiation and is highly active in the K562 leukemia cell line. Step5: GATA1 binding to this enhancer is expected to promote the transcription of nearby active genes. Step6: In K562 cells, GATA1 likely acts via this enhancer to positively regulate PKN1 expression, contributing to cell signaling and survival pathways.	activate
chr4	74330103	74330893	ATF4	CXCL1	EREG|chr4:75195820-75196610:.	0	0.8	Step1: Element is an active regulatory region in K562 cells; Step2: Sequence contains a clear TGACGT motif, which is a canonical binding site for ATF/CREB family transcription factors; Step3: The genomic coordinates reside in the vicinity of the CXCL gene cluster on chromosome 4; Step4: ATF4 and related basic leucine zipper factors are known to mediate stress responses and regulate chemokines; Step5: ATF4 typically acts as a transcriptional activator for these target genes; Step6: In K562 leukemia cells, this enhancer-driven network likely modulates cellular survival and inflammatory signaling.	activate
chr17	42699222	42699316	GATA1	STAT3	EZH1|chr17:40851240-40851334:*	0	0.85	Step1: Identified CRE as a putative enhancer on chr17 accessible in K562 cells. Step2: Motif analysis reveals a GATA-binding motif (GATTA) within the sequence. Step3: STAT3 is located in the vicinity on chr17 and is expressed in K562. Step4: GATA1 is a master transcription factor in erythroid lineage cells like K562. Step5: GATA1 binds to lineage-specific enhancers to regulate gene expression. Step6: GATA1 binding to this CRE is hypothesized to drive target gene expression.	activate
chr11	61841784	61841802	GATA1	FADS1	FADS1|chr11:61609256-61609274:*	1	0.85	Step1: The sequence contains a canonical GATA binding motif (CAGATA). Step2: GATA1 is a master regulatory transcription factor in erythroid and K562 cells. Step3: The CRE is located near the FADS gene cluster on chromosome 11. Step4: FADS1 is important for lipid membrane remodeling, a necessary process during erythropoiesis and K562 cell proliferation. Step5: GATA1 binding to this enhancer element is predicted to activate FADS1 transcription.	activate
chr18	74479914	74480817	GATA1	ZNF407	FAM69C|chr18:72147149-72148052:.	0	0.75	Step1: Confirm element type as an enhancer in K562 cells. Step2: Identify GATA1 motifs within the sequence which are characteristic of hematopoietic regulatory elements. Step3: Determine ZNF407 as a plausible nearby target gene on chromosome 18. Step4: Annotate GATA1 as a key erythroid transcription factor. Step5: Propose a relationship where GATA1 regulates ZNF407. Step6: Interpret the functional consequence as activation of target gene transcription in K562 cells.	It is hypothesized that GATA1 binds to the enhancer at chr18:74479914-74480817 to activate the transcription of ZNF407 in K562 cells.
chr1	231053506	231054137	GATA1	CD164	FAM89A|chr1:231189252-231189883:.	0	0.85	Step1: Identified as a putative enhancer in K562 based on local regulatory context. Step2: Motif analysis reveals potential binding sites for the GATA family. Step3: CD164 is a nearby candidate gene expressed in hematopoietic lineages. Step4: GATA1 is a master transcription factor in erythroid cells like K562. Step5: GATA1 frequently acts as an activator for erythroid-specific target genes. Step6: Interaction of GATA1 at this enhancer is predicted to positively regulate nearby gene expression.	GATA1 binds to this enhancer to activate CD164 expression in K562 cells.
chr1	161502961	161503461	GATA1	FCGR2A	FCGR2A|chr1:161472751-161473251:.	1	0.75	Step1: Confirm element type as a putative enhancer containing a SINE/Alu sequence and AT-rich flanks; Step2: Identify potential GATA class TF binding motifs in the sequence; Step3: Determine candidate gene FCGR2A located in the genomic vicinity on chromosome 1; Step4: GATA1 is a master transcription factor in the erythroid/megakaryocytic K562 cell line; Step5: GATA1 binds to lineage-specific enhancers to regulate hematopoietic genes; Step6: Interpret role in K562 cells where this element acts to modulate receptor expression.	In K562 cells, the transcription factor GATA1 is predicted to bind this regulatory element to activate the expression of FCGR2A.
chr11	125532640	125533140	GATA1	ARHGEF12	FEZ1|chr11:125402536-125403036:.	0	0.85	Step1: Sequence contains GATA motifs indicating potential binding. Step2: GATA1 is a master regulator of erythroid differentiation in K562 cells. Step3: The genomic region likely acts as a cis-regulatory enhancer. Step4: GATA1 binding promotes chromatin looping to nearby target promoters. Step5: ARHGEF12 is known to be expressed in hematopoietic lineages. Step6: Enhancer activation drives gene expression necessary for K562 cell identity.	activate
chr11	125551610	125552466	GATA1	CADM1	FEZ1|chr11:125421506-125422362:.	0	0.85	Step1: Element is an active enhancer in K562 cells; Step2: Sequence contains putative GATA1 binding motifs; Step3: CADM1 is a positional candidate target gene near this region; Step4: GATA1 is a master regulator highly expressed and active in the erythroid K562 lineage; Step5: GATA1 is known to bind enhancers to facilitate target gene transcription; Step6: This interaction likely modulates cell adhesion or signaling relevant to K562 cell growth and survival.	The TF GATA1 is predicted to bind the enhancer at chr11:125551610-125552466 to activate CADM1 expression in human K562 cells.
chr11	125553954	125554454	GATA1	FLI1	FEZ1|chr11:125423850-125424350:.	0	0.85	Step1: Characterize CRE chr11:125553954-125554454 in K562 erythroleukemia cells. Step2: Sequence scanning reveals compatible motifs for GATA family transcription factors. Step3: Identify FLI1 as a biologically plausible regional target gene critical for hematopoietic and megakaryocytic/erythroid development. Step4: GATA1 is a master transcription factor in K562 cells that often binds distal enhancers to drive target gene expression. Step5: Interaction between GATA1 and the FLI1 locus is consistent with established erythroid regulatory networks. Step6: Conclude that GATA1 binds this enhancer to promote local gene transcription.	activate
chr11	65362343	65362917	NFE2	NEAT1	FIBP|chr11:65129814-65130388:.	0	0.85	Step1: Region acts as an enhancer in K562 cells. Step2: Sequence contains potential AP-1/NFE2 binding motifs (e.g., TGACAG). Step3: NEAT1 is an adjacent broadly expressed transcript on chromosome 11. Step4: NFE2 is heavily expressed and functional in erythroid-lineage K562 cells. Step5: NFE2 binding typically promotes transcription of target genes. Step6: NFE2 activation of structural RNAs like NEAT1 may help regulate hematopoiesis and paraspeckle formation during differentiation.	activate
chr6	109304426	109304926	GATA1	FOXO3	FIG4|chr6:109625629-109626129:*	0	0.85	Step1: Element is an enhancer in K562 cells based on chromatin context; Step2: Sequence contains putative GATA binding motifs; Step3: FOXO3 is a nearby gene on chr6 important for erythropoiesis; Step4: GATA1 is a master erythroid transcription factor highly active in K562 cells; Step5: GATA1 promotes FOXO3 expression to support oxidative stress resistance and erythroid maturation; Step6: The enhancer likely recruits GATA1 to upregulate FOXO3 in this hematopoietic context.	activate
chr6	32131463	32131963	JUN	HLA-DRA	FKBPL|chr6:32099240-32099740:.	0	0.75	Step1: The CRE is located in the MHC class II locus on chromosome 6. Step2: Motif analysis suggests the presence of AP-1/JUN binding sites in the provided sequence. Step3: HLA-DRA is a prominent neighboring candidate target gene. Step4: JUN is a widely expressed transcription factor active in human K562 cells that often binds enhancer regions. Step5: Although basal MHC class II expression is typically low in K562 cells, AP-1 complex members frequently prime or maintain regulatory elements for inducible gene expression. Step6: Therefore, JUN is predicted to bind this CRE and contribute to the positive regulation of HLA-DRA.	activate
chr11	61971409	61972293	NFE2	FTH1	FTH1|chr11:61738881-61739765:.	1	0.88	Step1: Region mapped to hg38 nearby the iron storage gene FTH1 locus. Step2: Sequence analysis identifies consensus AP-1/NFE2 binding motifs. Step3: Assigned FTH1 as the primary candidate gene due to its proximity and critical role in iron handling during erythropoiesis. Step4: NFE2 is a master basic-leucine zipper (bZIP) transcription factor heavily enriched in K562 cells and the hematopoietic lineage. Step5: NFE2 binds to antioxidant response elements (AREs) to protect against oxidative stress and manage iron pools. Step6: In K562 cells, NFE2 binding at this distal enhancer element strongly drives the transcription of FTH1 to support heme synthesis and prevent iron toxicity.	activate
chr19	48962248	48962768	GATA1	ZNF444	FTL|chr19:49465505-49466025:*	0	0.85	Step1: Confirm element is an active enhancer in K562 lines based on chromatin accessibility and histone marks; Step2: Sequence scanning identifies matches for GATA and SP-family motifs; Step3: Enhancer is located on chromosome 19, likely regulating nearby zinc finger genes; Step4: GATA1 and associated complexes (TAL1, LDB1) are core regulators in K562 erythroid biology; Step5: Enhancer-promoter looping facilitates TF interaction; Step6: GATA1 binding strongly correlates with transcriptional activation of target loci in this lineage.	activate
chr19	48963708	48964208	NFE2	ZNF444	FTL|chr19:49466965-49467465:*	0	0.88	Step1: Sequence analysis reveals a canonical NFE2/AP-1 binding motif (TGACTCA) within the CRE. Step2: NFE2 is a master transcription factor in the erythroid lineage and is prominently active in human K562 cells. Step3: The locus on chr19 overlaps known regulatory elements active in K562. Step4: NFE2 typically functions as a transcriptional activator, establishing active chromatin looping to nearby target gene promoters. Step5: The element is predicted to act as an enhancer where NFE2 binding drives proximal target gene expression.	activate
chr19	48970828	48971348	GATA1	FUT1	FTL|chr19:49474085-49474605:*	0	0.75	Step1: Confirm element type as an active enhancer in K562 cells based on open chromatin. Step2: Identify putative GATA-binding motifs (WGATAR) within the input sequence. Step3: Determine candidate target gene FUT1 located in cis on chromosome 19, which is regulated during erythroid differentiation. Step4: Annotate GATA1 as a master transcription factor in the erythroleukemia K562 cell line. Step5: Propose that GATA1 drives expression of erythroid surface antigens. Step6: Conclude that this CRE acts synergistically to elevate local gene transcription.	GATA1 is predicted to bind this enhancer region to activate FUT1 expression in K562 cells.
chrX	48782818	48783318	TAL1	GATA1	FTSJ1|chrX:48641226-48641726:.	0	0.95	Step1: Locate CRE on chrX near the GATA1 locus, a master erythroid regulator. Step2: Sequence analysis reveals putative E-box and GATA binding motifs. Step3: GATA1 is the most probable target gene given proximity and cell type. Step4: Both TAL1 and GATA1 are critical for K562 erythroid identity. Step5: TAL1 is known to form complexes that positively regulate GATA1 transcription. Step6: In K562 cells, this enhancer likely recruits TAL1 to activate GATA1 expression, reinforcing erythroid lineage commitment.	activate
chr19	48720508	48721048	GATA1	EPS8L1	FUT1|chr19:49223765-49224305:*	0	0.85	Step1: The element at chr19:48720508-48721048 acts as a putative enhancer in K562 cells. Step2: Sequence scanning identifies multiple GATA motifs compatible with GATA1 binding. Step3: EPS8L1 is a nearby gene functionally active in K562. Step4: GATA1 is a master transcription factor in erythroid/leukemia cells. Step5: GATA1 is known to regulate cytoskeletal adaptors. Step6: Enhancer-mediated binding of GATA1 likely drives target gene expression.	GATA1 activates EPS8L1
chr19	48780788	48781428	GATA1	ZNF331	FUT1|chr19:49284045-49284685:*	0	0.85	Step 1: Analyzed sequence for TF binding motifs, identifying putative GATA-binding sites. Step 2: Assessed cell-type context, noting GATA1 is a master regulator in K562 erythroleukemia cells. Step 3: Identified ZNF331 as a plausible target gene in the chr19 local environment. Step 4: Proposed a regulatory relationship where GATA1 binds this enhancer to upregulate target gene expression during erythroid differentiation.	activate
chr1	67682485	67683200	GATA1	CRYZ	GADD45A|chr1:68148168-68148883:.	0	0.85	Step1: Confirm element type as a putative enhancer in K562 cells based on open chromatin and sequence context. Step2: Sequence contains potential WGATAR motifs compatible with GATA1 binding. Step3: Determine candidate target gene in the surrounding genomic region on chr1. Step4: Annotate GATA1 as a master transcriptional regulator in the erythroid/megakaryocytic lineage (relevant for K562). Step5: GATA1 typically acts as an activator at enhancers in this cell type. Step6: Interpret the enhancer as driving target gene expression to support erythroid-specific functions.	GATA1 is hypothesized to activate the expression of the target gene through binding to this regulatory element in K562 cells.
chrX	48782818	48783318	TAL1	GATA1	GATA1|chrX:48641226-48641726:.	1	0.9	Step1: Genomic coordinates place this CRE upstream of the GATA1 gene, a master regulator of erythropoiesis. Step2: Sequence analysis reveals binding motifs for erythroid transcription factors including TAL1. Step3: GATA1 is the most parsimonious target gene. Step4: GATA1 and TAL1 form a core regulatory circuit in erythroid cells. Step5: TAL1 binding at upstream enhancers is known to activate GATA1. Step6: In K562 cells, this element acts as an active enhancer where TAL1 drives GATA1 expression.	activate
chrX	48784617	48785277	GATA1	GATA1	GATA1|chrX:48643025-48643685:*	1	0.95	Step1: The CRE is located near the GATA1 locus, a master regulator of erythroid differentiation. Step2: The sequence contains putative GATA binding motifs, supporting GATA factor binding. Step3: The most plausible target gene is GATA1 itself. Step4: GATA1 is highly expressed in K562 erythroleukemia cells and is essential for their identity. Step5: GATA1 is well-known to establish positive autoregulatory loops by binding to its own enhancers. Step6: In K562 cells, this element functions as an autoregulatory enhancer to sustain GATA1 expression and the erythroid regulatory network.	activate
chrX	48800621	48800667	ELF1	GATA1	GATA1|chrX:48659028-48659074:*	1	0.8	Step 1: The CRE at chrX:48800621-48800667 contains a putative ETS-family binding motif (GGCAGGA). Step 2: ELF1 is an ETS-family transcription factor active in hematopoietic lineages. Step 3: GATA1, an essential erythroid master regulator, is located nearby on chromosome X. Step 4: ELF1 and GATA1 are both highly expressed in K562 cells. Step 5: ETS factors are known to coregulate erythroid-specific enhancers. Step 6: ELF1 likely binds this enhancer to positively regulate GATA1 expression, maintaining the erythroid identity of K562 cells.	activate
chr9	133004122	133004622	GATA1	ABL1	GFI1B|chr9:135879509-135880009:.	0	0.85	Step1: Identified enhancer element active in K562 cells. Step2: Sequence contains a canonical GATA binding motif (GATAA). Step3: GATA1 is a master erythroid transcription factor highly active in K562 cells. Step4: ABL1 is a critical gene for K562 biology (BCR-ABL1). Step5: GATA1 facilitates transcriptional activation of erythroid and survival genes. Step6: Suggests this CRE loops to regulate ABL1 or a nearby gene to drive leukemia cell survival.	GATA1 binds to the enhancer at chr9:133004122-133004622 to activate the transcription of ABL1 (or a structurally adjacent locus), supporting the oncogenic and erythroid-specific regulatory network in K562 cells.
chr6	16224139	16225317	GATA1	ATXN1	GMPR|chr6:16224370-16225548:.	0	0.85	Step1: Confirm element type; Step2: Identify GATA motif in the sequence; Step3: Determine candidate target gene ATXN1 nearby on chr6; Step4: Gene and TF annotation in erythroid context; Step5: TF-gene regulatory relationship; Step6: Formulate biological hypothesis for K562 cells.	GATA1 is predicted to activate ATXN1 through binding this enhancer element in human K562 cells to support cellular proliferation and differentiation functions.
chr5	142014235	142014735	GATA1	DIAPH1	GNPDA1|chr5:141393800-141394300:.	0	0.8	Step1: Sequence contains putative GATA motifs within a potential enhancer region. Step2: GATA1 is a master transcription factor highly active in K562 erythroleukemia cells. Step3: The locus on chr5q31 is near DIAPH1, a gene involved in actin cytoskeletal dynamics essential for hematopoietic cell division. Step4: Genomic loops often connect GATA1-bound enhancers to nearby promoters. Step5: GATA1 is known to assemble activating complexes at erythroid genes. Step6: We hypothesize that GATA1 binds this regulatory element to boost the expression of DIAPH1 in K562 cells.	activate
chr14	91267362	91267862	GATA1	MYC	GPR68|chr14:91733706-91734206:.	0	0.85	Step1: The sequence contains GATA and E-box motifs characteristic of erythroid enhancers. Step2: GATA1 is a master regulator in K562 cells. Step3: MYC is a known downstream target of GATA1 in erythroid differentiation. Step4: GATA1 binding to this CRE likely regulates MYC expression. Step5: This relationship coordinates hematopoietic cell survival and proliferation. Step6: The overall predicted function is erythropoiesis regulation via GATA1.	activate
chr3	120571951	120572451	GATA1	CDC25A	GSK3B|chr3:120290798-120291298:.	0	0.85	Step1: Given the K562 context, the enhancer is likely bound by core erythroid transcription factors. Step2: Motif analysis of the provided sequence reveals potential GATA-binding sites (WGATAR). Step3: CDC25A is located on chromosome 3 and is known to be expressed in dividing hematopoietic lineages. Step4: GATA1 is a master regulator of erythroid differentiation and cell cycle control. Step5: GATA1 binds to lineage-specific enhancers to drive expression of target genes. Step6: In K562 cells, GATA1 likely occupies this element to upregulate cell cycle or differentiation-related genes.	The element is predicted to activate CDC25A expression via GATA1 binding in K562 cells.
chr3	129245622	129246162	KLF1	GATA2	H1FX|chr3:128964465-128965005:*	0	0.85	Step1: Confirm element type as a distal enhancer in K562 cells; Step2: Identify KLF/SP1 motif (GGGCGTGG) in the sequence; Step3: Determine candidate gene as GATA2, known to be regulated by erythroid factors in this chromosomal vicinity; Step4: KLF1 is a master erythroid transcription factor highly active in K562 cells; Step5: KLF1 often collaborates with GATA1 to mediate the GATA switch by repressing GATA2 expression; Step6: Predict KLF1 binds this regulatory element to repress GATA2 in K562 cells.	KLF1 binds the CRE to repress GATA2.
chr3	129305622	129306122	GATA1	GATA2	H1FX|chr3:129024465-129024965:*	0	0.85	Step 1: The CRE functions as a presumptive enhancer in K562 cells. Step 2: The sequence contains potential GATA and SP1/GC-box motifs typical of hematopoietic enhancers. Step 3: GATA2 is a critical hematopoietic regulator located nearby on chromosome 3. Step 4: GATA1 is a master transcription factor in K562 and the erythroid lineage. Step 5: GATA1 is well-documented to bind distal regulatory elements to modulate GATA2 expression (often through repression or dynamic activation during differentiation). Step 6: This enhancer-TF-gene relationship is central to the erythroid transcriptional network.	activate
chr11	5280486	5280986	NFE2	HBE1	HBB|chr11:5301716-5302216:.	0	0.95	Step1: The CRE sequence contains AP-1/NFE2 (TGACTCAG) and GATA (TGATAA) motifs, characteristic of the beta-globin locus control region (LCR). Step2: NFE2 is a key erythroid transcription factor that binds such motifs. Step3: The genomic coordinates map to the beta-globin LCR (HS2). Step4: In human K562 erythroleukemia cells, embryonic and fetal globins like HBE1 are highly expressed. Step5: NFE2 binding at the LCR is known to strongly activate downstream globin genes via looping. Step6: Therefore, NFE2 activates HBE1 via this enhancer.	activate
chr11	5280486	5280986	GATA1	HBG1	HBD|chr11:5301716-5302216:.	0	0.95	Step1: The CRE is located in the beta-globin locus control region (LCR) on chromosome 11. Step2: The sequence contains a prominent TGATAA motif, the canonical binding site for GATA1. Step3: HBG1 is a primary target gene of the LCR in the fetal-like K562 cellular context. Step4: GATA1 is a master transcription factor of erythropoiesis, highly active in K562 cells. Step5: GATA1 is known to bind the LCR and coordinate looping to activate globin genes. Step6: In K562 cells, the LCR drives robust expression of fetal globins like HBG1.	GATA1 binds to this enhancer within the beta-globin LCR to activate HBG1 expression.
chr11	5272749	5272943	GATA1	HBE1	HBE1|chr11:5272749-5272943:.	1	0.88	Step1: Confirm element type as a distal regulatory element within the beta-globin locus control region (LCR). Step2: Identify potential GATA1 binding motifs within the sequence. Step3: Determine candidate target gene as HBE1, which is prominently expressed in K562 cells. Step4: GATA1 is a master transcription factor for erythroid lineage gene regulation. Step5: GATA1 famously binds the LCR to form long-range enhancer-promoter loops with beta-like globin genes. Step6: In K562 cells, this drives the robust transcriptional activation of embryonic/fetal globins such as HBE1.	activate
chr11	5277927	5278054	NFE2	HBG1	HBE1|chr11:5277927-5278054:.	0	0.88	Step1: Confirm element type; Region is located in the beta-globin locus control region (LCR). Step2: Identify TF motif; Sequence contains TGAGTCA matching the AP-1/NFE2 consensus motif. Step3: Determine candidate gene; HBG1 is a primary target of the LCR in fetal-like K562 cells. Step4: Gene and TF annotation; NFE2 is an erythroid-specific master transcription factor. Step5: TF-gene relationship; NFE2 binds the LCR to physically loop to and activate gamma-globin gene promoters. Step6: Interpret role in K562 cells; Enhancer activation by NFE2 strongly upregulates HBG1 expression, driving robust fetal hemoglobin synthesis characteristic of the K562 erythroleukemia line.	activate
chr11	5280486	5280986	GATA1	HBG1	HBG1|chr11:5301716-5302216:.	1	0.95	Step1: Sequence contains strong GATA (TGATAA) and NFE2/AP-1 (TGACTCA) motifs. Step2: GATA1 is a master transcription factor in erythroid and K562 cells. Step3: The coordinates fall within the beta-globin locus control region (LCR) on chromosome 11. Step4: In human erythroleukemic K562 cells, the LCR is highly active and predominantly drives the expression of fetal globins like HBG1. Step5: GATA1 forms a complex at the LCR to mediate long-range chromatin looping to the globin promoters. Step6: Binding of GATA1 to this enhancer element is widely known to activate HBG1 expression in this cellular context.	activate
chr11	5284550	5285050	GATA1	HBG1	HBG1|chr11:5305780-5306280:.	1	0.92	Step1: Element is located in the beta-globin Locus Control Region (LCR), a known super-enhancer in erythroid cells. Step2: The sequence contains putative GATA binding motifs (WGATAR). Step3: HBG1 (gamma-globin) is highly expressed in K562 cells and is a canonical target of the LCR. Step4: GATA1 is the master transcriptional regulator of erythropoiesis. Step5: GATA1 binds the LCR to form an active chromatin hub with the globin promoters. Step6: In K562 cells, GATA1 binding to this LCR enhancer strongly activates HBG1 transcription.	activate
chr11	5288018	5288518	GATA1	HBG1	HBG1|chr11:5309248-5309748:.	1	0.95	Step1: The CRE at chr11:5288018-5288518 is located near the beta-globin locus control region (LCR). Step2: The sequence is compatible with consensus binding sites for GATA factors. Step3: HBG1 is highly expressed in K562 erythroleukemia cells and is a well-known target of the LCR. Step4: GATA1 is a master regulator of erythroid development and globin gene expression. Step5: GATA1 binds the LCR to drive robust transcription of fetal/embryonic globin genes. Step6: Consequently, GATA1 is predicted to activate HBG1 expression via this enhancer.	activate
chr16	142952	143452	GATA1	POLR3K	HBZ|chr16:192951-193451:.	0	0.85	Step1: Region is located in the highly regulated sub-telomeric domain of chromosome 16 near the alpha-globin locus. Step2: Sequence contains potential GATA binding motifs typical of erythroid enhancers. Step3: POLR3K is located in close proximity to this coordinate. Step4: GATA1 is the master transcription factor in K562 erythroid cells. Step5: GATA1 is known to bind upstream regulatory elements to coordinate local gene expression. Step6: GATA1 likely loops to the nearby POLR3K promoter to drive its expression in K562 cells.	activate
chr16	144736	145236	GATA1	HBA1	HBZ|chr16:194735-195235:.	0	0.85	Step1: The CRE is located near the alpha-globin locus on chromosome 16. Step2: The element sequence contains potential erythroid transcription factor motifs including GATA-like sequences. Step3: HBA1 is selected as a candidate target gene due to its genomic proximity and critical function in erythropoiesis. Step4: GATA1 is a master hematopoietic transcription factor robustly expressed in K562 cells. Step5: GATA1 is functionally known to drive alpha-globin expression through enhancer-promoter chromatin looping. Step6: In the K562 erythroleukemia model, GATA1 binding at local regulatory elements acts to potently induce globin gene transcription.	activate
chrX	48782964	48783085	GATA1	WAS	HDAC6|chrX:48641372-48641493:*	0	0.85	Step1: Sequence analysis identifies a canonical GATA motif (ACTGATT) within the CRE. Step2: GATA1 is a master regulator of erythroid development, highly active in K562 cells. Step3: The CRE is located on the X chromosome near hematopoietic genes like WAS. Step4: GATA1 binding at this regulatory element likely facilitates chromatin looping to the target promoter. Step5: GATA1 generally acts as a transcriptional activator for lineage-specific genes in this context.	activate
chrX	48800621	48800667	GATA1	WAS	HDAC6|chrX:48659028-48659074:*	0	0.85	Step1: Confirm element type as active enhancer in hematopoietic lineages; Step2: Identify potential GATA1 binding motif in sequence context; Step3: Determine candidate target gene as WAS, located in the vicinity on chrX; Step4: Gene and TF annotation confirm GATA1 is a master regulator in K562 and WAS is involved in actin cytoskeleton organization in hematopoietic cells; Step5: TF-gene relationship indicates GATA1 promotes expression of hematopoietic-specific genes; Step6: In K562 cells, GATA1 binding to this enhancer likely drives WAS transcription.	activate
chr9	97960769	97961269	GATA1	FANCG	HEMGN|chr9:100723051-100723551:.	0	0.75	Step1: Confirm element as a putative enhancer in K562 cells based on open chromatin. Step2: Identify potential GATA1 binding motifs in the sequence. Step3: Assign FANCG as a plausible nearby target gene. Step4: GATA1 is a master transcription factor in K562 and erythroid cells. Step5: GATA1 binding generally promotes the activation of target genes required for cell survival and differentiation. Step6: In K562 cells, GATA1-mediated activation of this locus supports hematopoietic function.	activate
chr12	54303561	54304061	GATA1	HOXC8	HNRNPA1|chr12:54697345-54697845:*	0	0.85	Step1: Locate genomic region on chr12 near the HOXC gene cluster. Step2: Motif analysis reveals putative GATA-binding sequences (e.g., AAGATA) in the provided DNA sequence. Step3: HOXC8 is selected as a plausible nearby target gene. Step4: GATA1 is a critical erythroid transcription factor highly expressed in K562 cells. Step5: In hematopoietic contexts, GATA1 typically acts as an activator at erythroid enhancers. Step6: Therefore, GATA1 is hypothesized to bind this CRE and activate target gene expression in this lineage.	GATA1 binds to the enhancer at chr12:54303561-54304061 to activate the expression of HOXC8 in K562 cells.
chr12	54304241	54304761	GATA1	HOXC6	HNRNPA1|chr12:54698025-54698545:*	0	0.85	Step1: The provided sequence contains potential GATA binding motifs alongside GC-rich sites. Step2: GATA1 is a master regulatory transcription factor characterized by high activity in K562 erythroleukemia cells. Step3: The target genomic coordinates belong to chromosome 12, near the HOXC gene cluster. Step4: HOXC6 is an important developmental gene located in this region. Step5: GATA1 interacts with this enhancer element to orchestrate robust hematopoietic gene expression. Step6: Consequently, GATA1 is hypothesized to activate HOXC6 transcription, supporting lineage-specific cellular states.	In K562 cells, GATA1 binds the enhancer at chr12:54304241-54304761 to activate HOXC6 expression.
chr12	54306981	54307501	GATA1	HOXC9	HNRNPA1|chr12:54700765-54701285:*	0	0.85	Step1: Sequence analysis identifies potential GATA-binding motifs. Step2: Genomic coordinates position this CRE within the HOXC gene cluster. Step3: GATA1 is a primary transcription factor defining the K562 erythroid lineage. Step4: HOXC genes are involved in hematopoietic development. Step5: The proximity and motif presence suggest a direct regulatory relationship. Step6: GATA1 typically acts as an activator for developmental genes in this context.	activate
chr19	8033154	8033923	GATA1	GATA1	HNRNPM|chr19:8098038-8098807:.	0	0.85	Step1: Confirm enhancer activity in K562 cells using epigenomic signatures. Step2: Motif analysis identifies consensus binding sites for GATA1. Step3: Nearest functional gene is identified as the putative target. Step4: GATA1 is a master transcriptional regulator in the erythroid lineage. Step5: GATA1 binds this regulatory element to drive target expression. Step6: The enhancer activates transcription of the target gene in K562 erythroleukemia cells.	The enhancer at chr19:8033154-8033923 recruits GATA1 to activate target_gene expression in K562 cells.
chr17	64023910	64024664	GATA1	PRKAR1A	ICAM2|chr17:62101270-62102024:.	0	0.75	Step1: Confirm active regulatory element status in K562 cells. Step2: Identify GATA motif matches in the sequence indicating potential binding. Step3: Assign plausible nearby target gene PRKAR1A on chromosome 17. Step4: Annotate GATA1 as a key erythroid determinant and PRKAR1A as a functional component. Step5: Propose GATA1-mediated transcriptional control. Step6: Interpret as an activating relationship consistent with open chromatin and enhancer function in K562.	activate
chr19	10299410	10300270	GATA1	TAL1	ICAM3|chr19:10410086-10410946:.	0	0.85	Step1: The CRE is an active enhancer in K562 cells based on chromatin signatures. Step2: The sequence contains GATA binding motifs compatible with the sequence. Step3: TAL1 is a known target of GATA1 in hematopoietic lineages. Step4: GATA1 is a master regulator of erythroid differentiation. Step5: GATA1 binds this CRE to promote target gene expression. Step6: This regulatory axis is crucial for erythropoietic gene networks and differentiation in K562 cells.	activate
chr20	31608520	31609020	SP1	BCL2L1	ID1|chr20:30196323-30196823:.	0	0.7	Step1: The sequence contains GC-rich regions and potential SP1 binding motifs (e.g., GCCGCCCCCGCCC) characteristic of promoter or promoter-proximal enhancer elements. Step2: SP1 is a ubiquitous transcription factor that often cooperates with lineage-specific TFs to drive high expression. Step3: A nearby candidate gene in this region on chr20 is BCL2L1, an important anti-apoptotic factor expressed in K562 cells. Step4: SP1 is known to regulate BCL2L1 expression in various cancer cell lines. Step5: Thus, SP1 likely binds this CRE to help maintain target gene transcription. Step6: In the K562 context, sustaining BCL2L1 expression supports cell survival.	SP1 is predicted to bind the GC-rich motifs within this regulatory element and activate the transcription of the nearby anti-apoptotic gene BCL2L1 in K562 cells.
chr20	31610562	31611062	GATA1	BCL2L1	ID1|chr20:30198365-30198865:.	0	0.9	Step1: The CRE is located on chr20 near the BCL2L1 locus, a known critical gene in erythroid cells. Step2: The sequence contains canonical motifs for GATA factors. Step3: The primary candidate target gene is BCL2L1, encoding an anti-apoptotic protein. Step4: GATA1 is heavily involved in erythroid differentiation and survival. Step5: GATA1 directly binds enhancers of BCL2L1 to ensure RBC survival during maturation. Step6: In K562 erythroleukemia cells, GATA1 drives the expression of BCL2L1 to promote cell survival and prevent apoptosis.	activate
chr11	334196	334635	USF1	DUSP8	IFITM1|chr11:334196-334635:.	0	0.8	Step1: Sequence analysis identifies a clear CACGTG E-box motif (ACACCCACGTGTGGG), which is a canonical binding site for bHLH transcription factors such as USF1, USF2, and MYC/MAX. Step2: In K562 cells, USF1 is widely active and frequently binds to enhancer and promoter E-boxes to regulate generic or cell-specific transcription. Step3: Genomic coordinates (chr11:334196-334635) place this element near the telomeric region of chromosome 11, potentially regulating proximal genes such as DUSP8 or other neighboring transcripts. Step4: USF1 is generally known as a transcriptional activator. Step5: Thus, USF1 likely binds this E-box element to activate the local target gene.	USF1 is predicted to bind to this sequence and activate the expression of DUSP8 in K562 cells.
chrX	153985479	153985979	GATA1	G6PD	IRAK1|chrX:153250930-153251430:.	0	0.85	Step1: CRE is mapped to chrXq28. Step2: Input sequence analysis reveals potential GATA binding motifs. Step3: The nearby G6PD gene is selected as the candidate target. Step4: G6PD provides NADPH, essential for red blood cell protection against oxidative stress. Step5: GATA1 is a master transcription factor in the erythroid lineage (K562) cells. Step6: GATA1 binds this CRE to increase G6PD expression to support erythroid survival and metabolism.	activate
chr19	43774607	43774646	TAL1	TGFB1	KCNN4|chr19:44278759-44278798:*	0	0.85	Step1: Identified an E-box motif (CAGCTG) in the CRE sequence. Step2: Linked the E-box to TAL1, a master hematopoietic transcription factor highly expressed in K562 cells. Step3: Proposed TGFB1 as a plausible cis-target gene located on chromosome 19. Step4: TAL1 coordinates with other erythroid factors at enhancers to drive gene expression. Step5: Hypothesized that TAL1 binding promotes active transcription of the target.	activate
chr7	7099480	7099980	GATA1	AUTS2	KDELR2|chr7:7139111-7139611:.	0	0.8	Step1: Confirm element type as a putative enhancer active in K562 cells. Step2: Evaluate sequence for transcription factor binding sites, identifying potential GATA1 (WGATAR) consensus motifs. Step3: Determine candidate nearby target genes, such as AUTS2 on chromosome 7. Step4: Note that GATA1 is a master transcription factor highly expressed in the K562 erythroleukemia cell line. Step5: GATA1 typically engages cis-regulatory elements to drive expression of hematopoietic genes. Step6: Conclude that GATA1 likely binds this enhancer region to stimulate transcription of the target gene in an erythroid context.	activate
chr7	142964196	142964902	GATA1	EPHB6	KEL|chr7:142661283-142661989:.	0	0.7	Step1: Element is identified as a putative enhancer in K562 cells based on open chromatin and sequence features. Step2: The sequence contains consensus GATA-binding motifs (WGATAR). Step3: EPHB6 is located in the vicinity of this element on chromosome 7. Step4: GATA1 is a master hematopoietic transcription factor highly active in K562 cells. Step5: GATA1 typically acts as an activator at enhancer elements to drive lineage-specific gene expression. Step6: The regulatory element is hypothesized to coordinate with GATA1 to positively regulate nearby gene expression in erythroleukemic contexts.	activate
chr19	12867151	12867931	GATA1	KLF1	KLF1|chr19:12977965-12978745:*	1	0.9	Step1: Evaluate genomic context of chr19:12867151-12867931. Step2: Identify putative GATA1 binding motifs within the CRE sequence. Step3: Assign KLF1 as the candidate target gene given its proximity and erythroid importance. Step4: Annotate GATA1 as a master hematopoietic TF and KLF1 as a key downstream erythroid regulator. Step5: GATA1 is known to directly activate KLF1. Step6: In K562 cells, GATA1 binding to this CRE constitutes a core regulatory node for erythroid lineage maintenance.	GATA1 activates KLF1 transcription via this regulatory element in K562 cells.
chr19	12888891	12889391	GATA1	CALR	KLF1|chr19:12999705-13000205:*	0	0.85	Step 1: The CRE is identified as a candidate regulatory element in K562 cells. Step 2: Sequence analysis suggests potential binding sites for erythroid transcription factors like GATA1. Step 3: The CALR gene is located in the regional vicinity on chromosome 19 and is actively transcribed in K562 cells. Step 4: GATA1 is a master regulator of erythroid differentiation and survival. Step 5: Epigenomic data often links such distal MSREs/enhancers to nearby housekeeping or stress-response genes in the hematopoietic lineage. Step 6: Therefore, GATA1 is predicted to bind this enhancer and upregulate CALR to support K562 cellular functions.	GATA1 activates CALR through this regulatory element in K562 cells.
chr17	40816451	40817141	GATA1	CD300A	KRT10|chr17:38972703-38973393:.	0	0.82	Step1: Region chr17:40816451-40817141 is identified as a putative enhancer in K562 cells. Step2: The sequence contains motif patterns compatible with hematopoietic transcription factors like GATA1. Step3: CD300A is located in the vicinity on chromosome 17 and is expressed in various hematopoietic lineages. Step4: GATA1 is a master regulator of erythroid/megakaryocytic differentiation in K562 cells. Step5: Chromatin looping typically connects such enhancers to proximal promoters. Step6: The binding of GATA1 to this element is hypothesized to upregulate target gene transcription.	activate
chr22	30216619	30217119	GATA1	CHEK2	LIMK2|chr22:30612608-30613108:.	0	0.85	Step1: Region identified as a putative regulatory enhancer in K562 cells. Step2: Sequence contains matches for the GATA1 binding motif. Step3: CHEK2 is located in the vicinity of this genomic coordinate on chromosome 22. Step4: GATA1 is a master transcription factor in erythroid/K562 cells. Step5: GATA1 typically acts as a strong transcriptional activator at distal enhancers. Step6: The enhancer loops to the CHEK2 promoter to upregulate gene expression, supporting K562 cell survival and proliferation.	activate
chr8	90197307	90197807	GATA1	RIPK2	LINC00534|chr8:91209535-91210035:.	0	0.85	Step1: The CRE sequence contains a canonical GATA binding motif (TGATAA). Step2: GATA1 is a master transcriptional regulator highly active in K562 erythroleukemia cells. Step3: This genomic region on chromosome 8 is situated near the RIPK2 gene locus. Step4: GATA1 forms activation complexes at enhancer elements during erythroid differentiation. Step5: GATA1 binding at this site is biologically plausible. Step6: The enhancer is hypothesized to recruit GATA1 to positively regulate nearby gene transcription.	activate
chr20	62776665	62777370	SPI1	RTEL1	LINC00659|chr20:61408017-61408722:.	0	0.75	Step1: The CRE is located in the chr20 subtelomeric region and active in K562 cells. Step2: The sequence contains abundant GGA repeats, which are classic binding sites for ETS-family factors such as SPI1. Step3: The nearby gene RTEL1 is a plausible target given its genomic proximity. Step4: SPI1 is a key hematopoietic transcription factor involved in myeloid development. Step5: SPI1 generally acts as a transcriptional activator. Step6: In K562 cells, SPI1 binds to this enhancer to activate RTEL1, promoting genome stability and cell proliferation.	activate
chr5	54311751	54312251	SP1	HSPA9	LINC01033|chr5:53607581-53608081:.	0	0.85	Step 1: The sequence contains a highly conserved GC-box motif (GGGCGGGGGGCGGGG) characteristic of the SP1/KLF transcription factor family. Step 2: SP1 is a potent and widely active transcription factor that frequently binds such G-rich enhancer and promoter regions to establish open chromatin. Step 3: In K562 cells, SP1 coordinates with hematopoietic transcription factors to drive robust expression of local genes, such as the proximal chr5 gene HSPA9 which is critical for cellular metabolism and erythropoiesis. Step 4: The interaction of SP1 at this regulatory element strongly suggests a positive regulatory role. Step 5: Therefore, we hypothesize that this CRE functions as an active enhancer, utilizing SP1 binding to locally activate transcription.	activate
chr5	54313246	54313746	MYC	none	LINC01033|chr5:53609076-53609576:.	0	0.8	Step 1: The CRE sequence contains a canonical E-box motif (CACGTG) at GAATTCCCACGTGTTGT. Step 2: In K562 cells, E-box motifs are strongly bound by the MYC/MAX heterodimer or USF transcription factors. Step 3: Given K562's highly proliferative nature, MYC frequently binds active enhancers to drive expression of genes involved in cell cycle progression and metabolism. Step 4: The prediction hypothesizes MYC binds this enhancer to activate an adjacent target gene.	activate
chr8	142961124	142961993	GATA1	MYC	LY6E|chr8:144042541-144043410:.	0	0.85	Step1: Confirm enhancer element in K562 cells; Step2: Sequence analysis identifies canonical WGATAR binding motifs; Step3: Candidate target gene MYC is a major driver in K562; Step4: GATA1 is a master transcription factor in hematopoietic and erythroid lineages; Step5: GATA1 frequently forms active enhancer looping interactions to promote robust gene expression; Step6: Predict GATA1 positively regulates MYC via this distal CRE.	activate
chr8	55853158	55854232	GATA1	LYN	LYN|chr8:56765717-56766791:.	1	0.85	Step1: Element acts as a putative enhancer in K562 cells based on open chromatin and active histone marks. Step2: The sequence contains canonical WGATAR motifs compatible with GATA1 binding. Step3: LYN is a critical hematopoietic kinase gene located near this genomic region on chromosome 8. Step4: GATA1 is a master transcription factor in erythroid and megakaryocytic lineages, highly active in K562 cells. Step5: GATA1 typically activates target genes essential for hematopoietic survival and differentiation. Step6: GATA1 binding to this CRE is hypothesized to upregulate LYN expression to support K562 cellular functions.	activate
chr12	12353671	12354299	GATA1	GAPDH	MANSC1|chr12:12506605-12507233:.	0	0.85	Step1: Confirm element type as an accessible enhancer region in K562 cells. Step2: Identify canonical GATA motifs within the regulatory sequence. Step3: Link to nearby broadly expressed or erythroid-related candidate gene in cis. Step4: Annotate GATA1 as a master transcription factor in hematopoietic and erythroid lineages. Step5: GATA1 binds to the enhancer to regulate target gene transcription. Step6: Interpret the role as driving gene expression to support K562 cellular metabolism and identity.	activate
chr19	2059459	2060334	KLF1	DOT1L	MBD3|chr19:2059458-2060333:.	0	0.75	Step1: Confirm element type as an active distal enhancer in K562 cells. Step2: Identify KLF/SP family TF motifs (e.g., CACCC) in the sequence. Step3: Determine DOT1L as a candidate nearby target gene on chromosome 19. Step4: DOT1L and KLF1 are important for epigenetic regulation and erythroid differentiation. Step5: KLF1 acts as an activator at this enhancer. Step6: Interpret the role in K562 cells as supporting transcriptional programs required for erythropoiesis.	activate
chr14	100770440	100770940	GATA1	MEG3	MEG3|chr14:101236777-101237277:.	1	0.85	Step1: The CRE is located in the DLK1-MEG3 imprinted locus on chromosome 14, standard for regulatory activity. Step2: Motif analysis suggests binding sites for GATA-family transcription factors. Step3: MEG3, a lncRNA, is a key transcript located within this regulatory domain. Step4: GATA1 is a master erythroid transcription factor highly active in K562 cells. Step5: GATA1 establishes enhancer-promoter loops to drive lineage-specific expression. Step6: The data supports a strong regulatory axis linking this CRE to MEG3 via GATA1.	GATA1 binds to the enhancer at chr14:100770440-100770940 to activate the expression of MEG3 in K562 cells.
chr22	39452407	39453167	NFE2	APOBEC3G	MGAT3|chr22:39848412-39849172:.	0	0.85	Step1: Analysis of the CRE sequence reveals a strong TGAGTCA motif, which is a canonical binding site for AP-1 and NFE2. Step2: NFE2 is a master hematopoietic transcription factor highly active in K562 erythroleukemia cells. Step3: The CRE is located in a gene-rich region on chromosome 22, in the vicinity of the APOBEC3 cluster. Step4: NFE2 is known to drive the expression of cell-type specific genes in erythroid lineages. Step5: Binding of NFE2 to this enhancer element is hypothesized to positively regulate nearby target genes.	The NFE2 transcription factor binds to this enhancer to activate the APOBEC3G gene.
chr3	69724543	69725631	GATA1	SLC4A1	MITF|chr3:69773694-69774782:.	0	0.85	Step1: Analyze CRE location and sequence. Step2: Identify GATA1 motifs within the sequence which are characteristic of erythroid enhancers. Step3: Select SLC4A1 (Band 3) as a canonical GATA1 target in K562 cells. Step4: Annotate GATA1 as a master transcriptional regulator in hematopoiesis. Step5: GATA1 is known to strongly drive the expression of erythroid genes. Step6: Conclude that this CRE likely acts as a GATA1-bound enhancer to drive erythroid-specific target expression.	activate
chr5	53118712	53119369	GATA1	HINT1	MOCS2|chr5:52414542-52415199:.	0	0.85	Step1: The element is a predicted enhancer region in K562 cells. Step2: Sequence analysis identifies canonical GATA-binding motifs (WGATAR) suitable for GATA1. Step3: HINT1 is a biologically relevant gene located nearby on chromosome 5. Step4: GATA1 is a primary transcription factor driving erythroid and megakaryocytic programs in K562 cells. Step5: GATA1 commonly functions as a transcriptional activator at distal enhancers. Step6: We hypothesize a functional loop between this enhancer and the HINT1 promoter.	GATA1 binds to this enhancer element to activate the transcription of HINT1 in K562 cells.
chr5	53120100	53120600	GATA1	RNF145	MOCS2|chr5:52415930-52416430:.	0	0.82	Step1: Identify CRE at chr5:53120100-53120600. Step2: Sequence contains potential GATA motifs. Step3: Nearby genes on chr5 such as RNF145 are candidate targets. Step4: GATA1 is a master transcription factor in K562 erythroid development. Step5: GATA1 binding at this enhancer likely upregulates nearby target genes. Step6: Plausible activation regulatory axis in K562 cells.	activate
chrX	65998017	65998517	GATA1	ALAS2	MSN|chrX:65217859-65218359:.	0	0.85	Step1: Confirm element type as an active enhancer in K562 cells; Step2: Identify GATA1 motifs within the sequence; Step3: Determine ALAS2 as a plausible target gene in the erythroid context; Step4: GATA1 is a master transcription factor for erythropoiesis; Step5: GATA1 typically drives the expression of erythroid specific genes; Step6: This regulatory axis is critical for K562 erythroblastic features.	activate
chrX	66009193	66009693	GATA1	AR	MSN|chrX:65229035-65229535:.	0	0.75	Step 1: The element is an enhancer located on chrX. Step 2: The sequence contains putative GATA motifs (e.g., WGATAR variants). Step 3: AR (Androgen Receptor) is located on chrX and can be regulated in various cellular contexts. Step 4: GATA1 is a master transcription factor in K562 erythroleukemia cells. Step 5: GATA1 often drives target gene expression in hematopoietic lineages. Step 6: In K562 cells, GATA1 binding to this distal enhancer likely activates local gene expression.	activate
chr8	127960391	127960502	GATA1	MYC	MYC|chr8:128972637-128972748:*	1	0.85	Step1: Confirm element type as an enhancer based on its sequence and genomic context. Step2: Identify a classic GATA binding motif (AGATAA) within the input sequence. Step3: Determine candidate gene as MYC, which is located in the same topologically associating domain (~200kb away) and is highly regulated by distal enhancers. Step4: GATA1 is a master erythroid transcription factor highly active in K562 cells. Step5: GATA1 is known to bind distal enhancers to regulate MYC during hematopoietic proliferation and differentiation. Step6: In K562 cells, this element likely acts as a GATA1-bound enhancer to drive MYC activation.	activate
chr17	32897552	32897572	GATA1	MYO1D	MYO1D|chr17:31224570-31224590:*	1	0.85	Step1: Confirm element type as a putative enhancer in K562 cells; Step2: Identify TF motif, revealing an E-box (CATGTG) and a GATA motif (TGATACA) in the sequence; Step3: Determine candidate gene by positional proximity on chr17; Step4: Gene and TF annotation links GATA1, a master erythroid regulator, to local gene regulation; Step5: TF-gene relationship suggests positive upregulation during hematopoietic differentiation; Step6: Interpret role in K562 cells as erythroid-specific target induction.	GATA1 is predicted to bind this CRE and activate the expression of MYO1D.
chr11	33944736	33945236	GATA1	LMO2	NAT10|chr11:33966283-33966783:.	0	0.85	Step1: The CRE is located in the vicinity of the LMO2 locus on chr11, a critical gene for hematopoietic and erythroid development. Step2: The sequence contains potential binding sites for erythroid transcription factors such as GATA1. Step3: LMO2 is a well-established target of the GATA1 regulatory network. Step4: GATA1 functions as a master transcription factor in K562 erythroleukemia cells. Step5: GATA1 typically interacts with TAL1 and LMO2 itself to form a transcriptional activating complex at such enhancers. Step6: Binding of GATA1 to this enhancer element is hypothesized to activate LMO2 expression, promoting erythroid traits in K562 cells.	activate
chr7	140507907	140508876	GATA1	BRAF	NDUFB2|chr7:140207707-140208676:.	0	0.65	Step1: Confirm element type as an intronic enhancer located within the BRAF locus; Step2: Sequence contains potential GATA motifs and repetitive elements; Step3: BRAF is the host gene and a primary candidate target; Step4: BRAF encodes a kinase central to the MAPK signaling pathway; Step5: GATA1 may bind this cis-regulatory element to modulate BRAF levels; Step6: In K562 erythroleukemia cells, tightly controlled BRAF expression is relevant for cellular proliferation and signaling.	GATA1 activates BRAF
chr4	55723369	55723869	GATA1	KDR	NMU|chr4:56589536-56590036:.	0	0.85	Step1: Confirm element type as an enhancer in K562 cells; Step2: Sequence contains canonical GATA motifs (AGATAA), suggesting GATA binding; Step3: KDR is located in the vicinity on chromosome 4; Step4: GATA1 is a master transcription factor in the erythroid lineage (K562); Step5: GATA1 regulates many genes involved in hematopoietic development; Step6: In K562 cells, GATA1 likely binds this enhancer to upregulate target gene expression.	activate
chr22	38846894	38847394	GATA1	MYH9	NPTXR|chr22:39242899-39243399:.	0	0.85	Step1: The element is an active enhancer in K562 cells based on open chromatin and enhancer marks. Step2: Sequence analysis reveals canonical GATA1 motifs. Step3: The nearby gene MYH9 is highly expressed in megakaryocyte/erythroid lineages. Step4: GATA1 is a master regulator of erythroid/megakaryocytic genes. Step5: GATA1 is known to positively regulate MYH9 during megakaryocytic differentiation. Step6: In K562 cells, this element likely acts as a GATA1-bound enhancer to drive MYH9 expression.	activate
chr19	6674793	6675293	GATA1	KLF1	NRTN|chr19:6674804-6675304:.	0	0.85	Step1: The CRE is active in K562 cells. Step2: GATA1 is a master regulator of erythroid lineage and has potential binding sites in this sequence. Step3: KLF1 is a key erythroid gene located on chromosome 19. Step4: Both GATA1 and KLF1 are highly expressed in K562 cells. Step5: GATA1 is known to directly activate KLF1 expression. Step6: This enhancer-mediated activation supports the erythroleukemic regulatory network in K562 cells.	activate
chr8	124637449	124637892	GATA1	MYC	NSMCE2|chr8:124637449-124637892:.	0	0.85	Step1: Identified as a putative regulatory element in K562 cells; Step2: Sequence analysis reveals potential GATA/E-box composite motifs; Step3: MYC is a major target gene in this broader chromosomal domain; Step4: GATA1 is a master transcription factor in hematopoietic/erythroid lineages; Step5: GATA1 often regulates key oncogenes and proliferation markers via long-range looping; Step6: In K562 cells, enhancer-promoter communication driven by GATA1 is critical for maintaining oncogenic networks.	activate
chr1	25933351	25933954	GATA1	RHD	NUDC|chr1:26259842-26260445:.	0	0.85	Step1: The CRE sequence contains a canonical GATA motif (TGATAA), a primary binding site for erythroid master regulators. Step2: GATA1 is highly expressed and functionally critical in K562 erythroleukemia cells. Step3: The RHD gene, located in the chromosomal vicinity, encodes a major erythrocyte surface antigen. Step4: GATA1 is required for the maturation and expression of erythroid surface markers. Step5: GATA1 acts as a strong transcriptional activator for erythroid-specific genes including blood group antigens. Step6: In the K562 cellular context, this enhancer is predicted to recruit GATA1 to activate RHD expression, supporting erythroid phenotype properties.	activate
chr2	10283198	10283698	GATA1	MYCN	PDIA6|chr2:10423324-10423824:.	0	0.85	Step1: Element recognized as active enhancer in K562. Step2: Potential GATA1 regulatory motifs are present in the sequence. Step3: Target gene assigned based on general K562 regulatory networks. Step4: GATA1 is a master transcription factor in K562 erythroid lineage. Step5: GATA1 is known to regulate key developmental genes. Step6: Supports erythroid differentiation and proliferation in K562 cells.	activate
chr10	95297410	95297910	GATA1	FAS	PDLIM1|chr10:97057167-97057667:.	0	0.85	Step1: Confirm element type as putative enhancer; Step2: Sequence contains potential GATA motifs; Step3: Candidate target gene FAS is located nearby on chr10; Step4: GATA1 is a known master regulator in erythroid/K562 cells; Step5: Gene regulation involves erythroid maturation and survival; Step6: GATA1 is hypothesized to activate this CRE to drive target gene expression.	activate
chr10	117411392	117412093	GATA1	INPP5F	PDZD8|chr10:119170903-119171604:.	0	0.85	Step1: This CRE is located in a hematopoietic active region. Step2: Motif analysis of the sequence reveals potential GATA binding sites (WGATAR) relevant for erythroid factors. Step3: INPP5F is located on chromosome 10 and is a plausible target in the region. Step4: GATA1 is a master regulator of erythroid development in K562 cells. Step5: GATA1 typically activates target genes involved in hematopoietic differentiation or cellular metabolism. Step6: The CRE likely acts as an enhancer bound by GATA1 to upregulate INPP5F expression in K562 cells.	activate
chr6	37183271	37183514	SP1	PIM1	PIM1|chr6:37151047-37151290:*	1	0.88	Step 1: The CRE is identified as a regulatory element near the PIM1 locus on chromosome 6. Step 2: The sequence contains GC-rich motifs (e.g., GGGGTGGGG) which are canonical binding sites for SP1 and KLF family transcription factors. Step 3: PIM1 is a known oncogenic kinase highly expressed in K562 cells and leukemia. Step 4: SP1 is a ubiquitous transcription factor that often regulates oncogene expression in cancer cells. Step 5: SP1 binding to this enhancer likely promotes physical interaction with the PIM1 promoter. Step 6: In the K562 hematopoietic context, SP1-mediated upregulation of PIM1 supports cell survival and proliferation.	activate
chr15	72237366	72237866	NFE2	PKM	PKM|chr15:72529707-72530207:.	1	0.85	Step 1: Sequence contains a strong NFE2/AP-1 binding motif (TGACTCAG). Step 2: NFE2 is highly active in the erythroid-like K562 cell line. Step 3: PKM is a key metabolic gene located nearby on chromosome 15. Step 4: NFE2 is known to coordinate with other factors to activate genes essential for cellular metabolism and erythroid differentiation.	NFE2 binds to this enhancer to activate the transcription of PKM in K562 cells.
chr21	43397742	43398833	GATA1	HMGN1	PKNOX1|chr21:44817622-44818713:.	0	0.85	Step1: Confirm element type as an enhancer in K562 cells based on chromatin signatures. Step2: Identify putative GATA1 binding motifs within the sequence. Step3: Assign HMGN1 as a candidate target gene due to its genomic proximity and role in chromatin regulation. Step4: GATA1 is a master transcription factor in the erythroid lineage (K562). Step5: GATA1 is known to regulate genes involved in chromatin structure and erythropoiesis. Step6: We hypothesize that GATA1 binds this CRE to activate HMGN1 expression in K562 cells.	activate
chr19	12825131	12825931	GATA1	ZNF444	PRDX2|chr19:12935945-12936745:*	0	0.85	Step1: Sequence analysis identifies GC-rich elements and potential GATA/E-box composite motifs; Step2: GATA1 is a master transcription factor in K562 erythroid differentiation; Step3: Positional mapping correlates this CRE with local ZNF gene clusters common on chr19; Step4: GATA1 typically acts as a strong enhancer-binding activator in hematopoietic cells; Step5: The predicted interaction supports erythroid-specific target gene expression.	activate
chr7	106978516	106979016	GATA1	MGA	PRKAR2B|chr7:106618961-106619461:.	0	0.85	Step1: Enhancer identified in K562 cells based on open chromatin and active marks. Step2: GATA motif (TGATAA) found in sequence. Step3: MGA is located near the CRE on chromosome 7. Step4: GATA1 is a key erythroid master regulator. Step5: GATA1 typically activates target genes in K562. Step6: MGA interacts with MAX and regulates MYC-dependent pathways important for K562 proliferation.	activate
chr7	106979031	106979531	GATA1	PIK3CG	PRKAR2B|chr7:106619476-106619976:.	0	0.85	Step 1: Identify the element as a putative enhancer active in K562 cells. Step 2: Sequence analysis reveals an AGATAA motif, which is a canonical binding site for the GATA family of transcription factors. Step 3: Candidate target gene PIK3CG is located in the broader genomic vicinity on chromosome 7. Step 4: GATA1 is a master hematopoietic transcription factor highly expressed in the erythroleukemic K562 cell line. Step 5: GATA1 typically acts as an activator for genes involved in erythroid differentiation and cell signaling pathways. Step 6: We hypothesize that GATA1 binds to this enhancer element to promote the expression of the target gene in K562 cells.	activate
chr7	107010101	107011094	GATA1	SLC25A13	PRKAR2B|chr7:106650546-106651539:.	0	0.88	Step1: Region chr7:107010101-107011094 acts as an active cis-regulatory element in K562 cells; Step2: Motif analysis of the submitted sequence identifies consensus WGATAR binding sites; Step3: GATA1 is a master transcription factor in the erythroid/megakaryocytic K562 cell line; Step4: SLC25A13 is a proximal candidate gene whose expression is modulated during hematopoiesis; Step5: GATA1 binding to this enhancer recruits co-activators to drive target gene transcription.	GATA1 binds to the enhancer at chr7:107010101-107011094 to activate the expression of SLC25A13.
chr1	225928390	225928890	GATA1	ZNF687	PYCR2|chr1:226116090-226116590:.	0	0.85	Step1: Confirm element type; Step2: Sequence analysis reveals canonical GATA binding motifs; Step3: Determine candidate gene ZNF687 based on proximity; Step4: GATA1 is a master erythroid transcription factor highly active in K562 cells; Step5: TF-gene relationship suggests enhancer-mediated activation; Step6: Enhancer looping activates ZNF687 expression to support hematopoietic processes in K562 cells.	activate
chr12	71752862	71753362	GATA1	NUDT4	RAB21|chr12:72146642-72147142:.	0	0.85	Step1: Confirm element type as a putative enhancer in K562 cells. Step2: Identify WGATAR binding motif within the CRE sequence. Step3: Determine candidate target gene in the chr12:71M region. Step4: GATA1 is a master transcription factor in hematopoietic and erythroid lineages. Step5: Establish GATA1-enhancer binding relationship. Step6: Interpret as driving localized erythroid-specific target gene expression.	GATA1 is predicted to activate NUDT4 transcription through binding this enhancer in K562 cells.
chr18	9876828	9877738	GATA1	PTPRM	RAB31|chr18:9876825-9877735:.	0	0.85	Step 1: The sequence contains WGATAR motifs compatible with GATA1 binding. Step 2: GATA1 is a critical erythropoietic transcription factor highly active in K562 cells. Step 3: PTPRM is located on chromosome 18 near this region and represents a plausible nearby target gene. Step 4: GATA1 typically acts as a strong transcriptional activator in hematopoietic cells. Step 5: Based on the chromatin context and motif presence, GATA1 is predicted to bind this enhancer and upregulate the target gene to support K562 cell growth and differentiation.	activate
chr7	103995900	103996555	GATA1	CUX1	RELN|chr7:103636347-103637002:.	0	0.75	Step1: The CRE is identified as a putative distal enhancer in K562 cells; Step2: Sequence analysis reveals canonical WGATAR motifs compatible with GATA1 binding; Step3: CUX1 is located on the same chromosome and represents a biologically plausible target; Step4: GATA1 is a master transcription factor in the erythroid lineage; Step5: GATA1 typically interacts with key enhancers to drive target gene expression; Step6: In K562 cells, this element likely loops to the CUX1 promoter to facilitate transcription.	activate
chr14	20820431	20821091	SP1	APEX1	RNASE1|chr14:21288590-21289250:.	0	0.85	Step1: Sequence contains GC-rich elements compatible with SP1 binding. Step2: CRE is located near the APEX1 gene on chr14. Step3: APEX1 is functionally vital for DNA repair and highly expressed in K562 cells. Step4: SP1 is a known activator of APEX1 transcription. Step5: Plausible enhancer-promoter communication established based on proximity and TF motif.	The CRE chr14:20820431-20821091 likely acts as an enhancer bound by SP1 to activate the expression of APEX1 in K562 cells.
chr17	80254696	80255316	GATA1	SPACA3	RNF213|chr17:78228495-78229115:.	0	0.85	Step1: Confirm element type as a putative enhancer in K562 cells based on chromatin accessibility. Step2: Recognize GATA-binding motifs within the provided genomic sequence. Step3: Identify a nearby candidate target gene on distal chromosome 17. Step4: GATA1 is a master transcription factor in the erythroid lineage. Step5: GATA1 is hypothesized to bind this enhancer and upregulate proximal gene expression. Step6: This interaction is consistent with K562 erythroid regulatory networks.	activate
chr1	213045154	213046736	GATA1	ATF3	RPS6KC1|chr1:213218496-213220078:.	0	0.75	Step1: Identified regional CRE in K562 cells. Step2: Analyzed sequence for TF binding motifs, identifying WGATAR consensus sites compatible with erythroid regulators. Step3: Mapped the CRE to the proximal ATF3 gene territory at 1q32. Step4: Annotated GATA1 as a master regulator of erythroid/megakaryocytic lineages in hematopoiesis. Step5: Predicted functional GATA1 binding based on typical K562 active enhancer states. Step6: Concluded that GATA1 positively modulates target gene expression in this erythropoietic context.	The regulatory hypothesis is that GATA1 binds to this enhancer to activate ATF3 expression in K562 cells.
chr12	124887089	124887589	GATA1	NCOR2	SCARB1|chr12:125371635-125372135:.	0	0.85	Step1: Genomic coordinates place this CRE near the NCOR2 locus on chr12; Step2: The sequence contains canonical GATA binding motifs; Step3: NCOR2 is a prominent transcriptional corepressor located in this region; Step4: GATA1 is a master transcription factor in K562 erythroid cells; Step5: GATA1 binds to intronic/intergenic enhancers to regulate gene expression; Step6: In K562 cells, GATA1 binding at this enhancer likely drives NCOR2 transcription to modulate hematopoietic differentiation.	GATA1 binds to the enhancer at chr12:124887089-124887589 to activate NCOR2 expression in K562 cells.
chr15	51652121	51652621	GATA1	PTPN9	SCG3|chr15:51944318-51944818:.	0	0.85	Step1: Confirm element is an active enhancer in K562 cells based on chromatin accessibility. Step2: Sequence contains compatible GATA1 binding motifs (e.g., WGATAR). Step3: PTPN9 is located on chromosome 15 and is functionally relevant. Step4: GATA1 is a master transcription factor in the erythroid lineage and highly active in K562. Step5: GATA1 binding at this enhancer likely drives expression of the target gene. Step6: This enhancer-TF interaction supports erythroid-specific regulatory programs in K562 cells.	activate
chr1	17441310	17441810	GATA1	SDHB	SDHB|chr1:17767806-17768306:.	1	0.85	Step1: Confirm element type as a putative enhancer in K562 cells based on open chromatin and genomic location; Step2: Sequence scanning identifies potential binding motifs for lineage-specific transcription factors; Step3: SDHB is a plausible nearby target gene regulated by this element; Step4: GATA1 is a master hematopoietic transcription factor crucial for erythroid survival and metabolism; Step5: Enhancer looping connects this GATA1-bound region to the target gene promoter; Step6: This interaction promotes metabolic stability tailored for the K562 erythroleukemia phenotype.	GATA1 is predicted to activate SDHB expression through this local regulatory element in K562 cells.
chr4	48481557	48482057	GATA1	none	SLC10A4|chr4:48483574-48484074:.	0	0.85	Step1: Confirm element type as enhancer based on sequence and cell context; Step2: Sequence contains potential GATA motifs; Step3: Identify candidate target gene in the surrounding locus; Step4: GATA1 is a master regulator of erythroid lineages including K562; Step5: Establish GATA1 as an activator of erythroid genes; Step6: The enhancer likely recruits GATA1 to activate transcription.	GATA1 binds to this enhancer and is predicted to activate target_gene expression in K562 cells.
chr17	44326738	44327238	SP1	ARL4D	SLC25A39|chr17:42404106-42404606:.	0	0.85	Step1: Sequence contains prominent GC-rich tracts and GGGCGG motifs consistent with SP1/KLF binding. Step2: SP1 is an ubiquitously expressed transcription factor highly active in K562 cells. Step3: The genomic coordinates map near the ARL4D locus. Step4: SP1 is a known activator of many promoters and enhancers. Step5: SP1 binding likely promotes the transcription of the closely situated ARL4D gene. Step6: In K562 cells, this element functions as an active regulatory enhancer.	SP1 is predicted to bind this regulatory element and activate the transcription of ARL4D in K562 cells.
chrX	134981877	134982377	GATA1	HPRT1	SMIM10|chrX:134115907-134116407:.	0	0.85	Step1: Confirm element type as a putative enhancer on chromosome X. Step2: Sequence analysis reveals sequence motifs compatible with GATA-family transcription factors. Step3: The genomic coordinates are in proximity to the HPRT1 gene (chrX:134.4M). Step4: GATA1 is a critical master transcription factor in the erythroid lineage and is highly active in K562 cells. Step5: GATA1 acts as a positive regulator for many genes essential for cellular function in hematopoietic cells. Step6: We hypothesize that GATA1 binds this CRE to activate the expression of the nearby HPRT1 gene in K562 cells.	activate
chr7	44995065	44995565	GATA1	MKLN1	SNHG15|chr7:45034664-45035164:.	0	0.85	Step1: Identified CRE as a putative enhancer in K562 cells based on genomic context. Step2: Sequence analysis reveals multiple WGATAR motifs compatible with GATA1 binding. Step3: MKLN1 is located in the broad chr7 region and serves as a plausible target. Step4: GATA1 is a master transcription factor in erythroid biology (K562). Step5: Enhancers bound by GATA1 typically drive activation of nearby genes. Step6: Consequently, we propose GATA1 activates this target in K562 cells.	GATA1 binds to the enhancer at chr7:44995065-44995565 to activate MKLN1 transcription in K562 cells.
chr16	11231111	11231611	MYC	SOCS1	SOCS1|chr16:11324968-11325468:.	1	0.85	Step1: Region chr16:11231111-11231611 is located near the SOCS1 locus on chromosome 16. Step2: The sequence contains a prominent E-box motif (CACGTG) which is typically bound by basic helix-loop-helix transcription factors like MYC. Step3: SOCS1 is a major regulator of JAK/STAT signaling. Step4: MYC is highly expressed in K562 erythroleukemia cells and frequently drives oncogenic regulatory networks. Step5: MYC is known to bind regulatory elements to promote the transcription of cell cycle and signaling modulators. Step6: It is highly plausible that MYC utilizes this enhancer element to activate SOCS1 in K562 cells to modulate cytokine responsiveness and support continued proliferation.	MYC binds to the enhancer at chr16:11231111-11231611 to activate the expression of SOCS1.
chr16	11233038	11233538	KLF1	SOCS1	SOCS1|chr16:11326895-11327395:.	1	0.85	Step1: The CRE is located in a highly GC-rich region on chromosome 16. Step2: Sequence analysis reveals canonical CACCC/GCCCACC motifs indicative of binding sites for Kruppel-like factors like KLF1. Step3: A nearby relevant target gene is SOCS1, a key regulator of cytokine signaling in hematopoietic lineages. Step4: KLF1 is heavily involved in erythroid lineage specification and is active in human K562 erythroleukemia cells. Step5: Regulation of SOCS1 by erythro-megakaryocytic factors is critical for controlling JAK/STAT signaling during differentiation. Step6: This element likely functions as an active enhancer in K562 cells, driving SOCS1 expression upon KLF1 binding.	activate
chr4	176290445	176290945	GATA1	VEGFC	SPCS3|chr4:177211596-177212096:.	0	0.75	Step 1: Sequence analysis identifies GATA-binding motifs (WGATAR) within the CRE. Step 2: Chromatin accessibility in K562 cells indicates this region functions as an active enhancer. Step 3: GATA1 is a master transcription factor in the erythroleukemia K562 cell line. Step 4: The nearby VEGFC gene is functionally relevant to hematopoiesis and angiogenesis. Step 5: Based on typical erythroid regulatory networks, GATA1 binding at this enhancer is predicted to promote target gene expression.	activate
chr16	29654824	29655324	GATA1	SULT1A1	SPN|chr16:29666145-29666645:.	0	0.85	Step1: Confirm element type as a putative enhancer in K562 cells; Step2: Identify GATA1 motif matches within the sequence; Step3: Determine candidate gene SULT1A1 which is located in the vicinity of this CRE on chromosome 16; Step4: GATA1 is a master transcription factor in the erythroid K562 leukemia cell line; Step5: GATA1 establishes open chromatin and recruits co-activators to drive gene expression; Step6: Overlapping epigenetic marks such as H3K27ac in K562 cells suggest this regulatory relationship.	activate
chr1	158689047	158689547	GATA1	ACKR1	SPTA1|chr1:158658837-158659337:.	0	0.85	Step1: The sequence contains A/T-rich regions and potential WGATAR motifs compatible with GATA binding. Step2: GATA1 is a master transcription factor in K562 erythroleukemia cells. Step3: The CRE is located on chr1 in a region containing erythroid-relevant genes, making it a plausible distal enhancer. Step4: GATA1 typically activates erythroid-specific target genes in this lineage. Step5: We hypothesize this element acts as a GATA1-bound enhancer interacting with a nearby target promoter.	activate
chr2	38613065	38614248	GATA1	TTC7A	SRSF7|chr2:38840207-38841390:.	0	0.85	Step 1: Analyzed the CRE sequence and genomic context in human K562 erythroleukemia cells. Step 2: Identified multiple WGATAA canonical motifs suitable for GATA family transcription factors within the sequence. Step 3: GATA1 is a master regulator of erythroid/megakaryocytic differentiation and is highly active in K562 cells. Step 4: The CRE acts as a distal enhancer element coordinating with the promoter of nearby genes. Step 5: The hypothesis is that GATA1 binds this enhancer to activate the transcription of the target gene, driving erythroid-specific expression programs.	GATA1 binds to the enhancer at chr2:38613065-38614248 to activate the expression of TTC7A in K562 cells.
chr2	39150063	39151173	MYC	NCOA1	SRSF7|chr2:39377204-39378314:.	0	0.85	Step1: Sequence analysis identifies a canonical E-box motif (CACGTG) indicating potential binding by bHLH transcription factors like MYC or USF1. Step2: MYC is highly active in K562 cells and acts as a major transcriptional driver. Step3: The CRE is located in a gene-rich region on chromosome 2. Step4: MYC is known to bind enhancers and promoters to drive expression of genes involved in proliferation and metabolism. Step5: We hypothesize MYC binds this E-box to locally activate transcription. Step6: In K562, MYC promotes rapid cell growth, and its binding to this CRE likely activates the target gene.	MYC is predicted to bind the E-box motif within the chr2:39150063-39151173 element and activate the transcription of NCOA1 in K562 cells.
chr5	81754579	81755079	MYC	XRCC4	SSBP2|chr5:81050398-81050898:.	0	0.85	Step 1: The CRE is identified as a putative enhancer in K562 cells. Step 2: The sequence contains a canonical E-box motif (CACGTG) which is a strong binding site for MYC. Step 3: XRCC4 is a plausible target gene located in the chromosomal vicinity. Step 4: MYC is heavily expressed and functionally critical in K562 erythroleukemia cells. Step 5: MYC typically acts as a transcriptional activator at E-box containing enhancers. Step 6: We hypothesize this CRE activates XRCC4 to support DNA repair and cell survival in K562.	activate
chr5	81758675	81759175	GATA1	SLC22A4	SSBP2|chr5:81054494-81054994:.	0	0.85	Step1: Confirm element type as a putative enhancer in K562 cells; Step2: Sequence analysis reveals potential WGATAR motifs compatible with GATA1 binding; Step3: Determine candidate target gene in the local chr5 region; Step4: GATA1 is a master regulator of erythroid/megakaryocytic development; Step5: Known regulatory networks suggest GATA1 binds such distal elements to drive expression of hematopoietic genes; Step6: In K562 cells, this element likely functions as a GATA1-bound enhancer to upregulate target gene transcription.	activate
chr7	22680403	22680994	GATA1	HOXA9	STEAP1B|chr7:22720022-22720613:.	0	0.85	Step1: Confirm element type as a putative enhancer in K562 cells; Step2: Identify GATA1 motif compatibility within the sequence; Step3: Determine HOXA9 as a plausible candidate target gene in this region; Step4: GATA1 is a key erythroid transcription factor; Step5: GATA1 is known to regulate developmental genes in hematopoietic lineages; Step6: GATA1 binding likely promotes activation of HOXA9.	activate
chr22	39452407	39453167	JUN	PDGFB	SYNGR1|chr22:39848412-39849172:.	0	0.85	Step1: The CRE sequence contains a canonical AP-1 binding motif (TGAGTCA). Step2: JUN is a primary component of the AP-1 transcription factor complex, which is active in K562 cells. Step3: PDGFB is located on chromosome 22 near this CRE and is a plausible target for regulation. Step4: JUN binds the enhancer and loops to the promoter. Step5: AP-1 typically acts as a transcriptional activator. Step6: This interaction likely supports proliferative signals in the K562 leukemia model.	activate
chr12	33588022	33588689	GATA1	SYT1	SYT10|chr12:33740957-33741624:.	0	0.85	Step1: Confirm enhancer element in K562; Step2: Identify GATA motif in sequence; Step3: Identify nearby target gene; Step4: Annotate GATA1 as master erythroid regulator; Step5: Establish GATA1-gene activation; Step6: Link to K562 erythroid features.	GATA1 is predicted to activate SYT1 through binding to this enhancer in K562 cells.
chr8	30912766	30913266	GATA1	FGFR1	TEX15|chr8:30770282-30770782:.	0	0.8	Step1: The sequence contains putative GATA-binding motifs (e.g., GATA/TATC) suggesting regulatory function. Step2: GATA1 is a master transcription factor in K562 erythroleukemia cells. Step3: The genomic coordinates reside in a region containing candidate genes such as FGFR1. Step4: GATA1 is known to bind enhancers and regulate local gene expression to drive erythroid differentiation and proliferation pathways. Step5: GATA1 typically acts as an activator at these distal regulatory elements. Step6: The hypothesis is that GATA1 binds this CRE to upregulate local target genes supporting K562 cell identity.	activate
chr9	99075179	99075797	GATA1	FANCC	TGFBR1|chr9:101837461-101838079:.	0	0.75	Step1: Confirm element type as an enhancer in K562 cells. Step2: Identify GATA1 motif within the sequence matching erythroid regulatory patterns. Step3: Identify nearby candidate gene FANCC around chr9:99M. Step4: Both GATA1 and FANCC are active in hematopoietic lineages. Step5: GATA1 typically acts as an activator for erythroid-related genes. Step6: Conclude that GATA1 binds this enhancer to activate FANCC in K562 cells.	activate
chr19	3133302	3133802	GATA1	MBD3	TIMM13|chr19:3133300-3133800:.	0	0.85	Step1: The CRE at chr19:3133302-3133802 overlaps an active enhancer region in K562 cells. Step2: Sequence analysis identifies consensus GATA motifs (WGATAR) consistent with GATA1 binding. Step3: The nearby gene MBD3 is located in proximity to this region and is actively transcribed in K562 cells. Step4: GATA1 is a master transcription factor essential for erythropoiesis and highly active in K562 cells. Step5: GATA1 typically acts as a transcriptional activator at distal enhancers in erythroid lineages. Step6: The enhancer-promoter interaction between this CRE and MBD3 likely coordinates gene expression required for K562 cell growth and differentiation.	GATA1 binds to the enhancer at chr19:3133302-3133802 and activates MBD3 expression in K562 cells.
chr5	178127330	178127952	GATA1	SQSTM1	TMED9|chr5:177554331-177554953:.	0	0.85	Step1: Element is an active enhancer in K562 cells. Step2: Sequence contains GATA motifs (WGATAR). Step3: SQSTM1 is a plausible target in the vicinity. Step4: GATA1 is a master regulator of erythroid differentiation. Step5: GATA1 binds this enhancer to upregulate target genes. Step6: Enhances expression in K562.	GATA1 binds to the enhancer at chr5:178127330-178127952 to activate expression of SQSTM1 in K562 cells.
chr4	55729466	55730962	GATA1	SRD5A3	TMEM165|chr4:56595633-56597129:.	0	0.85	Step1: Element recognized as active CRE in K562 cells. Step2: Sequence contains consensus GATA binding motifs (WGATAR) suggesting GATA1 occupancy. Step3: Neighboring putative gene SRD5A3 is a candidate target in the chr4q12 region. Step4: GATA1 is a master transcription factor in the K562 erythroid lineage context. Step5: TF-gene regulatory interactions indicate GATA1 binds enhancers to drive local gene expression. Step6: Biological context implies an activating regulatory event by GATA1 on the target promoter.	activate
chr1	203005609	203006109	MYC	CHI3L1	TMEM183A|chr1:202974737-202975237:.	0	0.85	Step1: Confirm element type as enhancer based on regulatory context; Step2: Sequence contains exact CACGTG E-box motif which binds MYC/MAX heterodimers; Step3: Identified candidate gene nearby on chr1; Step4: MYC is a major transcriptional regulator highly active in K562 erythroleukemia cells; Step5: Enhancer loops to target gene promoter; Step6: MYC generally acts as a transcriptional activator at E-box elements to promote cell proliferation and survival in K562 cells.	MYC activates CHI3L1 through this enhancer in K562 cells.
chr1	95084201	95084944	GATA1	CDC7	TMEM56|chr1:95549757-95550500:.	0	0.85	Step1: The input region corresponds to a putative regulatory element in K562 cells. Step2: Sequence analysis reveals canonical GATA binding motifs. Step3: A proximal candidate gene on chromosome 1 is considered. Step4: GATA1 is highly active in the K562 erythroleukemia cell line. Step5: GATA1 typically acts as a strong transcriptional activator. Step6: In K562 cells, GATA1 binding to this enhancer is predicted to activate target gene transcription.	The regulatory hypothesis is that GATA1 binds to the enhancer at chr1:95084201-95084944 to activate the CDC7 gene.
chr1	95085335	95085835	SP1	CDCA8	TMEM56|chr1:95550891-95551391:.	0	0.85	Step 1: The sequence contains a prominent GC-box (GGGGGCGG) motif, indicating a canonical SP1 binding site. Step 2: SP1 is an essential transcription factor active in human K562 cells. Step 3: Analysis of the genomic region chr1:95085335-95085835 suggests regulatory potential. Step 4: SP1 typically acts as an activator for promoters and enhancers of cell cycle and universally expressed genes in rapidly dividing cell lines like K562. Step 5: SP1 binds this CRE to upregulate target gene expression.	activate
chr1	95086848	95087635	GATA1	EAF1	TMEM56|chr1:95552404-95553191:.	0	0.85	Step1: Analyzed the given sequence and identified WGATAR motifs which are canonical binding sites for GATA-family transcription factors. Step2: Selected GATA1 as the primary candidate TF due to its master regulatory role in erythroid differentiation and high activity in K562 cells. Step3: GATA1 forms complexes with TAL1 and LDB1 at erythroid enhancers to drive gene expression. Step4: Assessed nearby target gene regulation in the local chromatin neighborhood. Step5: Hypothesized an enhancer-promoter looping mechanism where GATA1 directly activates transcription. Step6: Finalized the regulatory hypothesis based on GATA1's established function as a transcriptional activator in this cellular context.	activate
chr1	95115581	95116081	GATA1	LMO4	TMEM56|chr1:95581137-95581637:.	0	0.85	Step1: Confirm element type as an active enhancer in K562 cells based on open chromatin and histone marks. Step2: Identify WGATAR binding motif for GATA1 within the CRE sequence. Step3: Determine candidate target gene LMO4 located in the same topological domain. Step4: GATA1 is a key erythroid transcription factor highly expressed in K562 cells. Step5: GATA1 is known to bind enhancers and drive expression of hematopoietic genes. Step6: The enhancer loop likely facilitates GATA1-mediated transcriptional activation of LMO4 in the erythroid lineage.	activate
chrX	12950092	12950592	MYC	TFE3	TMSB4X|chrX:12968211-12968711:.	0	0.85	Step1: The CRE contains several canonical E-box motifs (CACGTG). Step2: MYC is a major transcriptional regulator in K562 cells that binds to E-box motifs. Step3: The region maps to chromosome X, potentially regulating nearby genes or acting in trans. Step4: MYC is known to drive proliferation and regulate numerous metabolic and structural genes in diverse cell types, particularly leukemia cells like K562. Step5: MYC binding to this enhancer likely promotes active transcription. Step6: In K562 cells, MYC-driven activation is critical for maintaining the undifferentiated, proliferative state.	activate
chr3	171470702	171471405	GATA1	TNIK	TNIK|chr3:171188491-171189194:.	1	0.85	Step1: Confirmed element as a candidate enhancer in K562 cells based on genomic context. Step2: Identified multiple canonical GATA binding motifs (AGATAA) within the sequence. Step3: Mapped the CRE to the chr3q26 locus closely associated with the TNIK gene. Step4: GATA1 is a master transcription factor driving erythroid differentiation and is highly active in K562 cells. Step5: GATA1 binding at such regulatory elements typically establishes active enhancer landscapes and promotes target transcription. Step6: Hypothesized that this CRE functions as a GATA1-dependent enhancer that activates TNIK expression to mediate critical cytoskeletal signaling pathways in hematopoietic cells.	activate
chr4	98682629	98683129	GATA1	NFKB1	TSPAN5|chr4:99603780-99604280:.	0	0.85	Step1: Sequence analysis reveals a canonical GATA binding motif (TGATAA) directly within the input CRE sequence. Step2: GATA1 is a master regulatory transcription factor highly active in the K562 erythroleukemia cell line. Step3: The genomic coordinates on chr4 are located in the broader genomic vicinity of hematopoietic regulators such as NFKB1. Step4: Enhancers containing GATA1 motifs typically drive lineage-specific expression. Step5: We hypothesize this CRE functions as an active enhancer in K562 cells where GATA1 binding promotes downstream target gene transcription.	GATA1 binds the CRE to activate NFKB1 in K562 cells.
chr17	42624116	42624616	GATA1	STAT5A	TUBG1|chr17:40776134-40776634:.	0	0.88	Step1: Region identified as an active enhancer in K562 cells; Step2: Sequence contains GATA and AP-1/NFE2 motifs; Step3: Element is located in the chr17 STAT locus; Step4: STAT5A is highly relevant to hematopoietic and erythroid/megakaryocytic function; Step5: GATA1 and NFE2 are known to regulate STAT5A; Step6: This interaction promotes cell survival and differentiation in K562.	GATA1 binds to this enhancer to activate the expression of STAT5A.
chr17	44288325	44288825	GATA1	KANSL1	UBTF|chr17:42365693-42366193:.	0	0.85	Step1: Confirm element type as enhancer; Step2: Identify GATA1 motif in sequence; Step3: Determine candidate target gene near the locus on chr17; Step4: Gene and TF annotation highlights erythroid regulation; Step5: TF-gene relationship suggests transcriptional activation; Step6: Interpret role in K562 cells supporting chromatin modification and cellular growth.	activate
chr10	125816658	125816735	GATA1	HNRNPF	UROS|chr10:127505227-127505304:*	0	0.85	Step1: Confirm element type as a putative enhancer in K562. Step2: Identify TF motif, specifically a canonical GATA binding motif (TGATAA) found in the sequence. Step3: Determine candidate gene HNRNPF located in the genomic vicinity on chr10. Step4: Gene and TF annotation identifies GATA1 as a master hematopoietic/erythroid transcription factor highly active in K562 cells. Step5: TF-gene relationship suggests GATA1 drives expression of nearby targets. Step6: Interpret role in K562 cells as supporting erythroleukemia cell survival and RNA processing.	The regulatory hypothesis for this element is that GATA1 binds to the enhancer to activate the expression of HNRNPF in K562 cells.
chrX	47661953	47662656	GATA1	GATA1	UXT|chrX:47521352-47522055:.	0	0.85	Step1: Confirm element type as a putative enhancer active in K562 cells; Step2: Sequence features WGATAR motifs compatible with GATA factor binding; Step3: The genomic locus is associated with erythroid-specific regulation; Step4: GATA1 is a master regulator of erythropoiesis; Step5: GATA1 establishes positive autoregulatory loops by binding its own enhancers; Step6: This CRE likely drives robust GATA1 expression in K562 cells.	activate
chr10	73991727	73992227	GATA1	KLF6	VCL|chr10:75751485-75751985:.	0	0.85	Step1: Identified as active CRE in K562 cells. Step2: Sequence contains putative GATA binding motifs (WGATAR). Step3: KLF6 is a plausible target gene on chromosome 10. Step4: GATA1 is a master transcription factor in erythroid lineages. Step5: GATA1 typically activates target genes in this context. Step6: Enhancer-driven activation supports erythroid gene expression programs.	activate
chr1	117655089	117655589	GATA1	CD58	WDR3|chr1:118197711-118198211:.	0	0.88	Step1: Confirm enhancer-like chromatin state in K562 cells. Step2: Identify GATA/WGATAR binding motifs within the CRE sequence. Step3: Map CRE to the topologically associating domain containing the CD58 locus on chromosome 1. Step4: GATA1 is an essential master transcription factor for erythroid and megakaryocytic lineages, highly expressed in K562. Step5: GATA1 acts cohesively with TAL1 to loop this distal element to the core promoter. Step6: This combinatorial binding acts to strongly upregulate target gene expression in the erythroid context.	activate
chr1	180610505	180611005	GATA1	GLUL	XPR1|chr1:180579641-180580141:.	0	0.75	Step1: Confirm element type as a distal regulatory enhancer overlapping repetitive elements; Step2: Sequence analysis identifies GC-rich regulatory motifs and potential GATA/E-box elements; Step3: Determine candidate gene GLUL located in the broader genomic neighborhood on chr1; Step4: GATA1 is a master regulator of erythroid/megakaryocytic differentiation highly active in K562 cells; Step5: Enhancer-promoter looping likely facilitates GATA1-mediated gene regulation; Step6: GATA1 binding to this CRE is predicted to positively regulate nearby metabolic or erythroid genes to support K562 proliferation.	GATA1 is predicted to activate GLUL via this CRE in K562 cells.
chr3	196181747	196182350	GATA1	TFRC	ZDHHC19|chr3:195908618-195909221:.	0	0.85	Step1: Based on K562 epigenetic states, this CRE acts as an enhancer. Step2: Contains potential GATA motifs (WGATAR) in the sequence. Step3: TFRC is located nearby on chr3 and is critically required for iron uptake in erythroleukemic K562 cells. Step4: GATA1 is a master regulator of erythropoiesis and directly controls iron metabolism genes. Step5: GATA1 binds this enhancer to upregulate TFRC. Step6: This supports hemoglobin synthesis and erythroid differentiation.	activate
chr20	47358658	47359158	GATA1	HCK	ZMYND8|chr20:45987402-45987902:.	0	0.85	Step1: The regulatory element is located in an accessible region in K562 cells on chromosome 20. Step2: The sequence contains motifs compatible with hematopoietic transcription factors such as GATA1. Step3: The region is in proximity to genes involved in hematopoietic signaling, such as HCK. Step4: GATA1 is a master regulator of erythroid differentiation and is highly active in K562 cells. Step5: GATA1 typically acts as an activator for erythroid-specific genes. Step6: The data supports an enhancer role for this CRE, recruiting GATA1 to upregulate downstream targets in K562 cells.	activate
chr20	47360466	47361135	GATA1	ZNF335	ZMYND8|chr20:45989210-45989879:.	0	0.85	Step1: The element at chr20:47360466-47361135 is an active enhancer in K562 cells. Step2: The sequence contains canonical GATA binding motifs. Step3: ZNF335 is a plausible local target gene on chromosome 20. Step4: GATA1 is a primary transcription factor driving erythroid-specific regulatory programs in K562 cells. Step5: GATA1 typically activates target genes involved in chromatin regulation and hematopoietic survival. Step6: Binding of GATA1 to this CRE likely loops to the ZNF335 promoter to upregulate its expression.	activate
chr19	57098938	57099438	GATA1	ZNF471	ZNF550|chr19:57610306-57610806:.	0	0.82	Step1: Region identified in a GC-rich locus on chr19. Step2: Motif analysis of the sequence reveals potential binding sites for SP1 and GATA factors. Step3: The nearest candidate gene in this genomic vicinity is a zinc-finger protein such as ZNF471. Step4: GATA1 is highly expressed in K562 cells. Step5: GATA1 and SP1 cooperatively regulate promoters and enhancers. Step6: The element likely functions as a highly active enhancer or promoter for the adjacent ZNF gene in erythroleukemic contexts.	In K562 cells, GATA1 binds to this regulatory element to activate the transcription of the nearby target gene ZNF471.
