selected_enhancer,tf,target_gene,confidence,name,label,rationale
chr10:125816658-125816735,GATA4,UROS,0.65,UROS|chr10:127505227-127505304:*,1,"Step 1: The genomic region shows no ATAC or H3K27ac data in the provided information, limiting direct evidence of enhancer activity. However, the presence of multiple TF binding motifs suggests regulatory potential. Step 2: Among the identified motifs, GATA4 shows strong binding potential (score: 11.5528), comparable to other high-scoring TFs like PBX3 (14.4752) and Isl1 (12.648). GATA4 is particularly notable as it's a well-established regulator in various tissues. Step 3: UROS is the closest protein-coding gene (distance: 6553 bp) with clear functional annotation as a key enzyme in porphyrin biosynthesis, making it biologically relevant. Other nearby genes either lack annotation (MIR4484, Metazoa_SRP, EDRF1-AS1, RNU2-42P) or have less direct relevance to common regulatory pathways. Step 4: GATA4 is known to regulate metabolic genes, and while its specific targeting of UROS isn't listed in the provided data, its general role in cellular metabolism aligns with UROS function. The proximity and biological coherence support this relationship. Step 5: Integration shows strong biological plausibility - GATA1 is a master erythroid regulator in K562 cells and UROS is essential for heme synthesis, creating a coherent regulatory network with high functional relevance.."
chr11:61841790-61842123,Zfx,FADS1,0.75,FADS1|chr11:61609256-61609274:*,1,"Step 1: The region chr11:61841790-61842123 shows consistent enhancer activity with multiple ATAC (open chromatin) and H3K27ac (active enhancer) signals across various samples, confirming it as a functional enhancer. Step 2: TF binding - A strong Zfx motif (score: 11.8182) is present within the enhancer region, indicating potential binding. Zfx is known to regulate various genes including metabolic genes. Step 3: Target gene evaluation - Among nearby genes, FADS1 shows the strongest direct evidence: (1) eQTL data with a variant at position 61841851 (very close to the enhancer) showing significant effect on FADS1 expression (slope: 0.491); (2) FADS1 is the second closest gene (48,804 bp) and is part of the FADS gene cluster involved in fatty acid metabolism, making biological sense for regulation; (3) While 3D chromatin data is unavailable, the eQTL evidence provides functional validation of the regulatory relationship. Other nearby genes like FADS2 (closest at 12,466 bp) have weaker evidence - while close, it lacks the direct eQTL support that FADS1 possesses. The combination of strong enhancer activity, TF motif presence, functional eQTL validation, proximity, and biological relevance supports FADS1 as the most plausible target, though confidence is moderated by the absence of 3D chromatin confirmation."
chr12:54303732-54303968,MEF2A,HNRNPA1,0.65,HNRNPA1|chr12:54697345-54697845:*,1,"Step 1: The region chr12:54303732-54303968 shows clear enhancer characteristics with multiple ATAC and H3K27ac signals, including strong positive values (e.g., ATAC: 0.9822, H3K27ac: 1.3673; ATAC: 0.4237, H3K27ac: 2.0871) indicating active chromatin state. Step 2: TF binding analysis - MEF2A has the highest motif score (13.8938) among the detected motifs, suggesting strong binding potential. Step 3: Target gene evaluation - Among nearby genes, HNRNPA1 is a closer protein-coding gene (2,546 bp) and shows functional validation through CRISPR data (effect size: 0.1938), indicating direct regulatory impact. While 3D chromatin data is unavailable, the combination of proximity, enhancer activity, TF binding evidence, and functional validation strongly supports NFE2 as the target. Other nearby genes like COPZ1 (2,359 bp) lack supporting functional evidence. The confidence is moderated due to absence of 3D chromatin and eQTL data, but the available evidence collectively points to HNRNPA1 as the most plausible target."
chr12:54304289-54304638,KLF1,HNRNPA1,0.75,HNRNPA1|chr12:54698025-54698545:*,1,"Step 1: The region chr12:54304289-54304638 shows consistent ATAC signal (multiple values >2.0) and variable but generally positive H3K27ac signals, indicating an active enhancer. Step 2: TF motif analysis - KLF1 has strong motif scores (15.5281 and 14.6404), ranking among the top motifs. Step 3: Gene proximity - HNRNPA1 is a closer genes to the enhancer region. Step 4: Supporting evidence - eQTL data shows regulatory variants at position 54304624 (within enhancer) affecting GTSF1, but CRISPR data shows effect size 0.337, though target gene is N/A. While tissue is specified as 'None', the presence of these hematopoietic factors suggests potential blood-related context. Confidence is 0.75 due to strong motif evidence and established biological relationship, though limited by missing tissue-specific functional validation and some incomplete data points."
chr12:54307074-54307424,NFE2,HNRNPA1,0.75,HNRNPA1|chr12:54700765-54701285:*,1,"Step 1: The enhancer at chr12:54307074-54307424 shows strong evidence of regulatory activity with consistently high ATAC scores (average ~2.5-3.0) indicating open chromatin, and variable but generally positive H3K27ac signals suggesting enhancer activity. Step 2: Among nearby genes, HNRNPA1 is particularly notable as it encodes a transcription factor involved in hematopoietic regulation. Step 3: While HNRNPA1 itself doesn't appear in the TF motif list, KLF1 (which targets HNRNPA1 according to the TF-target relationships) has a strong motif score (15.5281). Step 4: The CRISPR data shows a modest effect size (0.07656823), suggesting functional relevance of this region. Step 5: The 3D chromatin interaction score (53.0) provides additional support for long-range regulatory potential. Step 6: In None tissue (likely hematopoietic given HNRNPA1's role), this represents an autoregulatory loop where HNRNPA1 may regulate its own expression through this enhancer, with KLF1 as a potential co-regulator. Step 7: If HNRNPA1 is downregulated, it would disrupt hematopoiesis and megakaryocyte differentiation, as HNRNPA1 is crucial for these processes. Step 8: Confidence is high due to multiple converging evidence types, though limited by the absence of tissue-specific data and some missing values in the epigenetic marks."
chr17:32897433-32897779,MITF,MYO1D,0.75,MYO1D|chr17:31224570-31224590:*,1,"1) TF analysis: MITF appears 4 times in motif data, indicating strong motif evidence in enhancer region. 2) Gene selection: MYO1D is the closest protein-coding gene (20,375 bp) and has functional relevance in K562 (myosin ID involved in cellular processes). 3) TF-gene relationship: MITF is documented as a regulator of MYO1D in TF-target databases. 4) Functional coherence: MITF is a basic helix-loop-helix transcription factor that regulates genes involved in cellular differentiation and development, consistent with MYO1D's role. 5) Supporting evidence: Enhancer shows moderate ATAC signal (1.197) and H3K27ac (0.3292) indicating active regulatory potential. 6) Distance consideration: While H2BN1 is closer, MYO1D has stronger functional relevance and regulatory evidence in this context.Step 1: TF-gene relationship analysis - MITF appears 4 times in TF motif data and is a known regulator of MYO1D in TF-target relationships. MYO1D is the closest functional gene (20,375 bp) with relevant function in K562 erythroleukemia cells as a myosin motor protein involved in cell motility and membrane trafficking. Step 2: Prioritization - MITF-MYO1D pair has direct regulatory evidence, functional relevance in hematopoietic cells, and MYO1D is closer than other functional genes. Step 3: Supporting evidence - Enhancer shows moderate ATAC signal (1.79) and positive H3K27ac (0.60) indicating active regulatory element. No contradictory eQTL/CRISPR/3D data. Step 4: Integration - Moderate confidence due to direct TF-gene relationship evidence, functional relevance in K562 lineage, and supporting enhancer activity, though limited by absence of cell-type specific validation."
chr17:42699103-42699421,EGR1,BCL2,0.65,EZH1|chr17:40851240-40851334:*,0,"Step by step analysis: 1) The enhancer at chr17:42699103-42699421 shows variable but generally positive ATAC (open chromatin) and H3K27ac (active enhancer mark) signals across multiple measurements, indicating functional enhancer activity. 2) Among the TF motifs identified, EGR1 has a strong binding score (11.5285) and is known to be an immediate-early response factor that regulates various target genes. 3) From the TF-target relationships, EGR1 is documented to target BCL2, which is a critical anti-apoptotic gene involved in cell survival. 4) Among nearby genes, BCL2 is not listed but could be within the 1,000,000 bp radius (though exact distance is unavailable), and its regulation would be biologically significant. 5) The lack of specific tissue context ('None tissue') limits tissue-specific interpretation, but BCL2 regulation by EGR1 is a well-established relationship in various contexts. 6) Supporting evidence is moderate: enhancer marks are present but inconsistent, TF motif is strong, and TF-target relationship is known, but no eQTL, CRISPR, or 3D chromatin data directly support this interaction. Confidence is set at 0.65 due to the strong motif and known biology, but reduced by incomplete data integration and absence of direct gene linking evidence."
chr19:12825342-12825563,KLF1,PRDX2,0.78,PRDX2|chr19:12935945-12936745:*,1,"1) TF motif evidence: SP1 appears 38 times in the motif data, indicating strong motif presence in this enhancer region. 2) TF-gene relationship: PRDX2 is directly regulated by SP1 according to the TF-target relationships database. 3) Functional relevance: PRDX2 (Peroxiredoxin 2) is a key antioxidant enzyme highly relevant in K562 erythroleukemia cells, which experience oxidative stress. 4) Distance: PRDX2 TSS is 23,331 bp away, within plausible enhancer range. 5) Supporting evidence: The enhancer shows moderate ATAC signal (0.5247) indicating accessibility. 6) Biological plausibility: SP1 is a ubiquitous transcription factor known to regulate housekeeping genes like PRDX2 in hematopoietic cells. The combination of strong motif evidence, established regulatory relationship, and functional relevance to K562 lineage makes this the most plausible regulatory hypothesis."
chr19:12867524-12867859,KLF1,HOOK2,0.85,KLF1|chr19:12977965-12978745:*,0,"Step 1: Enhancer evaluation - The region shows consistent ATAC signal (average ~3.0 across measurements) indicating open chromatin, and variable but generally positive H3K27ac signals (multiple measurements >0.5) suggesting enhancer activity. Step 2: TF binding analysis - Strong KLF1 motif (score: 15.5281) is present, and KLF1 shows functional evidence through eQTL (slope: -0.530553) and CRISPR (effect_size: 0.036879307) data. Other high-scoring motifs (CTCF, KLF family, SP family) lack direct functional validation for this region. Step 3: Target gene prioritization - HOOK2 emerges as the strongest candidate based on: (a) Robust 3D chromatin interactions (multiple contacts with scores up to 68.0, the highest among all genes), (b) Moderate proximity (24.7 kb from enhancer), and (c) Supporting evidence from other nearby genes: PRDX2 shows eQTL, CRISPR, and 3D data but weaker contact scores; DNASE2 has eQTL support but weaker 3D evidence; RNASEH2A has mixed eQTL/3D data. Step 4: Integration - The KLF1 motif presence combined with functional validation (eQTL/CRISPR) and strong spatial connectivity to HOOK2 provides a coherent regulatory hypothesis. Confidence is tempered by absence of HOOK2-specific eQTL/CRISPR data and variable H3K27ac signals, but the combined weight of 3D evidence and TF functional data supports this assignment."
chr19:12888982-12889268,KLF1,KLF1,0.81,KLF1|chr19:12999705-13000205:*,1,"Step 1: TF-gene analysis reveals KLF1 as the strongest candidate. KLF1 is located only 1,690 bp from the enhancer region, making it the closest gene. Step 2: KLF1 shows autoregulation in TF-target relationships (KLF1 regulates KLF1), which is biologically plausible for erythroid transcription factors. Step 3: Functional relevance is high - KLF1 is a master erythroid regulator essential for erythropoiesis, perfectly matching K562's erythroleukemia lineage. Step 4: Supporting evidence includes motif presence of zinc finger TFs (ZNF family members) in the enhancer that could bind KLF1, and the enhancer shows moderate H3K27ac signals (up to 0.70) indicating active regulatory potential in K562 cells. Step 5: Integration shows strong biological precedent for KLF1 autoregulation in erythroid cells, close proximity, and functional coherence outweighs the moderate epigenetic signals."
chr19:43774512-43774840,MYOD1,KCNN4,0.65,KCNN4|chr19:44278759-44278798:*,1,"1. TF motif analysis: MYOD1 appears 18 times in the enhancer motif data, indicating strong binding potential. 2. TF-gene relationship: MYOD1 is a known regulator of KCNN4 based on TF-target database. 3. Functional relevance: KCNN4 is a potassium channel involved in immune cell activation and vascular tone, relevant to K562 erythroleukemia cell lineage. 4. Distance: KCNN4 is the closest gene (6.3 kb) to the enhancer. 5. Supporting evidence: Enhancer shows moderate ATAC signal (2.49) and H3K27ac (0.59) in K562. 6. Pathway coherence: MYOD1, a myogenic factor, may regulate ion channels like KCNN4 in hematopoietic contexts. Alternative candidate CTCF shows strong motif presence but weaker functional connection to KCNN4."
chr19:48720700-48721035,EBF1,IZUMO1,0.72,FUT1|chr19:49223765-49224305:*,0,"Step 1: The region chr19:48720700-48721035 shows consistent ATAC (mean ~2.8-3.0) and H3K27ac (mean ~2.4-2.6) signals across multiple measurements, indicating an active enhancer. Step 2: TF motif analysis - EBF1 has a strong motif score (17.3617), ranking 3rd among all TFs, suggesting strong binding potential. Step 3: Target gene selection - IZUMO1 shows the strongest eQTL association (slope: 0.466804, 0.327708) with the variant at 48721132, which is immediately adjacent to the enhancer region. Step 4: TF-gene relationship - EBF1 is known to regulate genes involved in cellular differentiation and development, consistent with IZUMO1's function in fertilization. Step 5: Supporting evidence - The 3D chromatin data shows moderate interaction scores (up to 50.0), supporting physical proximity between the enhancer and target genes. While tissue context is unspecified, the strong eQTL evidence and TF-motif match provide compelling support for this regulatory relationship. Confidence is 0.72 due to strong eQTL and motif evidence, though limited by unspecified tissue context and absence of CRISPR validation."
chr19:48780788-48781428,GATA1,FUT1,0.78,FUT1|chr19:49284045-49284685:*,1,"1) TF analysis: GATA1 motif appears 6 times in enhancer region, GATA1 is erythroid master regulator highly relevant to K562 (erythroleukemia) lineage. 2) Gene selection: FUT1 (11,830 bp away) encodes H-blood group antigen, critical for erythrocyte surface glycosylation and K562 biology. 3) TF-gene relationship: GATA1 is known regulator of FUT1 from databases. 4) Supporting evidence: Enhancer shows strong H3K27ac signal (2.98) indicating active enhancer in K562. 5) Functional coherence: GATA1-FUT1 axis makes biological sense for erythroid lineage glycobiology. 6) Distance: FUT1 is second closest gene after RNU6-317P (pseudogene)."
chr19:48812286-48812527,EGR1,BCAT2,0.78,BCAT2|chr19:49315365-49315905:*,1,"1) EGR1 has multiple motif occurrences in the enhancer region, indicating strong binding potential. 2) BCAT2 is the closest gene (1,079 bp) and shows functional relevance to K562 (erythroleukemia) as a metabolic enzyme involved in branched-chain amino acid metabolism, with BCAT2 inhibitors in clinical trials for cancer. 3) TF-target relationships confirm EGR1 regulates BCAT2. 4) Enhancer shows moderate-to-high ATAC (3.39) and H3K27ac (1.93) signals in K562, supporting active regulatory function. 5) Pathway coherence: EGR1 is an immediate-early response gene relevant in hematopoietic cells, and BCAT2's metabolic role aligns with cancer cell proliferation needs in K562. 6) No strong competing genes: RNU6-317P is non-coding, HSD17B14 is distant (23.8 kb) with weaker functional link to K562 lineage."
chr19:48962342-48962663,SP1,FTL,0.78,FTL|chr19:49465505-49466025:*,1,"1) SP1 has the strongest motif evidence in the enhancer with multiple occurrences in TF motif data. 2) SP1 is a known regulator of FTL based on TF-target relationships. 3) FTL is the closest gene (2,541 bp) and functionally relevant for K562 (erythroleukemia cell line) due to its iron storage role critical for hemoglobin synthesis. 4) FTL shows iron storage/antioxidant functions essential for erythroid cells. 5) Enhancer has strong H3K27ac signal (2.56) indicating active enhancer in K562. 6) Pathway coherence: SP1 regulates iron metabolism genes. 7) Distance and functional relevance override slightly closer BAX (apoptosis gene less specific to K562 erythroid lineage)."
chr19:48964129-48964314,KLF6,CGB5,0.65,FTL|chr19:49466965-49467465:*,0,"Step 1: The enhancer at chr19:48964129-48964314 shows consistent H3K27ac signal (average ~3.4 across samples) indicating active enhancer status, though ATAC data is variable. Step 2: Among high-scoring TFs with motifs in this region, KLF6 (score: 13.9091) has documented targeting relationship with CGB5 based on the TF-target data. Step 3: CGB5 (chorionic gonadotropin beta subunit 5) is located within the nearby gene list and encodes a hormone subunit critical for reproductive functions. While tissue is unspecified, the presence of multiple CGB genes and LHB in the nearby gene list suggests this region is involved in gonadotropin regulation. Step 4: Supporting evidence includes: moderate motif score for KLF6, direct TF-target relationship evidence, consistent enhancer marks, and chromosomal proximity (CGB5 is within 1Mb). Limitations include: no tissue-specific context, no eQTL/CRISPR validation data, and incomplete chromatin interaction data. The confidence score of 0.65 reflects strong motif and target relationship evidence but limited functional validation."
chr19:48970968-48971235,RELA,BCL2,0.65,FTL|chr19:49474085-49474605:*,0,"Step 1: The region chr19:48970968-48971235 shows consistent ATAC (open chromatin, avg ~1.7) and H3K27ac (enhancer mark, avg ~0.9) signals across multiple measurements, confirming active enhancer status. Step 2: TF motif analysis - RELA (NF-κB subunit) shows strong motif scores (14.2551 and 13.7449), indicating high binding affinity. RELA is known to be a key transcriptional activator in stress responses. Step 3: Target gene selection - Among nearby genes, BCL2 (B-cell lymphoma 2) is a well-established RELA target involved in apoptosis regulation. Although distance is listed as N/A, BCL2 is within the 1Mb search radius and is biologically relevant for RELA regulation. The 3D chromatin data shows interaction scores up to 61, supporting potential long-range interactions. Step 4: Biological context - In an unspecified tissue, RELA-mediated BCL2 regulation would be significant for cell survival and stress response pathways. BCL2 is a critical anti-apoptotic gene. Step 5: Evidence evaluation - Strong support from motif data (high scores) and TF-target relationships (known biological relationship). Moderate support from epigenetic marks (variable but generally positive H3K27ac). Limited support from other sources (eQTL and CRISPR data are incomplete). The confidence score of 0.65 reflects strong motif and biological plausibility but acknowledges the tissue specificity is unknown and some data sources are incomplete."
chr3:129245707-129246053,KLF9,HMCES,0.7,H1FX|chr3:128964465-128965005:*,0,"Step 1: The region chr3:129245707-129246053 shows consistent ATAC (mean ~2.5) and H3K27ac (mean ~1.3) signals across multiple samples, confirming it as an active enhancer (cCRE_ID: EH38E3539048).Step 2: TF motif analysis - Among the top motifs, KLF9 scores highly (16.0407) and belongs to the KLF family known for regulatory roles. KLF motifs are well-represented in the region (KLF11, KLF9, KLF16, KLF6, KLF14, KLF2), suggesting KLF family importance.Step 3: Target gene selection - eQTL data provides direct functional evidence: rs129245995 (C>G) shows significant positive effect on HMCES expression (slope ~0.3). MBD4 shows negative effect, making HMCES more plausible. Among nearby genes, HMCES (DNA repair enzyme) is functionally significant compared to pseudogenes and non-coding RNAs.Step 4: TF-gene relationship - KLF9 is known to regulate genes involved in DNA damage response and cell cycle (including CDKN1A/p21), which aligns with HMCES's role in DNA repair. The 3D chromatin data shows moderate interaction scores (multiple 30-50 range), supporting physical looping possibilities.Step 5: Confidence assessment - Strong evidence: Functional eQTL + active enhancer marks + motif presence. Limitations: Tissue specificity unknown ('None'), no CRISPR validation, and incomplete gene annotations. KLF9 selected over other KLFs due to better score than KLF11/16 and known regulatory overlap with DNA repair pathways.Biological significance: In an unspecified tissue, HMCES maintains genomic integrity via DNA repair. Downregulation could increase mutation accumulation and genomic instability. The KLF9-HMCES axis may help coordinate stress response and proliferation control."
chr3:129305681-129306030,KLF15,RHO,0.65,H1FX|chr3:129024465-129024965:*,0,"Step 1: The region chr3:129305681-129306030 shows consistent ATAC (open chromatin, avg ~2.5) and H3K27ac (enhancer activity, avg ~1.8) signals across multiple measurements, confirming it as a functional enhancer. Step 2: TF motif analysis - Among the top motifs, KLF15 has a strong score (16.2692) and is known to regulate photoreceptor genes. KLF15's target list includes RHO (rhodopsin), a critical photoreceptor gene. Step 3: Target gene selection - RHO is located within the 1Mb window and is biologically relevant as a photoreceptor-specific gene. Although tissue is unspecified, RHO's specificity makes it a plausible target. Other nearby genes like H1-10 or CNBP lack direct TF relationships from the motif data. Step 4: Supporting evidence - Motif and TF-target data are strong; enhancer marks are consistent but variable; eQTL/CRISPR data are absent; 3D-chromatin scores (24-28) suggest possible looping but targets are unspecified. Confidence is moderated to 0.65 due to lack of tissue-specific validation and absence of direct functional evidence like eQTL/CRISPR."
chr6:37183248-37183594,STAT4,PIM1,0.79,PIM1|chr6:37151047-37151290:*,1,"1) SP1 appears multiple times in TF motif data, indicating strong motif evidence in the enhancer region. 2) PIM1 is the closest gene (13.1 kb) and has known SP1 regulatory relationships from TF-target data. 3) PIM1 function as a proto-oncogene serine/threonine kinase is highly relevant for K562 leukemia cell lineage. 4) Enhancer shows strong ATAC (2.08-3.32) and H3K27ac (1.44-3.22) signals indicating active regulatory element. 5) SP1 is a well-characterized transcriptional activator with broad regulatory roles in hematopoietic cells. 6) Distance of 13.1 kb is within typical enhancer-promoter interaction range. 7) No strong competing evidence for other TF-gene pairs with similar confidence levels."
chr6:109304460-109304809,GATA4,CD164,0.72,FIG4|chr6:109625629-109626129:*,0,"Step 1: The region chr6:109304460-109304809 shows consistent ATAC (open chromatin) and H3K27ac (enhancer mark) signals across multiple measurements, confirming it as an active enhancer. Step 2: TF motif analysis - GATA4 has strong motif scores (14.2033, appearing twice) and is among the top motifs. Step 3: Target gene selection - CD164 is the most plausible target based on: a) Physical proximity within the 1Mb window; b) Strong eQTL evidence with multiple SNPs in the enhancer region (positions 109304593, 109304594, 109304676) showing significant effects on CD164 expression (slopes up to 0.243652); c) While SMPD2 also shows eQTL signals, CD164 has more consistent positive regulatory effects. Step 4: TF-target relationship - GATA4 is known to regulate various genes involved in cellular processes, and while CD164 is not explicitly listed in the provided targets, GATA factors typically regulate genes involved in cell adhesion and signaling, consistent with CD164's known function in cell adhesion and hematopoietic stem cell maintenance. Step 5: Evidence integration - The combination of strong enhancer marks, high-quality TF motifs, direct eQTL evidence, and biological plausibility supports this regulatory relationship. Confidence is 0.72 due to strong direct evidence but absence of CD164 in the explicit GATA4 target list provided."
chr8:127960391-127960502,GATA4,MYC,0.65,MYC|chr8:128972637-128972748:*,1,"Step 1: The genomic region chr8:127960391-127960502 contains multiple TF motifs, with GATA4 having the second highest score (14.2033), indicating strong binding potential. Step 2: Among nearby genes, MYC is the most biologically significant candidate as it's a well-known proto-oncogene and master regulator of cell proliferation. Step 3: While no direct TF-target relationship is listed between GATA4 and MYC in the provided data, GATA4 is known to regulate cancer-related pathways and cell cycle genes (e.g., CCND2 in the target list), making MYC a plausible indirect target. Step 4: The confidence is moderate (0.4) due to several limitations: no tissue-specific data ('None tissue'), missing functional genomic evidence (ATAC/H3K27ac, eQTL, CRISPR, 3D-chromatin data all show 'None' or 'N/A'), and no direct GATA4-MYC relationship in the provided TF-target list. However, the strong motif score and proximity to MYC (within 1Mb) suggest potential regulatory interaction. Step 5: In the absence of tissue context, this represents a generic potential relationship that would require tissue-specific validation."
chrX:48782936-48783167,GATA3,GATA1,0.65,HDAC6|chrX:48641372-48641493:*,0,"Step 1: Analyzing the enhancer data shows mixed but generally low ATAC and H3K27ac signals across multiple samples, suggesting weak or context-dependent enhancer activity. The presence of multiple TF motifs indicates potential regulatory capacity. Step 2: Among nearby genes, GATA1 stands out as biologically relevant due to its known role in hematopoiesis and erythroid differentiation, despite the unspecified tissue context. Step 3: TF motif analysis reveals strong GATA family motifs (GATA4, GATA5, GATA6, GATA3) with high scores (14.2033, 12.2653, 11.9187, 11.9362 respectively). GATA3 is selected because: (a) it has the highest score among GATA factors after GATA4, (b) GATA3 is known to regulate GATA1 in hematopoietic contexts, and (c) GATA factors often cross-regulate each other. Step 4: The TF-target relationship data confirms GATA3 regulates multiple genes involved in cell differentiation and development, consistent with GATA1's role. Step 5: Supporting evidence is limited: eQTL and 3D chromatin data show no specific connections, CRISPR shows a small negative effect size (-0.092) but no gene specified, and enhancer signals are weak. However, the strong evolutionary conservation of GATA regulatory networks and the chromosomal proximity (both genes on X chromosome) support this relationship. Step 6: Confidence is moderate (0.65) due to the strong motif evidence and biological plausibility of GATA3 regulating GATA1, but limited by weak enhancer signals and unspecified tissue context."
chrX:48784823-48784989,KLF5,GATA1,0.75,GATA1|chrX:48643025-48643685:*,1,"Step-by-step analysis: 1) The enhancer region shows variable but generally low ATAC/H3K27ac signals across datasets, suggesting tissue-specific or context-dependent activity rather than constitutive silencing. 2) Among nearby genes, GATA1 is the closest (1,263 bp) with known erythroid/megakaryocytic functions, making it a biologically plausible target. 3) TF motif analysis reveals strong binding sites for KLF family factors (KLF5 score: 15.2653), with KLF5 known to regulate hematopoietic genes. 4) While eQTL data shows associations with WDR45, PCSK1N, and SLC35A2, these genes are much farther away (31-126 kb) and the effect sizes are modest. 5) 3D chromatin data points to SUV39H1, but it's 89 kb away with no clear functional connection. 6) CRISPR data shows a weak effect on PLP2 (386 kb away). 7) Integrating all evidence: GATA1's proximity, biological relevance in hematopoiesis (where KLF factors operate), and absence of strong conflicting data from other methods makes it the most plausible target. Confidence is tempered by the generally low enhancer activity signals across most datasets."
chrX:48800621-48800667,CTCFL,GATA1,0.75,GATA1|chrX:48659028-48659074:*,1,"Step 1: Evaluate nearby genes. GATA1 is the second closest gene at 14,081 bp distance, which is within typical enhancer-gene interaction ranges. HDAC6 is closer (710 bp) but lacks supporting regulatory evidence. Step 2: Analyze TF motifs. CTCFL has the highest motif score (10.8469) among TFs with known target relationships. Step 3: Assess regulatory evidence. While ATAC/H3K27ac, eQTL, CRISPR, and 3D chromatin data are unavailable (all 'None'), CTCFL is known to regulate genes involved in chromatin organization and could plausibly interact with GATA1, a key hematopoietic transcription factor. Step 4: Consider biological context. GATA1 is a well-characterized gene on chromosome X with critical roles in erythroid development, making it a plausible target for regulatory elements in this region. Step 5: Confidence scoring. Moderate confidence (0.75) is assigned due to strong motif evidence for CTCFL and GATA1's proximity/biological relevance, offset by absence of functional validation data."
chrX:48800621-48800667,NR2C2,HDAC6,0.85,HDAC6|chrX:48659028-48659074:*,1,"Step 1: The enhancer region chrX:48800621-48800667 shows strong TF motif evidence with NR2C2 having the highest motif score (14.4143), suggesting it is the most likely TF binding here. Step 2: Among nearby genes, HDAC6 is the closest (710 bp from TSS) and falls within typical enhancer-promoter interaction ranges, making it a prime candidate for regulation. Step 3: While ATAC/H3K27ac, eQTL, CRISPR, and 3D chromatin data are absent (not penalized per instructions), the proximity and strong TF motif support for NR2C2—which targets genes involved in transcriptional regulation—aligns with HDAC6's role in histone deacetylation and gene expression. Step 4: Other TFs like PPARγ::RXRα and THRB have high scores but slightly lower than NR2C2; NR2C2's known targets include genes like DICER1 and GCN1, which are involved in epigenetic and transcriptional processes, consistent with HDAC6's function. Step 5: Although no direct functional validation exists, the combined evidence of strongest TF motif, closest proximity, and biological plausibility supports HDAC6 as the target, with moderate confidence due to lack of additional enhancer activity or interaction data."
chrX:55028070-55028420,KLF1,ALAS2,0.75,ALAS2|chrX:55054662-55054701:*,1,"Step 1: The region chrX:55028070-55028420 shows mixed but generally low ATAC and H3K27ac signals across multiple samples, suggesting it may function as a weak or context-specific enhancer. Despite the variable signals, the consistent identification as a cCRE (EH38E2755698) supports its regulatory potential.Step 2: TF motif analysis - KLF1 shows the third highest motif score (14.1798) among all TFs, with an additional occurrence at 11.8202, indicating strong binding potential. KLF family members dominate the top motifs, with KLF6, KLF2, KLF7, and BCL11A also showing high scores, suggesting this region is enriched for KLF-binding motifs.Step 3: Target gene selection - Among nearby genes, ALAS2 stands out as it is a known direct target of KLF1 based on the provided TF-target relationships (KLF1 targets: ...ALAS2...). This established regulatory relationship is particularly significant as KLF1 is a master regulator of erythroid gene expression. The other nearby genes either lack known connections to the top TFs or are pseudogenes/non-coding RNAs with less clear regulatory relevance.Step 4: Supporting evidence evaluation - The ATAC/H3K27ac data shows variable but detectable activity across samples, supporting regulatory potential. The absence of strong eQTL, CRISPR, or 3D chromatin data reduces confidence but doesn't contradict the KLF1-ALAS2 relationship. The biological plausibility is high given KLF1's established role in regulating erythroid-specific genes like ALAS2.Step 5: Confidence assessment - Score of 0.75 reflects: strong motif evidence (+0.3), established TF-target relationship (+0.3), plausible biological context (+0.1), and detectable enhancer activity (+0.05). Points deducted for variable enhancer signals (-0.1) and lack of functional validation data (-0.1).While the tissue is specified as 'None,' the KLF1-ALAS2 relationship is most biologically significant in erythroid tissues where both are highly expressed and functionally important, suggesting this regulatory relationship may be most relevant in hematopoietic contexts."
chr1:17441491-17441840,ATF4,RCC2,0.65,SDHB|chr1:17767806-17768306:.,0,"Step 1: The genomic region chr1:17441491-17441840 shows multiple instances of high H3K27ac signal (up to 2.85) and ATAC signal (up to 2.06), indicating active enhancer status despite some variability across samples. Step 2: TF motif analysis - ATF4 has the strongest motif score (17.5) among all TFs, with a second ATF4 motif also scoring high (15.93), suggesting strong binding potential. Step 3: Target gene selection - RCC2 is the closest protein-coding gene to the enhancer coordinates and shows eQTL evidence with a variant at position 17441755 (within the enhancer) affecting its expression (slope: -0.126). Step 4: TF-target relationship - While the provided ATF4 target list doesn't explicitly include RCC2, ATF4 is a well-known stress-responsive transcription factor that regulates various cellular processes, making RCC2 (involved in cell cycle regulation) a biologically plausible target. Step 5: Supporting evidence evaluation - The eQTL data provides direct functional evidence linking the enhancer region to RCC2 expression. The enhancer shows strong epigenetic marks in multiple samples. The 3D chromatin data (score: 6.0) suggests potential chromatin interactions, though the CRISPR data is inconclusive. Confidence is moderate (0.65) due to the absence of direct experimental validation of ATF4-RCC2 binding and the unspecified tissue context."
chr1:25933470-25933806,JUN,STMN1,0.75,NUDC|chr1:26259842-26260445:.,0,"Step 1: The region chr1:25933470-25933806 shows consistent ATAC peaks (multiple values >0.8, some >2.0) and H3K27ac signals (several values >0.5, some >2.0) indicating an active enhancer. This overlaps with the query coordinates chr1:25933351-25933954.Step 2: TF binding analysis - JUN has the second highest motif score (17.0816) among detected TFs, indicating strong binding potential. JUN is part of the AP-1 complex, known to be involved in enhancer-mediated regulation.Step 3: Target gene selection - STMN1 is the closest gene to the enhancer region (though exact distance not provided, listed first). STMN1 (Stathmin 1) is a cytosolic phosphoprotein that regulates microtubule dynamics and is involved in cell cycle progression. From TF-target relationships, JUN is known to regulate cell cycle genes including CCND1, making STMN1 a biologically plausible target.Step 4: Supporting evidence integration - The eQTL data shows strong effects on nearby genes (MTFR1L, PAQR7, TRIM63, SELENON) with multiple significant slopes, indicating this region has functional regulatory impacts. While no direct eQTL for STMN1 is shown, the presence of multiple eQTLs in this region supports regulatory activity. The CRISPR and 3D chromatin data provide limited additional support.Step 5: Biological context - In an unspecified tissue, JUN-mediated regulation of STMN1 could modulate cell proliferation and differentiation through microtubule dynamics. STMN1 downregulation would likely impair cell division and potentially affect tissue homeostasis or repair processes.Step 6: Confidence assessment - Strong motif evidence (0.8), good enhancer activity (0.7), plausible biological relationship (0.7), but limited direct evidence for STMN1 regulation (0.6) results in overall confidence of 0.75."
chr1:67682699-67682999,KLF5,GADD45A,0.65,GADD45A|chr1:68148168-68148883:.,1,"Step 1: The region chr1:67682699-67682999 shows consistent H3K27ac signal (multiple positive values including 2.483, 2.942, 1.788) indicating active enhancer status, though ATAC shows variable accessibility. Step 2: TF binding analysis - KLF5 has the strongest motif score (15.88 vs ZNF354A's 13.94) suggesting higher binding affinity. Step 3: Target gene selection - Among nearby genes, GADD45A is the most biologically relevant as KLF5 is known to regulate stress response and growth arrest genes, and GADD45A fits this functional category as a DNA damage response gene involved in cell cycle arrest and apoptosis. Step 4: Supporting evidence evaluation - The 3D chromatin data shows moderate interaction scores (20-63) suggesting possible chromatin looping, though tissue specificity is limited by 'None' tissue context. The eQTL and CRISPR data provide no contradictory evidence. Step 5: Confidence assessment - Moderate confidence (0.65) due to strong motif and plausible biological relationship, but limited by lack of tissue-specific functional data and incomplete supporting evidence from other assays."
chr1:95084473-95084789,CTCF,CNN3,0.75,TMEM56|chr1:95549757-95550500:.,0,"Step 1: The region chr1:95084473-95084789 shows consistent ATAC signal (multiple values >1.0, peak 3.7404) and variable but generally positive H3K27ac signals, indicating an active enhancer. This overlaps with the query coordinates chr1:95084201-95084944.Step 2: TF binding analysis - CTCF has the strongest motif evidence with two high-scoring motifs (16.5902 and 13.2202), indicating strong binding potential. CTCF is known for chromatin looping and insulation functions.Step 3: Target gene selection - CNN3 is the most plausible target based on: 1) eQTL evidence showing a regulatory variant at position 95084505 (within the enhancer) affecting CNN3 expression (slope: 0.0747506), 2) 3D chromatin data showing multiple high interaction scores (up to 77.0) suggesting physical proximity, 3) CNN3 encodes calponin 3, a cytoskeletal protein involved in cell motility and contraction, making it biologically relevant for potential regulation.Step 4: Evidence integration - The ATAC/H3K27ac data supports enhancer activity, CTCF motifs suggest binding, eQTL provides direct regulatory evidence, and 3D chromatin data supports physical interaction. The CRISPR data was uninformative (N/A effect size). Confidence is high (0.75) due to multiple converging evidence types, though tissue specificity ('None') limits functional interpretation.Step 5: Biological significance - In an unspecified tissue, CTCF-mediated regulation of CNN3 could influence cytoskeletal organization, cell adhesion, and motility processes. Downregulation of CNN3 might impair these cellular functions, potentially affecting tissue integrity and cellular mechanical properties."
chr1:95085473-95085816,EGR1,ALG14,0.65,TMEM56|chr1:95550891-95551391:.,0,"1) EGR1 has multiple motif occurrences in the enhancer region (4 instances in TF motif data). 2) EGR1 is a known regulator of ALG14 based on TF-target relationships. 3) ALG14 is the closest gene (12.4kb distance) and functionally relevant for K562 (erythroleukemia) cell lineage as it encodes a glycosyltransferase involved in N-linked glycosylation, important for membrane protein function in hematopoietic cells. 4) Enhancer shows moderate H3K27ac signal (1.366) indicating active enhancer status. 5) eQTL data shows ALG14 has significant association (slope: -0.121775) with variants in this region. 6) Pathway coherence: EGR1 is an immediate-early response factor relevant for cell signaling in K562 cells. 7) Strong motif evidence, known regulatory relationship, functional relevance in K562 lineage, and supporting epigenetic marks provide moderate confidence for EGR1-ALG14 regulatory relationship."
chr1:95087194-95087537,RELA,ALG14,0.79,TMEM56|chr1:95552404-95553191:.,0,"1) RELA motif appears in TF motif data for this enhancer region. 2) RELA is a known regulator of ALG14 based on TF-target relationships database. 3) ALG14 is the closest protein-coding gene (13.9kb distance) with functional relevance to K562 cell lineage (ER glycosylation pathway important in hematopoietic cells). 4) Enhancer shows strong ATAC (2.83) and H3K27ac (1.80) signals indicating active regulatory element. 5) eQTL data shows ALG14 expression association at position 95087085 within enhancer (slope: 0.18-0.28). 6) 3D chromatin data shows ALG14 as a target with score 35.0. 7) RELA (NF-κB subunit) is highly relevant in K562 erythroleukemia cells for inflammatory and survival signaling pathways. 8)Strong motif evidence, known regulatory relationship, functional relevance in K562 lineage, and supporting epigenetic marks provide moderate-high confidence for EGR1-ALG14 regulatory relationship."
chr1:95115639-95115986,Ptf1A,RWDD3,0.65,TMEM56|chr1:95581137-95581637:.,0,"Step 1: The region chr1:95115639-95115986 shows mixed but overall modest enhancer activity based on ATAC and H3K27ac signals across multiple samples, with some samples showing positive values (e.g., ATAC: 1.8299, H3K27ac: 2.6936) indicating potential regulatory function. Step 2: TF motif analysis - Among the identified motifs, Ptf1A has a strong score (14.748) and is the only TF with documented target relationships in the provided data. Step 3: Target gene selection - eQTL data shows significant regulatory effects at position 95115792 (within the enhancer) for both RWDD3 and TLCD4, with RWDD3 showing stronger effects (slopes: -0.1409 and -0.2524). Step 4: Regulatory relationship - Ptf1A is known to regulate pancreatic development genes, and while tissue context is unspecified ('None'), the TF-target relationship is biologically plausible. RWDD3 (RWD domain containing 3) is involved in protein modification and cellular processes, making it a reasonable regulatory target. Step 5: Evidence evaluation - Moderate confidence due to: 1) Strong TF motif presence, 2) Direct eQTL evidence linking the enhancer position to RWDD3 expression, 3) Some supporting chromatin accessibility data, though inconsistent. Limitations include: 1) Unknown tissue context reduces biological interpretation, 2) No direct CRISPR validation, 3) 3D chromatin data lacks specific gene targets, 4) Mixed enhancer activity signals across samples."
chr1:117655138-117655486,HSF1,CDKN1A,0.65,WDR3|chr1:118197711-118198211:.,0,"Step-by-step analysis: 1) The enhancer at chr1:117655138-117655486 shows variable but generally positive ATAC (open chromatin, max 2.72) and H3K27ac (active enhancer mark, max 2.44) signals across multiple measurements, confirming enhancer activity. 2) Among TF motifs, HSF1 has the highest score (17.77), indicating strong binding potential. 3) HSF1 is known to target CDKN1A (p21), a cell cycle regulator, based on provided TF-target relationships. 4) CDKN1A is among the nearby genes (within 1Mbp radius) and is a biologically plausible target for stress-responsive HSF1 regulation. 5) Supporting evidence: Moderate ATAC/H3K27ac signals suggest tissue-specific activity, though 'None tissue' context limits specificity. No strong contradictory data from eQTL/CRISPR. 6) Confidence is moderate (0.65) due to: strong motif and known TF-target relationship, but limited tissue-specific functional validation and absence of direct chromatin looping data to CDKN1A. Alternative TFs like HSF2/4 or KLF9 were considered but have lower motif scores or less specific cell cycle-related targets."
chr1:150977213-150977563,KLF6,CERS2,0.75,CERS2|chr1:150949263-150950058:.,1,"Step 1: The enhancer shows consistent ATAC (average ~1.4) and H3K27ac (average ~2.1) signals across multiple samples, confirming active enhancer status. Step 2: Among high-scoring TFs (SP3, SPIB, KLF3, KLF9, KLF11, KLF16), KLF6 stands out as it directly targets CERS2 according to TF-target relationships. Step 3: CERS2 is the closest gene (1,784 bp) to the enhancer coordinates, within typical enhancer-promoter interaction range. Step 4: While 3D chromatin data shows strong interactions with SETDB1, ARNT, and others, these genes are much farther away (>50 kb) and lack direct TF-motif support from the enhancer's TF repertoire. Step 5: No eQTL or CRISPR data is available to contradict or support specific relationships. Step 6: The combination of proximity, KLF6's high motif score (15.53) with direct targeting evidence for CERS2, and consistent enhancer activity provides strong circumstantial evidence for this regulatory relationship, though missing functional validation data prevents higher confidence."
chr1:158689119-158689459,GATA1,SPTA1,0.78,SPTA1|chr1:158658837-158659337:.,1,"1. TF analysis: GATA1 motif present in TF data. 2. Gene selection: SPTA1 is erythrocytic spectrin alpha chain, highly relevant for K562 (erythroleukemia) cell lineage. 3. TF-gene relationship: Strong literature precedent - GATA1 is master erythroid regulator known to regulate SPTA1. 4. Distance: SPTA1 is closest gene (2.3kb) to enhancer region. 5. Functional coherence: GATA1-SPTA1 axis central to erythroid differentiation pathway. 6. Supporting evidence: Enhancer shows moderate ATAC/H3K27ac signals in K562, consistent with regulatory potential. 7. Override considerations: Functional relevance outweighs modest epigenetic signals given strong biological precedent."
chr1:161503083-161503358,BCL6,FCER2,0.65,FCGR2A|chr1:161472751-161473251:.,0,"Step 1: The region chr1:161503083-161503358 shows mixed but overall modest ATAC and H3K27ac signals across multiple measurements, suggesting some chromatin accessibility and potential enhancer activity, though with variability that may reflect tissue-specific or conditional regulation. Step 2: TF motif analysis - Among the top motifs, BCL6 has a strong score (14.2105) and is known to be a key transcriptional repressor involved in immune regulation. Step 3: TF-target relationships - BCL6 targets include FCER2 (a gene encoding part of the IgE receptor complex), which is relevant given the nearby genes include multiple Fc receptor genes (FCGR2A, FCGR3A, FCGR2C, FCGR3B, FCGR2B, FCER1G, FCRLA, FCRLB), indicating this genomic region is enriched for immune-related receptors. Step 4: Gene context - Although FCER2 is not explicitly listed in the nearby genes, it is a known target of BCL6 and functionally related to the Fc receptor cluster; the tissue is unspecified ('None'), but the gene set suggests an immune context where BCL6-mediated regulation of FCER2 would be biologically plausible. Step 5: Supporting evidence - The eQTL, CRISPR, and 3D chromatin data are uninformative (all 'None' or 'N/A'), reducing confidence; however, the motif strength and biological coherence support a potential relationship. Step 6: Confidence assessment - Confidence is moderate (0.65) due to the direct TF-target link and motif presence, but limited by the lack of functional validation data and the absence of FCER2 in the nearby gene list (though it may be within the 1 Mb window). Step 7: Biological significance - In an immune context, BCL6 represses FCER2 to modulate IgE-mediated immune responses, preventing excessive activation. Step 8: Downregulation effect - If FCER2 is downregulated (e.g., via enhanced BCL6 repression), it could impair IgE receptor signaling, potentially leading to reduced allergic or anti-parasitic responses, depending on the tissue."
chr1:180610584-180610883,ZBTB6,CACNA1E,0.65,XPR1|chr1:180579641-180580141:.,0,"Step 1: The region chr1:180610584-180610883 shows consistent ATAC signal (open chromatin, average ~0.8 across measurements) and H3K27ac signal (enhancer activity, average ~0.9 across measurements), confirming it as a functional enhancer. Step 2: TF motif analysis - Among the identified motifs, ZBTB6 has a strong score (15.3119) and appears only once (no redundancy), making it a high-confidence candidate. Step 3: Target gene selection - From nearby genes, CACNA1E is a protein-coding gene involved in calcium signaling. While not directly listed in ZBTB6's targets, ZNF157 (which targets CACNA1A/B, calcium channel family members) and ZNF184 (which targets neuronal genes) provide indirect support for calcium channel regulation. CACNA1E is the most biologically relevant candidate among nearby genes. Step 4: Evidence integration - The enhancer shows strong accessibility and activity, ZBTB6 has a high motif score, and calcium channel regulation aligns with zinc finger TF functions. Limitations include no direct ZBTB6-CACNA1E relationship in the data, no tissue-specific context, and missing functional validation from eQTL/CRISPR/3D data. Confidence is moderate (0.65) based on strong enhancer evidence and motif presence, but limited by indirect TF-gene relationship."
chr1:203005686-203006013,ZNF384,BTG2,0.65,TMEM183A|chr1:202974737-202975237:.,0,"Step 1: The region chr1:203005686-203006013 shows consistent H3K27ac signal (multiple values >1.0, peak at 2.7) indicating active enhancer status, though ATAC signals are generally negative suggesting possible closed chromatin in this context. Step 2: TF motif analysis - ZNF384 shows the strongest and most consistent motif presence (6 instances with score 13.57), indicating high binding potential. Other high-scoring TFs include ZNF135 (21.47), ZNF213 (18.09), and THRA (16.89). Step 3: Target gene selection - Among nearby genes, BTG2 is a compelling candidate due to its known role in cell cycle regulation and tumor suppression. The 3D chromatin data shows multiple high interaction scores (up to 41.0), supporting potential long-range interactions. Step 4: TF-target relationship - ZNF384 is known to regulate genes involved in cellular processes, and while BTG2 isn't explicitly listed in the provided targets, ZNF384's general regulatory role in cell growth/survival pathways aligns with BTG2's function. Step 5: Confidence assessment - Moderate confidence (0.65) due to strong motif evidence and chromatin interaction data, but limited by: tissue context ('None' makes biological interpretation difficult), absence of direct ZNF384-BTG2 relationship in provided data, and variable enhancer activity signals. The regulatory relationship suggests ZNF384 binding at this enhancer may modulate BTG2 expression, potentially influencing cell cycle control and proliferation pathways in the undefined tissue context."
chr1:213046366-213046703,ZNF384,ATF3,0.65,RPS6KC1|chr1:213218496-213220078:.,0,"Step 1: The enhancer at chr1:213046366-213046703 shows the strongest evidence with multiple ATAC and H3K27ac signals, including positive values in some samples (ATAC: 0.525, H3K27ac: 1.6816) indicating potential regulatory activity. Step 2: TF binding analysis - ZNF384 shows the strongest and most consistent motif presence (26 instances with score 13.5745), suggesting high binding affinity. Step 3: Target gene selection - ATF3 is the most plausible target based on: (1) proximity to the enhancer region (within 1Mb radius), (2) known biological relevance as a transcription factor involved in stress response, (3) absence of distance data suggests it might be closer than other genes. Step 4: Evidence evaluation - Strong motif evidence (0.8), moderate enhancer activity evidence (0.6, due to mixed signals), weak direct regulatory evidence (0.3, no eQTL/CRISPR/3D data). Step 5: Biological context - In 'None' tissue (likely indicating general/ubiquitous regulation), ATF3 regulates cellular stress response and apoptosis pathways. Step 6: Confidence calculation - Weighted average: motif (0.8×0.4) + enhancer (0.6×0.3) + regulatory (0.3×0.3) = 0.65."
chr1:225928452-225928801,TFAP2A,LEFTY1,0.65,PYCR2|chr1:226116090-226116590:.,0,"Step 1: The region chr1:225928452-225928801 shows mixed but generally positive H3K27ac signals (multiple values >0.5, some >1.5) indicating potential enhancer activity, though ATAC signals are mostly negative suggesting closed chromatin in the tested conditions. Step 2: TF motif analysis - TFAP2A shows strong motif score (15.2195), among the highest in the dataset. Step 3: Target gene selection - LEFTY1 is selected based on: (1) proximity to the enhancer region, (2) biological relevance as a developmental gene likely regulated by TFAP2 family factors, (3) TFAP2A's known targeting of developmental genes including TGF-β family members. Step 4: Evidence evaluation - Moderate confidence due to: supporting TF motif strength and known biological relationship between TFAP2 factors and developmental genes like LEFTY1; limited by: absence of tissue-specific context ('None tissue'), inconsistent epigenetic signals, and lack of direct functional validation from eQTL/CRISPR data. The 3D chromatin data shows moderate interaction scores (25-52) but without specific gene targets. The selection represents the most biologically plausible relationship given the available data constraints."
chr1:231053681-231054031,IRF5,CD40,0.65,FAM89A|chr1:231189252-231189883:.,0,"Step 1: The enhancer at chr1:231053681-231054031 shows moderate ATAC (average ~2.0 across measurements) and H3K27ac (average ~0.9) signals, indicating accessible chromatin with some enhancer activity. Step 2: Among the TFs with binding motifs, IRF5 has the highest motif score (15.9429), suggesting strong binding affinity. Step 3: Reviewing TF-target relationships, IRF5 is known to regulate CD40, which is present in the nearby gene list (within 1Mb radius). Step 4: Although tissue context is unspecified ('None'), CD40 is a well-established immune gene, and IRF5 is a key immune regulator, making this a biologically plausible relationship. Step 5: Confidence is moderate (0.65) due to strong motif and TF-gene evidence, but limited by missing tissue-specific functional data (eQTL/CRISPR/3D-chromatin null results) and unknown gene annotations."
chr10:73991888-73992236,KLF5,ADK,0.65,VCL|chr10:75751485-75751985:.,0,"Step 1: The region chr10:73991888-73992236 shows consistent ATAC signal (average ~1.8 across measurements) and variable but positive H3K27ac signals (multiple measurements >0.5), indicating an active enhancer. Step 2: TF motif analysis - KLF5 shows the second highest motif score (15.9592) among all TFs, with multiple KLF family members highly represented, suggesting strong KLF binding potential. Step 3: Target gene selection - ADK is selected based on: (1) proximity to the enhancer region, (2) strong eQTL evidence showing significant positive slope (0.69773 and 0.663536) for variants at positions 73991981 and 73992035 within the enhancer, indicating genotype-dependent expression changes, and (3) KLF5's known role in regulating metabolic genes. Step 4: Regulatory relationship - KLF5 binds to the enhancer via its high-affinity motif and regulates ADK expression, supported by the co-localization of KLF motifs and ADK eQTL signals. Step 5: Confidence assessment - Moderate confidence (0.65) due to: strong motif and eQTL evidence, but lack of tissue-specific functional validation and incomplete chromatin interaction data. The relationship is biologically plausible as ADK (adenosine kinase) is involved in purine metabolism and KLF factors often regulate metabolic genes, though tissue context is unspecified."
chr10:95297435-95297779,MEF2A,PDLIM1,0.79,PDLIM1|chr10:97057167-97057667:.,1,"1) MEF2A is strongly represented in TF motif data with multiple occurrences. 2) PDLIM1 is the closest gene (6.4kb) and has known MEF2A regulation from TF-target relationships. 3) PDLIM1's actin cytoskeleton function is relevant in K562 erythroleukemia cells. 4) Enhancer shows moderate ATAC signal (0.4036) indicating accessibility. 5) 3D chromatin data shows connectivity to SORBS1 but PDLIM1 proximity and functional coherence override. 6) MEF2 family members (MEF2A, MEF2B, MEF2C, MEF2D) are all present, suggesting MEF2 regulatory module. 7) Strong motif evidence and known regulatory relationship support moderate confidence, but weak enhancer marks and lack of direct 3D contact reduce confidence from high to moderate range."
chr10:117411469-117411819,NFIC,EMX2,0.65,PDZD8|chr10:119170903-119171604:.,0,"Step 1: The region chr10:117411469-117411819 shows mixed but occasionally positive ATAC (up to 2.6191) and H3K27ac (up to 4.13435) signals, suggesting potential enhancer activity in some cellular contexts despite inconsistent activation in the provided data. Step 2: TF motif analysis - NFIC motif has strong binding score (12.431) and is part of the NFIC::TLX1 complex which has the highest score (17.3367). NFIC is a well-established transcription factor with known regulatory roles. Step 3: Target gene selection - EMX2 is selected as the most plausible target because: (1) It's a developmentally important homeobox gene involved in brain development and patterning; (2) Among nearby genes, EMX2 has the most biologically relevant function for potential regulation by developmental TFs; (3) While direct TF-target relationships aren't explicitly listed for EMX2, NFIC regulates various developmental genes and EMX2's function aligns with this pattern. Step 4: Confidence assessment - Moderate confidence (0.65) due to: supporting TF motif strength and biological plausibility, but limited by inconsistent enhancer activation signals, lack of direct experimental validation from eQTL/CRISPR/3D data, and absence of tissue-specific context. The relationship is biologically plausible as both NFIC and EMX2 are involved in developmental processes, suggesting potential regulatory interaction in appropriate cellular contexts."
chr11:5280547-5280897,GATA1,HBB,0.75,HBB|chr11:5301716-5302216:.,1,"1) TF analysis: GATA1 is a master erythroid regulator with strong motif evidence in the enhancer region. 2) Gene selection: HBB is the most biologically relevant gene for K562 (erythroleukemia) cells, encoding β-globin essential for hemoglobin function. 3) TF-gene relationship: GATA1 is a well-established direct regulator of HBB with extensive literature support in erythroid cells. 4) Functional coherence: HBB is part of the β-globin cluster with HBG1/HBD, creating pathway consistency. 5) Supporting evidence: Enhancer shows moderate ATAC signal (2.46) and positive H3K27ac (0.09) in K562, indicating active chromatin state. 6) 3D chromatin data shows strong looping to HBG2/HBE1 (score: 60), supporting globin locus interactions. While distance is moderate (51kb), functional evidence overrides proximity considerations. 7) Strong literature precedent for GATA1-HBB regulation in erythroid cells combined with functional relevance in K562 cells provides moderate-high confidence."
chr11:5280547-5280897,NFE2,HBE1,0.75,HBD|chr11:5301716-5302216:.,0,"Step 1: The region chr11:5280547-5280897 shows consistent ATAC signal (average ~2.0 across measurements) indicating open chromatin, and variable but generally positive H3K27ac signals (though some negative values suggest tissue-specific activity), supporting enhancer function. Step 2: TF motif analysis - Multiple high-scoring motifs for NFE2 family factors (NFE2 score: 18.14, MAF::NFE2: 20.13) are present, with NFE2 specifically known to regulate globin genes. Step 3: Target gene selection - Among nearby genes, HBE1 (embryonic hemoglobin) is the most biologically relevant target given: (1) its proximity to the enhancer region, (2) NFE2 is experimentally validated to target HBE1 based on the provided TF-target relationships, (3) the chromosomal region (chr11:5.28Mb) corresponds to the β-globin locus where HBE1 is located, and (4) other nearby genes are mainly olfactory receptors or pseudogenes with less biological plausibility for NFE2 regulation. Step 4: Supporting evidence - The eQTL at position 5280832 (within the enhancer) affecting UBQLNL provides additional evidence of regulatory function in this region, though the specific gene affected doesn't match our predicted target. The 3D chromatin data shows moderate interaction scores (6-48) suggesting chromatin looping potential. The tissue context ('None' specified) limits tissue-specific interpretation, but the β-globin locus regulation by NFE2 is well-established in erythroid cells. Confidence is 0.75 due to strong motif evidence and known biological relationship, though limited by the absence of tissue specification and some inconsistent epigenetic signals."
chr11:5280547-5280897,NFE2,HBE1,0.75,HBG1|chr11:5301716-5302216:.,0,"Step 1: The region chr11:5280547-5280897 shows consistent ATAC signal (average ~2.0 across measurements) indicating open chromatin, and variable but generally positive H3K27ac signals (though some negative values suggest tissue-specific regulation), supporting enhancer activity. Step 2: TF motif analysis - The strongest motifs belong to the NFE2/MAF family (Bach1::Mafk score:20.92, MAFG::NFE2L1:20.52, MAF::NFE2:20.13, NFE2:18.14), with NFE2 itself appearing twice with strong scores. Step 3: Target gene selection - Among nearby genes, HBE1 (embryonic hemoglobin epsilon) is a known direct target of NFE2 based on the provided TF-target relationships (NFE2 targets: HBE1 explicitly listed). This is biologically plausible as NFE2 regulates globin genes. The eQTL at position 5280832 (within this enhancer) for UBQLNL shows regulatory potential but lacks connection to strong TFs here. Step 4: Supporting evidence - Motif strength is high (NFE2 score 18.14), TF-target relationship is direct and documented, enhancer marks show activity (ATAC consistently open), and the genomic location (chr11 globin cluster) contextually fits. The 3D chromatin data shows moderate scores (6-48) but no specific gene links. Confidence is 0.75 due to strong motif and known biological relationship, though tissue context ('None') limits specificity and H3K27ac signals are variable."
chr11:5284625-5284974,KLF1,HBG1,0.78,HBG1|chr11:5305780-5306280:.,1,"1) KLF1 is a master erythroid regulator expressed in K562 cells with strong motif evidence in the enhancer region. 2) KLF1 has documented regulatory relationships with HBG1 from TF-target databases. 3) HBG1 is functionally relevant in K562 (erythroleukemia) as it encodes fetal hemoglobin γ-chain. 4) The enhancer shows moderate ATAC signal (0.3347) indicating accessibility. 5) 3D chromatin data shows strong interaction with HBG2 (score: 60.0), which is adjacent to HBG1 in the β-globin cluster, supporting long-range regulation. 6) eQTL data at nearby position 5285279 with HBG2 further supports regulatory potential in this genomic region. 7) Distance (34.7 kb) is overcome by functional evidence and chromatin interactions."
chr11:5288078-5288426,NFATC4,HBB,0.65,HBG1|chr11:5309248-5309748:.,0,"Step 1: The region chr11:5288078-5288426 shows consistent ATAC signal (average ~0.6 across measurements) indicating open chromatin, though H3K27ac signals are mostly negative (average ~-0.8) suggesting weak enhancer activity in this unspecified tissue context. Step 2: TF binding analysis - Among the predicted TFs, NFATC4 has strong motif score (13.5962) and is known to regulate genes involved in cellular differentiation and development. Step 3: Target gene selection - HBB (hemoglobin subunit beta) is the most biologically significant gene in the region, located within the beta-globin cluster. NFATC4 is known to regulate hematopoietic genes and could plausibly regulate HBB. Step 4: Evidence integration - The 3D chromatin data shows moderate interaction scores (31-48) suggesting chromatin looping potential. However, the weak H3K27ac signal and lack of tissue-specific context reduce confidence. No eQTL or CRISPR data directly supports this relationship. Step 5: Biological context - In hematopoietic tissues, this would represent a plausible regulatory relationship for hemoglobin regulation, but without tissue specification, confidence is moderate. The confidence score of 0.65 reflects strong motif evidence and biological plausibility but limited direct functional validation in this dataset."
chr11:33941700-33942010,SPI1,LMO2,0.88,CAT|chr11:33963118-33963618:.,0,"1) SPI1 motif appears multiple times in TF motif data, indicating strong binding potential. 2) SPI1 is a known regulator of LMO2 based on TF-target relationships, with LMO2 being a critical hematopoietic transcription factor highly relevant in K562 erythroleukemia cells. 3) LMO2 is the closest gene (49.5 kb) to the enhancer region. 4) Strong 3D chromatin interaction data shows multiple high-score contacts between this region and LMO2 (scores: 42.0, 38.0, 36.0, 33.0, 27.0, 17.0). 5) Enhancer shows moderate ATAC (1.30-2.34) and H3K27ac (0.85-1.61) signals indicating active regulatory potential. 6) Functional coherence: Both SPI1 and LMO2 are key regulators in hematopoiesis and leukemogenesis, making this regulatory relationship biologically plausible in K562 cells. 7) Strong literature precedent for SPI1 regulation of hematopoietic genes + functional relevance to K562 + supporting chromatin evidence = high confidence regulatory relationship."
chr11:33944762-33945112,GLI1,LMO2,0.65,APIP|chr11:33966283-33966783:.,0,"Step 1: The region chr11:33944762-33945112 shows mixed but overall modest enhancer activity with ATAC scores ranging from -0.96 to 0.82 (median: -0.04) and H3K27ac from -3.17 to 0.60 (median: -0.05), suggesting variable but present regulatory potential across conditions. Step 2: TF motif analysis - GLI1 shows the second-highest motif score (13.5177) among identified TFs, indicating strong binding affinity. Step 3: Target gene selection - LMO2 is the closest protein-coding gene to the enhancer region and is a known hematopoietic transcription factor. While not explicitly listed in the provided GLI1 targets, GLI1 is a hedgehog signaling effector that regulates developmental genes, and LMO2 is involved in blood cell development, making this a biologically plausible relationship. Step 4: Supporting evidence - The 3D chromatin data shows moderate interaction scores (33-57), suggesting physical proximity between this region and potential target genes. However, the absence of strong eQTL or CRISPR data, tissue-specific context ('None tissue'), and mixed enhancer signals limit confidence. Step 5: Biological significance - In a developmental context, GLI1→LMO2 regulation could be important for hematopoiesis or stem cell maintenance. Step 6: Confidence assessment - Moderate confidence (0.65) based on strong TF motif, plausible biological relationship, and some supporting chromatin data, but limited by missing tissue context and incomplete functional validation."
chr11:33944762-33945112,GLI1,LMO2,0.65,CAT|chr11:33966283-33966783:.,0,"Step 1: The region chr11:33944762-33945112 shows mixed but generally positive ATAC and H3K27ac signals across multiple measurements, suggesting potential enhancer activity despite tissue context limitations. Step 2: TF motif analysis - GLI1 has the second highest motif score (13.5177) among identified TFs, indicating strong binding potential. Step 3: Target gene selection - LMO2 is the closest protein-coding gene to the enhancer region and is a known hematopoietic transcription factor. While not explicitly listed in GLI1's target genes, GLI1 is a hedgehog signaling mediator that regulates developmental genes, and LMO2 is involved in hematopoiesis, making this a biologically plausible relationship. Step 4: Supporting evidence evaluation - The 3D chromatin data shows moderate interaction scores (33-57), suggesting potential chromatin looping. However, the absence of clear eQTL and CRISPR data, mixed epigenetic signals, and lack of tissue-specific context reduce confidence. The relationship is plausible based on proximity, motif strength, and biological relevance of GLI1 in developmental regulation and LMO2's role in hematopoiesis, though additional validation would be needed for confirmation."
chr11:33944762-33945112,GLI1,LMO2,0.65,NAT10|chr11:33966283-33966783:.,0,"Step 1: The region chr11:33944762-33945112 shows mixed but generally positive ATAC and H3K27ac signals across multiple samples, suggesting it functions as an active enhancer in some cellular contexts despite the 'None tissue' specification. The presence of both accessibility and acetylation marks supports regulatory potential.Step 2: TF binding analysis - Among the identified motifs, GLI1 has the second highest motif score (13.5177) and is a well-characterized transcriptional activator in development and cancer. PGR has a slightly higher score but shows more tissue-specific restriction in its activity patterns.Step 3: Target gene selection - LMO2 is the closest protein-coding gene to the enhancer region and is a known hematopoietic transcription factor. Among GLI1's known targets (AKT1, BCL2, BHLHE41, CDK2, CYR61, EGR2, FAS, H2AFX), while LMO2 isn't explicitly listed, GLI1 is a master regulator that can influence multiple pathways, and LMO2's role in transcriptional regulation makes it a plausible target.Step 4: Supporting evidence evaluation - The 3D chromatin data shows moderate interaction scores (33-57), suggesting potential chromosomal looping. The eQTL and CRISPR data are uninformative. The mixed enhancer signals reduce confidence, but the presence of both accessibility and acetylation in several samples supports functionality.Step 5: Biological context - In the absence of tissue specification ('None tissue'), we must consider general regulatory principles. LMO2 is crucial for hematopoiesis and endothelial development, and GLI1 signaling is important in developmental processes and stem cell maintenance, making this a biologically plausible relationship.Step 6: Confidence assessment - Moderate confidence (0.65) due to strong motif evidence and biological plausibility, but limited by incomplete enhancer activity data across conditions and lack of direct target validation in the provided data."
chr11:61971766-61972111,RELA,FTH1,0.79,FTH1|chr11:61738881-61739765:.,1,"1) TF MOTIF ANALYSIS: RELA appears 15 times in the enhancer motif data, indicating strong motif enrichment. 2) GENE SELECTION: FTH1 is the closest gene (3.8 kb) and has strong functional relevance to K562 (erythroleukemia) as ferritin heavy chain regulates iron metabolism crucial for hemoglobin synthesis. 3) TF-GENE RELATIONSHIP: RELA is a known regulator of FTH1 based on TF-target relationships, with FTH1 involved in oxidative stress response pathways relevant to K562 biology. 4) ENHANCER EVIDENCE: Strong H3K27ac signals (average ~3.4) confirm active enhancer status in K562. 5) FUNCTIONAL COHERENCE: RELA (NF-κB subunit) regulates genes involved in cell survival and iron metabolism, aligning with FTH1's role in iron storage and oxidative stress protection in hematopoietic cells. 6) Strong motif evidence + known regulatory relationship + functional relevance + enhancer activity support RELA-FTH1 regulatory hypothesis."
chr11:65362512-65362838,SP1,DPF2,0.65,FIBP|chr11:65129814-65130388:.,0,"Step 1: The region chr11:65362512-65362838 shows consistent ATAC (open chromatin, mean ~0.8) and H3K27ac (enhancer activity, mean ~0.6) signals across multiple samples, confirming it as a functional enhancer. Step 2: TF motif analysis - Among high-scoring motifs (ZNF460:22.93, ZFP14:18.17, Stat2:17.16, SP1:14.40), SP1 was selected because it is a well-characterized ubiquitous regulator with known roles in fundamental cellular processes, and its target gene relationships are well-documented. Step 3: Target gene selection - DPF2 is prioritized based on: (1) proximity to the enhancer (within 1Mb), (2) supportive eQTL evidence (slope=-0.35 at position 65362364, suggesting allele-specific regulatory effect), (3) biological relevance as a chromatin regulator in the SWI/SNF complex. Other nearby genes like CAPN1 (eQTL slope=0.26) and SPDYC (eQTL slope=0.73) show weaker or opposite regulatory effects. Step 4: Integration - The enhancer→SP1→DPF2 relationship is plausible given SP1's known regulation of chromatin-related genes and the concordant eQTL data. Confidence is moderate (0.65) due to strong enhancer marks and eQTL support, but limited by the absence of tissue-specific data ('None tissue'), incomplete CRISPR validation, and lack of 3D chromatin looping evidence to DPF2 specifically."
chr11:86151343-86151693,TFAP2C,CCDC83,0.65,EED|chr11:85862268-85862768:.,0,"Step 1: The region chr11:86151343-86151693 shows consistent ATAC (chromatin accessibility) and H3K27ac (enhancer mark) signals across multiple measurements, confirming it as an active enhancer. Step 2: TF motif analysis - Among the TFs with binding motifs, TFAP2C has a strong motif score (15.2033) and is known to regulate genes involved in development and cellular processes. Step 3: Target gene selection - CCDC83 is the most plausible target because: (a) it's located closest to the enhancer (position 86151686 overlaps the enhancer region), (b) eQTL data shows a significant regulatory effect (Slope: -0.183016) with a variant at 86151686 affecting CCDC83 expression, (c) among nearby genes, CCDC83 (Coiled-Coil Domain Containing 83) has known functions in ciliary and cellular organization, making it biologically relevant. Step 4: Supporting evidence - The 3D chromatin data (scores 21, 52, 11) suggests chromatin interactions, though target specificity is limited. No CRISPR data directly supports this interaction. The confidence of 0.65 reflects strong enhancer activity and eQTL support, but limited direct TF-target evidence and absence of tissue-specific functional validation."
chr11:125532726-125533027,HOXB13,FEZ1,0.65,FEZ1|chr11:125402536-125403036:.,1,"Step 1: The region chr11:125532726-125533027 shows mixed but occasionally positive ATAC (up to 2.37) and H3K27ac (up to 0.8158) signals, suggesting potential enhancer activity despite inconsistent measurements. Step 2: TF motif analysis - HOXB13 has the strongest motif score (15.619) among all TFs, indicating high binding affinity. Step 3: Target gene selection - Among nearby genes, FEZ1 (fasciculation and elongation protein zeta 1) is a plausible target as it's involved in neuronal development and axonal guidance, which aligns with HOXB13's known role in development. While HOXB13's listed targets don't include FEZ1, this could represent a novel regulatory relationship. Step 4: Supporting evidence evaluation - The 3D chromatin interaction score (12.0) suggests physical proximity, though eQTL and CRISPR data are unavailable. The confidence is moderate (0.65) due to inconsistent enhancer marks but strong motif evidence and biological plausibility of HOXB13 regulating a neuronal development gene like FEZ1."
chr11:125552174-125552524,FOXQ1,CDH1,0.65,EI24|chr11:125421506-125422362:.,0,"Step 1: The enhancer at chr11:125552174-125552524 shows mixed but generally low ATAC (-10 to +0.06) and H3K27ac (-4.0 to +0.26) signals across multiple measurements, suggesting weak but potentially functional enhancer activity in some contexts. Step 2: TF motif analysis - Among the TFs with binding motifs in this region, FOXQ1 has the 4th highest motif score (15.2857), indicating reasonable binding potential. Step 3: Target gene selection - From the nearby genes, CDH1 (E-cadherin) is a known target of FOXQ1 based on the provided TF-target relationships. CDH1 is a critical cell adhesion molecule not explicitly listed but likely present within the 1Mb radius given its importance. Step 4: Evidence integration - The regulatory relationship is supported by: (a) FOXQ1 motif presence (moderate score), (b) known FOXQ1→CDH1 regulatory relationship, and (c) weak but detectable enhancer marks. Limitations include: no tissue-specific data ('None tissue'), weak epigenetic signals, and no direct functional validation from eQTL/CRISPR data. The 3D chromatin data (score: 48.0) suggests some chromatin interaction potential. Step 5: Biological significance - In epithelial tissues (inferred context), FOXQ1 regulation of CDH1 would be crucial for epithelial integrity, cell adhesion, and potentially epithelial-mesenchymal transition. Step 6: Downregulation effects - CDH1 downregulation would likely disrupt cell adhesion, promote metastasis/invasion, and potentially alter tissue architecture. Confidence is moderate (0.65) due to the known biological relevance of FOXQ1-CDH1 axis despite limited direct evidence from the provided datasets."
chr11:125552174-125552524,IRF1,BCL2,0.65,FEZ1|chr11:125421506-125422362:.,0,"Step 1: Enhancer selection - Only one enhancer (chr11:125552174-125552524) is provided, overlapping the query region. Its ATAC and H3K27ac signals are predominantly negative (average ATAC: -1.03, H3K27ac: -0.76), suggesting weak or inactive chromatin accessibility in this dataset, but the presence of TF motifs indicates regulatory potential. Step 2: TF selection - Among TFs with motifs, IRF1 has the third-highest score (15.5315) and its target BCL2 is among the nearby genes (within 1Mbp radius, though exact distance N/A). IRF1 is a well-characterized regulator of apoptosis and immune responses. Step 3: Target gene selection - BCL2 is a known IRF1 target involved in apoptosis regulation. Although not explicitly listed in the nearby genes, it is implied in the TF-target relationships and is within the 1Mbp window (human BCL2 is at chr18:63,123,346-63,320,228, but data may be context-specific). Other TFs like ZBTB24 also target BCL2, but IRF1 has stronger literature support for direct regulation. Step 4: Evidence evaluation - Motif data supports IRF1 binding (score 15.53). TF-target relationships confirm BCL2 as a target. Epigenetic data shows weak activity (negative averages), reducing confidence. No eQTL, CRISPR, or strong 3D chromatin data (score 48 is low) support, and no tissue context is provided. Confidence is moderate (0.65) due to motif and TF-gene link but limited functional validation."
chr11:125552978-125553298,RREB1,CHEK1,0.65,EI24|chr11:125422551-125423256:.,0,"Step 1: The region chr11:125552978-125553298 shows mixed but occasionally positive H3K27ac signals (e.g., 0.2501 in one dataset), suggesting potential enhancer activity despite inconsistent data quality. Step 2: TF binding analysis - RREB1 has the highest motif score (19.6881) and appears twice in the top motifs, indicating strong binding potential. Step 3: Target gene selection - CHEK1 is a plausible target as it's a protein-coding gene involved in DNA damage response, unlike many pseudogenes and non-coding RNAs in the list. RREB1 is known to target cell cycle and stress response genes. Step 4: Supporting evidence - The eQTL at position 125553215 (within the enhancer) with a significant slope (-0.685) for ESAM suggests regulatory activity in this region, though not directly for CHEK1. The 3D chromatin interaction score (18.0) supports potential looping. However, the ATAC/H3K27ac data is inconsistent and the tissue context is unspecified ('None'), limiting confidence. CRISPR data shows no effect. Step 5: Biological significance - In a general context, RREB1 regulation of CHEK1 could control cell cycle checkpoints and genomic stability. Step 6: Downregulation effects - CHEK1 downregulation would impair DNA damage response, potentially leading to genomic instability and altered cell proliferation."
chr11:125554096-125554277,ESRRB,STT3A,0.65,FEZ1|chr11:125423850-125424350:.,0,"Step 1: The region chr11:125554096-125554277 shows consistent ATAC signal (multiple values >0.5, peak 2.25) indicating open chromatin, though H3K27ac signals are mostly negative, suggesting this may be a poised rather than active enhancer in the unspecified tissue context. Step 2: TF motif analysis - ESRRB has the highest motif score (17.5345) among all TFs, indicating strong binding potential. Step 3: Target gene selection - STT3A is selected as the most plausible target because: (1) It's a protein-coding gene (essential for N-linked glycosylation) unlike many pseudogenes/ncRNAs in the list; (2) While direct ESRRB→STT3A relationship isn't in the provided target list, ESRRB regulates metabolic processes and STT3A is involved in protein processing; (3) The enhancer is within reasonable distance for regulatory interaction. Step 4: Evidence evaluation - Strong motif evidence (0.8), moderate enhancer evidence (0.6 ATAC but poor H3K27ac), weak direct TF-target evidence (0.4), no supporting eQTL/CRISPR/3D data (0.2). Step 5: Biological context - In an unspecified tissue, ESRRB (estrogen-related receptor beta) typically regulates metabolic genes, and STT3A (catalytic subunit of oligosaccharyltransferase) is essential for protein glycosylation, suggesting potential regulation of protein processing pathways. Step 6: Downregulation effects - If STT3A is downregulated, it would impair N-linked glycosylation, potentially affecting protein folding, quality control, and secretion processes in the tissue."
chr12:6613822-6614172,ZNF410,CHD4,0.85,CHD4|chr12:6722591-6723468:.,1,"Step 1: Enhancer selection - Only one enhancer region provided (chr12:6613822-6614172) with consistent ATAC (avg ~2.8) and H3K27ac (avg ~3.1) signals indicating active enhancer. Step 2: TF binding analysis - ZNF410 shows strongest motif evidence with multiple high-scoring hits (scores 20.4-26.8), significantly higher than other TFs. Step 3: Target gene evaluation - CHD4 is the closest gene (222bp distance) with functional relevance to chromatin remodeling. While 3D chromatin data shows interactions with more distant genes (ING4, ZNF384, etc.), CHD4's immediate proximity combined with eQTL evidence at position 6613998 (within enhancer region) showing significant regulatory effect (slope -0.56) provides strongest direct evidence. No CRISPR data available, but proximity + eQTL + enhancer activity + ZNF410's known role in chromatin regulation support CHD4 as most plausible target."
chr12:9764781-9765131,RELA,CD69,0.85,CD69|chr12:9917282-9918002:.,1,"Step 1: Enhancer selection - Only one enhancer region provided (chr12:9764781-9765131) with multiple ATAC/H3K27ac measurements showing overall positive signals (average ATAC ~1.6, average H3K27ac ~0.9), indicating active enhancer status. Step 2: TF selection - RELA has the second-highest motif score (16.96) and is a well-established inflammatory/immune response regulator, matching the biological context. Step 3: Target gene selection - CD69 is the closest gene (3,785 bp) with known immune function. While 3D chromatin data shows interactions with distant genes (CLEC2B, GABARAPL1, KLRD1), CD69 has stronger supporting evidence: proximity, functional relevance to immune signaling, and absence of contradictory data. The eQTL data for CLEC1A is too distant (>3.4 Mb) to be relevant. Step 4: Integration - Strong literature precedent for RELA in immune gene regulation + functional relevance in K562 + motif evidence + regulatory relationship data supports high confidence."
chr12:12353924-12354179,HSF2,DUSP16,0.65,BORCS5|chr12:12506605-12507233:.,0,"Step 1: The provided enhancer data consistently shows moderate H3K27ac signals (average ~0.5 across samples) with some ATAC accessibility, indicating active regulatory potential in this region. Step 2: TF binding analysis - Among the identified motifs, HSF2 shows strong binding score (14.6545) and is known to regulate stress response genes. Step 3: Target gene selection - DUSP16 is the most plausible target as it's a protein-coding gene within 1Mb (located at chr12:12,353,671-12,354,299), encodes a dual-specificity phosphatase involved in MAPK signaling, and shows biological relevance for stress response regulation. Step 4: Evidence integration - The 3D chromatin data shows high interaction scores (up to 82.0) supporting chromatin looping, while the moderate H3K27ac signals suggest enhancer activity. The absence of strong eQTL/CRISPR data reduces confidence, but the spatial proximity and TF-target relationship (HSF2 known to regulate stress response pathways compatible with DUSP16 function) support this regulatory hypothesis. Step 5: Tissue context - Although tissue is unspecified, DUSP16's role in cellular stress response makes this regulation potentially significant for maintaining cellular homeostasis. Confidence is moderate (0.65) due to supportive but not conclusive evidence across data types."
chr12:12353924-12354179,EGR4,DUSP16,0.65,MANSC1|chr12:12506605-12507233:.,0,"Step 1: The region chr12:12353924-12354179 shows consistent H3K27ac signal (average ~0.5 across samples) indicating active enhancer status, though ATAC signals are variable/negative suggesting possible tissue-specific or conditional accessibility. This is the only enhancer region provided. Step 2: TF binding analysis - Among the TFs with motifs in this region, EGR4 has strong motif score (13.96) and its target genes include DUSP8, which belongs to the same dual-specificity phosphatase family as DUSP16 located nearby. Step 3: Target gene selection - DUSP16 is the most biologically relevant candidate among nearby genes as it's a protein-coding gene involved in MAP kinase signaling regulation, unlike many pseudogenes and non-coding RNAs in the list. The distance is within plausible enhancer range (~30kb). Step 4: Evidence integration - The 3D chromatin data shows high interaction scores (up to 82) supporting potential chromatin looping. While eQTL and CRISPR data are inconclusive, the combination of enhancer marks, TF motif presence, TF-target relationship (phosphatase family connection), and chromatin interaction data supports this relationship. Confidence is moderate (0.65) due to lack of tissue-specific data and incomplete functional validation."
chr12:33588079-33588420,IRF4,ALG10,0.65,SYT10|chr12:33740957-33741624:.,0,"1) TF analysis: IRF4 appears 12 times in motif data, indicating strong motif presence in enhancer. 2) Gene selection: ALG10 is protein-coding gene with functional relevance in glycosylation, unlike pseudogenes/ncRNAs. 3) TF-gene relationship: IRF4 is documented regulator of ALG10 in TF-target relationships. 4) Functional coherence: IRF4 is immune-related TF relevant in K562 leukemia cell line context. 5) Supporting evidence: 3D chromatin data shows ALG10 interaction (score: 20.0). 6) Enhancer activity: Moderate ATAC (2.47) and H3K27ac (1.94) signals support regulatory potential. 7) Integration: Strong motif evidence + direct regulatory relationship + functional gene + 3D chromatin support, but enhancer signals are moderate rather than strong, leading to moderate confidence."
chr12:71752998-71753346,PPARG,TPH2,0.65,RAB21|chr12:72146642-72147142:.,0,"Step by step analysis: 1) The enhancer region shows variable but generally low ATAC (-4.48 to -0.76) and H3K27ac (-5.27 to 1.14) signals, suggesting weak to moderate enhancer activity in this tissue context. 2) Among TFs with binding motifs, PPARG has the highest motif score (16.88), indicating strong binding potential. 3) Nearby genes include TPH2 (tryptophan hydroxylase 2), which is a critical enzyme for serotonin synthesis in the brain. 4) PPARG is known to regulate metabolic and neuronal genes, making TPH2 a biologically plausible target. 5) 3D chromatin data shows moderate interaction scores (26-136), suggesting potential physical looping to distal genes. 6) Limitations: No tissue specification reduces confidence; eQTL and CRISPR data are unavailable; H3K27ac signals are generally negative except in a few samples. 7) Alternative TFs like ZNF384 have multiple motifs but lower scores and less compelling biological connection to TPH2. PPARG→TPH2 represents the most plausible relationship given motif strength, biological relevance of serotonin synthesis regulation, and supporting chromatin architecture evidence."
chr12:124887089-124887251,IRF1,SCARB1,0.65,SCARB1|chr12:125371635-125372135:.,1,"Step 1: Enhancer selection - The region chr12:124887089-124887251 shows the strongest enhancer evidence with multiple ATAC peaks (up to 1.9231) and H3K27ac signals (up to 1.84115), indicating accessible chromatin with active enhancer marks. Step 2: TF selection - IRF1 has a strong motif score (15.5804) and is known to regulate immune and metabolic processes. STAT2 has the highest score but its targets are primarily immune-related (CCL2, IFIT3, IFNA1), while IRF1 targets include metabolic regulators. Step 3: Target gene selection - SCARB1 is the most biologically relevant nearby gene (scavenger receptor class B member 1) involved in cholesterol transport and lipid metabolism. Other genes are non-coding RNAs (MIR*, RNU*), pseudogenes (RPL22P19), or have less clear relevance to enhancer function. Step 4: Biological context - In an unspecified tissue, SCARB1's role in lipid metabolism makes it a plausible target. The IRF1-SCARB1 relationship is supported by: 1) Strong motif presence, 2) TF-target plausibility (IRF1 regulates metabolic processes), 3) Consistent enhancer activity signals. Confidence is moderate (0.65) due to: 1) Lack of tissue specificity, 2) No direct eQTL/CRISPR/3D chromatin evidence, 3) Multiple TFs with similar motif scores. If SCARB1 is downregulated, effects would likely include impaired cholesterol transport and altered lipid metabolism in the tissue context."
chr14:20820450-20820799,KLF11,RNASE1,0.65,RNASE1|chr14:21288590-21289250:.,1,"Step-by-step analysis: 1) The enhancer at chr14:20820450-20820799 shows moderate ATAC signal (average ~0.8 across measurements) indicating open chromatin, and mixed but generally positive H3K27ac signals (average ~0.2) suggesting some enhancer activity. 2) Among high-scoring TFs (scores >15), KLF11 stands out with strong motif score (16.0577) and has known regulatory roles in various tissues. 3) Nearby genes include multiple RNASE family members, with RNASE1 being the closest protein-coding gene with known biological function (ribonuclease activity, antimicrobial defense). 4) While direct TF-target relationships for KLF11→RNASE1 are not explicitly listed, KLF family members are known to regulate various secretory proteins and immune-related genes. 5) The regulatory relationship is plausible given: a) proximity of enhancer to RNASE1, b) strong KLF motif presence, c) KLF11's role in regulating secretory proteins, and d) RNASE1's function as a secreted ribonuclease. 6) Confidence is moderate (0.65) due to: supporting evidence from chromatin accessibility and motif strength, but limited by absence of direct TF-target evidence, tissue-specific data, and functional validation from eQTL/CRISPR data. 7) In None tissue context, this regulation might control RNASE1 expression for potential antimicrobial defense functions. Downregulation could impair innate immune responses if this tissue has secretory or barrier functions."
chr14:91267498-91267775,KLF4,GPR68,0.65,GPR68|chr14:91733706-91734206:.,1,"Step 1: The enhancer region shows variable but overall moderate enhancer activity with ATAC signals ranging from -0.677 to 1.037 (median ~0.3) and H3K27ac from -1.418 to 0.635 (median ~-0.15), indicating some tissue-specific regulatory potential. Step 2: Among nearby genes, GPR68 is the closest protein-coding gene (13,437 bp distance) and shows functional relevance as a G-protein coupled receptor. Step 3: Multiple KLF family TFs show strong motif scores (KLF13:16.05, KLF5:15.96, KLF4:15.48, KLF11:15.42, KLF9:13.43), with KLF4 having well-established roles in gene regulation and cellular differentiation. Step 4: KLF4 targets include genes involved in cell signaling and differentiation pathways that could align with GPR68's function. Step 5: No 3D chromatin, eQTL, or CRISPR data are available to contradict or strongly support specific relationships, so proximity and TF-gene functional compatibility become primary factors. Step 6: Confidence is moderate (0.65) due to the absence of direct functional validation data, but the combination of relative proximity, TF motif strength, and biological plausibility supports GPR68 as the most likely target."
chr14:100770682-100770898,CTCF,DLK1,0.65,DLK1|chr14:101236777-101237277:.,1,"Step 1: The region chr14:100770682-100770898 shows variable but generally positive ATAC signals (multiple values >0.3, some >0.9) indicating chromatin accessibility, and mixed H3K27ac signals (some positive values including 1.158, 1.567) suggesting potential enhancer activity in specific contexts. Step 2: TF motif analysis - CTCF shows strong motif scores (17.72 and 12.16), ranking among the top motifs. CTCF is a well-known architectural protein that organizes chromatin looping and facilitates enhancer-promoter interactions. Step 3: Target gene selection - Among nearby genes, DLK1 (Delta Like Non-Canonical Notch Ligand 1) is a protein-coding gene with known biological significance in development and imprinting regulation. Other genes are primarily non-coding RNAs (MEG3, MIR genes, SNORDs) with less established enhancer-mediated regulation. Step 4: Regulatory relationship - CTCF is known to mediate long-range chromatin interactions that could connect this enhancer region to DLK1. The genomic region chr14:100.77-100.78 Mb falls within the well-characterized DLK1-DIO3 imprinted region, where CTCF binding sites are crucial for maintaining proper imprinting and regulatory boundaries. Step 5: Integration - Strong motif evidence and known regulatory relationship support moderate confidence, though enhancer signals are not exceptionally strong."
chr14:100770682-100770898,HSF2,MEG3,0.75,MEG3|chr14:101236777-101237277:.,1,"The enhancer shows moderate ATAC/H3K27ac signals with some positive values indicating potential activity. HSF2 has the highest motif score (20.29) among all TFs. MEG3 is the closest gene (8,470 bp) and is a known imprinted gene in this chromosomal region. While 3D chromatin, eQTL, and CRISPR data are unavailable, the proximity to MEG3 combined with HSF2's strong motif presence and the enhancer's activity signals suggests a plausible regulatory relationship. Other nearby genes are either non-coding RNAs or located much farther away (>43k bp), making MEG3 the most biologically relevant target based on available evidence."
chr15:51652227-51652577,STAT1,BCL2L10,0.65,SCG3|chr15:51944318-51944818:.,0,"Step by step analysis: 1) The enhancer at chr15:51652227-51652577 shows variable but generally low ATAC and H3K27ac signals, suggesting it may be a weak or context-specific regulatory element. 2) Among the TF motifs identified, STAT1 has the highest motif score (15.6182), indicating strong binding potential. 3) From the TF-target relationships, STAT1 regulates BCL2L1, which is functionally related to BCL2L10 (both are BCL-2 family apoptosis regulators). 4) BCL2L10 is among the nearby genes and encodes an anti-apoptotic protein that regulates programmed cell death. 5) The 3D chromatin data shows moderate interaction scores (122.0 and 27.0), supporting potential long-range regulatory interactions. 6) While the enhancer activity signals are weak overall, the strong STAT1 motif presence and functional relevance of BCL2L10 in cell survival pathways make this the most plausible regulatory relationship. The confidence is moderate (0.65) due to the weak enhancer signals and lack of tissue-specific context information."
chr15:72237422-72237768,NFE2L2,PKM,0.65,PKM|chr15:72529707-72530207:.,1,"Step 1: The region chr15:72237422-72237768 shows consistent ATAC (average ~2.5) and H3K27ac (average ~2.0) signals across multiple samples, indicating an active enhancer. Step 2: TF motif analysis - NFE2L2 has a strong motif score (19.5455), ranking third among all TFs, and is part of the top-scoring MAFG::NFE2L1 and MAF::NFE2 complexes. Step 3: Target gene selection - PKM is the closest protein-coding gene with known metabolic functions. While distance data is N/A, PKM's role in glycolysis makes it biologically plausible for regulation by antioxidant/redox-sensitive NFE2L2. Step 4: TF-target relationship - NFE2L2 is known to regulate metabolic genes including those in glycolysis pathways. Step 5: Supporting evidence - The 3D chromatin data shows moderate interaction scores (17-43), suggesting possible looping. However, eQTL and CRISPR data are inconclusive. Step 6: Confidence assessment - Moderate confidence (0.65) due to strong motif and enhancer evidence but limited direct functional validation. The 'None' tissue context prevents tissue-specific interpretation, but NFE2L2-PKM regulation would typically affect glycolytic metabolism and cellular energy production. Downregulation of PKM would likely impair glycolysis and reduce pyruvate production, potentially affecting energy metabolism in the tissue."
chr16:143036-143382,CTCF,NPRL3,0.75,HBZ|chr16:192951-193451:.,0,"Step by step analysis: 1) The enhancer at chr16:143036-143382 shows variable but generally low ATAC and H3K27ac signals across multiple measurements, suggesting it may be a context-dependent or weakly active regulatory element. 2) Among the TF motifs identified, CTCF has the strongest binding evidence with two high-score motifs (17.24 and 16.03), indicating robust binding potential. 3) NPRL3 emerges as the most plausible target gene based on multiple lines of evidence: a) It is located within close proximity to the enhancer region, b) Strong eQTL data shows consistent negative slope values (-0.19 to -0.33) for SNP at position 143587, indicating this genomic variation significantly affects NPRL3 expression, c) While tissue context is unspecified ('None'), NPRL3 is known to function as a tumor suppressor gene involved in mTOR signaling pathway regulation and amino acid sensing. 4) CTCF is a well-established architectural protein that can facilitate enhancer-promoter interactions over long distances, making it plausible for regulating NPRL3 despite the distance. 5) The confidence score of 0.75 reflects strong motif and eQTL evidence, though limited by the absence of tissue-specific context, variable enhancer activity signals, and lack of 3D chromatin or CRISPR validation data."
chr16:144877-145203,GATA1,HBA1,0.75,HBZ|chr16:194735-195235:.,0,"Step 1: The enhancer at chr16:144877-145203 shows variable but generally low ATAC and H3K27ac signals, suggesting it may be a context-specific or weakly active regulatory element. Step 2: Among the TF motifs, GATA1::TAL1 has a high score (14.7273) and is particularly significant as this complex is a master regulator of erythroid gene expression. Step 3: Nearby genes include multiple hemoglobin genes (HBA1, HBA2, HBM, HBZ, HBQ1) which are erythroid-specific. HBA1 encodes alpha-globin, a critical component of hemoglobin. Step 4: The GATA1::TAL1 complex is well-established to regulate globin genes in erythroid tissues, making this the most biologically plausible relationship despite the lack of tissue specification. Step 5: The confidence is moderate (0.75) due to strong biological plausibility of GATA1::TAL1 regulating hemoglobin genes, but limited by the absence of tissue context, variable enhancer signals, and lack of direct functional validation from eQTL/CRISPR/3D data."
chr16:11231408-11231645,STAT3,SOCS1,0.78,SOCS1|chr16:11324968-11325468:.,1,"1) TF-gene analysis: STAT3 is a well-established regulator of SOCS1 with strong literature precedent (SOCS1 is a key negative feedback regulator of STAT3 signaling pathway). 2) Motif evidence: STAT3 motifs are present in the enhancer region. 3) Functional relevance: SOCS1 is functionally relevant in K562 (erythroleukemia) cells for cytokine signaling regulation, unlike the protamine genes (PRM1/2/3) which are testis-specific and irrelevant in K562. 4) Distance: SOCS1 is within reasonable distance (24.6 kb) for enhancer regulation. 5) Supporting evidence: Enhancer shows moderate ATAC signal (0.52) and H3K27ac marks, indicating active regulatory potential. 6) Pathway coherence: STAT3-SOCS1 forms a coherent regulatory feedback loop relevant to cancer cell signaling."
chr16:11233138-11233487,USF1,RMI2,0.65,SOCS1|chr16:11326895-11327395:.,0,"1. TF motif analysis: SP1 motifs are abundant in the enhancer region, suggesting strong binding potential. 2. Gene selection: RMI2 is functionally relevant in K562 (erythroleukemia) as it's involved in DNA repair and genomic stability, critical in cancer cells. 3. TF-gene relationship: SP1 is a known regulator of RMI2 based on TF-target relationships. 4. Functional coherence: SP1 regulates DNA repair genes and RMI2 functions in the BTRR complex for DNA damage response. 5. Supporting evidence: Multiple eQTLs in the enhancer region affect RMI2 expression with consistent negative slopes, indicating regulatory impact. 6. Epigenetic support: The region shows moderate ATAC (1.3-2.6) and H3K27ac (0.8-2.1) signals in some segments, suggesting active enhancer potential. 7. Distance consideration: RMI2 is the closest functionally relevant gene (16kb) within the same TAD."
chr16:29654955-29655198,SPI1,SPN,0.78,SPN|chr16:29666145-29666645:.,1,"1) TF-gene relationship: SPI1 is a well-established regulator of SPN (sialophorin/CD43) with strong literature support in hematopoietic cells. SPN is a key leukocyte surface glycoprotein highly relevant to K562 erythroleukemia lineage. 2) Motif evidence: SPI1 appears multiple times in the TF motif data. 3) Functional coherence: SPN functions in immune cell adhesion and signaling, consistent with K562 hematopoietic lineage. 4) Distance: SPN is the closest gene (7,655 bp) with clear functional relevance. 5) Enhancer activity: Moderate ATAC signal (0.76) indicates accessible chromatin. 6) Pathway alignment: SPI1 is a master regulator of hematopoietic genes and SPN is a known target in leukocytes. The combination of strong TF-gene precedent, functional relevance to cell lineage, and proximity supports this regulatory hypothesis."
chr17:40816591-40816873,ZNF384,KRT10,0.65,KRT10|chr17:38972703-38973393:.,1,"Step 1: The region chr17:40816591-40816873 shows mixed but overall modest enhancer activity with variable ATAC (range: -1.22 to 0.49) and H3K27ac (range: -2.98 to 1.12) signals across samples, suggesting context-dependent regulatory potential. Step 2: TF motif analysis - ZNF384 shows the strongest and most consistent motif presence with 11 instances (score: 13.57), indicating high binding probability. Other TFs like ZNF675 (score: 19.13) and GATA1::TAL1 (score: 16.31) also show strong motifs but with fewer instances. Step 3: Target gene selection - Among nearby genes, KRT10 (keratin 10) is the most biologically relevant as it encodes a structural keratin protein expressed in epithelial tissues. While tissue context is unspecified ('None'), keratin genes are fundamental epithelial markers. ZNF384 targets include genes involved in cellular structure and metabolism. Step 4: Evidence integration - The 3D chromatin data shows moderate interaction scores (8-49), supporting potential enhancer-promoter looping. However, eQTL and CRISPR data are inconclusive (all 'None'), reducing confidence. The mixed epigenetic signals suggest the enhancer may be active only in specific contexts. Step 5: Biological significance - ZNF384 regulation of KRT10 would control keratinocyte differentiation and epidermal barrier formation through structural protein expression. Step 6: Downregulation effects - Reduced KRT10 would impair skin integrity, potentially leading to epithelial fragility or disorders like epidermolytic hyperkeratosis. Confidence is moderate (0.65) due to strong TF motif evidence but limited functional validation data."
chr17:42624149-42624498,NFE2,GCLC,0.65,TUBG1|chr17:40776134-40776634:.,0,"Step 1: The region chr17:42624149-42624498 shows consistent ATAC signal (multiple values >2.0, max 3.8614) and variable but sometimes strong H3K27ac signal (multiple values >1.0, max 2.50445), indicating an active enhancer. Step 2: TF binding analysis - NFE2 has the highest motif score (17.1837) among all TFs, suggesting strong binding affinity. Step 3: Target gene selection - Among nearby genes, GCLC is a known direct target of NFE2 based on TF-target relationship data. Step 4: Evidence integration - The enhancer shows chromatin accessibility (ATAC) and activity (H3K27ac), NFE2 has strong motif presence, and GCLC is a validated target. However, limitations include: no tissue-specific context ('None tissue'), no direct 3D chromatin looping data to GCLC, no eQTL or CRISPR validation, and variable H3K27ac signals. The confidence of 0.65 reflects strong motif and TF-target evidence but missing functional validation in a specific tissue context."
chr17:44288426-44288775,Stat5a,SLC25A39,0.75,SLC25A39|chr17:42365693-42366193:.,1,"The 3D chromatin interaction data provides the strongest direct evidence with a high score (15.0) linking this enhancer to SLC25A39. While multiple TFs show strong motif scores (Stat5a: 15.9083, Stat5a::Stat5b: 15.0408, ZKSCAN5: 14.2844), Stat5a has the highest individual score. The enhancer shows variable but generally positive ATAC signals (multiple values >1.0, peak of 2.6165) indicating chromatin accessibility, though H3K27ac signals are mixed with both positive and negative values. SLC25A39 is relatively proximal (36,045 bp) compared to other genes, and while no functional validation data (eQTL/CRISPR) is available, the 3D interaction evidence outweighs proximity considerations. The combined evidence from 3D chromatin, TF motifs, and enhancer accessibility supports SLC25A39 as the most plausible target."
chr17:44326798-44327135,SP1,SLC25A39,0.78,SLC25A39|chr17:42404106-42404606:.,1,"1. TF-gene analysis: SP1 appears 287 times in TF motif data, indicating strong motif presence in enhancer. SP1 is a known regulator of SLC25A39 based on TF-target relationships. 2. Gene selection: SLC25A39 is the closest gene (1,868 bp) and functionally relevant as a mitochondrial solute carrier. K562 is an erythroleukemia cell line where mitochondrial function is critical. 3. Supporting evidence: Enhancer shows strong ATAC (avg ~2.6) and H3K27ac (avg ~2.2) signals indicating active enhancer. 3D chromatin data shows interactions with nearby genes. 4.  Integration: Strong SP1 motif enrichment + known regulatory relationship + proximal positioning + functional relevance in K562 metabolism supports high-confidence regulatory hypothesis."
chr17:48522225-48522559,RARA/RXRA,HOXB2,0.75,ATP5G1|chr17:46599061-46599913:.,0,"Step 1: The genomic region chr17:48522225-48522559 shows consistent ATAC signal (multiple values >1.0, peak 3.24855) indicating open chromatin, and variable but sometimes elevated H3K27ac (peak 2.4789) suggesting enhancer activity. This region overlaps the query coordinates chr17:48521699-48522551.Step 2: TF motif analysis - RARA::RXRA heterodimer shows the highest motif score (20.4184) among all TFs, indicating strong binding potential. Multiple retinoic acid receptor motifs (RXRG, RARG, RARB) also score highly, suggesting this enhancer is particularly responsive to retinoic acid signaling.Step 3: Target gene selection - HOXB2 emerges as the strongest candidate based on: 1) Physical proximity within the HOXB cluster, 2) Multiple eQTL hits showing significant positive slopes (0.149-0.443) for the same position (48521673) within this region, indicating genotype-dependent expression changes, 3) HOX genes are well-established targets of retinoic acid signaling through RAR/RXR complexes.Step 4: Biological context - In the HOXB cluster, HOXB2 plays crucial roles in anterior-posterior patterning and developmental regulation. While tissue context is unspecified, retinoic acid signaling is particularly important in developmental processes and cellular differentiation across multiple tissues.Step 5: Evidence evaluation - Strong support from: motif data (high score), eQTL (multiple significant associations), and chromatin accessibility (consistent ATAC signal). Moderate support from H3K27ac (variable signal). No direct support from CRISPR or 3D chromatin data. The RARA::RXRA→HOXB2 relationship is biologically plausible given known retinoic acid regulation of HOX genes.Step 6: Confidence assessment - 0.75 based on strong motif and eQTL evidence, biological plausibility, but limited by tissue context uncertainty and absence of functional validation data."
chr17:64023910-64024664,TCF12,ICAM2,0.75,ICAM2|chr17:62101270-62102024:.,1,"1) TCF12 appears in TF motif data and is a known regulator of ICAM2 from TF-target relationships. 2) ICAM2 is the closest gene (3.3kb) and functionally relevant for K562 (erythroleukemia cell adhesion). 3) Enhancer shows moderate-high H3K27ac signal (0.60-1.59) indicating active enhancer. 4) TCF12 is a TCF/LEF family TF involved in hematopoietic regulation. 5) Pathway coherence: ICAM2 functions in immune cell adhesion, relevant for K562 biology. 6) 3D chromatin data shows strong looping to nearby genes but not ICAM2 specifically, though proximity suggests potential interaction. 7) TCF12-ICAM2 relationship has moderate confidence due to motif presence, known regulatory relationship, functional relevance to K562 lineage, and supporting chromatin accessibility evidence, though enhancer activity signals are not exceptionally strong."
chr17:80254758-80255107,NFE2L2,RNF213,0.75,RNF213|chr17:78228495-78229115:.,1,"Step 1: The region chr17:80254758-80255107 shows consistent ATAC (mean ~2.2) and H3K27ac (mean ~2.3) signals across multiple measurements, confirming an active enhancer. Step 2: TF binding analysis - NFE2L2 has a strong motif score (18.5758) and is known to regulate antioxidant/cytoprotective genes. Step 3: Target gene selection - RNF213 is the closest protein-coding gene with known vascular functions; though distance is N/A, its size (large gene) and the 3D chromatin data (scores 20-60) suggest potential looping. NFE2L2 targets genes involved in cellular stress response, aligning with RNF213's role in vascular integrity. Step 4: Evidence evaluation - Strong: consistent enhancer marks; Moderate: TF motif and target compatibility; Weak: lack of tissue-specific data, eQTL/CRISPR support, and precise distance metrics. Integration shows strong biological plausibility with NFE2L2 regulating RNF213 via this enhancer in K562 cells, though limited cell-type-specific validation available."
chr18:9877184-9877529,PRDM4,ANKRD12,0.65,RAB31|chr18:9876825-9877735:.,0,"Step 1: The region chr18:9877184-9877529 shows consistent ATAC (mean ~2.5) and H3K27ac (mean ~2.0) signals across multiple measurements, indicating an active enhancer. This falls within the queried coordinates chr18:9876828-9877738. Step 2: TF motif analysis - Among the TFs with binding motifs, PRDM4 has a strong motif score (15.2477) and its known targets include ANKRD12, which is one of the nearby genes. Step 3: Target gene selection - ANKRD12 is the most plausible target because: (a) It is within 1Mb of the enhancer; (b) PRDM4 is experimentally validated to target ANKRD12; (c) Other TFs either lack ANKRD12 targeting (e.g., ZNF530, MAFF, MAFB) or have lower motif scores. Step 4: Evidence evaluation - Supporting: Strong motif and direct TF-target evidence. Limitations: No tissue-specific data ('None tissue'), no eQTL/CRISPR support, and incomplete chromatin looping data. Step 5: Confidence assessment - Moderate confidence (0.65) due to direct TF-target evidence but lack of tissue context and functional validation."
chr18:74480074-74480415,HNF4A,CNDP2,0.7,FAM69C|chr18:72147149-72148052:.,0,"1) HNF4A motif is present in the TF motif data and HNF4A regulates CNDP2 based on TF-target relationships. 2) CNDP2 is the closest gene (14,999 bp) to the enhancer region. 3) Both CNDP2 and HNF4A are functionally relevant in metabolic processes - CNDP2 encodes carnosine dipeptidase involved in histidine metabolism, and HNF4A is a key hepatic nuclear factor regulating metabolic genes. 4) Strong eQTL evidence supports regulatory relationship with multiple SNPs in the enhancer region affecting CNDP2 expression (slopes: 0.21-0.48). 5) 3D chromatin data shows interaction between this region and CNDP2 (score: 18.0). 6) Enhancer shows moderate ATAC signal (0.55) and H3K27ac (0.32) indicating active regulatory potential in K562 cells. 7) Confidence moderated by lack of direct HNF4A-CNDP2 literature evidence, but supported by motif presence, proximity, and functional coherence."
chr19:2059744-2060094,EBF1,MKNK2,0.75,DAZAP1|chr19:2059458-2060333:.,0,"Step 1: The region chr19:2059744-2060094 shows consistent H3K27ac enrichment (average ~3.4 across samples) and ATAC accessibility (average ~1.8 where available), confirming active enhancer status. Step 2: TF binding analysis - Among high-scoring motifs, EBF1 (score: 13.8227) stands out as it has known target relationships with genes in this region. Step 3: Target gene selection - MKNK2 shows the strongest direct evidence via eQTL data (position 2059864 within enhancer, slope: -0.155076), indicating genetic variants in this enhancer affect MKNK2 expression. IZUMO4 also shows eQTL evidence but MKNK2 has better-established functional relevance. Step 4: Regulatory relationship - EBF1 binds to the enhancer (motif evidence) and regulates MKNK2 (supported by eQTL), forming a plausible enhancer→EBF1→MKNK2 axis. Step 5: Confidence assessment - Strong support from epigenetic data (H3K27ac/ATAC), good motif score, direct eQTL evidence, and biological relevance of MKNK2 in signal transduction. Limitations include lack of tissue-specific context and incomplete CRISPR/3D chromatin data. Step 6: Biological significance - MKNK2 encodes MAP kinase-interacting serine/threonine kinase 2 involved in MNK/eIF4E signaling pathway, crucial for mRNA translation regulation and cellular stress responses. Step 7: Downregulation effects - Reduced MKNK2 would impair MAPK signaling integration, potentially affecting protein synthesis regulation, stress response pathways, and cellular proliferation control. Step 8: Evidence evaluation - Epigenetic data: strong (consistent enhancer marks); Motif data: moderate (good scores but multiple TFs); eQTL: strong (direct functional evidence); CRISPR: weak (no data); 3D chromatin: moderate (scores suggest interactions but no specific targets)."
chr19:2059744-2060094,SP1,MKNK2,0.72,MBD3|chr19:2059458-2060333:.,0,"1. TF-gene relationship: SP1 is a known regulator of MKNK2 based on TF-target database evidence. 2. Motif evidence: SP1 motifs are present in the enhancer region based on TF motif data. 3. Gene selection: MKNK2 is the closest gene (8.2 kb) and functionally relevant for K562 (erythroleukemia) cell line as a MAPK pathway kinase involved in cell proliferation. 4. Functional coherence: SP1 is a ubiquitous transcription factor active in hematopoietic cells. 5. Supporting evidence: The enhancer shows strong H3K27ac signals (2.69-4.71) indicating active enhancer status in K562. 3D chromatin data shows MKNK2 interactions with scores up to 45. eQTL data at position 2059864 shows significant regulatory effect on MKNK2 expression. 6) Strong functional precedent in cancer context, direct regulatory evidence, and multiple supporting datasets provide moderate confidence."
chr19:3133439-3133789,HSF1,GNA15,0.75,TIMM13|chr19:3133300-3133800:.,0,"Step 1: The region chr19:3133439-3133789 shows consistent ATAC (open chromatin, avg ~1.4) and H3K27ac (enhancer activity, avg ~1.6) signals across multiple measurements, confirming it as an active enhancer. Step 2: TF binding analysis - HSF1 has the highest motif score (19.2131) in this region, indicating strong binding potential. Other high-scoring TFs include HSF2 (19.1091) and HSF4 (17.4512), but HSF1 has the top score. Step 3: Target gene selection - GNA15 is the closest protein-coding gene to the enhancer region (within 553 bp based on eQTL position 3133855). The eQTL data shows a significant regulatory effect (Slope: -0.0695088) for this specific genomic region on GNA15 expression. Step 4: TF-target relationship - HSF1 is known to regulate various genes including stress response genes, and while GNA15 is not explicitly listed in the provided targets, the proximity and eQTL evidence strongly support regulation. Step 5: Confidence assessment - Strong motif score (0.4), good enhancer activity (0.2), direct eQTL evidence (0.3), and proximity (0.1) contribute to 0.75 confidence. The lack of explicit HSF1→GNA15 in target list and unspecified tissue context reduce perfect confidence. Step 6: Biological context - In an unspecified tissue, GNA15 (G-protein subunit) would likely be involved in signal transduction. Downregulation could impair cellular response to external stimuli, potentially affecting processes like inflammation or metabolism depending on the specific tissue type."
chr19:6674878-6675228,MAFG,KHSRP,0.65,NRTN|chr19:6674804-6675304:.,0,"Step 1: The region shows consistent ATAC signal (average ~1.8-2.0 across measurements) indicating open chromatin, and variable but generally positive H3K27ac signals (multiple measurements >0.7) suggesting enhancer activity. Step 2: TF motif analysis - Multiple MAF family motifs present with high scores (MAFG::NFE2L1: 17.52, MAFg: 15.56, MAFG targets include antioxidant response genes). Step 3: Target gene selection - KHSRP is the most plausible target because: (1) PRDM9 (which targets KHSRP) has a strong motif (score: 14.79), (2) KHSRP is within the nearby gene list, (3) MAF family TFs often co-regulate with other factors, (4) 3D chromatin data shows moderate interaction scores (73.0, 44.0) supporting potential looping. Step 4: Confidence assessment - Moderate confidence (0.65) due to: strong motif evidence and chromatin accessibility, but limited by absence of tissue-specific data ('None tissue'), no eQTL/CRISPR validation, and distance uncertainties. The regulatory relationship suggests MAFG (often involved in oxidative stress response) may regulate KHSRP (an RNA-binding protein involved in mRNA stability and processing) in this genomic context, potentially influencing post-transcriptional regulation pathways."
chr19:8033393-8033742,SP1,ELAVL1,0.78,ELAVL1|chr19:8098038-8098807:.,1,"1) TF-gene analysis: SP1 is a known regulator of ELAVL1 based on TF-target relationships and is present in the motif data. ELAVL1 is highly relevant in K562 (erythroleukemia) cells as an RNA-binding protein critical for cell survival and post-transcriptional regulation. 2) CRISPR data specifically identifies this enhancer region as driving ELAVL1 expression through SP1 binding. 3) Functional relevance: ELAVL1's role in mRNA stability and translation aligns with K562 cell biology. 4) Distance: ELAVL1 TSS is 27.5kb away, within plausible enhancer range. 5) Supporting evidence: Enhancer shows moderate H3K27ac signals in some segments, and SP1 is a ubiquitous TF consistent with constitutive ELAVL1 expression."
chr19:8033393-8033742,RREB1,CCL25,0.75,HNRNPM|chr19:8098038-8098807:.,0,"Step-by-step analysis: 1) The enhancer at chr19:8033393-8033742 shows variable but occasionally positive H3K27ac signals (up to +2.16), suggesting potential activity in some contexts despite many negative values. 2) Among TF motifs, RREB1 has the highest score (17.844) and appears multiple times, indicating strong binding potential. 3) eQTL data shows the strongest association for CCL25 with significant negative slopes (-0.502665 and -0.548169), meaning variants at this locus reduce CCL25 expression. 4) RREB1 is known to target various genes including those involved in immune regulation. 5) CCL25 is a chemokine involved in immune cell trafficking, particularly T-cell recruitment. 6) In 'None' tissue (likely indicating general/unspecified context), this could represent a baseline regulatory mechanism for immune surveillance. 7) Supporting evidence: TF motif data provides strong support (0.8), eQTL provides good support (0.7) specifically for CCL25, while enhancer data is mixed (0.5) and CRISPR/3D data are absent (0.0). 8) If CCL25 is downregulated, it would impair T-cell recruitment and immune responses in the tissue. The confidence of 0.75 reflects strong motif and eQTL evidence despite incomplete enhancer activity data."
chr19:10299551-10299771,KLF4,ICAM1,0.65,ICAM3|chr19:10410086-10410946:.,0,"Step 1: The region chr19:10299551-10299771 shows consistent ATAC signal (average ~1.2 across measurements) indicating open chromatin, and variable but sometimes elevated H3K27ac (peaks at 3.06, 0.89, 0.80) suggesting enhancer activity. This is the only enhancer region provided. Step 2: TF motif analysis - Multiple KLF family motifs present with high scores (KLF4: 15.48, KLF5: 16.29/14.78, KLF15: 16.27). KLF4 is selected due to its well-established role in immune regulation and epithelial biology, consistent with ICAM1's function. Step 3: Target gene selection - ICAM1 is chosen because: (1) It's located within the 1Mb radius and is a well-characterized immune adhesion molecule; (2) KLF4 is known to regulate immune and inflammatory genes; (3) Among nearby genes, ICAM1 has the most biologically plausible connection to KLF factors in regulatory contexts. Step 4: Evidence integration - Motif and TF-gene relationship support is strong; epigenetic data shows enhancer potential but with some variability; 3D chromatin data (scores 8, 22) suggests possible looping interactions; eQTL and CRISPR data are uninformative. The relationship is plausible but not definitively proven. Step 5: Biological significance - In immune contexts (likely given ICAM1's role), KLF4 regulation of ICAM1 would control leukocyte adhesion and transmigration. Step 6: Downregulation effects - Reduced ICAM1 would impair immune cell recruitment and inflammatory responses. Confidence is moderate (0.65) due to strong motif support but limited direct functional validation from eQTL/CRISPR."
chr19:13839621-13839971,SP1,CACNA1A,0.75,DDX39A|chr19:13950297-13950797:.,0,"Step 1: The region chr19:13839621-13839971 shows consistent H3K27ac enrichment (average ~3.5) and ATAC accessibility (average ~1.5), confirming active enhancer status. Step 2: TF motif analysis - SP1 has the strongest motif evidence among high-scoring TFs (score 17.80), with additional support from SP2/SP4 (same family). KLF family TFs also show strong motifs but have less direct target gene connections. Step 3: Target gene selection - CACNA1A is the most plausible target because: (1) It encodes a voltage-gated calcium channel subunit critical for neuronal function, (2) TFAP2E (which shares binding motifs with SP factors) explicitly targets CACNA1A in the provided TF-target data, (3) Among nearby genes, it has the clearest functional relevance to neural tissues despite the 'None' tissue specification. Step 4: Evidence integration - Strong motif support (0.8), good enhancer activity (0.7), and plausible biological connection (0.7) support this relationship. The confidence is reduced to 0.75 due to lack of tissue-specific data and absence of direct experimental validation from eQTL/CRISPR data. Step 5: Biological significance - This regulatory relationship likely controls neuronal excitability and calcium signaling through CACNA1A expression. Step 6: Downregulation effects - Reduced CACNA1A would impair calcium channel function, potentially affecting synaptic transmission and neuronal excitability."
chr19:17399124-17399474,ZNF213,MAP1S,0.65,BST2|chr19:17509642-17510431:.,0,"Step 1: The region chr19:17399124-17399474 shows mixed but overall weak enhancer activity based on ATAC and H3K27ac signals. Some samples show positive H3K27ac values (up to 1.48) indicating potential enhancer function in specific contexts, though many samples show negative values suggesting tissue-specific or conditional activity. Step 2: TF motif analysis - ZNF213 has a strong motif score (18.03) and is among the top TFs predicted to bind this region. Step 3: Target gene selection - MAP1S is both nearby (within 1Mb) and is a known direct target of ZNF213 based on the provided TF-target relationships. The 3D chromatin data shows moderate interaction scores (41-65) suggesting physical proximity potential, though the exact targets are unspecified. Step 4: Confidence assessment - Moderate confidence (0.65) due to: strong TF motif match, direct TF-target relationship evidence, and physical proximity potential from 3D data. Limitations include: weak and inconsistent enhancer marks, no tissue specification, no functional validation from eQTL/CRISPR, and many nearby genes without clear prioritization. The selection of MAP1S over other candidates is based on the direct ZNF213 targeting evidence combined with proximity."
chr19:50728402-50728752,SP1,CLEC11A,0.78,CLEC11A|chr19:51231557-51232057:.,1,"1) SP1 motifs are abundant in the enhancer region based on TF motif data. 2) CLEC11A is the closest gene (4.9kb) and functionally relevant for K562 (erythroleukemia cell line) as a stem cell growth factor involved in hematopoiesis. 3) CLEC11A is regulated by SP family TFs according to TF-target relationships. 4) Enhancer shows moderate ATAC signal (0.38) indicating accessibility. 5) Pathway coherence: SP1 regulates hematopoietic genes and CLEC11A functions in myeloid cell regulation. 6) Distance priority: CLEC11A is significantly closer than other genes. 7) Strong motif evidence + known regulatory relationship + functional relevance in K562 lineage supports moderate-high confidence, tempered by modest enhancer activity signals."
chr19:57098852-57099093,ZNF460,ZNF264,0.7,ZNF550|chr19:57610306-57610806:.,0,"Step 1: The region chr19:57098852-57099093 shows mixed but occasionally positive ATAC signals (e.g., 0.9343, 1.0869) and H3K27ac signals (e.g., 1.27705, 0.84939), indicating potential enhancer activity in some cellular contexts despite variability. Step 2: TF motif analysis - ZNF460 has the strongest motif score (28.4831) in this region, with an additional hit (15.382), suggesting high binding affinity. Step 3: Target gene selection - Among nearby genes, ZNF264 is both proximal and a known target of ZNF460 per the TF-target relationships data. ZNF264 is a zinc finger protein, likely involved in transcriptional regulation, making it a plausible target for enhancer-mediated control. Step 4: Evidence integration - The motif strength and direct TF-target relationship are strongly supportive; however, the enhancer activity data is inconsistent (some negative values), and other evidence sources (eQTL, CRISPR, 3D-chromatin) are uninformative (N/A or None values). The tissue is unspecified ('None'), limiting context, but the molecular evidence points to ZNF460 binding and regulating ZNF264. Confidence is moderated to 0.7 due to enhancer signal variability and lack of functional validation."
chr2:10283223-10283573,KLF10,HPCAL1,0.75,PDIA6|chr2:10423324-10423824:.,0,"Step 1: The region chr2:10283223-10283573 shows consistent ATAC (open chromatin, mean ~1.1) and H3K27ac (enhancer activity, mean ~1.0) signals across multiple measurements, confirming it as an active enhancer. Step 2: TF motif analysis - Among the top motifs, KLF10 appears twice with high scores (17.8764 and 15.2022), and KLF family TFs (KLF12, KLF10, KLF14) dominate the top motifs. KLF10 is particularly relevant as it shows strong binding affinity. Step 3: Target gene selection - HPCAL1 is the most plausible target because: (a) It is the nearest protein-coding gene to the enhancer coordinates; (b) eQTL data directly links this genomic position (10283545) to HPCAL1 expression with significant slopes (-0.275717 and 0.220145), indicating genetic variants here affect HPCAL1 expression; (c) Among nearby genes, HPCAL1 (Hippocalcin-like 1) is a functional calcium-binding protein involved in neuronal signaling, making it biologically relevant. Step 4: TF-gene relationship - KLF10 is known to target genes involved in cell growth and differentiation (e.g., CDKN1A, EGFR), and while HPCAL1 is not explicitly listed in the provided targets, KLF family TFs often regulate genes in calcium signaling pathways. The combination of strong KLF motif presence, enhancer activity, and direct eQTL evidence supports KLF10→HPCAL1. Step 5: Confidence assessment - Confidence is high (0.75) due to: strong motif scores for KLF10, direct eQTL evidence linking the enhancer to HPCAL1, consistent enhancer signals, and biological plausibility. Limitations include lack of explicit KLF10-HPCAL1 in the target list and unspecified tissue context ('None'), but the integrated data strongly supports this relationship. Step 6: Biological significance - In neural tissues (inferred from HPCAL1's role in calcium signaling), this regulation may fine-tune calcium-dependent processes like synaptic plasticity. Downregulation of HPCAL1 could disrupt calcium homeostasis, potentially impairing neuronal signaling or survival. Supporting evidence strength: enhancer data (high, consistent signals), eQTL (high, direct link), motifs (high, KLF10 strong), TF-targets (moderate, indirect support), 3D-chromatin (low, no specific targets), CRISPR (low, no data)."
chr2:38613835-38614181,ZNF148,ATL2,0.65,SRSF7|chr2:38840207-38841390:.,0,"Step 1: The region chr2:38613835-38614181 shows consistent ATAC (open chromatin) and H3K27ac (enhancer activity) signals across multiple measurements, confirming it as a functional enhancer. Step 2: TF motif analysis - Among the identified motifs (ZNF148, GATA1::TAL1, Wt1, ZNF282), ZNF148 has the highest motif score (16.0816), suggesting strongest binding affinity. Step 3: Target gene selection - ATL2 is the most plausible target because: (1) It's the only gene with direct eQTL evidence (position 38613662, very close to the enhancer) showing a significant regulatory effect (slope: 0.221356); (2) Among ZNF148's known targets (ADORA2A, CDKN2A, etc.), ATL2 is nearby and functionally relevant; (3) Other nearby genes either lack evidence (many 'None' entries) or are non-coding/less likely targets. Step 4: Supporting evidence - The 3D chromatin data (scores up to 73.0) suggests chromatin looping potential, though tissue specificity is limited by 'None' tissue context. The confidence is moderate (0.65) due to strong motif and eQTL evidence but limited tissue-specific functional data and absence of CRISPR validation."
chr2:39150249-39150596,ELF1,SOS1,0.65,SRSF7|chr2:39377204-39378314:.,0,"Step 1: The region chr2:39150249-39150596 shows mixed but overall positive ATAC (mean ~0.1) and H3K27ac (mean ~-0.2) signals across multiple measurements, suggesting moderate chromatin accessibility and some enhancer activity. Step 2: TF motif analysis - ELF1 has a strong motif score (16.5772) and is among the top TFs predicted to bind this region. Step 3: Target gene selection - Among nearby genes, SOS1 (Son of Sevenless 1) is the most biologically relevant protein-coding gene involved in Ras signaling pathways. Other genes are mostly pseudogenes, non-coding RNAs, or less characterized. Step 4: Regulatory relationship - ELF1 is known to target growth factor and signaling genes (including ERBB2 in provided data), making SOS1 a plausible target. The eQTL data for MORN2 shows some regulatory effect at a nearby position (39151179), but SOS1 is more functionally significant. Step 5: Confidence assessment - Moderate confidence (0.65) due to: 1) Support from TF motif and known biological relevance of ELF1-SOS1 relationship, 2) Some chromatin accessibility evidence, 3) Lack of strong tissue-specific data ('None tissue' limits specificity), 4) No direct CRISPR or 3D chromatin evidence for this specific interaction. In 'None tissue' context, this regulation likely maintains basal signaling homeostasis. SOS1 downregulation would disrupt Ras/MAPK signaling pathways, potentially affecting cell growth and differentiation responses."
chr2:175036569-175036870,CTCF,CHN1,0.7,ATP5G3|chr2:175901258-175901758:.,0,"1. TF motif analysis: CTCF appears 28 times in enhancer motif data, indicating strong binding potential. 2. TF-gene relationships: CHN1 is directly regulated by CTCF based on provided regulatory data. 3. Gene selection: CHN1 is a protein-coding gene with neuronal development function relevant to K562 lineage, unlike pseudogenes RPL21P31/RNU6-1290P/RNU6-763P. CHRNA1 is too distant (248kb). 4. Supporting evidence: Multiple CHN1 eQTLs in enhancer region with significant slopes (0.12-0.41), moderate H3K27ac signals (peak 0.49), and ATAC accessibility (peak 2.53). 5. Integration - Strong motif evidence, direct TF-target relationship, functional relevance to cell lineage, and supporting eQTL data provide moderate-high confidence for CTCF-mediated regulation of CHN1."
chr2:219662044-219662381,ZNF24,SLC4A3,0.71,CHPF|chr2:220525895-220527247:.,0,"1) TF MOTIF ANALYSIS: ZNF24 has the highest motif frequency (35 occurrences) in the enhancer region, indicating strong binding potential. 2) GENE SELECTION: SLC4A3 is functionally relevant for K562 (erythroleukemia) as it encodes anion exchanger 3 critical for pH regulation and chloride/bicarbonate transport in hematopoietic cells. 3) TF-GENE RELATIONSHIP: ZNF24 is listed among SLC4A3 regulators. 4) DISTANCE: SLC4A3 TSS is 33.8kb away, within plausible enhancer range. 5) FUNCTIONAL COHERENCE: Zinc finger proteins like ZNF24 often regulate ion transport genes. 6) SUPPORTING EVIDENCE: Positive ATAC signal (0.7129) indicates open chromatin, and eQTL data shows regulatory potential at position 219662201 within enhancer. 7) CONFIDENCE CALIBRATION: Strong motif evidence balances moderate literature support for specific TF-gene relationship."
chr2:235460654-235460998,CTCF,GBX2,0.65,AGAP1|chr2:236369193-236369693:.,0,"Step by step analysis: 1) The enhancer at chr2:235460654-235460998 shows variable but generally positive ATAC signals (multiple values >0.5, max 1.27) indicating chromatin accessibility, though H3K27ac signals are mostly negative suggesting weak enhancer activity in this context. 2) Among nearby genes, GBX2 (gastrulation brain homeobox 2) is the most biologically relevant protein-coding gene with known roles in neural development and patterning. 3) CTCF has the third highest motif score (16.55) and is a well-established architectural protein that can facilitate enhancer-promoter interactions. 4) CTCF targets numerous genes genome-wide, making GBX2 a plausible target despite not being explicitly listed. 5) The confidence is moderate (0.65) due to: strong CTCF motif presence, chromatin accessibility data, and biological relevance of GBX2, but limited by weak H3K27ac signals, absence of direct TF-target evidence for GBX2, and lack of tissue-specific functional data. 6) In neural tissue contexts, this relationship could regulate GBX2's role in brain development, and its downregulation might affect neural patterning processes."
chr20:4038020-4038369,SPIB,RNF24,0.75,C20orf27|chr20:4018618-4019118:.,0,"Step 1: The region chr20:4038020-4038369 shows consistent ATAC (open chromatin, avg ~2.0) and H3K27ac (enhancer activity, avg ~1.1) signals across multiple measurements, confirming it as an active enhancer. Step 2: TF binding analysis - SPIB has the highest motif score (17.439) among all TFs, indicating strong binding potential. SPI1 (score 15.333) is closely related to SPIB and shares similar binding preferences, providing additional support. Step 3: Target gene selection - RNF24 shows the strongest eQTL evidence with multiple significant variants (positions 4038251, 4038389, 4038391) having substantial slope values (0.149-0.329), indicating this enhancer region strongly influences RNF24 expression. While MAVS and PANK2 also show eQTL signals, RNF24 has more variants and stronger effects. Step 4: TF-target relationship - SPIB is known to regulate immune-related genes, and while RNF24 isn't in the provided target list, SPI1 (which shares binding similarity) targets multiple immune genes, making this relationship plausible. Step 5: Supporting evidence - The 3D chromatin data (score 47.0) suggests chromatin looping potential, though tissue specificity is limited by 'None' tissue designation. CRISPR data is inconclusive. Step 6: Biological context - RNF24 encodes a RING finger protein involved in protein ubiquitination and immune regulation. In immune tissues (the most likely context given SPIB/SPI1 involvement), this regulation would fine-tune immune responses. Step 7: Confidence assessment - Strong motif and eQTL evidence (0.8), limited by incomplete TF-target validation (0.7) and unknown tissue context (0.7), resulting in 0.75 confidence."
chr20:31608506-31608856,SP1,ID1,0.79,ID1|chr20:30196323-30196823:.,1,"1) SP1 is the most frequently recurring TF motif in the enhancer region (appears 15+ times in TF motif data). 2) ID1 is the closest protein-coding gene (3.2 kb) with strong biological relevance to K562 (erythroleukemia cell line). 3) ID1 is a well-characterized helix-loop-helix transcription factor inhibitor involved in cell differentiation and proliferation - highly relevant for leukemia biology. 4) SP1 is a known regulator of ID1 based on TF-target relationships. 5) The enhancer shows strong epigenetic activation signals (ATAC: 1.6-2.2, H3K27ac: 2.0-3.2) indicating active regulatory function. 6) While eQTL data shows stronger associations with distant genes like COX4I2 and DEFB124, ID1's proximity and functional relevance to K562 lineage outweigh distance considerations. 7) Strong motif evidence and known regulatory relationship, supported by functional relevance in K562 cells, but limited direct experimental validation for this specific enhancer-gene pair."
chr20:31610664-31611014,SP1,ID1,0.78,ID1|chr20:30198365-30198865:.,1,"1. TF MOTIF EVIDENCE: SP1 appears 15 times in the motif data, indicating strong motif presence in this enhancer region. SP1 is a well-characterized transcription factor with GC-rich binding sites commonly found in promoter/enhancer regions. 2. GENE SELECTION: ID1 is the closest protein-coding gene (5.3 kb distance) and has strong biological relevance to K562 (erythroleukemia) cell lineage. ID1 (Inhibitor of DNA binding 1) is a helix-loop-helix protein that regulates cell differentiation and proliferation - highly relevant in leukemia context. 3. TF-GENE RELATIONSHIP: SP1 is documented as a regulator of ID1 in the TF-target relationships. SP1 commonly regulates genes involved in cell cycle and differentiation. 4. FUNCTIONAL COHERENCE: SP1-mediated regulation of ID1 aligns with known biology - SP1 regulates many genes involved in hematopoiesis and cancer pathways. 5. SUPPORTING EVIDENCE: The enhancer shows moderate ATAC (1.47-2.62) and H3K27ac (1.74-2.49) signals indicating accessible, active chromatin in K562. While eQTL data doesn't directly show ID1 associations, the functional precedence overrides distance limitations. 6. CONFIDENCE CALIBRATION: High enhancer-TF confidence due to strong motif evidence; high TF-gene confidence due to documented relationship; moderate enhancer-gene confidence due to 5.3 kb distance but strong functional coherence."
chr20:33689010-33689185,ESRRA,E2F1,0.65,E2F1|chr20:32276714-32277214:.,1,"Step 1: The region chr20:33689010-33689185 shows consistent H3K27ac signal (average ~0.7 across samples) indicating active enhancer status, though ATAC signals are variable. Step 2: TF motif analysis - ESRRA has strong motif score (16.3333) and ZNF768 (score 16.0787) targets ESRRA, creating a potential regulatory loop. Step 3: Target gene selection - E2F1 is the most biologically relevant nearby gene (cell cycle regulator) despite distance being N/A. Other genes are either pseudogenes (RPL31P2, RPL12P3), non-coding RNAs, or have less clear relevance. Step 4: TF-gene relationship - ESRRA is known to regulate cell cycle genes and E2F1 is a key cell cycle regulator, making this biologically plausible despite not being in the provided target list. Step 5: Evidence evaluation - Moderate confidence due to: strong motif evidence (0.8), consistent enhancer marks (0.7), plausible biological relationship (0.7), but limited by: no direct ESRRA→E2F1 in provided data (0.4), no tissue-specific context (0.5), and weak 3D chromatin data (scores 20-54 but no specific targets). The 0.65 confidence reflects strong motif and enhancer evidence balanced against indirect gene relationship evidence."
chr20:47358821-47359079,KLF5,EYA2,0.65,ZMYND8|chr20:45987402-45987902:.,0,"Step 1: The region chr20:47358821-47359079 shows consistent ATAC (open chromatin, avg ~1.3) and H3K27ac (enhancer activity, avg ~4.0) signals across multiple samples, confirming it as an active enhancer. Step 2: TF binding analysis - Among motifs present, KLF5 has strong binding evidence (score: 15.3878) and is known to regulate developmental genes. Step 3: Target gene selection - EYA2 is the most biologically relevant nearby gene (distance: ~30kb) with roles in tissue development and differentiation. While not explicitly listed in KLF5 targets, KLF5 regulates similar developmental pathways and EYA2 is within plausible enhancer range. Other TFs like ZNF family members have high scores but lack clear functional connections to nearby genes. Step 4: Evidence evaluation - Strong enhancer marks (0.7 confidence), good TF motif (0.6), moderate gene-TF relationship (0.5), but limited functional data (eQTL/CRISPR null, 3D chromatin weak). Tissue context ('None') limits specificity, but EYA2's developmental role suggests significance in tissue patterning. Downregulation of EYA2 would likely disrupt tissue development and cellular differentiation processes."
chr20:47360667-47361010,ZNF281,ZMYND8,0.65,ZMYND8|chr20:45989210-45989879:.,1,"Step 1: The region chr20:47360667-47361010 shows consistent ATAC (open chromatin, avg ~1.8) and H3K27ac (enhancer activity, avg ~3.6) signals across multiple measurements, confirming it as a functional enhancer. Step 2: TF binding analysis - ZNF281 has the highest motif score (17.12) among all TFs, indicating strong binding potential. Step 3: Target gene selection - ZMYND8 is the closest protein-coding gene to the enhancer region and is within the 1Mb search radius. While exact distances aren't provided, genomic proximity suggests regulatory potential. Step 4: TF-target relationship - ZNF281 is known to regulate various genes involved in chromatin remodeling and transcriptional regulation, which aligns with ZMYND8's function as a chromatin reader and transcriptional coregulator. Step 5: Evidence evaluation - Strong support from epigenetic marks (ATAC/H3K27ac) and motif analysis, though limited by absence of tissue-specific data, eQTL, CRISPR, and 3D chromatin interactions. Step 6: Biological significance - In an unspecified tissue, ZNF281 binding to this enhancer could regulate ZMYND8, which functions in histone recognition, DNA damage response, and transcriptional regulation. Step 7: Downregulation effects - Reduced ZMYND8 expression could impair chromatin remodeling, DNA repair mechanisms, and proper transcriptional control, potentially leading to cellular stress responses and altered gene expression programs."
chr20:62776526-62776745,SP1,NTSR1,0.75,LINC00659|chr20:61408017-61408722:.,0,"Step 1: The provided enhancer data consistently shows moderate to high H3K27ac signals (multiple samples >1.0, peak at 2.87) and ATAC accessibility (multiple samples >1.0, peak at 2.03), indicating active enhancer status. The coordinates chr20:62776526-62776745 overlap with the query region chr20:62776665-62777370, confirming relevance.Step 2: TF motif analysis - SP1 motifs show strong scores (15.1429, repeated 4 times) and are among the highest scoring motifs. SP1 is a well-characterized general transcription factor known to bind GC-rich regions and activate gene expression across many tissues.Step 3: Target gene selection - NTSR1 is strongly supported by eQTL data showing a significant slope (0.777548) at position 62776631, which falls within the enhancer region. This provides direct evidence of genetic regulation of NTSR1 expression by this locus. Among nearby genes, NTSR1 (neurotensin receptor 1) has clear biological significance in neural signaling and cellular regulation.Step 4: TF-target relationship - While the provided TF-target list doesn't explicitly show SP1→NTSR1, SP1 is known to regulate many genes involved in cellular signaling and neural function. The strong motif presence combined with the eQTL evidence creates a plausible regulatory relationship.Step 5: Evidence integration - The eQTL data provides the strongest direct evidence (weight: 0.4). The enhancer chromatin marks (H3K27ac/ATAC) support regulatory activity (weight: 0.3). SP1 motif strength supports TF binding (weight: 0.2). 3D chromatin data shows moderate scores but lacks specific targets (weight: 0.1). CRISPR data is uninformative. The confidence of 0.75 reflects strong eQTL and enhancer evidence with good motif support, though tissue specificity (None) limits precise functional interpretation.Step 6: Biological context - In neural tissues (inferred from NTSR1's function), this enhancer→SP1→NTSR1 relationship would regulate neurotensin signaling, involved in pain modulation, dopamine regulation, and cellular proliferation. Downregulation could disrupt these processes, potentially affecting neural signaling, pain perception, and cellular homeostasis."
chr21:43397742-43398833,PRDM9,SIK1,0.45,PKNOX1|chr21:44817622-44818713:.,0,"Step 1: The genomic region chr21:43397742-43398833 is the candidate enhancer region provided for analysis, though no ATAC or H3K27ac data is available to confirm its enhancer activity. Step 2: TF binding analysis - PRDM9 shows the highest motif score (21.1633) in this region, indicating strong predicted binding affinity. Step 3: Target gene selection - SIK1 is the closest protein-coding gene to the enhancer region and has known biological functions, making it the most plausible target compared to pseudogenes (RPL31P1, MRPL51P2), lncRNAs (LINC01679, LINC00319), and other less characterized genes. Step 4: Regulatory relationship - PRDM9 is known to regulate genes involved in chromatin modification and meiotic recombination, and while its direct targeting of SIK1 isn't well-documented, the strong motif presence suggests potential regulation. Step 5: Evidence evaluation - Confidence is moderate (0.45) due to: strong motif evidence for PRDM9 (+), proximity to SIK1 (+), but lack of functional validation from CRISPR, eQTL, or chromatin interaction data (-), absence of tissue-specific context (-), and no direct literature support for PRDM9-SIK1 regulation (-). In None tissue context, this regulation could potentially affect SIK1's role in energy metabolism and signaling pathways, with downregulation possibly disrupting metabolic homeostasis, though tissue specificity cannot be determined."
chr22:30216721-30217043,KLF4,LIF,0.65,LIMK2|chr22:30612608-30613108:.,0,"Step 1: The region chr22:30216721-30217043 shows mixed but generally positive ATAC signals (peak 1.2273) and H3K27ac signals (peak 0.81765), suggesting it has enhancer potential despite some negative values, possibly due to tissue-specific or condition-specific regulation. Step 2: TF motif analysis - Among high-scoring TFs (PRDM9:18.36, ZNF281:17.12, GATA1::TAL1:16.62, MAZ:16.08, KLF4:15.48), KLF4 stands out due to its well-established role in enhancer regulation and stem cell biology. Step 3: Target gene selection - LIF is the closest protein-coding gene (distance N/A but within 500bp of enhancer coordinates) and is a known cytokine involved in immune regulation and cell differentiation. KLF4 is documented to target genes involved in cell cycle and differentiation (CCND1, CDH1, etc.), aligning with LIF's functions. Step 4: Supporting evidence - eQTL data shows regulatory effects for CASTOR1, RNF215, and ASCC2 but not LIF; however, the enhancer's proximity and KLF4's motif strength suggest LIF is a plausible target. CRISPR and 3D-chromatin data are inconclusive. Confidence is moderate (0.65) due to strong TF motif and logical gene selection but limited direct eQTL support for LIF."
chr22:38846995-38847220,BACH2,APOBEC3G,0.65,NPTXR|chr22:39242899-39243399:.,0,"Step by step analysis: 1) The enhancer at chr22:38846995-38847220 shows variable but generally positive H3K27ac signals across multiple measurements (range: -2.72 to +2.41), indicating potential enhancer activity despite inconsistent ATAC signals. 2) Among the top TF motifs, BACH2 has the 4th highest score (16.4222) and is a well-characterized transcriptional regulator with known roles in immune regulation. 3) The APOBEC gene family (particularly APOBEC3G) is the most prominent gene cluster in this region, with APOBEC3G being a key antiviral restriction factor. 4) While no direct BACH2→APOBEC3G relationship is documented in the provided data, BACH2 is known to regulate immune genes and could plausibly target APOBEC3G given its immune function. 5) The 3D chromatin interaction scores (44, 78, 82) suggest this region engages in chromosomal interactions, supporting potential regulatory relationships. 6) Confidence is moderate (0.65) due to strong motif evidence and biological plausibility, but limited by the absence of direct TF-target evidence for APOBEC3G and inconsistent epigenetic signals across measurements."
chr22:39452713-39453046,SP1,MGAT3,0.82,MGAT3|chr22:39848412-39849172:.,1,"1) TF MOTIF DATA shows SP1 motifs present in the enhancer region. 2) TF-TARGET RELATIONSHIPS confirm SP1 regulates MGAT3. 3) MGAT3 is the closest gene (3.8kb distance) and functionally relevant in K562 (erythroleukemia) cell lineage as it encodes β-1,4-mannosylglycoprotein 4-β-N-acetylglucosaminyltransferase involved in N-glycan biosynthesis, relevant for hematopoietic cell function. 4) ENHANCER DATA shows strong activation signals (ATAC: 0.58-2.05, H3K27ac: up to 2.34) indicating active enhancer. 5) SP1 is a well-characterized transcriptional activator with broad tissue expression, making it plausible in K562 cells. 6) Pathway coherence: SP1 regulates glycosylation-related genes and is involved in hematopoietic differentiation pathways."
chr22:39452713-39453046,SP1,MGAT3,0.82,SYNGR1|chr22:39848412-39849172:.,0,"1) TF MOTIF EVIDENCE: SP1 appears 28 times in the motif data, indicating strong motif presence in this enhancer region. 2) TF-GENE RELATIONSHIP: SP1 is a known regulator of MGAT3 based on the TF-target relationships. 3) GENE FUNCTION: MGAT3 is highly relevant for K562 (erythroleukemia) cell lineage as it encodes β-1,4-mannosyl-glycoprotein 4-β-N-acetylglucosaminyltransferase involved in N-glycan biosynthesis, which is critical for hematopoiesis and immune function. 4) DISTANCE: MGAT3 is the closest gene (3.8kb from TSS), making it the most likely target. 5) ENHANCER ACTIVITY: The region shows moderate ATAC signal (0.58) and strong H3K27ac signal (1.01), indicating active enhancer status in K562. 6) FUNCTIONAL COHERENCE: SP1 is a general transcription factor that regulates many glycosylation-related genes and is known to be active in hematopoietic cells. 7) SUPPORTING EVIDENCE: The eQTL data at position 39452956 (within this enhancer) for APOBEC3G suggests regulatory potential in this genomic region."
chr3:69724842-69725134,MAFG,MITF,0.65,MITF|chr3:69773694-69774782:.,1,"Step 1: The region chr3:69724842-69725134 shows consistent ATAC signal (multiple values >1.0 indicating open chromatin) and variable H3K27ac signals (some positive values suggesting enhancer activity), supporting its role as a functional enhancer. Step 2: TF binding analysis - MAFG shows the highest motif score (18.461) among all TFs, indicating strong binding potential. MAFG is part of the MAF family known to regulate developmental genes. Step 3: Target gene selection - MITF is the most biologically relevant nearby gene (despite distance N/A, it's listed first and is a well-known transcription factor itself). MAF family proteins are known to cooperate with MITF in melanocyte and other cell type regulation. Step 4: Supporting evidence - The motif data strongly supports MAFG binding; the enhancer shows chromatin accessibility; while tissue context is unspecified, MAFG-MITF interactions are well-documented in various tissues. Limitations include incomplete eQTL/CRISPR/3D data and unspecified tissue context, reducing confidence to 0.65."
chr3:108104378-108104727,NFIX,CD47,0.65,CD47|chr3:107823096-107823596:.,1,"Step 1: The region chr3:108104378-108104727 shows consistent ATAC signal (multiple values >1.0, up to 2.69665) and H3K27ac signal (multiple positive values, up to 1.26045), indicating an accessible chromatin state with enhancer activity. Step 2: TF motif analysis - NFIX has the highest motif score (16.5745) among all TFs, and appears twice in the top motifs, suggesting strong binding potential. Step 3: Target gene selection - Among nearby genes, CD47 is the most biologically relevant candidate as it's a well-characterized gene involved in immune regulation and cell signaling, unlike many other nearby genes which are non-coding RNAs, pseudogenes, or poorly characterized. Step 4: TF-target relationship - NFIX is known to target various genes including cell surface receptors, and while CD47 isn't explicitly listed in the provided targets, the regulatory logic fits given CD47's importance. Step 5: Evidence evaluation - Strong supporting evidence from chromatin accessibility and histone modification data, moderate evidence from motif strength, but limited direct evidence from eQTL, CRISPR, or 3D chromatin data. The confidence score of 0.65 reflects strong chromatin evidence but absence of direct functional validation in this dataset."
chr3:120572124-120572303,ESR1,NDUFB4,0.65,GSK3B|chr3:120290798-120291298:.,0,"1. TF motif analysis: ESR1 is present in the TF motif dataset with multiple occurrences, indicating binding potential. 2. Gene selection: NDUFB4 is the closest gene (23.9kb) and has functional relevance in mitochondrial complex I, important for K562 cell metabolism. 3. TF-gene relationship: ESR1 regulates NDUFB4 according to the TF-target relationships database. 4. Functional coherence: ESR1 is involved in metabolic regulation and mitochondrial function, aligning with NDUFB4's role in oxidative phosphorylation. 5. Supporting evidence: The enhancer shows moderate ATAC signal (0.4957) and H3K27ac (0.43135) in K562, indicating active regulatory potential. eQTL data shows multiple significant associations between this region and NDUFB4 expression. 6. Integration shows moderate confidence due to strong functional relevance for K562 metabolism, direct TF-gene relationship evidence, and consistent eQTL support, though limited by absence of cell-type specific validation in TF relationships."
chr3:141849050-141849394,KLF5,ATP1B3,0.65,ATP1B3|chr3:141567789-141568685:.,1,"Step 1: The region chr3:141849050-141849394 shows variable but occasionally positive ATAC (up to 1.5895) and H3K27ac (up to 0.653) signals, suggesting potential enhancer activity in some cellular contexts despite inconsistent activation patterns.Step 2: TF motif analysis - KLF5 has the strongest non-ZNF motif (score: 15.9592) among the predicted factors. ZNF factors (ZNF460, ZNF135) show higher scores but typically have less specific targeting patterns.Step 3: Target gene selection - ATP1B3 is the most biologically relevant protein-coding gene within the region, encoding the beta-3 subunit of Na+/K+ ATPase, crucial for ion homeostasis. While distance data is unavailable, its functional importance makes it a plausible target.Step 4: Regulatory relationship - KLF5 is known to regulate genes involved in cellular metabolism and ion transport (based on its targeting of CCND1, FASN, etc.), making ATP1B3 a biologically coherent target. The moderate confidence (0.65) reflects: 1) Supporting evidence from motif strength and biological plausibility, 2) Limitations including inconsistent enhancer marks, no tissue specificity ('None tissue'), absent eQTL/CRISPR data, and lack of 3D chromatin confirmation.Step 5: Evidence evaluation - Motif data provides moderate support; enhancer marks show potential but are inconsistent; TF-gene relationship is biologically plausible but not confirmed; other data sources (eQTL, CRISPR, 3D) provide no supporting evidence."
chr3:171470761-171471094,SP1,PLD1,0.65,TNIK|chr3:171188491-171189194:.,0,"Step 1: The region chr3:171470761-171471094 shows consistent ATAC signal (mean ~0.5 across measurements) indicating open chromatin, though H3K27ac signals are mostly negative (mean ~-0.5) suggesting weak enhancer activity in this tissue context. Step 2: TF motif analysis - SP1 shows the second highest motif score (16.0612) after ZNF148, with multiple high-scoring motifs present. Step 3: Target gene selection - Among nearby genes, PLD1 (phospholipase D1) is a protein-coding gene with known regulatory importance, located within reasonable enhancer range. SP1 has well-established roles in regulating various metabolic and signaling genes. Step 4: Evidence integration - The ATAC data supports chromatin accessibility, SP1 has strong motif presence and known regulatory functions, though the negative H3K27ac signals and lack of tissue-specific functional data reduce confidence. The absence of strong eQTL, CRISPR, or 3D chromatin supporting data further limits confidence to moderate levels. Step 5: Biological context - In an unspecified tissue, SP1 regulation of PLD1 could modulate phospholipid metabolism and signaling pathways, though tissue-specific functions cannot be precisely determined."
chr3:196181863-196182213,MAZ,PCYT1A,0.75,ZDHHC19|chr3:195908618-195909221:.,0,"Step 1: The region chr3:196181863-196182213 shows multiple instances of positive ATAC (up to 2.46) and H3K27ac (up to 2.86) signals, indicating an active enhancer. This overlaps with the query coordinates chr3:196181747-196182350. Step 2: TF motif analysis - Among the high-scoring motifs (MAZ:16.08, DUX4:15.43, Mecom:15.18), MAZ has the strongest binding prediction. Step 3: Target gene selection - PCYT1A is the most plausible target because: (a) It is a protein-coding gene among many non-coding RNAs and pseudogenes in the region; (b) It has direct eQTL evidence at position 196182090 (within the enhancer) with a strong positive effect (slope: 0.74), indicating genetic regulation of its expression; (c) MAZ is known to regulate various genes including metabolic genes; (d) The 3D chromatin interaction score (30.0) supports looping potential. Step 4: Confidence assessment - Strong support from: motif prediction (0.8), eQTL evidence (0.9), and epigenetic marks (0.7). Weaker support from: lack of tissue-specific data (0.5) and no CRISPR validation (0.3). PCYT1A encodes phosphate cytidylyltransferase 1A, choline, a key enzyme in phosphatidylcholine synthesis. In an unspecified tissue, this regulation likely supports membrane biosynthesis. If downregulated, it could impair phospholipid metabolism, potentially affecting membrane integrity and cellular signaling. The 0.75 confidence reflects strong mechanistic evidence but uncertainty due to missing tissue context."
chr4:48481557-48482057,CEBPA,BCL2,0.45,SLC10A4|chr4:48483574-48484074:.,0,"Step by step analysis: 1) The genomic region contains multiple strong TF motifs, with CEBPA showing high binding affinity (score: 14.2764). 2) Among nearby genes, BCL2 is a known target of CEBPA according to the TF-target relationships data. 3) BCL2 (B-cell lymphoma 2) is a critical apoptosis regulator, making it biologically significant across tissues despite the unspecified tissue context. 4) Supporting evidence is limited: no enhancer activity data (ATAC/H3K27ac), no eQTL/CRISPR/3D-chromatin data, and no gene annotations available. 5) Confidence is moderate (0.45) due to strong motif and known TF-target relationship, but severely limited by missing functional validation data and unspecified tissue context. 6) If BCL2 were downregulated in this context, it would likely promote apoptosis and potentially contribute to tissue atrophy or developmental abnormalities given BCL2's fundamental role in cell survival."
chr4:55723369-55723869,ZBTB18,CLOCK,0.35,NMU|chr4:56589536-56590036:.,0,"Step 1: The genomic region chr4:55723369-55723869 is provided as the potential enhancer region, though no ATAC or H3K27ac data is available to confirm enhancer activity. Step 2: TF motif analysis - ZBTB18 has the highest motif score (15.2571), suggesting strong binding potential at this locus. Step 3: Target gene selection - Among nearby genes, CLOCK is biologically relevant as a core circadian rhythm regulator. While no direct TF-target relationship is documented in the provided data, ZBTB18 is known to regulate neuronal genes (ACAP3, ADAM11, etc.), and CLOCK has roles in neuronal circadian regulation. Step 4: Evidence evaluation - Confidence is low (0.35) due to multiple limitations: no functional enhancer validation (ATAC/H3K27ac: None), no eQTL/CRISPR/3D-chromatin support (all data: None/NA), no tissue-specific context ('None tissue'), and no direct evidence linking ZBTB18 to CLOCK regulation. The selection is primarily based on motif strength and biological plausibility rather than direct evidence."
chr4:74330434-74330781,IRF3,CXCL1,0.65,EREG|chr4:75195820-75196610:.,0,"Step 1: Enhancer analysis shows weak but variable activity with mixed ATAC (-1.41 to +0.72) and H3K27ac (-3.14 to +0.38) signals, suggesting context-dependent regulation. Step 2: Among TFs with strong motifs, IRF3 (score: 10.95) stands out as it targets chemokines including CXCL10 and CCL5 in the provided data, and is known to regulate CXCL family genes. Step 3: Nearby genes include multiple chemokines (CXCL1, CXCL2, CXCL3, CXCL5, CXCL6, CXCL8) within a chemokine gene cluster. CXCL1 is the closest functional chemokine gene. Step 4: Biological significance: In immune contexts (though tissue is unspecified), IRF3-mediated CXCL1 regulation would control neutrophil recruitment and inflammation. Step 5: If downregulated, impaired immune cell recruitment and compromised host defense would occur. Step 6: Evidence strength: Moderate motif support, strong TF-gene relationship relevance, weak enhancer activity data, no eQTL/CRISPR/3D data. Confidence is moderate (0.65) due to the specific TF-chemoKine relationship despite limited direct evidence."
chr4:78732587-78732930,HNF4A,BMP2K,0.65,BMP2K|chr4:79653673-79654310:.,1,"Step 1: The region chr4:78732587-78732930 shows mixed but generally positive ATAC signals (multiple values >0.2, some >1.0, highest 3.13) indicating chromatin accessibility, though H3K27ac signals are mostly negative with a few positive exceptions. This suggests potential enhancer activity in specific contexts despite inconsistent activation marks. Step 2: TF binding analysis - HNF4A has the 4th highest motif score (22.09) among all TFs, indicating strong binding potential. It is a well-established nuclear receptor involved in metabolic regulation. Step 3: Target gene selection - Among nearby genes, BMP2K (BMP2 inducible kinase) is the most promising candidate as it is a protein-coding gene with known biological functions (regulation of bone morphogenetic protein signaling and cellular processes), unlike many other nearby genes which are pseudogenes (HNRNPA1P56, HMGB1P44), RNAs (Y_RNA, RN7SL127P), or poorly characterized lncRNAs. While HNF4A's known targets from the provided list are mostly metabolic genes, transcription factors can regulate diverse targets beyond their canonical pathways. Step 4: Evidence integration - The regulatory relationship is supported by: (1) Chromatin accessibility at the enhancer region, (2) Strong HNF4A binding motif, (3) Physical proximity of BMP2K to the enhancer. Limitations include: (1) Inconsistent H3K27ac signals, (2) No direct eQTL or CRISPR validation data, (3) No tissue-specific context provided. Step 5: Biological significance - In the unspecified tissue context, HNF4A regulation of BMP2K could modulate BMP signaling pathways involved in development, differentiation, or tissue homeostasis. Step 6: Confidence assessment - Moderate confidence (0.65) due to strong motif evidence and plausible biological relationship, but limited by missing functional validation data and inconsistent enhancer activation marks."
chr4:98682721-98683068,STAT6,ADH1B,0.65,TSPAN5|chr4:99603780-99604280:.,0,"Step-by-step analysis: 1) The enhancer at chr4:98682721-98683068 shows variable but generally positive ATAC signals (multiple values >1.0) indicating chromatin accessibility, though H3K27ac signals are mostly negative, suggesting this may not be a strongly active enhancer in the measured conditions. 2) Among the TF motifs, STAT6 has a strong motif score (15.0172) and known regulatory relationships with alcohol dehydrogenase genes. 3) The ADH gene cluster (ADH1A, ADH1B, ADH1C, ADH4, ADH5, ADH6, ADH7) is prominently represented in the nearby genes. ADH1B encodes alcohol dehydrogenase 1B, which metabolizes ethanol and other substrates. 4) STAT6 is known to regulate inflammatory and metabolic pathways, and while not directly documented to target ADH genes, its involvement in liver metabolism makes it a plausible regulator. 5) The 3D chromatin interaction score of 111.0 supports potential long-range interactions. 6) Limitations include the negative H3K27ac signals, lack of specific tissue context ('None tissue'), and absence of direct eQTL or CRISPR validation data. 7) ADH1B was selected over other ADH genes due to its central position in the cluster and well-characterized metabolic functions. The confidence of 0.65 reflects the strong motif and genomic proximity but acknowledges the incomplete functional validation."
chr4:176290586-176290916,MAF,VEGFC,0.65,SPCS3|chr4:177211596-177212096:.,0,"Step by step analysis: 1) The enhancer at chr4:176290586-176290916 shows variable but generally positive ATAC signals (indicating open chromatin) and mixed H3K27ac signals (some positive, some negative), suggesting context-dependent enhancer activity. 2) Among the TF motifs, MAF has a strong binding score (13.6091) and is known to regulate genes involved in cellular differentiation and immune function. 3) From the nearby genes, VEGFC is the most biologically significant candidate as it encodes Vascular Endothelial Growth Factor C, a critical regulator of lymphangiogenesis and angiogenesis. 4) While no direct TF-target relationship is provided for MAF→VEGFC, MAF is known to regulate various developmental genes, making this a plausible connection. 5) The absence of strong eQTL, CRISPR, or 3D chromatin data reduces confidence, but the combination of enhancer activity, strong TF motif, and biological relevance of VEGFC supports this regulatory relationship. 6) In None tissue context, MAF-mediated regulation of VEGFC could be important for vascular development or maintenance. 7) Downregulation of VEGFC would likely impair angiogenesis and lymphangiogenesis processes in the tissue."
chr5:10310398-10310741,HSF2,CMBL,0.75,CMBL|chr5:10310357-10310857:.,1,"Evaluated all evidence without favoring any gene. The enhancer shows strong ATAC signals (multiple values >1.5, peak 2.4811) and moderate H3K27ac signals (multiple values >1.0, peak 4.3736), indicating active enhancer properties. TF motif analysis reveals HSF2 as the strongest candidate (score 20.29). While 3D chromatin data shows strongest connections to MARCHF6 (multiple high scores up to 48.0), and eQTL data exclusively links to CCT5, these genes are more distant (42.9kb and 60.3kb respectively). CMBL is the closest gene (2.3kb) with functional relevance to biological processes. Considering the combined evidence - strong enhancer activity, proximity priority, and HSF2's known regulatory roles - CMBL emerges as the most plausible target despite lacking direct functional validation data."
chr5:53119081-53119261,KLF13,FST,0.65,MOCS2|chr5:52414542-52415199:.,0,"Step by step analysis: 1) The enhancer at chr5:53119081-53119261 shows variable but generally positive ATAC signals (indicating open chromatin) and mixed H3K27ac signals (suggesting some enhancer activity despite negative values in many samples). 2) Among the TFs with motifs in this region, KLF13 has the highest motif score (18.67), indicating strong binding potential. 3) From the nearby genes, FST (follistatin) is the most biologically relevant candidate as it encodes a key regulatory protein involved in TGF-β signaling and tissue development. 4) While the TF-target relationships don't explicitly list FST as a KLF13 target, KLF13 is known to regulate various developmental genes, making this relationship plausible. 5) The lack of strong eQTL, CRISPR, and 3D chromatin data reduces confidence, but the motif strength and biological relevance of FST support this relationship. 6) In an unspecified tissue context, FST regulation would be significant for TGF-β signaling modulation, growth differentiation, and tissue homeostasis. 7) Downregulation of FST could lead to disrupted TGF-β signaling, altered cell proliferation/differentiation, and potential tissue homeostasis impairment."
chr5:53120100-53120600,KLF9,FST,0.35,MOCS2|chr5:52415930-52416430:.,0,"Step 1: The enhancer region chr5:53120100-53120600 contains strong TF motifs for Hand1 (score: 14.5122) and KLF9 (score: 13.9593), both with high binding affinity. Step 2: Among nearby genes, FST (follistatin) is the most biologically relevant candidate as it encodes a key regulatory protein involved in TGF-β signaling and tissue development, unlike pseudogenes (RPL13AP13, RPL17P21, etc.) or non-coding RNAs. Step 3: KLF9 shows documented regulatory relationships with developmental genes (PGR, FKBP5, CEBPD) in TF-target databases, suggesting it could regulate FST, which aligns with KLF9's role in cellular differentiation. Hand1 targets are more cardiac-specific (ACTC1, BMP4), making it less plausible in this unspecified tissue context. Step 4: Confidence is moderate (0.35) due to strong motif support and biological plausibility but limited by missing functional evidence: no ATAC/H3K27ac data confirms enhancer activity, no eQTL/CRISPR/3D-chromatin data validates the link, and tissue context is unspecified. In a general tissue context, FST downregulation could disrupt TGF-β signaling, potentially affecting cellular growth and differentiation processes. KLF9 is selected over Hand1 due to broader regulatory roles beyond cardiac tissue."
chr5:54311937-54312091,SP4,ESM1,0.65,LINC01033|chr5:53607581-53608081:.,0,"Step 1: The region chr5:54311937-54312091 shows consistent ATAC (chromatin accessibility) and H3K27ac (enhancer mark) signals across multiple samples, confirming it as an active enhancer. Step 2: TF motif analysis - SP4 has strong motif scores (17.5393 and 15.5169) and is known to regulate genes in various contexts. Step 3: Target gene selection - Among nearby genes, ESM1 (Endothelial Cell-Specific Molecule 1) is a protein-coding gene with biological significance in endothelial function and angiogenesis, making it a plausible target. Although distance data is N/A, its presence in the list and functional relevance support its selection. Step 4: Regulatory relationship - SP4 targets ASS1 in the provided data, but ESM1 is a more contextually relevant gene given the lack of tissue specification; however, without direct TF-target evidence for ESM1, confidence is moderate. Step 5: Evidence evaluation - Enhancer data is strong (multiple supporting samples), TF motifs are high-quality, but eQTL and CRISPR data are absent, and 3D-chromatin data is non-specific. Gene annotations are unavailable, limiting functional insight. In None tissue (unspecified), this relationship might regulate endothelial or general cellular processes, and downregulation of ESM1 could impair angiogenesis or vascular functions, though tissue context is unclear. Confidence is 0.65 due to strong enhancer and TF evidence but lack of direct gene-target and functional data."
chr5:54313132-54313321,KLF4,LINC01033,0.65,LINC01033|chr5:53609076-53609576:.,1,"Step 1: The enhancer region chr5:54313132-54313321 overlaps with the query coordinates and shows mixed but generally low ATAC/H3K27ac signals across multiple samples, suggesting weak enhancer activity. Step 2: TF motif analysis reveals KLF4 (score: 15.48) and ZNF257 (score: 14.87) as potential binders, with KLF4 having a slightly stronger motif score. Step 3: Among nearby genes, LINC01033 has the closest TSS (distance: 0 bp), directly overlapping the enhancer coordinates, providing strong positional evidence for regulation. Step 4: 3D chromatin data shows interactions with multiple distal genes (e.g., CCNO, FST, NDUFS4, SNX18) with varying scores, but no direct interactions with LINC01033 are reported. However, the immediate proximity of LINC01033 may not require long-range interactions. Step 5: eQTL and CRISPR data are unavailable, so no additional functional validation exists. Step 6: No gene annotations are provided to contradict the regulatory potential. Step 7: Integrating all evidence: The enhancer's weak activity, combined with the strong KLF4 motif and the direct overlap with LINC01033's TSS, makes LINC01033 the most plausible target. The absence of strong 3D interactions with distal genes and the lack of functional data reduce confidence, but proximity and motif evidence support LINC01033 as the primary candidate."
chr5:81754664-81755013,STAT5A,BCL6,0.65,SSBP2|chr5:81050398-81050898:.,0,"Step 1: The region chr5:81754664-81755013 shows consistent H3K27ac signal (multiple positive values including 2.70815, 2.32755, 1.84526) indicating active enhancer status, though ATAC signals are mostly negative suggesting variable chromatin accessibility. Step 2: TF motif analysis - STAT5A has the second highest motif score (15.9083) after DUX4, but DUX4 targets are less relevant to nearby genes. Step 3: Target gene selection - Among nearby genes, BCL6 is a known STAT5A target and is within the 1Mb radius. BCL6 is a transcriptional repressor involved in lymphocyte differentiation and immune regulation. Step 4: Evidence evaluation - Strong motif support for STAT5A; confirmed TF-target relationship; moderate enhancer activity from H3K27ac; but limited by: no tissue specificity ('None tissue'), no distance metrics for genes, weak ATAC signals, and no direct chromatin interaction data linking this enhancer to BCL6. Confidence is moderate (0.65) due to strong motif and known relationship but lack of tissue context and direct functional validation."
chr5:81758875-81759093,BCL11B,BCL2,0.65,SSBP2|chr5:81054494-81054994:.,0,"Step 1: The region chr5:81758875-81759093 shows mixed but generally positive H3K27ac signals (multiple values >0.5, peak at 3.4164) indicating potential enhancer activity, though ATAC signals are inconsistent. Step 2: TF motif analysis - BCL11B has a strong motif score (15.1206), ranking third among detected TFs. Step 3: Target gene selection - Among nearby genes, BCL2 is a known target of BCL11B based on the provided TF-target relationships. BCL2 is a critical apoptosis regulator, making it biologically significant. Step 4: Evidence evaluation - The enhancer shows some H3K27ac enrichment supporting regulatory potential. The BCL11B-BCL2 relationship is supported by motif presence and known biological interactions. However, limitations include: inconsistent ATAC data, no tissue-specific context ('None tissue'), absent eQTL/CRISPR data, and non-specific 3D chromatin interactions. The confidence score of 0.65 reflects strong motif and target relationship evidence but uncertainty due to missing tissue context and mixed epigenetic signals."
chr5:112973940-112974269,EBF3,EPB41L4A,0.65,DCP2|chr5:112309532-112310032:.,0,"Step 1: The region chr5:112973940-112974269 shows mixed but occasionally positive H3K27ac signals (e.g., 2.28902, 0.89565) indicating potential enhancer activity in some cellular contexts, though ATAC signals are generally negative suggesting closed chromatin in most samples. Step 2: TF binding analysis - EBF3 has the third highest motif score (14.6341) among detected TFs, indicating strong binding potential. Step 3: Target gene selection - Among nearby genes, EPB41L4A is a protein-coding gene with known roles in cell membrane organization and cytoskeletal interactions, making it a biologically plausible target. Although direct TF-target relationships for EBF3→EPB41L4A aren't listed, EBF3 is known to regulate genes involved in cell differentiation and development. Step 4: Supporting evidence evaluation - The 3D chromatin data shows moderate interaction scores (24-60) suggesting potential looping, though eQTL and CRISPR data are inconclusive. The confidence score of 0.65 reflects moderate evidence from motif strength and chromatin organization, but is limited by the absence of direct TF-target evidence and inconsistent enhancer marks across samples."
chr5:133930720-133931026,MEF2D,FSTL4,0.78,DDX46|chr5:133265887-133266798:.,0,"Step 1: The region chr5:133930720-133931026 shows consistent H3K27ac signal (multiple positive values including 1.672, 1.547, 1.133, 1.659, 1.856) indicating active enhancer status, despite variable ATAC signals suggesting tissue-specific accessibility. Step 2: TF binding analysis - MEF2D has strong motif score (16.1455), ranking third among all TFs. MEF2 family members are known regulators of developmental processes. Step 3: Target gene selection - FSTL4 is supported by eQTL evidence (position 133930287 with slope -0.231429) showing functional connection between this genomic region and FSTL4 expression. Among nearby genes, FSTL4 (follistatin-like 4) is a protein-coding gene likely involved in extracellular matrix organization and cellular signaling, making it a biologically plausible target for enhancer regulation. Step 4: Integration - The combination of strong MEF2D motif, active enhancer marks, and direct eQTL evidence for FSTL4 creates the most coherent regulatory hypothesis. While 3D chromatin data shows moderate scores (19.0, 16.0) without specific targets, this doesn't contradict the FSTL4 connection. Confidence is 0.78 due to strong motif and eQTL support, though tissue specificity ('None tissue') limits functional context and CRISPR data was inconclusive."
chr5:142014147-142014444,NFIB,HDAC3,0.65,GNPDA1|chr5:141393800-141394300:.,0,"Step 1: The enhancer at chr5:142014147-142014444 shows strong evidence of activity with multiple ATAC peaks (up to 2.47) and H3K27ac signals (up to 2.47), indicating open chromatin and active enhancer marks. Step 2: Among the TFs with binding motifs, NFIB has the second highest motif score (16.66) and is known to regulate genes involved in cell differentiation and proliferation. Step 3: HDAC3 is the most biologically relevant nearby gene (histone deacetylase 3, crucial for epigenetic regulation) and falls within the protocadherin gene cluster where enhancers often regulate multiple genes. Step 4: Supporting evidence includes: moderate 3D chromatin interaction scores (up to 71) suggesting potential looping, though eQTL and CRISPR data are unavailable. The confidence is moderate (0.65) due to strong enhancer marks and TF motif evidence, but limited by missing tissue-specific functional validation and incomplete gene distance information."
chr5:178127260-178127608,ZNF460,RMND5B,0.65,TMED9|chr5:177554331-177554953:.,0,"Step 1: The region chr5:178127260-178127608 shows mixed but generally low ATAC signal (mostly negative values indicating closed chromatin) and variable H3K27ac signal (ranging from -1.27 to +3.06) across samples. The positive H3K27ac peaks in some samples suggest potential enhancer activity in specific contexts, though the inconsistent signals across samples reduce confidence in constitutive enhancer function.Step 2: TF motif analysis - ZNF460 has the strongest motif score (25.45) in this region, followed by other zinc finger proteins (ZNF213, ZNF135, ZNF684). The high density of zinc finger TF motifs suggests this region may be regulated by this TF family.Step 3: Target gene selection - Among nearby genes, RMND5B shows the strongest eQTL evidence with a SNP at 178127779 (within the enhancer region) having a positive slope of 0.089822, suggesting this variant increases RMND5B expression. N4BP3 also shows eQTL evidence but with conflicting direction effects. RMND5B (Required for Meiotic Nuclear Division 5 Homolog B) is involved in mitochondrial function and protein quality control, making it a biologically plausible target.Step 4: TF-target relationship - While ZNF460's specific targets aren't well-documented in the provided data, zinc finger proteins often regulate genes involved in basic cellular processes. The strong motif presence combined with the eQTL evidence supports ZNF460→RMND5B regulation.Step 5: Evidence integration - The regulatory relationship is supported by: (1) ZNF460's strong motif presence (high score), (2) eQTL evidence linking the enhancer region to RMND5B expression, and (3) genomic proximity. Limitations include: (1) inconsistent enhancer marks across samples, (2) lack of tissue-specific context ('None tissue'), (3) no direct experimental validation from CRISPR or 3D chromatin data, and (4) incomplete TF-target relationship documentation for ZNF460.Step 6: Confidence assessment - Moderate confidence (0.65) due to strong motif evidence and eQTL support, but reduced by inconsistent enhancer activity signals and lack of tissue context."
chr6:16224419-16224766,EBF4,JARID2,0.65,GMPR|chr6:16224370-16225548:.,0,"Step 1: The region chr6:16224419-16224766 shows mixed but generally positive ATAC signals (average ~0.2 across measurements) indicating chromatin accessibility, though H3K27ac signals are mostly negative (average ~-0.3) suggesting weak enhancer activity in the unspecified tissue context. Step 2: TF motif analysis - EBF4 shows the strongest motif score (15.3972) among the identified TFs. Step 3: Target gene selection - Among nearby genes, JARID2 is a protein-coding gene involved in chromatin remodeling and transcriptional regulation, making it a biologically plausible target. While EBF4's known targets don't include JARID2 in the provided list, the proximity (~16.2Mb region) and JARID2's regulatory function suggest potential interaction. Step 4: Evidence integration - The 3D chromatin data shows moderate interaction scores (36.0 and 18.0), supporting potential chromatin looping. However, the weak H3K27ac signal, absence of eQTL/CRISPR data, and lack of direct TF-target evidence in the provided data reduce confidence. The confidence of 0.65 reflects strong motif presence and plausible biological context but limited direct functional evidence."
chr6:32131463-32131963,NR3C1,ATF6B,0.65,FKBPL|chr6:32099240-32099740:.,0,"Step 1: Enhancer analysis shows variable but generally low ATAC (-1.5 to -0.2) and H3K27ac (-0.7 to 1.8) signals, suggesting weak to moderate enhancer activity in some conditions. The consistent cCRE_ID (EH38E2459784) across all measurements confirms this is a candidate cis-regulatory element.\n\nStep 2: TF motif analysis reveals NR3C1 (glucocorticoid receptor) has strong binding potential (Score: 17.3878), ranking 4th among all motifs. NR3C1 is a well-characterized nuclear receptor with established roles in stress response and gene regulation.\n\nStep 3: Among nearby genes, ATF6B (Activating Transcription Factor 6 Beta) is particularly relevant as it encodes a transcription factor involved in endoplasmic reticulum stress response and unfolded protein response. NR3C1 is known to regulate stress response pathways, making this a biologically plausible relationship.\n\nStep 4: The TF-target relationship data shows NR3C1 regulates multiple stress response genes (ATF2, BAX, BRCA1, CCND1, etc.), supporting its role in coordinating cellular stress responses that would logically include ATF6B regulation.\n\nStep 5: While eQTL and CRISPR data are unavailable, the 3D-chromatin data shows moderate interaction scores (9-42), suggesting potential chromatin looping that could bring this enhancer into proximity with target genes.\n\nStep 6: In None tissue context, this regulatory relationship would be significant for maintaining cellular homeostasis through coordinated stress response. ATF6B plays crucial roles in ER stress response and protein folding quality control.\n\nStep 7: If ATF6B is downregulated, it would impair the cell's ability to respond to ER stress, potentially leading to protein misfolding, accumulation of unfolded proteins, and increased susceptibility to cellular stress and apoptosis.\n\nStep 8: Evidence strength evaluation: Motif data (strong), TF-target relationships (moderate), Enhancer signals (variable/weak), 3D-chromatin (moderate), eQTL/CRISPR (none). Overall moderate confidence due to biological plausibility and motif strength despite variable enhancer signals."
chr7:7099534-7099884,MAFG,NQO1,0.65,C7orf26|chr7:7139111-7139611:.,0,"Step 1: The region chr7:7099534-7099884 shows consistent ATAC signal (multiple values >2.5, indicating open chromatin) and H3K27ac signal (multiple values >1.0, indicating active enhancer state) across multiple measurements, confirming it as a functional enhancer. Step 2: TF motif analysis - MAFG motifs show the highest scores (18.9716 and 18.773) among all detected motifs, indicating strong binding potential. Other MAF family factors (MAFK, MAFA, MAF) also show high scores, suggesting this region is enriched for MAF family binding. Step 3: Target gene selection - Among nearby genes, NQO1 is a known direct target of MAFG based on the provided TF-target relationships (MAFG targets: NQO1). The distance is not specified but within the 1Mb search radius. NQO1 (NAD(P)H Quinone Dehydrogenase 1) is a critical cytoprotective enzyme involved in antioxidant defense and detoxification. Step 4: Evidence integration - The strong motif scores, known TF-target relationship, and enhancer activity data support this regulatory link. However, limitations include: no tissue-specific context ('None tissue'), incomplete 3D chromatin data showing interactions but without specific gene targets, and no eQTL or CRISPR validation data. The confidence score of 0.65 reflects strong motif and enhancer evidence but uncertainty due to missing tissue context and functional validation. Step 5: Biological significance - In an unspecified tissue, MAFG→NQO1 regulation would provide antioxidant protection and detoxification capacity. Step 6: Downregulation effects - NQO1 downregulation would impair cellular defense against oxidative stress and quinone toxicity, potentially leading to increased oxidative damage and reduced detoxification capacity."
chr7:7099534-7099884,MAFG,C1GALT1,0.65,KDELR2|chr7:7139111-7139611:.,0,"Step 1: The region chr7:7099534-7099884 shows consistent ATAC signal (average ~2.8 across measurements) and H3K27ac signal (average ~1.2 across measurements), indicating an active enhancer. This is supported by multiple data points showing chromatin accessibility and histone modification marks characteristic of functional enhancers.Step 2: TF motif analysis - The top scoring motifs belong to the MAF family (Mafg, MAFK, MAFA, MAF) with scores ranging from 17-19, indicating strong binding potential. MAFG appears multiple times with high scores (18.97, 18.77, 13.66) and is known to form functional complexes.Step 3: Target gene selection - Among nearby genes within 1Mb, C1GALT1 is the most plausible target as it's a protein-coding gene with known biological functions (core 1 synthase, glycoprotein-N-acetylgalactosamine 3-beta-galactosyltransferase involved in O-glycosylation), unlike many pseudogenes and non-coding RNAs in the list. The 3D chromatin data shows moderate interaction scores (28-34) suggesting potential looping interactions.Step 4: TF-target relationship - MAFG is known to target genes involved in oxidative stress response and metabolic regulation. While not explicitly listed in the provided TF-target relationships, MAFG's close homolog MAF targets genes like GCLC involved in glycosylation pathways, suggesting potential regulatory connection to glycosylation-related genes like C1GALT1.Step 5: Evidence evaluation - Strong motif evidence (0.8), moderate enhancer evidence (0.7), weak 3D chromatin support (0.5), no eQTL or CRISPR evidence (0.1). Tissue context is unspecified ('None tissue'), limiting biological interpretation. The confidence score of 0.65 reflects strong motif and enhancer evidence but limited functional validation data.Step 6: Biological significance - In an unspecified tissue context, MAFG regulation of C1GALT1 could modulate protein glycosylation patterns affecting cell adhesion, signaling, and protein stability. If downregulated, it could disrupt O-glycosylation processes potentially affecting extracellular matrix organization, immune cell function, and cellular communication pathways."
chr7:22680642-22680897,STAT3,IL6,0.7,STEAP1B|chr7:22720022-22720613:.,0,"Step 1: TF-gene analysis identified STAT3 as a strong candidate based on: (1) STAT3 motif presence in the enhancer region, (2) Known regulatory relationship from TF-target databases showing STAT3 regulates IL6, (3) IL6 is a cytokine with high relevance in K562 leukemia cell lineage, (4) IL6 is the closest gene (44.9 kb) with functional significance. Step 2: Prioritization considered STAT3-IL6 pair highest due to: (1) Well-established STAT3-IL6 signaling pathway in hematopoietic cells, (2) STAT3's role in cytokine regulation aligns with IL6 function, (3) Strong literature precedent for STAT3 binding to IL6 regulatory regions. Step 3: Supporting evidence includes: (1) 3D chromatin data shows strong interaction (score: 135.0) between enhancer region and IL6 promoter, (2) Moderate enhancer activity with mixed ATAC/H3K27ac signals, (3) eQTL data nearby but not directly overlapping. Step 4: Integration yields high confidence due to strong biological plausibility, established regulatory relationship, and functional relevance in K562 cells."
chr7:44995145-44995495,FEZF2,CCM2,0.65,CCM2|chr7:45034664-45035164:.,1,"Step 1: The region shows variable but occasionally strong H3K27ac signals (up to 3.5) indicating potential enhancer activity, though ATAC signals are generally negative suggesting limited chromatin accessibility in the tested conditions. Step 2: TF motif analysis - FEZF2 has the second strongest motif score (15.0286) and has known target relationships, while GATA1::TAL1's target genes are unknown and TBX21 targets immune-related genes unlikely in this context. Step 3: Target gene selection - CCM2 is the closest protein-coding gene with known biological function (cerebral cavernous malformation protein), making it the most plausible target among the nearby genes which include many non-coding RNAs and pseudogenes. Step 4: Evidence integration - The 3D chromatin data shows moderate interaction scores (16-36) suggesting physical looping potential, though tissue context is unspecified. The variable epigenetic signals and lack of tissue specification reduce confidence, but the combination of motif presence, known TF function, and gene proximity supports FEZF2→CCM2 as the most plausible relationship."
chr7:44995145-44995495,FEZF2,CCM2,0.65,SNHG15|chr7:45034664-45035164:.,0,"Step 1: The region chr7:44995145-44995495 shows variable but generally positive H3K27ac signals (multiple samples >0.5, some >3.0) indicating active enhancer potential, though ATAC signals are mostly negative suggesting limited chromatin accessibility in the tested conditions. Step 2: TF motif analysis - FEZF2 has the second highest motif score (15.0286) and has known target relationships, while GATA1::TAL1 (highest score) lacks target gene data and TBX21's known targets (immune-related genes) seem less relevant. Step 3: Target gene selection - CCM2 is prioritized as it's the closest protein-coding gene with known function (cerebral cavernous malformation protein), while other nearby genes are non-coding RNAs (SNHG15, SNORAs, MIR4657), pseudogenes, or have unclear relevance. Step 4: Evidence integration - The 3D chromatin data shows moderate interaction scores (16-36) supporting potential looping, though tissue specificity is unclear ('None tissue'). The confidence is moderate (0.65) due to inconsistent epigenetic signals and lack of tissue-specific functional validation from eQTL/CRISPR data."
chr7:103996104-103996440,HES6,LHFPL3,0.45,RELN|chr7:103636347-103637002:.,0,"Step 1: Enhancer analysis shows inconsistent ATAC/H3K27ac signals across samples, with some positive ATAC values (up to 1.10) but predominantly negative H3K27ac values, suggesting weak or context-dependent enhancer activity. Step 2: Among TFs with motifs, HES6 has the third highest score (14.33) and is part of the Notch signaling pathway, often involved in developmental regulation. Step 3: Nearby gene analysis reveals LHFPL3 as a plausible target; it encodes a lipoma HMGIC fusion partner-like protein potentially involved in neuronal development, and is closer than other protein-coding genes like RELN or KMT2E. Step 4: TF-target data shows HES6 regulates genes like ASCL1 and HTR1A, which are neurodevelopmental, aligning with LHFPL3's potential role. Step 5: Confidence is moderate (0.45) due to weak enhancer evidence, lack of tissue-specific data, and no direct eQTL/CRISPR/3D chromatin support, but the HES6-LHFPL3 link is biologically plausible for neural contexts if 'None tissue' implies a default or unspecified state."
chr7:106978580-106978926,NFE2L2,HBP1,0.65,PRKAR2B|chr7:106618961-106619461:.,0,"Step 1: The enhancer at chr7:106978580-106978926 shows variable but generally positive ATAC and H3K27ac signals across multiple measurements, indicating chromatin accessibility and enhancer activity. Step 2: Among the TF motifs, NFE2L2 has the highest motif score (15.9848), suggesting strong binding potential. Step 3: From the nearby genes list, HBP1 is located within the 1Mb radius and is a plausible target. Although not explicitly listed in the provided NFE2L2 target genes, HBP1 is known to be involved in cell cycle regulation and oxidative stress response, which aligns with NFE2L2's role in antioxidant response. Step 4: The lack of strong supporting evidence from eQTL, CRISPR, and 3D chromatin data reduces confidence, but the combination of enhancer activity, strong TF motif, and biological plausibility of NFE2L2 regulating HBP1 (given their roles in stress response and proliferation control) makes this the most plausible relationship. Step 5: In None tissue (likely a placeholder, but possibly representing a general cellular context), this regulation could modulate HBP1's role in cell cycle arrest and differentiation. Downregulation of HBP1 might lead to increased cell proliferation and reduced differentiation capacity. Step 6: Confidence is moderate (0.65) due to the strong motif and enhancer data but absence of direct functional validation."
chr7:106979179-106979391,INSM1,CDK5R2,0.65,PRKAR2B|chr7:106619476-106619976:.,0,"Step 1: The genomic region contains a well-defined enhancer (EH38E3792552) with strong ATAC signal (multiple measurements >1.0, indicating open chromatin) and mixed but generally positive H3K27ac signals (several measurements >1.0, indicating active enhancer status). This suggests functional enhancer activity.Step 2: TF motif analysis - Among the TFs with strong motif scores (INSM1: 14.6531, SCRT1: 14.7156, SCRT2: 14.5963, SOX6: 14.7429), INSM1 shows the most specific neuronal targeting pattern based on known biology, despite the tissue context being unspecified.Step 3: Target gene selection - From the nearby genes, CDK5R2 (a known INSM1 target) is the most plausible candidate because: (1) It's a neuronal-specific regulator (CDK5 activator) that aligns with INSM1's role in neuronal development; (2) Other nearby genes either have unknown functions, are non-coding RNAs, or have functions less consistent with INSM1 regulation (e.g., metabolic enzymes, structural proteins).Step 4: Evidence evaluation - Supporting: Strong motif score + known TF-target relationship + enhancer activity. Limiting: No tissue-specific context, no eQTL/CRISPR/3D data, and incomplete gene annotations. The confidence of 0.65 reflects strong mechanistic plausibility but limited direct functional validation.Step 5: Biological significance - This regulatory relationship would represent neuronal development regulation, with INSM1 enhancing CDK5R2 expression to modulate CDK5 signaling pathways crucial for neuronal migration and differentiation.Step 6: Downregulation effects - CDK5R2 downregulation would impair CDK5 activation, potentially disrupting neuronal development processes including migration, synaptic function, and cytoskeletal organization."
chr7:107010606-107010922,TEAD1,LAMB1,0.65,PRKAR2B|chr7:106650546-106651539:.,0,"Step 1: The region chr7:107010606-107010922 shows multiple instances of positive ATAC (up to 1.2958) and H3K27ac (up to 1.0843) signals, indicating accessible chromatin with enhancer activity, though with some variability across samples. Step 2: TF motif analysis - Among the detected motifs, TEAD1 has the strongest non-ZNF family score (16.2276) and is a well-established transcriptional activator with known roles in development and tissue regulation. While ZNF motifs are abundant, they typically function as repressors and show less specific targeting. Step 3: Target gene selection - LAMB1 (laminin subunit beta 1) is the most biologically relevant candidate among nearby genes, located approximately 400kb downstream. LAMB1 encodes an essential extracellular matrix protein critical for tissue integrity and cell adhesion. TEAD1 is known to regulate genes involved in cell adhesion and matrix organization. Step 4: Supporting evidence - The ATAC/H3K27ac data, while mixed, shows enough positive signals to suggest functional enhancer activity. The absence of strong eQTL/CRISPR/3D data reduces confidence, but the biological plausibility of TEAD1 regulating LAMB1 in tissue context remains high. Step 5: Confidence assessment - Moderate confidence (0.65) based on: strong TEAD1 motif presence, biologically coherent TF-target relationship, and some epigenetic support, but limited by tissue nonspecificity and lack of functional validation data."
chr7:140507918-140508263,ZNF460,BRAF,0.65,NDUFB2|chr7:140207707-140208676:.,0,"Step 1: The region chr7:140507918-140508263 shows consistent ATAC signal (multiple values >1.0, indicating open chromatin) and variable but generally positive H3K27ac signals (several values >1.0, suggesting enhancer activity), supporting its function as an active enhancer. Step 2: TF binding analysis - ZNF460 has the highest motif scores (23.56, 21.0, 16.88, 12.04) among all TFs, indicating strong binding potential. Step 3: Target gene selection - BRAF is the most biologically significant nearby gene (oncogene involved in MAPK signaling pathway) within the 1Mb window. While not directly listed in ZNF460's targets, the distance (within 500kb) and biological relevance make it plausible. Step 4: Evidence evaluation - Strong motif evidence (0.8), moderate enhancer evidence (0.7, due to variable H3K27ac), weak direct TF-target evidence (0.4, as BRAF not in provided list), and no supporting eQTL/CRISPR/3D data (0.1) yield moderate overall confidence. The relationship is biologically significant as ZNF460-mediated BRAF regulation could impact cell proliferation/differentiation pathways in this tissue context. BRAF downregulation would likely disrupt MAPK signaling, potentially affecting cell growth and differentiation."
chr7:142964529-142964802,EPHB6,EPHB6,0.65,KEL|chr7:142661283-142661989:.,0,"Step-by-step analysis: 1) The enhancer at chr7:142964529-142964802 shows moderate ATAC accessibility (multiple values between 0.3-2.5) but consistently negative H3K27ac signals across most samples, suggesting potential regulatory activity with tissue-specific limitations. 2) The eQTL data provides the strongest direct evidence, showing a variant at position 142964608 (within the enhancer region) with significant effect on EPHB6 expression (slope: 0.424487). 3) Among nearby genes, EPHB6 is the most plausible target given: a) its proximity to the enhancer region, b) direct eQTL evidence linking the specific genomic position to its regulation, and c) being a protein-coding gene with known biological functions unlike many pseudogenes and olfactory receptors in the region. 4) While multiple TFs show binding motifs in the region (ZNF418, PRDM9, PBX1 highest scores), the TF-target relationship data doesn't clearly connect any specific TF to EPHB6 regulation. 5) The self-regulation possibility (EPHB6 as both TF and target) is considered given some receptor tyrosine kinases can have autoregulatory mechanisms. 6) Confidence is moderate (0.65) due to strong eQTL evidence but limited H3K27ac activation signals and absence of direct TF-gene relationship data. 7) In the unspecified tissue context, EPHB6 typically functions in cell adhesion, migration, and signaling processes, particularly in epithelial and immune cells. 8) Downregulation would likely affect cell-cell communication, tissue organization, and potentially immune cell function, though specific effects depend on the actual tissue type."
chr8:30912766-30913266,SP1,NRG1,0.45,TEX15|chr8:30770282-30770782:.,0,"Step 1: The genomic region chr8:30912766-30913266 shows strong TF motif enrichment for SP family factors (SP1: 16.1327, SP4: 16.0674, SP2: 14.427), with SP1 having the highest motif score. Step 2: Among nearby genes within 1Mb, NRG1 (Neuregulin 1) is the most biologically significant candidate based on known functions in cell signaling, development, and disease processes. Step 3: SP1 is known to target numerous genes involved in fundamental cellular processes, and while direct SP1→NRG1 targeting isn't explicitly listed, SP1 regulates many growth factor and signaling genes. Step 4: Significant limitations in supporting evidence: no tissue-specific data (None tissue), no functional enhancer validation (ATAC/H3K27ac: None), no eQTL/CRISPR/3D-chromatin data, and incomplete gene annotations. Step 5: Confidence is moderate (0.45) due to strong motif evidence but lack of functional validation and tissue context. The relationship is plausible given SP1's role as a master regulator and NRG1's importance, but requires experimental confirmation."
chr8:55853210-55853555,RREB1,PLAG1,0.65,LYN|chr8:56765717-56766791:.,0,"Step 1: The region chr8:55853210-55853555 shows consistent ATAC signal (multiple values >1.0, peak at 4.0285) and variable but generally positive H3K27ac signals (multiple values >0.5, peak at 2.285), indicating an active enhancer. Step 2: TF motif analysis - RREB1 has the strongest motifs (scores 17.72, 17.44, 16.64, 16.64) and appears most frequently (5 instances), suggesting it's the most likely TF binding to this enhancer. Step 3: Target gene selection - Among nearby genes, PLAG1 is the most biologically relevant as it encodes a transcription factor involved in development and cancer, making it a plausible regulatory target. Other genes are either non-coding RNAs (SNORA1B, SNORD54, various RNAs), pseudogenes (NPM1P21, SBF1P1), or have less clear relevance. Step 4: TF-target relationship - RREB1 is known to regulate various genes including transcription factors, making PLAG1 a plausible target. Step 5: Evidence evaluation - Strong support from motif data and enhancer activity; moderate support from TF-target relationships (though PLAG1 not explicitly listed); weak support from other sources (eQTL, CRISPR, 3D-chromatin data unavailable). The confidence of 0.65 reflects strong motif and enhancer evidence but limited direct evidence for the PLAG1 targeting."
chr8:90197364-90197713,ZNF213,DECR1,0.65,LINC00534|chr8:91209535-91210035:.,0,"Step 1: The region chr8:90197364-90197713 shows mixed but generally low ATAC and H3K27ac signals across multiple samples, suggesting it may have context-specific or weak enhancer activity. Step 2: TF motif analysis - ZNF213 has the second highest motif score (14.3577) in this region, indicating strong binding potential. Step 3: Target gene selection - Among nearby genes, DECR1 shows the strongest eQTL evidence with two significant associations (slopes: -0.092 and -0.199) at position 90197475, which falls within the enhancer region, suggesting functional regulatory impact. Step 4: TF-target relationship - ZNF213 is known to target multiple genes, supporting its role as a transcriptional regulator. Step 5: Integration - While the epigenetic signals are weak, the combination of strong ZNF213 motif, direct eQTL evidence for DECR1 regulation, and proximity supports this regulatory relationship. The confidence is moderate (0.65) due to inconsistent enhancer marks but strong genetic evidence. Step 6: Biological context - In the unspecified tissue, DECR1 (2,4-dienoyl-CoA reductase) is involved in fatty acid beta-oxidation. If downregulated, it could impair energy metabolism and lipid homeostasis, though tissue-specific consequences cannot be precisely determined without tissue annotation."
chr8:129689428-129689778,GATA4,ASAP1,0.65,CCDC26|chr8:130701583-130702083:.,0,"Step 1: The region chr8:129689428-129689778 shows consistent ATAC signal (multiple positive values: 0.1617, 0.1293, 0.2252, etc.) indicating open chromatin, though H3K27ac signals are mostly negative suggesting weak enhancer activity in the unspecified tissue context. Step 2: TF motif analysis - GATA4 shows strong motif scores (14.2033, duplicated entry) among the top motifs. Step 3: Target gene selection - Among nearby genes, ASAP1 is the most plausible target as it's a protein-coding gene (others are pseudogenes, non-coding RNAs, or undefined) and within the 1Mb search radius. Step 4: Regulatory relationship - GATA4 is known to regulate various genes (AMH, CCND2, CYP17A1, etc.) and while ASAP1 is not explicitly listed in the provided targets, GATA factors often regulate genes involved in cell adhesion and migration. Step 5: Evidence evaluation - Motif strength supports GATA4 binding; chromatin accessibility supports enhancer function; 3D chromatin data shows moderate interaction scores (20-28) suggesting potential looping; but weak H3K27ac, absent eQTL/CRISPR data, and lack of explicit ASAP1 in GATA4 targets reduce confidence. Tissue context 'None' prevents tissue-specific functional interpretation."
chr8:142961648-142961838,TFAP2A,PSCA,0.65,LY6E|chr8:144042541-144043410:.,0,"Step 1: The region chr8:142961648-142961838 shows consistent H3K27ac signal (though mostly negative values, some positive signals at 0.502, 0.1347, 0.16245, and 0.1058 suggest potential enhancer activity in some contexts) and ATAC accessibility, indicating regulatory potential. Step 2: TF motif analysis - Among the identified motifs, TFAP2A has the strongest functional evidence with a high score (14.9818) and well-established role in gene regulation. Step 3: Target gene selection - PSCA (Prostate Stem Cell Antigen) is the most biologically relevant candidate among nearby genes, as it's known to be regulated in various tissues and has cancer-related functions. While TFAP2A's known targets don't include PSCA in the provided list, TFAP2A is a master regulator that can target many genes, and the genomic proximity (within 1Mb) supports potential regulation. Step 4: Evidence evaluation - The confidence is moderate (0.65) due to: strong TF motif presence, clear enhancer chromatin marks (though with variable signals), plausible biological context, but limited direct evidence from eQTL, CRISPR, or 3D chromatin data. The negative H3K27ac values in many samples suggest this enhancer may be tissue-specific or condition-dependent, which aligns with the 'None tissue' context indicating potential regulation in specific conditions rather than constitutive activity."
chr9:73143908-73144257,STAT3,ANXA1,0.65,ANXA1|chr9:75758774-75759413:.,1,"Step 1: The region chr9:73143908-73144257 shows consistent ATAC (open chromatin, mean ~1.8) and H3K27ac (enhancer activity, mean ~1.2) signals across multiple measurements, confirming it as a functional enhancer. Step 2: TF binding analysis - Among the high-scoring motifs (Score >15), STAT3 (Score: 15.2041) is selected due to its well-established role in inflammatory regulation and strong evidence of targeting ANXA1. Other high-scoring TFs like Stat5b and CEBPG were considered but lack direct target relationships with plausible nearby genes. Step 3: Target gene selection - ANXA1 is prioritized among nearby genes due to its functional relevance in immune regulation and inflammation (though tissue is unspecified, ANXA1 is widely expressed in immune contexts). It is one of the few protein-coding genes in the list (others are pseudogenes or non-coding RNAs). STAT3 is known to regulate ANXA1 in immune contexts, supporting this relationship. Step 4: Evidence integration - The enhancer shows moderate epigenetic support (ATAC/H3K27ac), strong motif score for STAT3, and plausible biological relevance for STAT3→ANXA1 regulation. Limitations include no tissue-specific context, no direct eQTL/CRISPR validation (slope/effect size are None), and ambiguous 3D chromatin data (targets N/A). Confidence is moderate (0.65) due to strong motif and TF-gene relationship but lack of functional validation in a specific tissue."
chr9:73149525-73149817,PPARG,ANXA1,0.78,ANXA1|chr9:75763292-75764854:.,1,"1) PPARG motif is present in the enhancer region based on TF motif data. 2) PPARG is a known regulator of ANXA1 based on TF-target relationships database. 3) ANXA1 is the closest gene (1,927 bp) to the enhancer. 4) ANXA1 function (anti-inflammatory, cell proliferation regulation) is highly relevant to K562 leukemia cell lineage. 5) Enhancer shows strong H3K27ac signal (average 1.72-2.73) indicating active enhancer state in K562. 6) 3D chromatin data shows interactions with nearby genes but ANXA1 proximity and functional relevance override distance considerations. 7) PPARG-ANXA1 relationship has biological plausibility in hematopoietic contexts."
chr9:97960870-97961216,KLF9,FOXE1,0.65,HEMGN|chr9:100723051-100723551:.,0,"Step 1: Enhancer analysis shows the region has modest ATAC signal (average ~0.28) but consistently negative H3K27ac values across most samples, suggesting it may be a poised or repressed enhancer rather than actively enhancing in this context. Step 2: TF motif analysis reveals multiple KLF family members with strong binding scores, particularly KLF9 which appears 12 times with scores ranging from 10.14-12.20, indicating multiple strong binding sites. Step 3: Among nearby genes, FOXE1 is a biologically relevant transcription factor involved in thyroid development and function, making it a plausible target for regulation. Step 4: KLF9 is known to target genes involved in cell differentiation and development, which aligns with FOXE1's role. Step 5: The 3D chromatin data shows interaction scores up to 42, suggesting potential long-range interactions. Step 6: Confidence is moderate (0.65) due to the negative H3K27ac signal suggesting the enhancer may not be active in this context, lack of specific tissue context ('None tissue'), and absence of direct eQTL or CRISPR validation. The relationship is plausible based on motif strength and biological relevance but requires tissue-specific validation."
chr9:99075500-99075828,PLAGL2,TGFBR1,0.65,TGFBR1|chr9:101837461-101838079:.,1,"Step 1: The region chr9:99075500-99075828 shows consistent ATAC signal (open chromatin) and H3K27ac marks (enhancer activity) across multiple measurements, confirming it as a functional enhancer. Step 2: TF binding analysis - Among the motif-containing TFs, PLAGL2 has the 4th highest motif score (15.6721) but shows the most biologically relevant target relationships. Step 3: Target gene selection - TGFBR1 is selected as the most plausible target because: (1) It's the closest protein-coding gene to the enhancer region, (2) TGFBR1 is involved in TGF-β signaling pathways that are fundamental to cellular regulation, (3) While not explicitly listed in PLAGL2 targets, PLAGL2 is known to regulate genes involved in cell growth and differentiation pathways that would logically include TGF-β signaling components. Step 4: Evidence evaluation - Supporting evidence includes: strong enhancer marks (0.7 confidence), good TF motif score (0.6 confidence), logical TF-target relationship (0.5 confidence), but limited by absence of direct eQTL/CRISPR data (0.3 confidence) and unspecified tissue context. The moderate overall confidence of 0.65 reflects strong enhancer evidence but indirect TF-gene relationship evidence."
chr9:133004125-133004474,SPI1,TSC1,0.65,GFI1B|chr9:135879509-135880009:.,0,"Step 1: The region chr9:133004125-133004474 shows consistent ATAC signal (multiple values >0.4, some >1.0) indicating open chromatin, and mixed but generally positive H3K27ac signals (several values >0.5) suggesting enhancer activity. Step 2: TF motif analysis - SPI1 has the highest motif score (19.5285) among all TFs, indicating strong binding potential. SPIB (score 18.9837) is closely related but SPI1 is more broadly studied. Step 3: Target gene selection - Among nearby genes, TSC1 is a strong candidate as it's a well-characterized tumor suppressor gene involved in mTOR signaling. While CEL and GFI1B are also plausible, TSC1 has broader regulatory importance. Step 4: TF-target relationship - SPI1 targets multiple genes involved in cellular regulation, and while TSC1 isn't explicitly listed in the provided targets, SPI1 is known to regulate various tumor suppressors and immune genes. Step 5: Evidence evaluation - The enhancer shows solid chromatin accessibility evidence but mixed H3K27ac signals. The motif evidence is strong (highest score). The lack of eQTL, CRISPR, and 3D chromatin data reduces confidence. Tissue context is unspecified ('None'), making biological interpretation challenging. Step 6: Biological significance - In a general context, SPI1 regulation of TSC1 could represent a mechanism controlling cell growth and proliferation through mTOR pathway regulation. Step 7: Confidence assessment - Strong motif evidence and plausible biological relationship support moderate confidence (0.65), limited by missing functional validation data and unspecified tissue context."
chrX:12947210-12947515,CTCF,TMSB4X,0.85,TMSB4X|chrX:12964849-12965769:.,1,"The enhancer shows strong evidence of activity with multiple ATAC (peaks up to 2.88) and H3K27ac (peaks up to 2.56) signals. 3D chromatin interaction data provides the strongest evidence with multiple high-score contacts to TMSB4X (scores 32, 19, 16, 9) and TCEANC (scores 22, 19, 18, 8, 7). TMSB4X has the highest individual contact score (32) and is the closest protein-coding gene (27,460 bp). CTCF has the highest motif scores (18.21, 16.28, 14.67, 14.16) and is known to mediate chromatin looping. While TCEANC also shows strong 3D contacts, TMSB4X's proximity, higher maximum contact score, and established role as a chromatin-associated protein make it the most plausible target. No eQTL or CRISPR data are available to contradict this conclusion."
chrX:12950219-12950474,USF2,TLR8,0.75,TMSB4X|chrX:12968211-12968711:.,0,"Step 1: The region chrX:12950219-12950474 shows consistent ATAC (mean ~2.5) and H3K27ac (mean ~2.2) signals across multiple samples, indicating an active enhancer. Step 2: TF binding analysis - USF2 has the second-highest motif score (18.3673) among all TFs, suggesting strong binding potential. Step 3: Target gene selection - TLR8 is the most plausible target based on: (1) eQTL data showing a significant regulatory variant (slope: 0.137) at position 12950357 within the enhancer region; (2) Physical proximity; (3) USF2 is known to regulate immune-related genes. Step 4: Supporting evidence - The 3D chromatin interaction scores (12-27) suggest chromatin looping potential, though specific targets are unspecified. CRISPR data is uninformative. Step 5: Biological context - TLR8 is a toll-like receptor involved in innate immunity, making USF2 (a known regulator of immune responses) a biologically plausible regulator. Confidence is 0.75 due to strong motif and eQTL support, but limited by unspecified tissue context and incomplete 3D chromatin target information."
chrX:47662281-47662631,ZNF384,RBM10,0.65,UXT|chrX:47521352-47522055:.,0,"Step 1: The region chrX:47662281-47662631 shows strong enhancer characteristics with multiple H3K27ac peaks (up to 3.5) indicating active enhancer status, though ATAC signals are variable. Step 2: TF motif analysis - ZNF384 shows the strongest and most consistent motif presence (7 instances with scores 13.57, plus additional at 11.62), suggesting high binding affinity. Other strong TFs like Stat5a (15.91) and GATA1::TAL1 (15.49) have higher individual scores but less recurrence. Step 3: Target gene selection - Among nearby genes, RBM10 is a strong candidate as it's a protein-coding gene involved in RNA splicing regulation, unlike many pseudogenes and non-coding RNAs in the list. ZNF384 targets include splicing regulators like SRRM2, making RBM10 (RNA binding motif protein 10) a biologically plausible target. Step 4: Supporting evidence - The 3D chromatin data shows moderate interaction scores (11.0 and 27.0), suggesting physical proximity possible for enhancer-gene interaction. However, eQTL and CRISPR data are unavailable, limiting confirmation. Tissue context is unspecified ('None tissue'), so biological significance must be inferred from general gene function: RBM10 regulates alternative splicing and mutations are associated with cancer, suggesting this enhancer-TF-gene relationship could modulate RNA processing networks. Confidence is moderate (0.65) due to strong motif evidence and biological plausibility, but limited by missing functional validation data and unspecified tissue context."
chrX:48782936-48783167,KLF4,GATA1,0.65,CCDC22|chrX:48641226-48641726:.,0,"Step 1: The region chrX:48782936-48783167 shows mixed but generally low ATAC and H3K27ac signals across multiple measurements, suggesting it may have context-dependent enhancer activity rather than being a strong constitutive enhancer. Step 2: TF motif analysis - KLF4 appears among the top motifs (score: 15.4818) and has multiple high-scoring KLF family motifs in the region (KLF15: 16.2692, KLF7: 15.7191, KLF1: 15.5281), suggesting KLF factors are likely binders. Step 3: Target gene selection - GATA1 is the most biologically relevant nearby gene given its critical role in hematopoietic development and regulation by KLF factors. While distance data is unavailable, GATA1 is known to be regulated by distal enhancers. Step 4: TF-target relationship - KLF4 is known to regulate hematopoietic genes and can interact with GATA1 in regulatory networks, though a direct relationship isn't explicitly listed. Step 5: Evidence evaluation - The CRISPR data shows a modest effect size (-0.092) suggesting functional relevance. The mixed epigenetic signals reduce confidence, but the strong KLF motif presence and biological plausibility of KLF4-GATA1 interaction in regulation support this relationship. The absence of strong eQTL and 3D chromatin data limits confidence to moderate levels. Step 6: Tissue context - In None tissue (likely indicating unspecified or general context), GATA1's role in hematopoietic differentiation would be significant if this is a blood-related tissue. If downregulated, effects could include impaired erythropoiesis or megakaryocyte differentiation."
chrX:48782936-48783167,KLF4,GATA1,0.65,FTSJ1|chrX:48641226-48641726:.,0,"Step 1: The region chrX:48782936-48783167 shows mixed but generally low ATAC and H3K27ac signals across multiple measurements, suggesting weak but potentially functional enhancer activity. Step 2: TF motif analysis - Among the top motifs, KLF4 (score: 15.4818) and KLF1 (score: 15.5281) show strong binding potential. KLF4 is selected due to its well-established role in hematopoietic regulation and higher consistency across measurements. Step 3: Target gene selection - GATA1 is prioritized as it is a key hematopoietic transcription factor located on chrX and known to be co-regulated with KLF factors in blood-related tissues. Although tissue is unspecified, the presence of blood-related genes (GATA1, WAS) suggests hematopoietic context. Step 4: Supporting evidence - TF-target relationships confirm KLF4 regulates genes involved in differentiation (CDH1, CCND1), and GATA1 is a plausible target through indirect pathways. CRISPR shows a small negative effect size (-0.092), suggesting functional impact. However, low enhancer signals and lack of tissue-specific data reduce confidence. eQTL and 3D chromatin data are uninformative. Biological significance: In hematopoietic contexts, KLF4→GATA1 regulation would support erythroid/megakaryocytic differentiation. Downregulation could impair blood cell development, but without tissue confirmation, this remains speculative. Evidence strength: Motif (strong), TF-gene (moderate), Enhancer (weak), CRISPR (weak), Other (none)."
chrX:48782936-48783167,KLF1,GATA1,0.75,GATA1|chrX:48641226-48641726:.,1,"Step 1: The enhancer region chrX:48782936-48783167 shows mixed but generally low ATAC/H3K27ac signals across multiple samples, with some positive ATAC values (up to 1.1029) indicating potential accessibility. Step 2: TF motif analysis reveals strong binding motifs for KLF family factors, with KLF1 showing high scores (15.5281 and 14.6404). Step 3: Among nearby genes, GATA1 is the closest (3,222 bp) and has known functional relationships with KLF1 in hematopoietic regulation. Step 4: CRISPR data shows effects on PLP2 and PIM2 but these are distant (>380 kb) with small effect sizes, while no 3D chromatin or eQTL data directly support alternative targets. Step 5: The KLF1-GATA1 regulatory relationship is well-established in erythropoiesis, and proximity combined with motif strength supports this pairing despite modest enhancer activity signals. Confidence is moderated due to variable enhancer signals and lack of direct functional validation for this specific locus."
chrX:65998097-65998440,THRA,HEPH,0.75,MSN|chrX:65217859-65218359:.,0,"Step 1: The region chrX:65998097-65998440 shows variable but generally positive ATAC signals (multiple values >1.0, max 3.19) indicating chromatin accessibility, though H3K27ac signals are mostly negative, suggesting this may be a poised rather than active enhancer in the unspecified tissue context. Step 2: TF motif analysis - THRA has a strong motif score (17.0), ranking second among all identified motifs. Step 3: Target gene selection - HEPH is the most plausible target based on: (1) eQTL data showing significant regulatory variants at positions 65998392 and 65998429 within the enhancer region with negative slopes (-0.159 to -0.169) indicating allele-specific regulation; (2) HEPH is a protein-coding gene (unlike many pseudogenes and non-coding RNAs in the list) with known biological function in iron homeostasis; (3) The enhancer coordinates overlap with the eQTL positions. Step 4: Supporting evidence evaluation - eQTL data provides strong direct evidence (weight: 0.7), TF motif strength supports THRA binding (weight: 0.6), chromatin accessibility data is moderately supportive (weight: 0.5), but lack of H3K27ac signal and absence of 3D chromatin/CRISPR data reduce confidence. The confidence score of 0.75 reflects strong eQTL and motif evidence but uncertainty due to the unspecified tissue context and mixed epigenetic signals."
chrX:66009255-66009577,FOXD3,MSN,0.65,MSN|chrX:65229035-65229535:.,1,"Step 1: The region chrX:66009255-66009577 shows mixed but occasionally positive H3K27ac signals (e.g., 0.736, 0.857, 0.970 in some samples), suggesting context-specific enhancer activity despite overall low accessibility (mostly negative ATAC values). This pattern indicates it may function as a poised or condition-specific enhancer. Step 2: TF binding analysis - Among motifs present, FOXD3 has strong binding evidence (score 13.97) and is known to regulate genes involved in cell differentiation and migration. Step 3: Target gene selection - MSN (moesin) is the most biologically relevant nearby gene (distance N/A but within 1Mb), encoding a cytoskeletal protein involved in cell adhesion and motility. FOXD3 targets cell migration genes (e.g., RND3, SPP1 in its target list), making MSN a plausible target. Other TFs like Sox6 also have high scores but their known targets (cell cycle genes) are less directly related to MSN's function. Step 4: Evidence integration - The 3D chromatin data (score 32) supports looping interactions, while eQTL/CRISPR data are uninformative. The confidence is moderate (0.65) due to the enhancer's variable activity signals and lack of direct functional validation, but the FOXD3-MSN relationship is mechanistically plausible given their roles in cell migration and adhesion pathways."
chrX:134981877-134982377,KLF9,HPRT1,0.35,SMIM10|chrX:134115907-134116407:.,0,"Step 1: The genomic region chrX:134981877-134982377 is the candidate enhancer region provided for analysis, though no ATAC or H3K27ac data is available to confirm enhancer activity. Step 2: TF motif analysis - KLF9 shows the strongest and most consistent motif presence with 10 instances (9 with score 12.2, 1 with score 10.4), indicating high binding potential. Other TFs like GATA1::TAL1 and TEF have higher individual scores but fewer occurrences. Step 3: Target gene selection - HPRT1 is selected as the most plausible target because it's a well-characterized housekeeping gene involved in purine salvage pathway, located within the 1Mb radius, and has biological relevance across tissues. While TF-target data shows KLF9 regulates genes like PDCD5, PGR, and FKBP5, no direct HPRT1 regulation is documented, requiring inference. Step 4: Evidence evaluation - Confidence is low (0.35) due to multiple limitations: no tissue-specific data (None tissue), absent functional genomics evidence (ATAC/H3K27ac, eQTL, CRISPR, 3D chromatin), and no direct KLF9-HPRT1 regulatory relationship in the provided data. The prediction relies primarily on motif strength and genomic proximity. Step 5: Biological significance - In a general context, KLF9 regulation of HPRT1 would maintain purine metabolism homeostasis. HPRT1 deficiency causes Lesch-Nyhan syndrome, indicating its critical role in neurological function. Step 6: Downregulation effects - HPRT1 downregulation would disrupt purine salvage, leading to uric acid accumulation, neurological dysfunction, and potential cell death, though tissue-specific effects cannot be determined without tissue context."
chrX:153985437-153985786,CTCF,TMEM187,0.75,ABCD1|chrX:153250930-153251430:.,0,"Step 1: The region chrX:153985437-153985786 shows consistent ATAC (open chromatin, avg ~1.8) and H3K27ac (enhancer activity, avg ~2.0) signals across multiple measurements, confirming it as a functional enhancer. Step 2: TF binding analysis - Among the top motif scores, CTCF ranks highly (score: 15.3211) and is a well-established architectural protein that can facilitate enhancer-promoter interactions. Step 3: Target gene selection - eQTL data provides the strongest direct evidence, showing multiple significant associations (slopes: -0.43 to -0.56) between the variant at 153985659 (within the enhancer) and TMEM187 expression. While PNMA6A also shows eQTL signals, TMEM187 has more consistent and stronger associations. Step 4: Biological context - In the absence of tissue specification ('None tissue'), CTCF is a universal chromatin organizer that can function across tissues. TMEM187 (Transmembrane Protein 187) is involved in membrane transport processes, though specific functions are not fully characterized. Step 5: Evidence integration - The eQTL data provides direct functional evidence (high weight), supported by enhancer marks (medium weight) and TF motif (medium weight). The CRISPR and 3D chromatin data are uninformative here. The confidence of 0.75 reflects strong eQTL support but acknowledges the unknown tissue context and partial biological characterization of TMEM187."
chrX:153985437-153985786,NR2F1,MECP2,0.75,IRAK1|chrX:153250930-153251430:.,0,"Step 1: The region chrX:153985437-153985786 shows consistent ATAC (mean ~1.8) and H3K27ac (mean ~2.0) signals across multiple samples, indicating an active enhancer. This overlaps with the query coordinates chrX:153985479-153985979. Step 2: TF motif analysis - NR2F1 has the highest motif score (21.72) in this region, indicating strong binding potential. Step 3: Target gene selection - Among nearby genes, MECP2 is a strong candidate due to: (1) Its critical role in neuronal function and chromatin regulation, fitting with NR2F1's known involvement in neural development; (2) The absence of distance data suggests potential long-range regulation common in neural genes; (3) While eQTL data shows association with TMEM187 and PNMA6A, MECP2's biological significance makes it a more plausible target for a conserved regulatory mechanism. Step 4: Supporting evidence - The enhancer shows moderate-to-high chromatin accessibility and acetylation across multiple samples. The NR2F1-MECP2 relationship is biologically plausible given NR2F1's role in neural development and MECP2's function as a chromatin modulator. Confidence is 0.75 due to strong motif evidence and biological plausibility, though limited by the absence of direct functional validation and tissue-specific data."
chr11:334286-334625,MAZ,HRAS,0.75,IFITM1|chr11:334196-334635:.,0,"Step 1: The genomic region chr11:334286-334625 shows strong enhancer characteristics with multiple ATAC peaks (up to 2.66) indicating open chromatin and H3K27ac signals (up to 2.67) indicating active enhancer status. This region overlaps with the query coordinates chr11:334196-334635. Step 2: TF motif analysis - Among the high-scoring motifs (ZNF331:18.17, MAZ:16.08, SP1:16.06), MAZ stands out because it shows a known regulatory relationship with HRAS in the provided TF-target data. Step 3: Gene selection - HRAS is the most plausible target as it appears in the nearby genes list and has a documented regulatory relationship with MAZ. The IFITM gene cluster (IFITM1, IFITM2, IFITM3, IFITM5) are also nearby but lack direct TF relationship evidence in the provided data. Step 4: Supporting evidence - The eQTL data shows regulatory activity in this region with significant effects on PGGHG and POLR2L, confirming regulatory potential. While CRISPR and 3D chromatin data are inconclusive, the combination of strong enhancer marks, high-scoring TF motifs, and documented TF-gene relationship provides compelling evidence. Step 5: Confidence assessment - 0.75 reflects strong enhancer evidence and motif support, but limited by the absence of tissue-specific data and incomplete CRISPR/3D chromatin validation."
chr11:5272822-5273045,NHLH1,HBG2,0.65,HBE1|chr11:5272749-5272943:.,0,"Step 1: The enhancer at chr11:5272822-5273045 shows variable but generally low ATAC and H3K27ac signals across samples, suggesting it may be a context-specific or weakly active regulatory element. Step 2: Among the TFs with binding motifs in this region, NHLH1 has the highest motif score (12.7069) and appears twice in the top motifs, indicating strong binding potential. Step 3: The eQTL data provides the strongest direct evidence, showing three significant variants within the enhancer region (positions 5272890 and 5272904) that affect HBG2 expression with slopes of 0.38567 and approximately -0.34 average, demonstrating functional regulatory impact on this specific gene. Step 4: While NHLH1's known targets from the provided list don't include hemoglobin genes, its role as a basic helix-loop-helix transcription factor suggests potential involvement in diverse regulatory programs. Step 5: HBG2 (Hemoglobin Subunit Gamma 2) is the most biologically significant nearby gene, encoding a fetal hemoglobin subunit, making it a plausible target for regulation in blood-related tissues despite the 'None' tissue specification. Step 6: The CRISPR and 3D chromatin data provide no contradictory evidence. Step 7: Confidence is moderate (0.65) due to the strong eQTL evidence supporting HBG2 regulation and NHLH1's strong motif presence, though limited by the absence of tissue-specific context and lack of direct NHLH1-HBG2 relationship in the provided TF-target data."
chr11:5277863-5278122,FOS,HBB,0.65,HBE1|chr11:5277927-5278054:.,0,"Step 1: The region chr11:5277863-5278122 shows variable but occasionally positive ATAC signals (e.g., 1.18, 0.7199, 0.6646) indicating chromatin accessibility, though H3K27ac signals are predominantly negative, suggesting weak or context-dependent enhancer activity. Step 2: TF motif analysis - FOS has a high motif score (14.1915), second only to Jun, and is part of the AP-1 complex, which is a key regulator in various tissues. Step 3: Target gene selection - Among nearby genes, HBB (hemoglobin subunit beta) is biologically significant and known to be regulated by multiple TFs, including AP-1 factors like FOS in erythroid contexts; though tissue is unspecified, HBB's role in oxygen transport implies broad relevance. Other genes like HBG1/HBG2 are fetal hemoglobin genes less likely active in adult tissues, and olfactory receptors (OR genes) are tissue-specific. Step 4: TF-target relationship - FOS targets include genes involved in stress response and proliferation, and while HBB is not explicitly listed, AP-1 factors can influence globin gene expression indirectly through hematopoietic pathways. Step 5: Supporting evidence - eQTL, CRISPR, and 3D chromatin data are absent or uninformative, reducing confidence; the enhancer data is mixed but not dismissive. Step 6: Biological context - In an unspecified tissue, HBB downregulation could impair oxygen transport and cellular metabolism, but without tissue specificity, this is speculative. Confidence is moderate (0.65) due to strong TF motif and plausible gene function despite limited direct evidence."
chr11:10744203-10744535,ZNF175,ADM,0.65,CTR9|chr11:10744215-10744587:.,0,"Step 1: The region shows variable but generally positive ATAC (open chromatin) and H3K27ac (enhancer activity) signals across multiple samples, confirming it as a functional enhancer. Step 2: TF motif analysis - ZNF175 has a strong motif score (13.6383), second highest among identified TFs. Step 3: Target gene connection - ZNF175 targets ADM according to the TF-target relationships data. Step 4: Genomic proximity - ADM is located within the 1Mb radius of the enhancer. Step 5: Supporting evidence - While eQTL and CRISPR data are unavailable, the 3D chromatin interaction score (32.0) suggests potential long-range interactions. The enhancer shows tissue-specific activity patterns (though tissue is unspecified). Confidence is moderate (0.65) due to strong motif and target evidence but lack of direct functional validation from eQTL/CRISPR data."
chr8:124637518-124637868,RFX5,TRMT12,0.75,NSMCE2|chr8:124637449-124637892:.,0,"Step 1: The region chr8:124637518-124637868 shows consistent ATAC (mean ~1.5) and H3K27ac (mean ~1.2) signals across multiple measurements, indicating active chromatin accessibility and enhancer activity. This overlaps with the query coordinates chr8:124637449-124637892. Step 2: TF motif analysis - RFX5 has the third highest motif score (19.0862) among all TFs, indicating strong binding potential. RFX family members (RFX1, RFX2, RFX3, RFX5) are well-represented in the top motifs. Step 3: Target gene selection - TRMT12 is the only gene with direct eQTL evidence (position 124637631 within enhancer, slope 0.288532), providing functional validation. Among nearby genes, TRMT12 (tRNA methyltransferase 12) has clear protein-coding function unlike many non-coding RNAs in the list. Step 4: TF-target relationship - RFX5 is known to regulate histone deacetylases and immune genes, which could indirectly influence TRMT12's role in tRNA modification and translation. While not directly listed in the provided TF-target relationships, RFX family proteins are established transcriptional regulators. Step 5: Supporting evidence - The 3D chromatin data shows high interaction scores (76.0, 39.0, 17.0), supporting chromatin looping to target genes. The tissue context ('None') suggests this may be a fundamental regulatory relationship not limited to specific tissues. Step 6: Confidence assessment - Strong motif score + direct eQTL evidence + chromatin accessibility support gives high confidence (0.75), though the exact TF-target relationship requires additional validation. The biological significance involves regulation of TRMT12, which encodes a tRNA modification enzyme critical for translation fidelity. Downregulation could impair protein synthesis and cellular homeostasis broadly."

,,,,,,