row_index	chr	start	end	TF	target_gene	name	label	confidence	rationale	output
0	chrX	153985479	153985979	SP1	MECP2	ABCD1|chrX:153250930-153251430:.	0	0.66	Step1: CRE lies in the Xq28 MECP2 regulatory neighborhood; Step2: sequence is highly GC rich with multiple GC-box SP1-compatible motifs; Step3: SP1 is expressed and broadly active in K562 cells; Step4: SP1 has a known activating relationship with MECP2 transcription through GC-rich regulatory/promoter elements; Step5: erythroid-specific GATA motifs are present but the strongest known TF-gene prior for this locus is SP1 to MECP2	activate
1	chr2	235460549	235461049	GATA1	AGAP1	AGAP1|chr2:236369193-236369693:.	1	0.56	Step1: The CRE lies near the AGAP1 locus at chr2q37; Step2: the sequence contains erythroid-compatible GATA-like sites and multiple E-box/CAGCTG motifs consistent with GATA1-TAL1 enhancer grammar; Step3: GATA1 is a central K562 erythroid transcription factor and commonly activates hematopoietic enhancer-linked genes; Step4: AGAP1 is the most plausible local candidate target gene for this distal regulatory element; Step5: direct AGAP1 regulation by GATA1 is not strongly established, so confidence is moderate.	activate
2	chrX	55028229	55028268	KLF1	ALAS2	ALAS2|chrX:55054662-55054701:*	1	0.76	Step1: The CRE maps to the ALAS2 locus on chrX in hg38; Step2: The sequence contains CACCC/GC-rich KLF-compatible motif content, including ACCACTCCCC and GGGCGTGGGA; Step3: ALAS2 is an erythroid heme-biosynthesis gene highly relevant to K562 biology; Step4: KLF1 is a core erythroid activator that binds CACCC elements; Step5: KLF1 is known to activate erythroid genes including ALAS2 through promoter/enhancer regulatory elements; Step6: The most plausible model is KLF1 binding this CRE to promote ALAS2 transcription in K562 cells	activate
3	chr9	73143858	73144497	GATA1	KLF9	ANXA1|chr9:75758774-75759413:.	0	0.62	K562 erythroid enhancer candidate near the KLF9 locus; the sequence is AT-rich and contains GATA-like WGATAR-compatible sites with nearby E-box/CACCC-compatible motifs consistent with erythroid enhancer grammar; GATA1 is a core K562 erythroid regulator with known roles in activating erythroid differentiation programs and KLF-family regulatory circuitry; KLF9 is a biologically plausible hematopoietic target for enhancer-mediated activation.	activate
4	chr9	73148376	73149938	GATA1	KLF9	ANXA1|chr9:75763292-75764854:.	0	0.62	AT-rich K562 CRE with multiple GATA-compatible WGATAR-like sites and nearby E-box-like sequences consistent with erythroid enhancer grammar; KLF9 is the most plausible nearby candidate gene at this chr9q21 locus; GATA1 is a master erythroid regulator in K562 and commonly activates hematopoietic enhancer programs, making GATA1-mediated activation of KLF9 the strongest hypothesis	activate
5	chr11	33944736	33945236	GATA1	LMO2	APIP|chr11:33966283-33966783:.	0	0.74	Step1: CRE lies near LMO2 in the chr11p13 hematopoietic regulatory neighborhood; Step2: sequence contains multiple WGATAR-compatible GATA motifs; Step3: GATA1 is active in K562 erythroid regulatory programs; Step4: LMO2 is a known hematopoietic transcriptional regulator; Step5: GATA1 with TAL1/LDB1 is a plausible enhancer activator of LMO2 in erythroid cells	activate
6	chr3	141848947	141849843	GATA1	TFDP2	ATP1B3|chr3:141567789-141568685:.	0	0.46	Step1: CRE lies near the TFDP2 locus in hg38 and is plausible as a distal K562 regulatory element; Step2: sequence contains multiple GATA-compatible sites and erythroid cofactor-compatible E-box or GC-rich motifs; Step3: GATA1 is a dominant K562 erythroid TF with frequent enhancer occupancy; Step4: TFDP2 is relevant to hematopoietic cell proliferation through E2F-family regulation; Step5: GATA1 enhancer binding is biologically plausible for modulating nearby transcriptional programs, although direct GATA1 to TFDP2 evidence is limited; Step6: predicted enhancer action is most consistent with activation in K562	activate
7	chr17	48521699	48522551	GATA1	HOXB2	ATP5G1|chr17:46599061-46599913:.	0	0.6	Step1: The interval maps to the HOXB regulatory neighborhood in hg38 and is closest to early HOXB genes; Step2: the sequence contains a plausible GATA-like WGATAA motif plus GC-rich hematopoietic enhancer context; Step3: GATA1 is a dominant K562 erythroid regulator often acting with TAL1 and LMO2 at active enhancers; Step4: HOXB2 is a plausible nearby developmental hematopoietic target; Step5: the most likely model is GATA1 binding this CRE to support HOXB2 expression in K562 cells.	activate
8	chr2	175036530	175037030	GATA1	HBB	ATP5G3|chr2:175901258-175901758:.	0	0.71	activate	K562 erythroid CRE with multiple GATA-like and CACC/GC-rich motifs consistent with GATA1/KLF1 binding; GATA1 is a master erythroid activator in K562 and most plausibly drives a nearby globin/erythroid target such as HBB through enhancer activation.
9	chr19	48812108	48812648	KLF1	FUT1	BCAT2|chr19:49315365-49315905:*	0	0.67	activate	Step1: CRE is a GC-rich promoter/enhancer-like element near FUT1 at the H blood-group locus; Step2: the sequence contains multiple CACCC and GC-rich KLF-compatible motifs; Step3: KLF1 is a core erythroid transcription factor relevant to K562 erythroid regulatory programs; Step4: FUT1 encodes alpha-1,2-fucosyltransferase for H antigen and is biologically relevant to erythroid blood-group expression; Step5: KLF1 is known to activate erythroid membrane and blood-group genes, supporting KLF1-mediated activation of FUT1 as the most plausible hypothesis.
10	chr4	78732519	78733156	GATA1	FRAS1	BMP2K|chr4:79653673-79654310:.	0	0.45	Intronic or proximal FRAS1-region CRE with multiple GATA-compatible WGATAA-like sites in a K562 erythroid context; GATA1 is a dominant K562 erythroid enhancer TF and is biologically more plausible than non-hematopoietic alternatives, although direct FRAS1 regulation is not well established.	activate
11	chr12	12353671	12354299	GATA1	LMO2	BORCS5|chr12:12506605-12507233:.	0	0.74	activate	GATA1 is a core erythroid TF in K562 cells and the CRE sequence is GC-rich with multiple GATA-compatible and hematopoietic enhancer-like motifs; a plausible hypothesis is GATA1 binding to this enhancer to activate the nearby hematopoietic target LMO2, a well-known erythroid/leukemia regulatory gene in K562 context
12	chr19	17398833	17399622	RUNX1	JAK3	BST2|chr19:17509642-17510431:.	0	0.57	Step1: The CRE is in the chr19p13.11 hematopoietic regulatory neighborhood near JAK3; Step2: The sequence contains a strong RUNX-compatible TGTGGT motif and additional GC-rich enhancer-associated motifs; Step3: RUNX1 is active in K562 and commonly occupies hematopoietic enhancers; Step4: JAK3 is a biologically plausible hematopoietic cytokine-signaling target; Step5: The most plausible model is RUNX1 binding this CRE to promote JAK3 transcription in K562 cells.	activate
13	chr20	4037971	4038471	SP1	PANK2	C20orf27|chr20:4018618-4019118:.	0	0.46	Step1: The CRE lies near the chr20p13 PANK2 locus, making PANK2 a plausible local target; Step2: the sequence is GC-rich with multiple GC-box like SP1-compatible motifs such as GGGCGGGT and GCCGC; Step3: SP1 is active in K562 and commonly supports transcription from GC-rich regulatory elements; Step4: PANK2 is a broadly expressed metabolic gene for which SP1-mediated activation is biologically plausible, though not strongly erythroid-specific.	activate
14	chr7	7099480	7099980	GATA1	C1GALT1	C7orf26|chr7:7139111-7139611:.	0	0.62	Step1: The CRE is a distal regulatory element near C1GALT1 on chr7; Step2: The sequence contains a compatible GATA motif such as AGATAA plus erythroid cofactor-associated CACCC and AP1-like motifs; Step3: GATA1 is a key K562 erythroid transcription factor; Step4: C1GALT1 is biologically plausible in hematopoietic glycosylation programs; Step5: GATA1 most plausibly supports enhancer-mediated transcriptional activation in this context	activate
15	chr11	33941571	33942071	GATA1	LMO2	CAT|chr11:33963118-33963618:.	0	0.79	Step1: The CRE lies in the LMO2 regulatory neighborhood on chr11 and is plausible as a distal hematopoietic enhancer; Step2: The sequence contains GATA-compatible sites and multiple E-box-like motifs consistent with erythroid GATA1 TAL1 complex binding; Step3: LMO2 is the most biologically plausible target gene in K562; Step4: GATA1 is a central erythroid transcription factor active in K562; Step5: GATA1 is known to activate hematopoietic genes including LMO2 through enhancer occupancy with TAL1 and LDB1; Step6: This supports an enhancer mediated activation model in erythroid leukemia cells.	activate
16	chr11	33944736	33945236	GATA1	LMO2	CAT|chr11:33966283-33966783:.	0	0.78	Step1: The chr11p13 CRE lies in the broader LMO2 regulatory domain relevant to hematopoietic cells; Step2: The sequence contains multiple GATA-compatible WGATAR-like sites including GATAA and GATAG occurrences; Step3: LMO2 is a strong candidate erythroid hematopoietic target gene near this locus; Step4: GATA1 is a master erythroid TF active in K562 and commonly co-occupies enhancers with TAL1 and LMO2 complexes; Step5: GATA1 is known to positively regulate erythroid transcriptional programs including LMO2-associated regulatory circuitry; Step6: The most plausible model is GATA1 binding this enhancer to support LMO2 expression in K562 cells	activate
17	chrX	48782818	48783318	TAL1	GATA1	CCDC22|chrX:48641226-48641726:.	0	0.73	Step1: The CRE lies immediately upstream of the GATA1 locus in hg38, consistent with a candidate GATA1 regulatory element; Step2: The sequence contains E-box-like TAL1-compatible motifs including CAGCTG and nearby GATA-like reverse-strand motif context; Step3: GATA1 is the most plausible local target gene; Step4: TAL1 is a core erythroid and K562 transcription factor that functions with GATA1, LMO2 and LDB1 at hematopoietic enhancers; Step5: TAL1 is a known positive regulator of erythroid gene programs including GATA1-associated regulatory circuitry; Step6: In K562 cells this supports an active erythroid enhancer model.	CRE-bound TAL1 most plausibly activates GATA1 expression in K562 cells through an erythroid enhancer mechanism.
18	chr8	129689337	129689837	GATA1	HBB	CCDC26|chr8:130701583-130702083:.	0	0.72	activate	The CRE is rich in GC- and GATA-like enhancer motifs and is highly plausible as an erythroid regulatory element in K562 cells; GATA1 is a master erythroid TF that commonly activates hemoglobin genes and other erythroid targets, making a GATA1→enhancer→HBB-style activation hypothesis the most biologically plausible despite the locus not explicitly naming a gene.
19	chr7	44995065	44995565	GATA1	SLC4A1	CCM2|chr7:45034664-45035164:.	0	0.76	activate	Sequence context is strongly erythroid-like and in K562 cells most plausible binding is GATA1, whose motifs (WGATAR) are compatible with multiple GATA-like sites in the CRE; GATA1 is a master activator in erythroid/K562 regulatory programs and commonly drives hemoglobin/erythroid membrane gene enhancers. The best candidate target_gene is SLC4A1, a canonical erythroid membrane gene often activated by GATA1-linked enhancers in hematopoietic contexts.
20	chr3	108104249	108104749	GATA1	CD47	CD47|chr3:107823096-107823596:.	1	0.76	Step1: The CRE lies just downstream of the CD47 locus in hg38 and is a plausible cis-regulatory element for CD47 in K562; Step2: The sequence contains erythroid-compatible GATA motifs including a strong TGATAG site and an adjacent CAGCTG E-box-GATA composite motif consistent with GATA1 TAL1 enhancer occupancy; Step3: CD47 is expressed on erythroid and hematopoietic cells and is biologically relevant in K562; Step4: GATA1 is a core erythroid activator in K562 and commonly cooperates with TAL1 at composite motifs; Step5: GATA1-mediated enhancer activation of nearby CD47 is the most plausible regulatory hypothesis.	activate
21	chr12	9764686	9765406	JUN	CD69	CD69|chr12:9917282-9918002:.	1	0.72	Step1: CRE lies immediately upstream of the CD69 locus on chr12; Step2: sequence contains a strong CRE/AP-1-like GACGTCA motif and nearby TGAC/ATF-JUN-compatible sites; Step3: CD69 is a hematopoietic activation gene with well-described AP-1/JUN-dependent induction; Step4: JUN is biologically plausible in K562 and hematopoietic regulatory programs; Step5: enhancer binding by JUN is most consistent with activation of CD69 transcription.	activate
22	chr1	150976787	150977582	KLF1	CERS2	CERS2|chr1:150949263-150950058:.	1	0.54	Step1: The locus is a plausible cis-regulatory element near the CERS2 locus on chr1q21; Step2: The sequence is GC-rich and contains multiple CACCC/CCACCC-like sites compatible with erythroid KLF-family binding, especially KLF1; Step3: CERS2 is the most plausible local candidate target gene; Step4: KLF1 is active in erythroid/K562 regulatory programs and commonly binds CACCC motifs; Step5: Direct KLF1-CERS2 regulation is not a canonical relationship, so confidence is moderate; Step6: The most plausible model is erythroid TF occupancy contributing enhancer or promoter-proximal activation in K562.	activate
23	chr12	6613425	6614302	GATA1	HBG2	CHD4|chr12:6722591-6723468:.	0	0.71	activate	K562/erythroid CRE with dense GC/CACCC and GATA-like context is most consistent with a hematopoietic enhancer bound by GATA1; GATA1 commonly activates globin/erythroid programs in K562, and the strongest plausible target is HBG2 given classic erythroid enhancer logic.
24	chr2	219661173	219662525	GATA1	HBB	CHPF|chr2:220525895-220527247:.	0	0.78	activate	Strong K562/erythroid enhancer-like sequence with multiple GATA-compatible and CACCC-like motifs suggests binding by GATA1, a core erythroid activator; the most plausible target in this hematopoietic context is HBB, a canonical GATA1-regulated erythroid gene, making an enhancer->GATA1->HBB activation hypothesis the most biologically coherent.
25	chr19	50728300	50728800	GATA1	KLK15	CLEC11A|chr19:51231557-51232057:.	0	0.43	Step1: The locus is a distal noncoding CRE upstream of KLK15 in the chr19 kallikrein cluster; Step2: The sequence contains multiple GATA-compatible WGATAR-like sites plus nearby GC/CACCC-rich sequence consistent with erythroid enhancer grammar; Step3: KLK15 is the most plausible local candidate target by proximity although it is not a canonical erythroid gene; Step4: GATA1 is a core K562 erythroid TF and commonly acts with TAL1/KLF factors at active hematopoietic enhancers; Step5: Direct GATA1 to KLK15 regulation is not well established, lowering confidence; Step6: Best hypothesis is a weak or context-dependent GATA1-bound enhancer activating nearby KLK15 in K562.	activate
26	chr5	10310245	10310745	GATA1	HBB	CMBL|chr5:10310357-10310857:.	0	0.41	activate	K562/erythroid context strongly favors GATA1 as an enhancer-bound activator; the sequence is GC/AT-rich with several GATA-compatible and erythroid regulatory motifs, making a GATA1-centered enhancer hypothesis plausible. Predicted target_gene is HBB as the most biologically relevant erythroid globin locus candidate for a K562 enhancer, though the exact target is uncertain from the locus alone.
27	chr11	10744215	10744587	GATA1	AMPD3	CTR9|chr11:10744215-10744587:.	0	0.67	GATA-like motifs are present in this erythroid-context CRE and GATA1 is a central K562 erythroid enhancer factor with biologically plausible activation of the nearby erythroid-relevant AMPD3 locus.	activate
28	chr19	2059459	2060334	SP1	MKNK2	DAZAP1|chr19:2059458-2060333:.	0	0.72	Step1: The CRE maps to a GC-rich promoter-proximal region at the MKNK2 locus; Step2: The sequence contains abundant GC-box and CACCC-like motifs compatible with SP1 family binding; Step3: MKNK2 is the most plausible local target gene; Step4: SP1 is active in K562 and commonly activates CpG-rich housekeeping and signaling-gene promoters; Step5: SP1-mediated activation of MKNK2 is biologically plausible in proliferative hematopoietic cells.	activate
29	chr5	112973835	112974335	GATA1	APC	DCP2|chr5:112309532-112310032:.	0	0.52	Step1: The CRE lies approximately 128 kb downstream of APC in hg38, making APC the most plausible local candidate target; Step2: The sequence contains a strong GATA-compatible site such as AGATAA plus nearby GC/CACCC-rich erythroid cofactor-compatible sequence; Step3: GATA1 is a dominant K562 erythroid-lineage enhancer TF and commonly acts through distal regulatory elements; Step4: APC is expressed broadly and is biologically relevant to hematopoietic proliferation through Wnt pathway control, although it is not a canonical erythroid target; Step5: The hypothesis is therefore a plausible but moderate-confidence K562 distal enhancer model driven mainly by motif and genomic proximity rather than a well-established GATA1-to-APC regulatory edge.	activate
30	chr19	13839483	13839983	SP1	PRKACA	DDX39A|chr19:13950297-13950797:.	0	0.73	Step1: The CRE is a GC-rich regulatory sequence near the PRKACA locus on chr19; Step2: The sequence contains multiple SP1-compatible GC-box motifs such as GGGCGG, CCGCCC, and dense CCCCG/CGCC elements; Step3: PRKACA is the most plausible nearby candidate target gene; Step4: SP1 is active in K562 and commonly binds GC-rich promoter-proximal enhancers; Step5: SP1 is known to activate transcription of housekeeping and signaling genes including GC-rich PRKACA regulatory regions; Step6: In K562 cells this supports an SP1-mediated activating enhancer-promoter hypothesis.	activate
31	chr5	133930196	133931107	GATA1	TCF7	DDX46|chr5:133265887-133266798:.	0	0.56	Step1: CRE lies approximately 177 kb upstream of TCF7 at chr5q31.1; Step2: sequence contains plausible GATA-family sites including TGATAG and related GATA-like words plus erythroid-compatible GC/E-box context; Step3: GATA1 is a dominant K562 erythroid regulator and commonly acts at distal enhancers with TAL1/KLF factors; Step4: TCF7 is the nearest strong candidate gene from the locus and encodes a hematopoietic transcription factor; Step5: the hypothesis is biologically plausible but moderate confidence because TCF7 is more lymphoid/Wnt-associated than erythroid-specific and direct K562 enhancer-gene evidence is not provided; Step6: most likely model is GATA1 occupancy of this CRE modulating TCF7 transcription in hematopoietic chromatin.	activate
32	chr14	100770440	100770940	GATA1	HBB	DLK1|chr14:101236777-101237277:.	0	0.79	activate	Strong GC-rich/erythroid enhancer-like sequence with multiple GATA-compatible and CTCF/KLF-family-adjacent motifs in a K562 context; GATA1 is the master erythroid TF in K562 and most plausibly activates a nearby globin/erythroid target gene such as HBB through enhancer function.
33	chr20	33688908	33689408	GATA1	ZNF341	E2F1|chr20:32276714-32277214:.	0	0.56	Step1: CRE lies near ZNF341 in hg38 and is plausibly a distal cis-regulatory element; Step2: sequence contains multiple WGATAR-like GATA motifs including TGATAA and nearby E-box-like sequence consistent with erythroid GATA1/TAL1 enhancer grammar; Step3: ZNF341 is the most plausible local candidate gene from the coordinate context; Step4: GATA1 is a dominant K562 erythroid-lineage regulator; Step5: direct GATA1 to ZNF341 regulation is not a canonical high-confidence pair but is biologically plausible as enhancer-mediated transcriptional activation; Step6: hypothesis is a K562 erythroid enhancer bound by GATA1 activating nearby ZNF341 expression	activate
34	chr11	86151226	86151726	GATA1	LMO2	EED|chr11:85862268-85862768:.	0	0.74	activate	Strong K562/erythroid enhancer context with GC-rich and GATA-compatible motif content; GATA1 is a master erythroid TF known to activate hematopoietic enhancer programs, and LMO2 is a canonical erythroid target/cofactor gene in K562-like cells.
35	chr11	125551610	125552466	MYC	CHEK1	EI24|chr11:125421506-125422362:.	0	0.63	Step1: CRE lies approximately 73 kb upstream of CHEK1 in hg38, making CHEK1 the most plausible local target; Step2: sequence contains multiple CANNTG E-box-like MYC/MAX-compatible motifs including CATGTG occurrences; Step3: MYC is active in K562 leukemia cells and promotes proliferative transcriptional programs; Step4: CHEK1 is a DNA-replication checkpoint kinase required for rapidly cycling hematopoietic cancer cells; Step5: MYC has documented activating links to DNA replication and checkpoint genes including CHEK1, supporting a biologically plausible enhancer to MYC to CHEK1 model.	activate
36	chr11	125552655	125553360	E2F1	CHEK1	EI24|chr11:125422551-125423256:.	0	0.74	Step1: CRE lies close to the CHEK1 locus on chr11q24; Step2: sequence contains E2F-compatible GC-rich motifs including CCCGCT-like core sites; Step3: E2F1 is a well-established activator of cell-cycle and DNA-replication checkpoint genes; Step4: CHEK1 is a canonical proliferation and checkpoint gene highly relevant to rapidly dividing K562 leukemia cells; Step5: published regulatory biology supports E2F-family activation of CHEK1 transcription; Step6: the most plausible K562 hypothesis is an E2F1-bound enhancer or promoter-proximal CRE increasing CHEK1 expression.	activate
37	chr19	8033154	8033923	GATA1	ELAVL1	ELAVL1|chr19:8098038-8098807:.	1	0.63	Step1: The hg38 locus lies at or near ELAVL1, making ELAVL1 the most plausible cis target; Step2: The sequence contains GATA-compatible WGATAR-like sites and nearby E-box-like motifs consistent with erythroid GATA1-TAL1 enhancer grammar; Step3: GATA1 is a central K562 erythroid regulator and commonly activates hematopoietic enhancer targets; Step4: ELAVL1 is broadly expressed and functionally relevant for RNA stability and proliferation in hematopoietic cells; Step5: The most plausible model is a K562 enhancer bound by GATA1 contributing positive regulation of ELAVL1.	activate
38	chr4	74330103	74330893	RELA	CXCL2	EREG|chr4:75195820-75196610:.	0	0.62	Step1: The locus is consistent with a distal cis-regulatory element in the chr4 chemokine-rich region; Step2: The sequence contains NF-kB-compatible GGGRNNYYCC-like sites along with AP-1 and ETS-supporting motifs; Step3: CXCL2 is a plausible nearby inflammatory chemokine target gene; Step4: RELA is a canonical NF-kB transcription factor active in hematopoietic and leukemia contexts including K562 under inflammatory signaling; Step5: RELA is a well-established activator of CXCL2 transcription; Step6: The most plausible K562 regulatory model is an inducible enhancer bound by RELA that activates CXCL2 expression.	activate
39	chr17	42699222	42699316	TAL1	STAT3	EZH1|chr17:40851240-40851334:*	0	0.58	Step1: The CRE lies in the chr17 STAT gene neighborhood and is plausibly assigned to STAT3 in K562; Step2: The sequence contains an erythroid-compatible E-box-like TAL1 motif, including CAGATG; Step3: TAL1 is a core K562 erythroid hematopoietic regulator often acting with LMO2 and GATA cofactors at enhancers; Step4: STAT3 is functionally relevant to hematopoietic cytokine signaling and cell-state regulation; Step5: The hypothesis is that TAL1 binding at this enhancer contributes to STAT3 expression in K562 cells.	activate
40	chr11	61841784	61841802	GATA1	FADS3	FADS1|chr11:61609256-61609274:*	0	0.61	Sequence contains a compatible GATA-family motif CAGATA; GATA1 is a central K562 erythroid enhancer regulator; the CRE lies in the FADS3 locus making FADS3 the most plausible local candidate target; GATA1-bound erythroid enhancers are typically associated with transcriptional activation, though direct FADS3 evidence is limited.	activate
41	chr18	74479914	74480817	GATA1	MBP	FAM69C|chr18:72147149-72148052:.	0	0.72	Step1: CRE located in chr18q22 near MBP locus showing K562 open chromatin features; Step2: Sequence contains GATA motifs (AGATAA at ~pos 320, TATCAC) and CACGTG E-box plus GGAA ETS-like cores compatible with GATA1 binding; Step3: Nearest plausible target gene in this interval is MBP (myelin basic protein), which has documented expression and regulatory activity in K562/erythroid lineage via Golli promoter usage; Step4: GATA1 is the master erythroid TF highly expressed in K562; MBP harbors alternative hematopoietic-active promoters; Step5: GATA1 ChIP-seq in K562 shows binding across MBP regulatory region supporting direct regulation; Step6: In K562 erythroleukemia context, GATA1 likely activates MBP transcription through this distal enhancer by recruiting the GATA1/TAL1/LDB1 complex.	GATA1 binds this enhancer via canonical WGATAR motifs and activates MBP expression in K562 cells through erythroid-specific transcriptional programming.
42	chr1	231053506	231054137	HIF1A	EGLN1	FAM89A|chr1:231189252-231189883:.	0	0.67	Step1: The locus lies in the EGLN1 regulatory neighborhood on chr1q42; Step2: the sequence contains HIF-compatible RCGTG/ACGT core motifs including GCGTG; Step3: HIF1A-ARNT is a well established activator of EGLN1/PHD2 in oxygen-sensing feedback; Step4: EGLN1 is relevant to erythroid hematopoietic biology through HIF control of hypoxia and erythropoiesis; Step5: in K562 cells this supports a distal enhancer model with HIF1A binding and transcriptional activation of EGLN1	activate
43	chr1	161502961	161503461	GATA1	ETS1	FCGR2A|chr1:161472751-161473251:.	0	0.73	Proximal motif-rich sequence is compatible with erythroid TF binding, especially GATA-family sites and adjacent ETS-like/CT-rich content typical of K562 enhancers; in K562 cells GATA1 is a master erythroid activator that commonly drives hemoglobin/erythroid regulatory programs, making a GATA1-centered enhancer hypothesis most plausible.	unknown
44	chr11	125532640	125533140	GATA1	HBE1	FEZ1|chr11:125402536-125403036:.	0	0.71	activate	Sequence is AT-rich with several GATA-like/erythroid-compatible motifs and fits a K562 erythroid enhancer context; GATA1 is the most plausible bound TF in K562 and commonly activates hemoglobin/erythroid target genes, making an activation hypothesis toward an erythroid gene such as HBE1 the most biologically consistent.
45	chr11	125551610	125552466	GATA1	CHEK1	FEZ1|chr11:125421506-125422362:.	0	0.6	Step1: The interval is a plausible cis-regulatory element near the CHEK1 locus on chr11; Step2: The sequence contains multiple GATA-compatible WGATAA-like sites consistent with erythroid GATA factor binding; Step3: CHEK1 is the most plausible nearby regulatory target in this genomic neighborhood; Step4: GATA1 is a dominant K562 erythroid transcription factor and frequently occupies active enhancers with TAL1 and related hematopoietic cofactors; Step5: CHEK1 supports proliferation and DNA-damage checkpoint control in hematopoietic leukemia cells, making enhancer-mediated activation biologically plausible; Step6: The best hypothesis is that this K562 enhancer is bound by GATA1 and contributes to CHEK1 activation.	activate
46	chr11	125553954	125554454	E2F1	CHEK1	FEZ1|chr11:125423850-125424350:.	0	0.64	CRE lies at the CHEK1 locus on chr11q24.2; CHEK1 is a well-established E2F-responsive cell-cycle and DNA-damage checkpoint gene; K562 cells are highly proliferative hematopoietic leukemia cells where E2F programs are active; the sequence contains E2F-compatible GC-rich and TTTCCG-like cores along with enhancer-like TF motif content, supporting an E2F1-bound regulatory element activating local CHEK1 expression	activate
47	chr11	65362343	65362917	GATA1	FOSL1	FIBP|chr11:65129814-65130388:.	0	0.62	K562 erythroid enhancers are frequently controlled by GATA1 with TAL1 and KLF cofactors; the sequence contains multiple GATA-compatible WGATAR-like sites and nearby E-box/KLF-like context; FOSL1 is a plausible nearby regulatory target at the chr11q13 locus and is functionally relevant as an AP-1 transcription factor in hematopoietic gene regulation; GATA1-mediated enhancer activity is biologically plausible in K562.	activate
48	chr6	109304426	109304926	GATA1	CD164	FIG4|chr6:109625629-109626129:*	0	0.72	Intergenic K562 CRE lies about 60 kb upstream of CD164 at the 6q21 hematopoietic locus; the sequence contains multiple WGATAA/GATA-like sites with nearby E-box and CACCC-rich context compatible with the GATA1-TAL1 erythroid enhancer program; CD164 is expressed in hematopoietic and K562 cells and is a plausible enhancer target; GATA1 is a core erythroid regulator with biologically plausible activating control of this locus.	activate
49	chr6	32131463	32131963	GATA1	LYL1	FKBPL|chr6:32099240-32099740:.	0	0.74	activate	Poly(dA:dT)-rich and GC-containing sequence is compatible with erythroid TF occupancy; in K562 cells GATA1 is a central activator of hematopoietic/erythroid enhancers, and the most plausible hypothesis is an enhancer active in erythroid context driving LYL1, a known hematopoietic TF relevant to K562 biology.
50	chr11	61971409	61972293	SP1	FTH1	FTH1|chr11:61738881-61739765:.	1	0.58	activate	GC-rich promoter-like CRE with multiple SP1/KLF-compatible GC boxes; in K562 a plausible model is SP1 binding to activate the nearby housekeeping/erythroid-relevant ferritin heavy chain gene FTH1.
51	chr19	48962248	48962768	KLF1	FUT1	FTL|chr19:49465505-49466025:*	0	0.63	Step1: CRE lies near the chr19 FUT blood-group gene cluster; Step2: sequence is highly GC/CACCC-rich and compatible with KLF-family binding, especially erythroid KLF1; Step3: FUT1 is a plausible nearby hematopoietic target encoding H antigen fucosyltransferase; Step4: KLF1 is an erythroid activator in K562-like regulatory programs; Step5: KLF1 regulation of erythroid surface-antigen genes makes enhancer-to-FUT1 activation biologically plausible; Step6: hypothesis is KLF1 occupancy at this CRE promotes FUT1 expression in K562 cells	activate
52	chr19	48963708	48964208	KLF1	FUT1	FTL|chr19:49466965-49467465:*	0	0.62	Step1: The locus lies in the chr19q13.33 FUT1 FUT2 blood-group gene neighborhood; Step2: The sequence is GC rich and contains multiple CACCC and CCCGCCC elements compatible with KLF family binding including erythroid KLF1; Step3: FUT1 is the most biologically plausible nearby erythroid-relevant candidate because it encodes alpha-1,2-fucosyltransferase for H antigen expression on erythroid cells; Step4: KLF1 is a master erythroid transcription factor active in erythroid regulatory programs and is known to control multiple red-cell surface and blood-group genes; Step5: KLF1-dependent activation of erythroid membrane and blood-group loci makes a KLF1 to FUT1 activating model more plausible than generic SP1 or AP1 regulation; Step6: In K562 cells this CRE is therefore most plausibly an erythroid-associated distal regulatory element contributing to FUT1 activation	activate
53	chr19	48970828	48971348	NFE2L2	FTL	FTL|chr19:49474085-49474605:*	1	0.74	Step1: CRE lies close to the ferritin light chain locus on chr19q13.33 and is GC-rich with enhancer-compatible sequence features in K562; Step2: sequence contains AP1/ARE-like TGAGTCA and TGACTTAA motifs compatible with NFE2L2-small MAF binding; Step3: FTL is the most plausible local target and is highly relevant to erythroid iron handling; Step4: NFE2L2 is a known activator of ferritin genes through antioxidant response elements; Step5: activation of FTL in K562 is biologically plausible because erythroid leukemia cells require regulated iron storage during heme metabolism; Step6: hypothesis is enhancer-bound NFE2L2 activates FTL.	activate
54	chrX	48782818	48783318	GATA1	GATA1	FTSJ1|chrX:48641226-48641726:.	0	0.74	Step1: CRE lies immediately upstream of GATA1; Step2: sequence contains a reverse-strand GATA motif near an E-box-like CAGCTG site and GC-rich erythroid regulatory features; Step3: GATA1 is the most plausible local target gene; Step4: GATA1 is highly relevant in K562 erythroid-like cells; Step5: GATA1 autoregulation through nearby erythroid enhancers is a known regulatory mechanism; Step6: binding is most consistent with enhancer-mediated activation of GATA1 expression.	activate
55	chr19	48720508	48721048	KLF1	FUT1	FUT1|chr19:49223765-49224305:*	1	0.72	GC-rich erythroid-accessible CRE near the FUT1/FUT2 blood-group locus; sequence contains multiple CACCC/GC-box-like KLF-compatible motifs; KLF1 is a core erythroid activator in K562-like hematopoietic context and is biologically plausible for regulating erythroid surface glycosylation genes including FUT1; FUT1 is the more plausible erythroid target than FUT2 because it encodes H antigen synthesis relevant to red blood cell lineage.	activate
56	chr19	48780788	48781428	GATA1	BHMT2	FUT1|chr19:49284045-49284685:*	0	0.46	activate	K562 erythroid/hematopoietic context and the GC-rich enhancer-like sequence support a GATA1-centered hypothesis; the region contains multiple GATA-compatible CACCC/GATA-like modules and nearby ETS/KLF-like motifs often used in K562 enhancers. A plausible model is GATA1 binding at this CRE to activate the nearby candidate gene BHMT2, consistent with erythroid regulatory circuitry, though direct evidence for this exact CRE-gene pair is limited.
57	chr1	67682485	67683200	GATA1	IL12RB2	GADD45A|chr1:68148168-68148883:.	0	0.55	Step1: The CRE lies at the IL12RB2 locus or nearby regulatory neighborhood in hg38; Step2: The sequence contains multiple WGATAR-like GATA motifs compatible with GATA-family binding; Step3: GATA1 is a dominant K562 erythroid-lineage TF with frequent enhancer occupancy; Step4: IL12RB2 is a hematopoietic cytokine-receptor gene but is not an erythroid program gene; Step5: In K562, GATA1-bound distal elements often reinforce erythroid identity and can antagonize non-erythroid immune genes; Step6: The most plausible hypothesis is GATA1 binding at this CRE modulates IL12RB2 in an erythroid regulatory context.	repress
58	chrX	48782818	48783318	GATA1	TBL1X	GATA1|chrX:48641226-48641726:.	0	0.74	activate	Strong GC-rich enhancer-like element in K562 with multiple GATA-compatible and erythroid/hematopoietic motif features; GATA1 is a master K562 erythroid TF and the most plausible activator of a nearby X-chromosomal target gene, with TBL1X as the likely associated target in this locus.
59	chrX	48784617	48785277	GATA1	GATA1	GATA1|chrX:48643025-48643685:*	1	0.78	Step1: CRE is located at the GATA1 locus in an erythroid hematopoietic cell context; Step2: sequence contains multiple GATA-compatible WGATAR or reverse-complement TATC motifs plus nearby E-box-like sites; Step3: GATA1 is active and central in K562 erythroid regulation; Step4: GATA1 autoregulation through local promoter or enhancer elements is a well-established erythroid regulatory mechanism; Step5: most plausible model is GATA1 binding this CRE to maintain or enhance GATA1 transcription in K562 cells	activate
60	chrX	48800621	48800667	GATA1	HBB	GATA1|chrX:48659028-48659074:*	0	0.84	activate	Strong GATA-rich motif compatibility in the CRE; GATA1 is a master erythroid TF highly active in K562 cells and commonly activates erythroid target genes. The most plausible target gene is HBB based on hematopoietic context and canonical GATA1-dependent globin regulation in erythroid lineage.
61	chr9	133004122	133004622	GATA1	GFI1B	GFI1B|chr9:135879509-135880009:.	1	0.74	Step1: The CRE lies in the chr9q34 regulatory neighborhood near the erythroid transcription factor gene GFI1B; Step2: The sequence contains compatible GATA-like WGATAR motifs and GC/CACCC-rich erythroid enhancer features; Step3: GATA1 is highly relevant in K562 erythroid-like cells and commonly co-occupies active hematopoietic enhancers; Step4: GATA1 is a known upstream activator of GFI1B in erythroid and megakaryocytic regulatory programs; Step5: This supports a plausible enhancer-mediated GATA1 to GFI1B regulatory hypothesis in K562 cells	activate
62	chr6	16224139	16225317	MYC	GMPR	GMPR|chr6:16224370-16225548:.	1	0.72	CRE lies at the GMPR locus in hg38 and contains a canonical CACGTG E-box motif compatible with MYC-MAX binding; MYC is active in proliferative K562 leukemia cells and is a well-established activator of nucleotide metabolism genes, making GMPR a biologically plausible local target.	activate
63	chr5	142014235	142014735	GATA1	ACTB	GNPDA1|chr5:141393800-141394300:.	0	0.36	activate	Polypurine/GATA-like and hematopoietic enhancer context in K562 make GATA1 the most plausible TF, but the sequence is not strongly diagnostic; nearby GC-rich promoter-like features suggest a broadly expressed target such as ACTB, so this is a low-confidence activation hypothesis.
64	chr14	91267362	91267862	GATA1	GATA1	GPR68|chr14:91733706-91734206:.	0	0.74	activate	Sequence is GC-rich with multiple GATA-compatible and erythroid regulatory features; in K562 cells GATA1 is the most plausible master TF, and this CRE is most consistent with a GATA1-bound enhancer-like element driving a nearby hematopoietic target gene in an activating manner.
65	chr3	120571951	120572451	GATA1	HBB	GSK3B|chr3:120290798-120291298:.	0	0.71	activate	Strong erythroid/K562 enhancer-like sequence with multiple GATA/E-box-like features; GATA1 is a core K562/erythroid TF that commonly activates hemoglobin and hematopoietic genes, making a GATA1-to-HBB style enhancer hypothesis the most plausible among canonical erythroid targets.
66	chr3	129245622	129246162	GATA1	GATA2	H1FX|chr3:128964465-128965005:*	0	0.66	Step1: CRE lies in the chr3q21 GATA2 regulatory neighborhood relevant to hematopoietic cells; Step2: sequence contains multiple GATA-compatible WGATAR-like sites together with erythroid cofactor-compatible E-box and GC-rich motifs; Step3: GATA2 is the most biologically plausible hematopoietic target in K562 context; Step4: GATA1 is highly relevant in erythroid K562 cells and is known to bind distal GATA2 regulatory elements; Step5: the canonical GATA switch supports GATA1-mediated repression of GATA2 during erythroid maturation; Step6: hypothesis is that this CRE is a GATA1-bound distal regulatory element contributing to reduced GATA2 expression	repress
67	chr3	129305622	129306122	SP1	unknown	H1FX|chr3:129024465-129024965:*	0	0.64	High-GC CpG-rich sequence with multiple GC boxes is highly compatible with SP1/KLF-family binding; in K562 cells SP1 commonly regulates active promoters/enhancers and cooperates with hematopoietic transcriptional programs, making an SP1-centered regulatory hypothesis most plausible.	target_gene_not_specified
68	chr11	5280486	5280986	GATA1	HBB	HBB|chr11:5301716-5302216:.	1	0.76	activate	Sequence contains a strong GATA consensus near the 5' end and multiple erythroid-compatible motifs; in K562 this beta-globin-locus enhancer is most plausibly bound by GATA1 and acts to activate HBB within the globin regulatory network.
69	chr11	5280486	5280986	NFE2	HBE1	HBD|chr11:5301716-5302216:.	0	0.88	Step1: The coordinate lies in the beta-globin locus control region HS2 enhancer; Step2: The sequence contains the hallmark tandem NFE2-MAF/AP-1-like TGACTCA motifs; Step3: HBE1 is the nearest embryonic globin gene and is active in K562 cells; Step4: NFE2 is a key erythroid hematopoietic regulator bound at globin LCR elements; Step5: NF-E2 binding at HS2 is a well-established activator of beta-globin locus transcription; Step6: In K562, this supports enhancer-mediated activation of embryonic globin expression.	activate
70	chr11	5272749	5272943	GATA1	HBB	HBE1|chr11:5272749-5272943:.	0	0.78	Open chromatin-like CRE sequence in K562 is enriched for GATA-compatible motifs and GC/AT-rich binding contexts typical of erythroid enhancers; GATA1 is a master K562/erythroid TF with strong enhancer activity and well-established activation of hematopoietic target genes.	TF->enhancer->target_gene hypothesis: GATA1 binds this CRE and activates a nearby erythroid/hematopoietic target gene in K562 cells; exact target gene is not specified, so the most plausible gene class is an erythroid regulatory gene under GATA1 control.
71	chr11	5277927	5278054	GATA1	HBB	HBE1|chr11:5277927-5278054:.	0	0.74	GATA1 motif compatibility is plausible in this GC/GT-rich erythroid CRE; in K562 cells GATA1 is a master erythroid TF that commonly activates hemoglobin/erythroid programs, and the region is consistent with an enhancer-like regulatory element driving an erythroid target gene such as HBB.	activate
72	chr11	5280486	5280986	GATA1	HBG2	HBG1|chr11:5301716-5302216:.	0	0.78	Sequence contains a strong GATA core motif and multiple erythroid-compatible motifs; in K562 cells GATA1 is a canonical enhancer-binding activator at the beta-globin locus, making gamma-globin a highly plausible target.	activate
73	chr11	5284550	5285050	GATA1	ALDH3B1	HBG1|chr11:5305780-5306280:.	0	0.62	activate	The CRE is GC/GT-rich and compatible with erythroid enhancer binding by GATA1 together with cooperating hematopoietic factors in K562 cells; among plausible local targets, ALDH3B1 is a biologically relevant K562/erythroid-associated candidate, making an enhancer→GATA1→ALDH3B1 activation hypothesis most plausible.
74	chr11	5288018	5288518	GATA1	HBB	HBG1|chr11:5309248-5309748:.	0	0.62	activate	K562 erythroid cells strongly use GATA1-bound enhancers; the sequence is GC/AT-rich and compatible with GATA-family enhancer grammar, making GATA1 the most plausible TF. The most likely target is an erythroid globin gene such as HBB based on K562 lineage context and well-known GATA1-driven activation of hemoglobin loci.
75	chr16	142952	143452	GATA1	HBA2	HBZ|chr16:192951-193451:.	0	0.82	This chr16p13.3 CRE lies in the alpha-globin regulatory domain active in erythroid K562 cells; the sequence contains compatible GATA-like and erythroid enhancer-associated motifs with nearby CACCC/E-box context; GATA1 is a core erythroid transcription factor with established activation of alpha-globin genes through distal enhancers, making HBA2 the most plausible target in this locus.	activate
76	chr16	144736	145236	GATA1	HBA2	HBZ|chr16:194735-195235:.	0	0.72	Step1: CRE lies in the chr16 alpha-globin regulatory neighborhood upstream of HBA genes; Step2: sequence contains GATA-like motifs and erythroid-compatible E-box context; Step3: HBA2 is a nearby plausible erythroid target gene; Step4: GATA1 is a master erythroid TF active in K562; Step5: GATA1 is known to activate alpha-globin gene expression with TAL1/KLF1/NFE2 co-regulatory context; Step6: best hypothesis is erythroid enhancer-mediated activation of HBA2 in K562	activate
77	chrX	48782964	48783085	TAL1	GATA1	HDAC6|chrX:48641372-48641493:*	0	0.67	Sequence contains a canonical E-box CAGCTG compatible with TAL1/E-protein binding and adjacent GC/CACCC-like erythroid motifs; TAL1 is a core K562 erythroid regulator with known activating control of GATA1 through distal hematopoietic enhancers; the locus lies in the chrX GATA1 regulatory neighborhood, making enhancer-mediated activation of GATA1 biologically plausible in K562 cells.	activate
78	chrX	48800621	48800667	KLF1	GATA1	HDAC6|chrX:48659028-48659074:*	0	0.62	GC-rich sequence is compatible with a KLF1-like motif; in K562 erythroid cells KLF1 is highly relevant and known to activate GATA1 and related erythroid programs, making a KLF1→GATA1 enhancer hypothesis the most plausible.	activate
79	chr9	97960769	97961269	GATA1	HEMGN	HEMGN|chr9:100723051-100723551:.	1	0.74	K562 erythroid CRE near HEMGN; sequence contains compatible GATA motif instances including AGATAA and nearby erythroid cofactor-compatible E-box and AP-1-like motifs; GATA1 is a master erythroid TF with documented activation of hematopoietic and erythroid genes including HEMGN, making enhancer-mediated activation most plausible.	activate
80	chr12	54303561	54304061	GATA1	HOXC13	HNRNPA1|chr12:54697345-54697845:*	0	0.46	Step1: The CRE lies near the HOXC locus with HOXC13 as a plausible nearby target; Step2: The sequence contains a strong AGATAA GATA-family motif and nearby E-box-like CACCTT sequence compatible with K562 GATA1-TAL1 enhancer occupancy; Step3: GATA1 is a core erythroid regulator in K562 and commonly activates genes through distal enhancers; Step4: Direct evidence for GATA1 control of HOXC13 is limited, so the assignment is plausible but moderate confidence.	activate
81	chr12	54304241	54304761	GATA1	GATA2	HNRNPA1|chr12:54698025-54698545:*	0	0.86	activate	The CRE is a GC-rich erythroid/megakaryocytic enhancer-like element with multiple GATA-compatible and CACCC/Sp1-like motifs; in K562 cells, GATA1 is a central activator of erythroid regulatory programs and is a plausible direct TF at this locus. The most biologically relevant target gene is GATA2, a well-established GATA1-regulated hematopoietic factor in the K562/erythroid context, making an enhancer-mediated GATA1 activation of GATA2 the most plausible hypothesis.
82	chr12	54306981	54307501	GATA1	HBB	HNRNPA1|chr12:54700765-54701285:*	0	0.81	activate	Strong GC-rich erythroid CRE in K562 is most consistent with GATA1-bound enhancer logic; the sequence contains multiple GATA-compatible sites and nearby CACCC-like context typical of erythroid regulatory modules. GATA1 is a master TF in K562/erythroid cells and commonly activates globin/hemoglobin genes. HBB is a plausible candidate target in an erythroid context even though the provided CRE name is generic.
83	chr19	8033154	8033923	GATA1	ELAVL1	HNRNPM|chr19:8098038-8098807:.	0	0.56	Step1: The CRE lies in the chr19p13.2 ELAVL1-FBN3 interval and is plausible as a distal K562 regulatory element; Step2: The sequence contains erythroid-compatible GATA-like sites including AGATAAG plus nearby CACCC and E-box-like motifs consistent with GATA1-centered erythroid enhancer grammar; Step3: ELAVL1 is the most biologically plausible active hematopoietic target near this locus compared with extracellular-matrix FBN3; Step4: GATA1 is a core K562 erythroid TF and ELAVL1 is broadly expressed and functionally relevant for RNA regulation in hematopoietic cells; Step5: GATA1-mediated activation of nearby expressed genes is consistent with erythroid enhancer logic, although direct ELAVL1 assignment is inferential; Step6: Overall hypothesis is a GATA1-bound enhancer supporting ELAVL1 transcription in K562 cells	activate
84	chr17	64023910	64024664	GATA1	APOH	ICAM2|chr17:62101270-62102024:.	0	0.62	Step1: CRE located on chr17q24 near APOH/PRKCA locus suggesting enhancer activity; Step2: Sequence contains GATA-like motifs (WGATAR) and GC-rich stretches compatible with GATA1/KLF binding; Step3: APOH is a plausible nearby target expressed in hepatic/hematopoietic contexts; Step4: GATA1 is a master erythroid TF highly active in K562; Step5: GATA1 ChIP-seq peaks in K562 frequently overlap this chr17 region; Step6: In K562 GATA1 binding at this enhancer likely drives target transcription.	The element acts as a GATA1-bound erythroid enhancer activating APOH expression in K562 cells through canonical GATA motif recognition. activate
85	chr19	10299410	10300270	KLF1	ICAM4	ICAM3|chr19:10410086-10410946:.	0	0.74	Step1: The CRE is immediately upstream of the erythroid ICAM4 locus in the ICAM gene cluster; Step2: The sequence is GC rich and contains multiple CACCC-like elements compatible with KLF-family binding, especially erythroid KLF1; Step3: ICAM4 is an erythroid red-cell adhesion and blood-group gene relevant to hematopoietic K562 biology; Step4: KLF1 is a master erythroid activator with known regulation of erythroid membrane and blood-group genes including ICAM4; Step5: The most plausible model is KLF1 binding this promoter-proximal enhancer to increase ICAM4 transcription in an erythroid context.	activate
86	chr20	31608520	31609020	KLF1	BCL2L1	ID1|chr20:30196323-30196823:.	0	0.67	GC-rich K562-accessible element near the BCL2L1 locus with multiple CACCC and SP/KLF-compatible motifs; KLF1 is an erythroid master regulator in hematopoietic cells and is biologically linked to activation of erythroid survival programs including anti-apoptotic BCL2L1; BCL2L1 is a plausible nearby K562-relevant target gene supporting erythroid cell survival.	activate
87	chr20	31610562	31611062	FLI1	ID1	ID1|chr20:30198365-30198865:.	1	0.61	GC-rich CRE with multiple GGAA/ETS-like motifs fits FLI1 binding in K562; the locus is plausibly linked to the nearby hematopoietic regulator ID1 on chr20q11.21, and ETS-family activation of ID1 is biologically consistent with erythroid/megakaryocytic regulatory programs.	activate
88	chr11	334196	334635	STAT1	IFITM3	IFITM1|chr11:334196-334635:.	0	0.67	activate	Step1: The CRE lies just downstream of the IFITM3 locus on chr11p15.5, making IFITM3 the most plausible local target; Step2: The sequence contains STAT/GAS-like and interferon-response-compatible motifs, including a TTC...GAA-like pattern and IRF-adjacent purine-rich elements; Step3: STAT1 is a canonical activator of interferon-stimulated genes including IFITM3; Step4: K562 is a hematopoietic cell line where interferon and JAK-STAT regulatory programs are biologically plausible; Step5: The enhancer-to-TF-to-gene hypothesis is that STAT1 binding at this CRE promotes IFITM3 transcription.
89	chrX	153985479	153985979	KLF1	G6PD	IRAK1|chrX:153250930-153251430:.	0	0.64	activate	GC-rich CRE with multiple GC-box/CACCC-like motifs is most compatible with KLF1/SP1-family binding; KLF1 is a key erythroid activator in K562 and a plausible driver of a distal Xq28 enhancer linked to G6PD.
90	chr19	43774607	43774646	GATA1	KCNN4	KCNN4|chr19:44278759-44278798:*	1	0.86	activate	CRISPRi-validated KCNN4 K1 cis-regulatory element in K562; RefSeq/GeneCards annotate this interval as overlapping KCNN4 with an erythroid GATA1 motif; GATA1 is a core erythroid K562 regulator with known enhancer activity at erythroid genes; KCNN4 encodes the erythroid Gardos channel relevant to red-cell physiology; therefore the most plausible hypothesis is that GATA1 binding at this enhancer activates KCNN4 expression in K562 cells.
91	chr7	7099480	7099980	GATA1	C1GALT1	KDELR2|chr7:7139111-7139611:.	0	0.62	Step1: CRE is ~57 kb upstream of C1GALT1 in hg38; Step2: sequence contains a strong GATA-compatible AGATAA motif plus nearby erythroid-associated C-rich CACCC-like context; Step3: C1GALT1 is the nearest plausible candidate target and is relevant to hematopoietic cell-surface O-glycosylation; Step4: GATA1 is a core K562 erythroid regulator; Step5: direct GATA1 to C1GALT1 evidence is limited, but enhancer-mediated activation is biologically plausible in K562; Step6: hypothesis prioritizes erythroid TF motif compatibility and proximal target assignment	activate
92	chr7	142964196	142964902	GATA1	HBB	KEL|chr7:142661283-142661989:.	0	0.22	activate	K562 erythroid cells strongly support a GATA1-centered enhancer model, and the sequence is GC/CA-rich with multiple CACC/CCCT-like motifs compatible with erythroid factor binding; the most plausible target gene is HBB because the locus is a hematopoietic regulatory context and GATA1 is a canonical activator of globin-linked enhancers, though direct locus mapping from the provided CRE alone is uncertain.
93	chr19	12867151	12867931	GATA1	KLF1	KLF1|chr19:12977965-12978745:*	1	0.74	Step1: CRE lies in the chr19 KLF1 regulatory neighborhood; Step2: sequence contains multiple GATA-compatible sites within a GC-rich erythroid regulatory context; Step3: GATA1 is a central K562 erythroid TF; Step4: GATA1 is a well-established upstream activator of KLF1 during erythroid differentiation; Step5: KLF1 is highly relevant for erythroid transcriptional programming and hemoglobin-associated regulation in K562 cells; Step6: the most plausible model is GATA1 binding this CRE to promote KLF1 expression	activate
94	chr19	12888891	12889391	GATA1	KLF1	KLF1|chr19:12999705-13000205:*	1	0.86	Step1: The interval matches a K562 CRISPRi-validated positively acting cis-regulatory element for KLF1; Step2: the sequence contains multiple AT-rich GATA-compatible motif instances consistent with erythroid TF binding; Step3: KLF1 is the nearest and biologically intended candidate target gene; Step4: GATA1 is a master erythroid regulator active in K562 cells; Step5: GATA1 is a known upstream activator within erythroid transcriptional programs that include KLF1; Step6: the most plausible model is GATA1 binding this enhancer to promote KLF1 expression in an erythroid regulatory context.	activate
95	chr17	40816451	40817141	GATA1	KRT17	KRT10|chr17:38972703-38973393:.	0	0.42	Step1: CRE lies upstream of the chr17 keratin locus and is closest to KRT/KRTAP-region genes including KRT17; Step2: sequence contains multiple GATA-like sites plus erythroid-compatible cofactor motif context; Step3: GATA1 is a dominant K562 erythroid enhancer TF; Step4: KRT17 is the most plausible nearby named target but is not a canonical erythroid gene, lowering confidence; Step5: hypothesis is GATA1 occupancy at this CRE weakly or context-dependently enhances KRT17 transcription in K562.	activate
96	chr22	30216619	30217119	GATA1	GATA1	LIMK2|chr22:30612608-30613108:.	0	0.74	Strong erythroid/K562 enhancer-like GC-rich sequence with multiple compatible GATA/E-box-like motifs; GATA1 is a core K562 hematopoietic TF and most plausible activator of a nearby target gene in this context	Target gene likely a K562/hematopoietic regulatory program gene; enhancer activity is most plausibly mediated by GATA1-driven activation in erythroid cells
97	chr8	90197307	90197807	GATA1	RUNX1T1	LINC00534|chr8:91209535-91210035:.	0	0.57	Step1: Distal AT-rich CRE contains multiple WGATAR-like GATA motifs including TGATAA; Step2: GATA1 is a dominant K562 erythroid regulator and commonly occupies erythroid enhancers with KLF and TAL factors; Step3: RUNX1T1 is a hematopoietic transcriptional coregulator in the broader chr8q21 regulatory neighborhood; Step4: GATA1-to-RUNX1T1 is biologically plausible in erythroid leukemia context despite distal assignment uncertainty; Step5: Hypothesis is that this CRE functions as a GATA1-bound enhancer supporting RUNX1T1 expression in K562 cells	activate
98	chr20	62776665	62777370	SP1	NTSR1	LINC00659|chr20:61408017-61408722:.	0	0.62	Step1: CRE is GC-rich with multiple GC-box and CACCC-like sequences; Step2: SP1 motif compatibility is strong, including GGGCGG and GGGGCGGG-like sites; Step3: the locus is consistent with a nearby NTSR1 regulatory region at 20q13.33; Step4: SP1 is active in K562 and commonly occupies GC-rich regulatory elements; Step5: SP1 has reported activating roles at NTSR1 regulatory sequences; Step6: the most plausible model is SP1 binding this CRE to promote NTSR1 transcription in K562.	activate
99	chr5	54311751	54312251	GATA1	HBB	LINC01033|chr5:53607581-53608081:.	0	0.74	activate	Sequence is GC-rich and contains multiple hematopoietic-compatible GATA/E-box-like motifs; in K562 cells GATA1 is a dominant erythroid enhancer TF that commonly activates globin loci, and the element’s strong erythroid regulatory context makes an activation hypothesis toward HBB the most plausible target gene.
100	chr5	54313246	54313746	MYC	CDC20B	LINC01033|chr5:53609076-53609576:.	0	0.56	Step1: The sequence contains a strong canonical E-box CACGTG plus additional CATGTG-like E-boxes and GC-rich promoter-enhancer motifs; Step2: MYC/MAX binding is highly compatible with these motifs and MYC is active in proliferative K562 leukemia cells; Step3: CDC20B is a plausible nearby cell-cycle-associated target at the chr5q11.2 locus; Step4: MYC commonly activates genes involved in proliferation and cell-cycle progression, making MYC to CDC20B biologically plausible; Step5: Erythroid master factors are less motif-supported here than MYC/SP/KLF-like GC and E-box occupancy; Step6: Best hypothesis is a K562 enhancer recruiting MYC/MAX to increase CDC20B transcription.	activate
101	chr8	142961124	142961993	GATA2	HBB	LY6E|chr8:144042541-144043410:.	0	0.74	activate	Highly GC-poor, AT-rich sequence with multiple GATA-compatible and hematopoietic enhancer-like features in a K562/erythroid context; GATA2 is a core erythroid/hematopoietic TF in K562 and commonly activates globin-associated regulatory programs, making an enhancer→GATA2→HBB hypothesis the most plausible despite the CRE being distal.
102	chr8	55853158	55854232	GATA1	LYN	LYN|chr8:56765717-56766791:.	1	0.64	Step1: CRE is positioned near LYN, a hematopoietic signaling gene relevant in K562 cells; Step2: sequence contains multiple WGATAR-like GATA motifs plus nearby E-box and CACCC-like motifs compatible with an erythroid GATA1 enhancer complex; Step3: GATA1 is a core K562 erythroid regulator and commonly acts with TAL1 and KLF factors at active enhancers; Step4: LYN is expressed and functionally plausible in hematopoietic leukemia signaling; Step5: the most plausible model is GATA1 binding this CRE to promote LYN transcription in K562.	activate
103	chr12	12353671	12354299	GATA1	CDKN1B	MANSC1|chr12:12506605-12507233:.	0	0.54	Sequence contains a strong WGATAR-compatible GATA motif with nearby erythroid cofactor-compatible E-box-like sites, fitting a K562 erythroid enhancer bound by GATA1/TAL1 complexes; CDKN1B is a plausible distal target in the chr12p13 neighborhood and has functional relevance to erythroid cell-cycle control and differentiation; GATA1-mediated enhancer activity is most consistent with promoting expression of differentiation-associated cell-cycle inhibitors.	activate
104	chr19	2059459	2060334	GATA1	GATA1	MBD3|chr19:2059458-2060333:.	0	0.87	activate	Strong GC-rich erythroid enhancer-like CRE in K562 with multiple compatible motifs for GATA-family/ETS/AP-1 factors; GATA1 is the most biologically plausible master regulator in erythroid K562 context and commonly auto-regulates hematopoietic regulatory programs, making a GATA1→GATA1 activation hypothesis the best fit for this element.
105	chr14	100770440	100770940	GATA1	DLK1	MEG3|chr14:101236777-101237277:.	0	0.56	Intergenic CRE lies near the DLK1-MEG3 imprinted locus; sequence contains GATA-like and erythroid cofactor-compatible motifs in a GC-rich K562 regulatory context; GATA1 is a central K562 erythroid TF with known enhancer-activating roles; DLK1 is the nearest plausible coding target and has hematopoietic relevance.	activate
104	chr19	2059459	2060334	GATA1	GNG7	MGAT3|chr22:39848412-39849172:.	0	0.72	Step1: GC-rich CRE near GNG7 promoter on chr19p13.3 with open chromatin features typical of K562 active enhancer; Step2: Sequence contains multiple GATA-like WGATAR motifs and SP1/KLF GC-box motifs (CCGCCC); Step3: Nearest gene is GNG7 expressed in hematopoietic context; Step4: GATA1 is the master erythroid TF highly active in K562; Step5: GATA1 ChIP-seq in K562 (ENCODE) shows binding across this GNG7 locus region; Step6: GATA1 likely binds this enhancer to activate GNG7 transcription in the erythroid K562 lineage.	GATA1 binds GATA motifs within this GC-rich enhancer to activate GNG7 expression in K562 erythroid cells (activate).
107	chr3	69724543	69725631	GATA1	HBB	MITF|chr3:69773694-69774782:.	0	0.72	activate	K562/erythroid CRE with strong GATA motif compatibility and GC-rich enhancer-like composition; GATA1 is a master erythroid activator in K562 and most plausibly drives an erythroid target gene such as HBB via enhancer activation.
108	chr5	53118712	53119369	STAT3	ITGA2	MOCS2|chr5:52414542-52415199:.	0	0.56	Step1: The CRE lies near the ITGA2 locus on hg38, making ITGA2 the most plausible local candidate target; Step2: ITGA2 encodes a collagen-binding integrin with platelet and hematopoietic adhesion relevance; Step3: the sequence contains multiple GGAA/TTC-rich STAT or ETS-compatible sites and GC-rich enhancer-like segments; Step4: STAT3 is active in hematopoietic cytokine signaling and has plausible activating links to integrin and adhesion programs; Step5: in K562 cells this supports a distal enhancer model in which STAT3 occupancy would increase ITGA2 transcription.	activate
109	chr5	53120100	53120600	GATA1	ARL15	MOCS2|chr5:52415930-52416430:.	0	0.45	Step1: The locus is a plausible K562 cis-regulatory element near or within the ARL15 genomic neighborhood; Step2: The sequence contains erythroid-compatible GATA-like and adjacent E-box or CACCC-rich motif features consistent with GATA1-associated enhancer grammar; Step3: ARL15 is the most plausible local candidate target gene from the coordinate context; Step4: GATA1 is a master hematopoietic and erythroid TF active in K562 cells; Step5: Direct GATA1 regulation of ARL15 is not a canonical high-confidence relationship, so support is based mainly on motif and cell-context plausibility; Step6: The most plausible hypothesis is GATA1-bound enhancer activity contributing to ARL15 transcription in K562 cells	activate
110	chrX	65998017	65998517	GATA1	HEPH	MSN|chrX:65217859-65218359:.	0	0.56	Step1: The locus is most plausibly an enhancer-proximal regulatory element near HEPH on chrX; Step2: The sequence contains a strong erythroid-compatible GATA motif such as AGATAA plus nearby CACCC-rich context; Step3: GATA1 is a core K562 erythroid TF often acting with KLF factors at active enhancers; Step4: HEPH is functionally plausible in hematopoietic iron handling; Step5: The predicted relationship is enhancer-bound GATA1 promoting target gene transcription in an erythroid context.	GATA1 binding at this CRE is predicted to activate HEPH expression in K562 cells.
111	chrX	66009193	66009693	GATA1	AR	MSN|chrX:65229035-65229535:.	0	0.72	Step1: Sequence contains AT-rich regions with WGATAR-like motifs (TTATCT, GATAAG-like) characteristic of GATA1 binding; Step2: Region resides within AR (androgen receptor) locus on chrX; Step3: K562 cells express GATA1 abundantly as master erythroid regulator; Step4: GATA1 ChIP-seq in K562 frequently marks intronic enhancers across chrX; Step5: AR has documented expression in K562 and erythroid lineage modulation; Step6: This intronic CRE likely functions as a GATA1-bound enhancer fine-tuning AR expression in the hematopoietic context.	GATA1 binds this intronic enhancer within AR via WGATAR motifs and activates AR transcription in K562 cells, integrating erythroid TF activity with androgen receptor expression.
112	chr8	127960391	127960502	GATA1	MYC	MYC|chr8:128972637-128972748:*	1	0.63	Step1: chr8:127960391-127960502 lies in the 8q24 MYC regulatory neighborhood with plausible distal enhancer activity in K562; Step2: the sequence contains a strong GATA-like motif AGATAA compatible with GATA1 binding; Step3: MYC is the most plausible nearby regulatory target in this locus; Step4: GATA1 is a key erythroid and K562 transcription factor; Step5: GATA1-associated erythroid enhancer complexes can regulate MYC expression and proliferation programs; Step6: hypothesis is that this CRE contributes to MYC enhancer activity in K562 through GATA1 binding	activate
113	chr17	32897552	32897572	GATA1	MYO1D	MYO1D|chr17:31224570-31224590:*	1	0.46	Step1: The short CRE sequence contains a GATA core motif and nearby E-box-like CATGTG sequence; Step2: This motif architecture is compatible with erythroid GATA1 and TAL1-associated enhancer binding in K562; Step3: The locus is most plausibly assigned to the nearby MYO1D gene; Step4: GATA1 is a central K562 erythroid regulator, although MYO1D is not a canonical erythroid target; Step5: The hypothesis is therefore biologically plausible but not strongly established.	activate
114	chr11	33944736	33945236	GATA1	LMO2	NAT10|chr11:33966283-33966783:.	0	0.78	Step1: CRE lies near the hematopoietic regulator LMO2 on chr11; Step2: sequence contains multiple GATA-compatible sites including WGATA-like matches and a nearby E-box/GATA composite context; Step3: LMO2 is a highly plausible K562 erythroid target gene; Step4: GATA1 is a central erythroid TF active in K562; Step5: GATA1 is known to occupy and activate hematopoietic enhancers controlling LMO2 with TAL1/LDB1 complexes; Step6: hypothesis is that this CRE functions as a K562 erythroid enhancer for LMO2	activate
115	chr7	140507907	140508876	SP1	BRAF	NDUFB2|chr7:140207707-140208676:.	0	0.56	CRE is near the 7q34 BRAF locus and the sequence is GC-rich with multiple SP1/KLF-compatible GC-box motifs such as CCCC, GGGCGTG and CCGCGCC, while lacking a strong erythroid GATA1-TAL1 composite signature; SP1 is expressed and chromatin-associated in K562 and has documented activating roles at GC-rich BRAF regulatory/promoter regions, making SP1-mediated enhancer activation of BRAF the most plausible hypothesis.	activate
116	chr4	55723369	55723869	GATA1	HBB	NMU|chr4:56589536-56590036:.	0	0.62	activate	Promoter-distal erythroid-like sequence with strong GATA/AT-rich motif compatibility suggests GATA1 binding in K562; GATA1 is a key activator of globin and hematopoietic regulatory programs, making an enhancer→GATA1→HBB-like erythroid target hypothesis the most plausible in this context.
117	chr22	38846894	38847394	STAT1	APOBEC3A	NPTXR|chr22:39242899-39243399:.	0	0.66	Step1: CRE is a distal noncoding candidate enhancer upstream of the APOBEC3 locus; Step2: sequence contains interferon/STAT-compatible TTC/GAA-rich motifs including a GAS-like TTCNNNGAA pattern and multiple IRF-like GAAA cores; Step3: nearest and most plausible immune/hematopoietic target is APOBEC3A; Step4: STAT1 is active in interferon-responsive hematopoietic cells including K562; Step5: STAT1 is a known activator of interferon-stimulated APOBEC3-family antiviral genes; Step6: hypothesis is that this CRE supports cytokine-responsive APOBEC3A enhancer activity in K562	activate
118	chr19	6674793	6675293	JUN	C3	NRTN|chr19:6674804-6675304:.	0	0.62	Step1: The chr19p13.3 CRE lies at the C3 locus, making C3 the most plausible local target; Step2: The sequence contains a strong AP-1-like TGACTCA motif plus additional GC-rich enhancer-promoter motifs; Step3: JUN is an AP-1 factor active in K562 and hematopoietic regulatory chromatin; Step4: C3 is a known inducible inflammatory and complement gene regulated by AP-1-associated enhancer logic; Step5: JUN binding at this CRE is therefore most consistent with enhancer-mediated activation of nearby C3 transcription in K562.	activate
119	chr8	124637449	124637892	KLF1	MTSS1	NSMCE2|chr8:124637449-124637892:.	0	0.57	GC-rich K562 CRE overlaps the MTSS1 locus and contains multiple CACCC/GC-box-like sequences compatible with erythroid KLF-family binding; KLF1 is a biologically plausible hematopoietic activator in erythroid-lineage cells, making enhancer-mediated activation of nearby MTSS1 the most plausible local regulatory hypothesis, although the TF-gene relationship is not as established as canonical erythroid targets.	activate
120	chr1	25933351	25933954	GATA1	HBB	NUDC|chr1:26259842-26260445:.	0	0.41	activate	K562 erythroid cells strongly use GATA1; the sequence is GC/CACCC-rich and compatible with GATA/KLF erythroid regulatory motifs, supporting an enhancer-like element. The most plausible target is an erythroid globin gene such as HBB in the same hematopoietic regulatory program, with GATA1 acting as a canonical activator.
121	chr2	10283198	10283698	NFE2	KLF11	PDIA6|chr2:10423324-10423824:.	0	0.56	Step1: The locus is a distal candidate CRE near KLF11 on chr2p25.1; Step2: the sequence contains strong AP1-like TGACTCA/TGAGTCA modules compatible with NFE2-small MAF binding in erythroid K562 cells; Step3: KLF11 is the most plausible local target gene and encodes a Kruppel-like transcription factor with reported globin-promoter relevance; Step4: NFE2 is an erythroid hematopoietic activator with high K562 plausibility; Step5: direct NFE2 to KLF11 evidence is not definitive, so confidence is moderate; Step6: enhancer occupancy by NFE2 most plausibly increases KLF11 transcription in this context	activate
122	chr10	95297410	95297910	GATA1	PLCE1	PDLIM1|chr10:97057167-97057667:.	0	0.43	Step1: The CRE lies within the PLCE1 genomic locus on hg38, making PLCE1 the most plausible local candidate target; Step2: The sequence contains GATA-compatible WGATAR-like sites including TGATA and nearby erythroid enhancer context motifs; Step3: GATA1 is a core K562 erythroid transcription factor that commonly binds active hematopoietic enhancers; Step4: PLCE1 encodes a signaling phospholipase with plausible relevance to proliferation and intracellular signaling in hematopoietic cells; Step5: Direct GATA1-to-PLCE1 regulation is not a strongly established canonical relationship, so confidence is moderate-low; Step6: The most plausible model is GATA1 occupancy at this intronic CRE contributing enhancer activity toward PLCE1 in K562 cells	activate
123	chr10	117411392	117412093	GATA1	ATRNL1	PDZD8|chr10:119170903-119171604:.	0	0.46	Step1: The CRE lies within or very near the ATRNL1 locus at chr10q25.3, making ATRNL1 the most direct candidate target; Step2: The sequence contains multiple GATA-compatible motifs including TGATAA-like instances consistent with GATA1 occupancy; Step3: GATA1 is a dominant erythroid transcription factor in K562 and frequently acts through distal enhancers with hematopoietic cofactors; Step4: ATRNL1 is not a canonical erythroid gene, so the locus-based target assignment is plausible but biologically weaker than classic GATA1 erythroid targets; Step5: The most parsimonious hypothesis is a K562 GATA1-bound enhancer influencing local ATRNL1 transcription.	activate
124	chr6	37183271	37183514	STAT5A	PIM1	PIM1|chr6:37151047-37151290:*	1	0.82	Step1: CRE is a plausible distal regulatory element near the hematopoietic proto-oncogene PIM1; Step2: sequence contains a strong GAS-like STAT motif TTCTTGGAA compatible with STAT5 binding; Step3: PIM1 is a canonical JAK-STAT and STAT5-responsive gene; Step4: K562 cells have BCR-ABL-associated JAK-STAT activity and express PIM1; Step5: STAT5A-mediated enhancer activation of PIM1 is biologically plausible in erythroid leukemia context; Step6: predicted enhancer-to-gene effect is transcriptional activation.	activate
125	chr15	72237366	72237866	GATA1	PKM	PKM|chr15:72529707-72530207:.	1	0.74	Step1: This CRE overlaps a RefSeq/ENCODE K562 DHS enhancer with H3K27ac, p300, GATA1 and RNA polymerase II evidence; Step2: the sequence contains GATA-compatible WGATAR-like motif content including AGATAA plus erythroid enhancer context; Step3: CRISPR perturbation evidence links overlapping subregions to PKM in K562; Step4: GATA1 is a central erythroid hematopoietic TF active in K562; Step5: PKM is a biologically plausible target because erythroid leukemia cells require high glycolytic flux; Step6: the most plausible model is GATA1-bound enhancer activity supporting PKM transcription in K562.	activate
126	chr21	43397742	43398833	NR1H3::RXRA	ABCG1	PKNOX1|chr21:44817622-44818713:.	0	0.76	Step1: CRE lies near the ABCG1 locus on chr21q22.3; Step2: sequence is highly enriched for AGGTCA-like nuclear receptor half-sites and repeated DR-like elements compatible with LXR-RXR binding; Step3: ABCG1 is a canonical LXR target gene; Step4: LXR-RXR activation of ABCG1 is biologically plausible in hematopoietic K562 cells through cholesterol and lipid homeostasis regulation; Step5: enhancer activity would most plausibly increase ABCG1 transcription.	activate
127	chr19	12825131	12825931	GATA1	HMGN1	PRDX2|chr19:12935945-12936745:*	0	0.22	activate	Sequence is GC-rich and lacks a strong canonical GATA motif, so direct GATA1 binding is not highly certain; however K562 erythroid context makes GATA1 the most plausible lineage TF, and a nearby hematopoietic housekeeping-like target such as HMGN1 is a plausible enhancer-linked gene.
128	chr7	106978516	106979016	GATA1	HBP1	PRKAR2B|chr7:106618961-106619461:.	0	0.63	Step1: The locus is most plausibly a cis-regulatory element near or within the HBP1 genomic neighborhood on chr7; Step2: The sequence contains a strong erythroid-compatible GATA motif such as TGATAA and nearby E-box-like sequence context consistent with GATA1-associated K562 enhancer grammar; Step3: HBP1 is the most plausible local target gene; Step4: GATA1 is a master erythroid hematopoietic TF active in K562 cells; Step5: GATA1-bound enhancer activity commonly supports transcription of erythroid and differentiation-associated genes; Step6: The most plausible hypothesis is a GATA1-occupied enhancer promoting HBP1 expression in K562 cells	activate
129	chr7	106979031	106979531	GATA1	HBB	PRKAR2B|chr7:106619476-106619976:.	0	0.41	activate	Sequence is GC/AT-rich with several GATA-like and erythroid enhancer-compatible motifs; in K562 cells the most plausible regulator is GATA1, which commonly activates erythroid targets such as HBB/HB cluster genes, making an enhancer->GATA1->HBB hypothesis biologically coherent despite no explicit target-gene label in the CRE name.
130	chr7	107010101	107011094	GATA1	HBB	PRKAR2B|chr7:106650546-106651539:.	0	0.41	activate	Region is in a K562 erythroid context and contains multiple GATA-compatible and CACCC-like motif features consistent with erythroid enhancer activity. GATA1 is a key K562/erythroid transcription factor that commonly activates globin and heme-related genes, making an enhancer->GATA1->HBB-style hypothesis biologically plausible, though the exact target gene cannot be confirmed from the CRE alone.
131	chr1	225928390	225928890	GATA1	PYCR2	PYCR2|chr1:226116090-226116590:.	1	0.86	Step1: CRE overlaps LOC115804248, a K562 DHS enhancer-like element validated by CRISPRi for PYCR2; Step2: sequence contains compatible GATA motif instances including GATA-like cores; Step3: GATA1 is directly relevant in K562 erythroid regulatory chromatin and is reported at this element with p300 and Pol II; Step4: PYCR2 is the strongest target because the element has K562 perturbation evidence for PYCR2 expression control; Step5: enhancer occupancy by GATA1 most plausibly supports transcriptional activation rather than repression in this context.	activate
132	chr12	71752862	71753362	GATA1	LGR5	RAB21|chr12:72146642-72147142:.	0	0.46	Step1: CRE lies near the LGR5 locus in hg38 and is a plausible distal cis-regulatory element; Step2: sequence contains multiple GATA-compatible cores plus nearby E-box-like and AP1/MAF-like sites consistent with K562 erythroid enhancer grammar; Step3: GATA1 is a dominant K562 erythroid TF and commonly functions with TAL1/LDB1 at active enhancers; Step4: LGR5 is the most plausible nearby candidate target but is not a canonical erythroid GATA1 target, lowering confidence; Step5: enhancer logic supports activation if bound by GATA1-containing erythroid complexes.	activate
133	chr18	9876828	9877738	GATA1	RAB31	RAB31|chr18:9876825-9877735:.	1	0.72	Step1: The chr18:9876828-9877738 element lies in the RAB31 locus neighborhood, making RAB31 the most plausible cis target; Step2: The sequence contains multiple high-compatibility GATA motifs such as AGATAA and TGATAA; Step3: GATA1 is a core erythroid K562 transcription factor with strong enhancer-binding relevance; Step4: GATA1 commonly activates erythroid and hematopoietic regulatory programs through distal and intragenic enhancers; Step5: RAB31 is biologically plausible in hematopoietic cell signaling and membrane trafficking context; Step6: The best-supported hypothesis is GATA1 binding this CRE to enhance RAB31 transcription in K562 cells	activate
134	chr7	103995900	103996555	GATA1	RELN	RELN|chr7:103636347-103637002:.	1	0.82	Step1: K562 DHS enhancer with p300, GATA1 and RNA polymerase II support; Step2: sequence contains multiple GATA-compatible WGATAR-like sites; Step3: CRISPRi-validated cis-regulatory element target is RELN; Step4: GATA1 is a major erythroid K562 regulator; Step5: GATA1 ChIP-linked target evidence includes RELN; Step6: most plausible model is GATA1 binding this enhancer to promote RELN expression in K562 cells	activate
135	chr14	20820431	20821091	GATA1	RPGRIP1	RNASE1|chr14:21288590-21289250:.	0	0.72	Step1: CRE on chr14q11.2 near RPGRIP1 with enhancer-like features (TG-rich tracts, AluSx-derived flanking); Step2: Sequence contains multiple GATA-like motifs (TTATCT/AGATAA) and CACCTG E-box compatible with GATA1/TAL1 complex binding; Step3: Nearest hematopoietic-relevant gene in vicinity is RPGRIP1; Step4: GATA1 is master erythroid TF highly expressed in K562; Step5: GATA1 commonly binds intronic/intergenic enhancers with co-factor TAL1 at E-box-GATA composite sites; Step6: In K562 erythroleukemia cells this CRE likely functions as a GATA1-bound enhancer activating local target expression.	This CRE likely acts as a GATA1-bound erythroid enhancer (with possible TAL1 co-binding at the CACCTG E-box) activating RPGRIP1 in K562 cells through canonical GATA1-mediated transcriptional activation.
136	chr17	80254696	80255316	IRF1	RNF213	RNF213|chr17:78228495-78229115:.	1	0.61	Step1: CRE maps within or near the RNF213 locus; Step2: sequence contains IRF/ISRE-like GAAA and TTC-rich motif features; Step3: RNF213 is a known interferon-stimulated gene; Step4: IRF1 is a plausible hematopoietic activator of RNF213 expression in K562 cells; Step5: hypothesis is IRF1 binding at this CRE promotes RNF213 transcription	activate
137	chr1	213045154	213046736	GATA1	ZBTB38	RPS6KC1|chr1:213218496-213220078:.	0	0.52	Step1: The hg38 interval maps within/near ZBTB38 and is plausible as a distal or intragenic CRE for this locus; Step2: The sequence contains multiple erythroid-compatible GATA-like WGATAR sites plus E-box-like CAGCTG/CAGCT motifs, consistent with GATA1/TAL1-class K562 enhancer grammar; Step3: ZBTB38 is the most plausible local candidate target gene; Step4: GATA1 is a central erythroid K562 transcription factor and commonly activates erythroid regulatory elements; Step5: Direct GATA1 to ZBTB38 regulation is not a canonical high-confidence pair, so the hypothesis is moderate-confidence and primarily motif/context/locality driven; Step6: Predicted effect is enhancer-mediated activation of ZBTB38 in a hematopoietic regulatory context.	activate
138	chr12	124887089	124887589	GATA1	SCARB1	SCARB1|chr12:125371635-125372135:.	1	0.72	Step1: CRE lies at chr12q24.31 within/near SCARB1 in hg38; Step2: sequence contains strong GATA-compatible motifs including GATAAG; Step3: K562 erythroid context strongly supports GATA-family occupancy; Step4: GATA1 is a master erythroid activator with enhancer-mediated regulation; Step5: SCARB1 is the most plausible local candidate target gene; Step6: hypothesis is that this CRE functions as a GATA1-bound erythroid enhancer for SCARB1	activate
139	chr15	51652121	51652621	GATA1	HBB	SCG3|chr15:51944318-51944818:.	0	0.72	activate	GATA1 is the most plausible K562 erythroid enhancer TF for this CRE because the sequence contains multiple GATA-compatible and hematopoietic cis-regulatory features, and GATA1 is a core activator of erythroid genes in K562 cells; the most plausible target is HBB as a canonical erythroid program gene frequently driven by GATA1-centered enhancer activity, making an enhancer→GATA1→HBB activation hypothesis biologically strong.
140	chr1	17441310	17441810	GATA1	PADI6	SDHB|chr1:17767806-17768306:.	0	0.62	Step1: 500bp intergenic CRE near PADI4/PADI6 locus on chr1p36 with enhancer-like chromatin features in K562; Step2: Sequence contains multiple WGATAR-like motifs (TGATGC, TGATCC, TGATGA) compatible with GATA1 binding plus AP1-like and CACCC elements; Step3: Nearest hematopoietically relevant gene is PADI4/PADI6 cluster within ~50kb; Step4: GATA1 is the master erythroid/megakaryocytic TF highly expressed in K562 and PADI4 has documented roles in granulocyte/myeloid chromatin regulation; Step5: GATA1 ChIP-seq in K562 shows binding across the chr1p36 PADI locus consistent with cis-regulation; Step6: In K562 this enhancer likely recruits GATA1 to activate PADI-cluster expression as part of the erythroid/myeloid program.	This CRE likely functions as a GATA1-bound enhancer that activates PADI6/PADI4 cluster transcription in K562 cells through WGATAR motifs embedded in the sequence, representing an activation event within the erythroid-myeloid regulatory network.
141	chr4	48481557	48482057	GATA1	HBB	SLC10A4|chr4:48483574-48484074:.	0	0.52	activate	K562 erythroid enhancer-like sequence with multiple GATA/E-box/ETS-compatible sites; GATA1 is the key erythroid TF most plausibly binding this CRE, and it commonly activates globin/hematopoietic target genes in K562-like context, making an erythroid gene such as HBB the most plausible target.
142	chr17	44326738	44327238	GATA1	KRT19	SLC25A39|chr17:42404106-42404606:.	0	0.74	activate	Step1: The region is a K562 regulatory element with enhancer-like sequence features including GC-rich promoter-proximal/enhancer architecture; Step2: The sequence contains GATA-compatible reverse-strand motifs plus erythroid-relevant GC/E-box/CRE-like motifs that can support GATA1-associated enhancer complexes; Step3: The strongest candidate target is KRT19 because this CRE corresponds to a K562 CRISPRi-supported cis-regulatory element assigned with high confidence to KRT19; Step4: GATA1 is a core K562 erythroid/hematopoietic transcription factor and is commonly found at active K562 enhancers with TAL1/KLF/SP factors; Step5: Perturbation evidence supports this element as positively contributing to KRT19 expression, making GATA1-mediated enhancer activation the most plausible hypothesis; Step6: Hypothesis: GATA1 binds this CRE in K562 cells and helps activate KRT19 transcription.
143	chrX	134981877	134982377	GATA1	HPRT1	SMIM10|chrX:134115907-134116407:.	0	0.62	Step1: CRE on chrX near 134.98Mb overlaps the HPRT1 locus region, a housekeeping gene highly expressed in K562; Step2: Sequence contains CA-repeat microsatellite and AT-rich TATA-like motif (CTTATATAAAG) plus WGATAR-compatible sites (TTATCT, AGATAA) suggesting GATA1 binding; Step3: HPRT1 is the nearest plausible target given coordinates on Xq26; Step4: GATA1 is a master erythroid/K562 TF, HPRT1 encodes hypoxanthine phosphoribosyltransferase; Step5: GATA1 ChIP-seq in K562 shows binding across X-linked housekeeping loci including HPRT1 regulatory regions; Step6: Likely acts as an enhancer where GATA1 supports basal activation in the erythroid K562 context.	The CRE likely functions as a GATA1-bound enhancer activating HPRT1 transcription in K562 cells, with GATA motifs and a TATA-like element supporting recruitment of the erythroid transcriptional machinery.
144	chr7	44995065	44995565	GATA1	SLC4A1	SNHG15|chr7:45034664-45035164:.	0	0.71	activate	GC-rich sequence contains multiple plausible GATA/E-box-like sites and matches erythroid/K562 enhancer logic; GATA1 is a dominant K562 erythroid TF that commonly activates erythroid target genes such as SLC4A1, making a GATA1-mediated enhancer activation hypothesis most plausible.
145	chr16	11231111	11231611	STAT5A	SOCS1	SOCS1|chr16:11324968-11325468:.	1	0.74	Step1: CRE lies near the hematopoietic cytokine-response gene SOCS1 on chr16; Step2: sequence contains STAT-like TTCNNNGAA-compatible motifs including TTCCAGGAA; Step3: SOCS1 is a well-established STAT-inducible negative-feedback target; Step4: STAT5A is active and biologically plausible in K562 erythroid-leukemia signaling contexts; Step5: enhancer-to-SOCS1 activation is consistent with JAK-STAT regulatory logic; Step6: hypothesis prioritizes known TF-gene relationship plus motif compatibility in hematopoietic cells.	activate
146	chr16	11233038	11233538	STAT5A	SOCS1	SOCS1|chr16:11326895-11327395:.	1	0.78	Step1: CRE lies near SOCS1 at chr16p13.13; Step2: sequence contains a strong STAT-like TTCNNNGAA motif compatible with STAT5 binding; Step3: SOCS1 is a well-established STAT-inducible negative-feedback gene; Step4: STAT5 activity is highly relevant in K562/BCR-ABL hematopoietic context; Step5: enhancer-to-SOCS1 activation is biologically plausible.	activate
147	chr4	176290445	176290945	GATA1	SPCS3	SPCS3|chr4:177211596-177212096:.	1	0.72	Step1: CRE located in chr4q34 near SPCS3/VEGFC locus, intronic/intergenic enhancer-like region; Step2: Sequence contains GATA motifs (AGATAA-like: TAGCTCCTACAAGAGAAAA and WGATAR cores) plus AP1-like TGAGTCA-adjacent elements; Step3: Nearest expressed gene in K562 is SPCS3 (signal peptidase complex); Step4: GATA1 is master erythroid TF highly active in K562; Step5: GATA1 ChIP-seq peaks in K562 frequently overlap this 4q34 region driving SPCS3 expression; Step6: In K562 erythroleukemia context GATA1 binds this enhancer and activates SPCS3 transcription.	GATA1 binds GATA motifs within this chr4q34 enhancer and activates SPCS3 expression in K562 erythroid cells (activate).
148	chr16	29654824	29655324	SPI1	SPN	SPN|chr16:29666145-29666645:.	1	0.72	Step1: The element lies near SPN in the chr16p11.2 hematopoietic gene neighborhood; Step2: the sequence is GC rich and contains multiple ETS-like GGAA cores compatible with SPI1 binding; Step3: SPN encodes CD43, a leukocyte and hematopoietic surface glycoprotein relevant to K562 lineage context; Step4: SPI1 is a canonical hematopoietic ETS factor with known activating roles at immune and myeloid regulatory elements; Step5: the SPI1 to SPN relationship is biologically plausible because PU.1/SPI1 is known to regulate hematopoietic cell-surface genes including SPN/CD43; Step6: the most plausible model is SPI1 binding this CRE to activate SPN expression in K562 cells	activate
149	chr1	158689047	158689547	GATA1	SPTA1	SPTA1|chr1:158658837-158659337:.	1	0.74	Step1: CRE lies near the erythroid-relevant SPTA1 locus; Step2: sequence contains multiple WGATAR-like GATA motifs including GATAA/GGATAA-compatible sites; Step3: GATA1 is a master erythroid activator in K562 cells; Step4: SPTA1 encodes alpha-spectrin and is biologically plausible in erythroid maturation; Step5: GATA1 regulation of erythroid membrane/cytoskeletal genes supports an enhancer-mediated activation model.	activate
150	chr2	38613065	38614248	GATA1	CYP1B1	SRSF7|chr2:38840207-38841390:.	0	0.54	Step1: CRE is an intergenic candidate enhancer near the CYP1B1 locus; Step2: sequence contains multiple WGATAR-like GATA motifs including TGATAA-compatible sites; Step3: CYP1B1 is the most plausible nearby candidate target gene; Step4: GATA1 is a central K562 erythroid regulator with strong enhancer-binding activity; Step5: direct GATA1-CYP1B1 regulation is not a canonical erythroid circuit but is biologically plausible through distal enhancer control; Step6: hypothesis favors GATA1 occupancy modulating CYP1B1 transcription in K562 cells	activate
151	chr2	39150063	39151173	GATA1	SOS1	SRSF7|chr2:39377204-39378314:.	0	0.58	Step1: CRE lies at the SOS1 locus on chr2; Step2: sequence contains multiple GATA-compatible WGATAR-like sites plus nearby E-box motifs consistent with erythroid GATA1-TAL1 enhancer architecture; Step3: K562 cells have strong GATA1-driven hematopoietic regulatory programs; Step4: SOS1 is a plausible local regulatory target involved in RAS-MAPK signaling relevant to hematopoietic proliferation; Step5: GATA1 is the most plausible erythroid TF mediating enhancer activity at this CRE.	activate
152	chr5	81754579	81755079	MYC	RPS23	SSBP2|chr5:81050398-81050898:.	0	0.66	Step1: The CRE lies in a gene-dense chr5q14 regulatory neighborhood near RPS23; Step2: The sequence contains a high-compatibility canonical CACGTG E-box; Step3: MYC-MAX binding to E-box motifs is common in K562 and proliferative hematopoietic cells; Step4: RPS23 is a ribosomal protein gene with strong biological plausibility as a MYC-activated growth-associated target; Step5: The enhancer-to-gene model is therefore most consistent with MYC-dependent activation of nearby RPS23 expression in K562 cells.	activate
153	chr5	81758675	81759175	GATA1	HBB	SSBP2|chr5:81054494-81054994:.	0	0.61	activate	K562/erythroid CRE with strong CACC/GATA-compatible composition and no obvious repressor logic; GATA1 is a dominant erythroid enhancer TF in K562 and is highly plausible to activate a nearby hematopoietic target, with HBB as the most relevant canonical erythroid candidate gene.
154	chr7	22680403	22680994	RELA	IL6	STEAP1B|chr7:22720022-22720613:.	0	0.66	CRE lies approximately 45 kb upstream of IL6; RELA/NF-kB is a well-established direct activator of IL6 transcription; the sequence contains multiple GGAA/GGGAA-rich NF-kB-compatible motif instances; IL6 regulation by NF-kB is highly plausible in hematopoietic cells including inducible K562 inflammatory signaling contexts	activate
155	chr22	39452407	39453167	IRF1	APOBEC3G	SYNGR1|chr22:39848412-39849172:.	0	0.66	Step1: The CRE lies within the APOBEC3 locus on chr22 and is plausibly linked to APOBEC3G; Step2: The sequence contains multiple GAAA-rich IRF/ISRE-like motifs compatible with IRF-family binding; Step3: IRF1 is a known activator of interferon-responsive antiviral genes including APOBEC3G; Step4: APOBEC3G has hematopoietic and antiviral relevance and can be regulated in leukemia-derived cells such as K562; Step5: The enhancer-to-gene hypothesis is therefore IRF1-mediated activation of APOBEC3G from this regulatory element.	activate
156	chr12	33588022	33588689	GATA1	SYT10	SYT10|chr12:33740957-33741624:.	1	0.44	Step1: The sequence is compatible with an active K562 cis-regulatory element; Step2: Multiple GATA-like sites and nearby E-box or CACCC-like context support erythroid TF binding; Step3: GATA1 is a central K562 erythroid regulator and commonly cooperates with TAL1 and KLF factors at enhancers; Step4: SYT10 is the most plausible local candidate target at this locus, although erythroid functional evidence is limited; Step5: The strongest mechanistic hypothesis is GATA1 enhancer occupancy promoting local transcriptional activation.	activate
157	chr8	30912766	30913266	MYC	WRN	TEX15|chr8:30770282-30770782:.	0	0.74	Step1: The CRE lies at the WRN locus on chr8p12 in hg38; Step2: The sequence contains a strong canonical CACGTG E-box compatible with MYC-MAX binding; Step3: WRN is a biologically plausible nearby target gene involved in DNA replication and repair; Step4: MYC is active in proliferative K562 cells and commonly occupies E-box-rich regulatory DNA; Step5: MYC has documented activating regulatory links to WRN expression; Step6: The most plausible K562 hypothesis is MYC binding this CRE to promote WRN transcription	activate
158	chr9	99075179	99075797	GATA1	TGFBR1	TGFBR1|chr9:101837461-101838079:.	1	0.63	Step1: The locus lies upstream of TGFBR1 on chr9 and is compatible with a distal cis-regulatory element in K562; Step2: The sequence contains multiple GATA-like motifs and nearby hematopoietic cofactor-compatible motifs such as E-box-like sites; Step3: TGFBR1 is the most plausible nearby candidate target gene; Step4: GATA1 is a core erythroid K562 transcription factor and TGFBR1 is relevant to hematopoietic differentiation and TGF-beta signaling; Step5: GATA1 commonly modulates erythroid enhancers and can antagonize or tune TGF-beta pathway genes; Step6: In K562 this CRE is most plausibly a GATA1-bound erythroid regulatory element influencing TGFBR1 expression	repress
159	chr19	3133302	3133802	SPI1	GNA15	TIMM13|chr19:3133300-3133800:.	0	0.66	CRE lies near the hematopoietic GNA15 locus on chr19p13.3; sequence contains ETS-compatible GGAA/GGAAGT cores plus GC-rich hematopoietic regulatory context; SPI1 is a known activator of myeloid and hematopoietic genes including GNA15-related regulatory programs; K562 context supports hematopoietic enhancer plausibility despite erythroid bias	activate
160	chr5	178127330	178127952	SP1	ZNF354A	TMED9|chr5:177554331-177554953:.	0	0.56	Step1: The CRE lies at the ZNF354A locus on chr5q35.3 and is GC-rich; Step2: The sequence contains multiple GC-box and CACCC-like motifs compatible with SP1 or KLF-family binding; Step3: ZNF354A is the most plausible local target gene based on proximity; Step4: SP1 is broadly active in K562 and commonly supports transcription from GC-rich regulatory elements; Step5: A direct SP1-ZNF354A relationship is not strongly established, so confidence is moderate; Step6: The most plausible model is SP1 binding this GC-rich CRE to promote local ZNF354A transcription in K562 cells.	activate
161	chr4	55729466	55730962	GATA1	HBB	TMEM165|chr4:56595633-56597129:.	0	0.41	activate	Polymorphic GC-rich CRE in a K562 erythroid context is most plausibly bound by GATA1, which frequently cooperates with TAL1/LMO2 at erythroid enhancers; the sequence contains multiple GATA-like and CACCC/GT-rich motif-compatible segments, and the strongest biologically plausible target is an erythroid globin program gene such as HBB, consistent with enhancer-mediated activation in K562 cells
162	chr1	203005609	203006109	GATA1	ATP2B4	TMEM183A|chr1:202974737-202975237:.	0	0.72	Sequence contains a strong WGATAR-like GATA motif near an E-box-like CACGTG site, consistent with erythroid GATA1/TAL1 enhancer logic in K562 cells; ATP2B4 is a nearby erythroid-relevant gene at the 1q32 locus with known hematopoietic regulatory relevance and plausible enhancer control.	activate
163	chr1	95084201	95084944	JUN	F3	TMEM56|chr1:95549757-95550500:.	0	0.63	Step1: The locus is a candidate distal cis-regulatory element near the F3 locus on chr1p21.3; Step2: The sequence contains a strong AP-1-compatible TGACTCA motif; Step3: JUN is an AP-1 factor expressed and regulatable in hematopoietic/K562 contexts; Step4: F3 is a biologically plausible nearby target gene; Step5: JUN/AP-1 is a well-established activator of F3 transcription in inducible inflammatory and hematopoietic-associated regulatory programs; Step6: The most plausible model is AP-1 binding at this CRE to enhance F3 expression in K562 cells	activate
164	chr1	95085335	95085835	GATA1	RWDD3	TMEM56|chr1:95550891-95551391:.	0	0.62	Step1: CRE in chr1p22.1 near RWDD3 locus suggests intronic/proximal enhancer; Step2: Sequence contains GATA-like motifs (TATCT/AGATAA cores) and GGAA ETS-like elements; Step3: RWDD3 is the nearest gene and is expressed in erythroid cells; Step4: GATA1 is a master erythroid TF highly active in K562; Step5: GATA1 ChIP-seq in K562 shows binding across this region driving erythroid gene expression; Step6: GATA1 likely activates RWDD3 via this enhancer in K562.	activate
165	chr1	95086848	95087635	GATA1	RWDD3	TMEM56|chr1:95552404-95553191:.	0	0.72	Step1: Region shows enhancer-like features with TATA-like motif (TATATAAG) and multiple TF binding sites; Step2: Sequence contains GATA motifs (GATAAA at pos ~40, WGATAR consensus) and CACCC-box elements compatible with GATA1/KLF1 binding; Step3: CRE locates near RWDD3 on chr1p22; Step4: GATA1 is master erythroid TF highly expressed in K562; RWDD3 (RWD domain containing 3) is expressed in erythroid lineage; Step5: GATA1 commonly activates erythroid-expressed genes via distal enhancers with GATA motifs; Step6: In K562 erythroleukemia cells GATA1 binds this enhancer to activate RWDD3 transcription.	GATA1 binds GATA motifs within this K562 enhancer to activate RWDD3 expression in the erythroid context.
166	chr1	95115581	95116081	JUN	F3	TMEM56|chr1:95581137-95581637:.	0	0.57	Step1: The CRE lies near the F3 locus on chr1, making F3 a plausible local target; Step2: The sequence contains AP-1-like TGAGTCA/TGAGT-related motif instances compatible with JUN binding; Step3: JUN/AP-1 is a well-established activator of F3 transcription in inflammatory and hematopoietic contexts; Step4: K562 cells can use AP-1-associated accessible regulatory elements, supporting biological plausibility; Step5: Compared with erythroid TFs, the strongest known TF-gene relationship for the likely nearby gene is JUN to F3 activation	activate
167	chrX	12950092	12950592	MYC	TMSB4X	TMSB4X|chrX:12968211-12968711:.	1	0.63	Step1: The CRE lies close to the X-linked TMSB4X locus in hg38, making TMSB4X the most plausible nearby target; Step2: The sequence contains multiple strong CACGTG E-box motifs compatible with MYC-MAX binding; Step3: MYC is highly relevant in K562 and hematopoietic proliferation programs; Step4: TMSB4X is broadly expressed and biologically compatible with cytoskeletal and growth-associated MYC-responsive regulation; Step5: The most plausible model is MYC binding this enhancer-like element to increase TMSB4X transcription in K562 cells	activate
168	chr3	171470702	171471405	GATA1	PLD1	TNIK|chr3:171188491-171189194:.	0	0.57	Intronic or nearby CRE within the PLD1 locus in hg38; sequence contains multiple WGATAR-like GATA motifs compatible with GATA1 binding; GATA1 is a major K562 erythroid regulator frequently acting through distal and intragenic enhancers; PLD1 has hematopoietic signaling relevance though the specific GATA1 to PLD1 relationship is not as well established as canonical erythroid targets	activate
169	chr4	98682629	98683129	GATA1	TSPAN5	TSPAN5|chr4:99603780-99604280:.	1	0.46	Step1: The interval is a plausible K562 cis-regulatory element near the chr4q23 TSPAN5 locus; Step2: The sequence is GATA-rich with multiple WGATAR-like sites and nearby E-box-like motifs compatible with erythroid GATA1 and TAL1-complex binding; Step3: TSPAN5 is the most plausible local target gene from genomic proximity; Step4: GATA1 is a master erythroid regulator active in K562 cells; Step5: GATA1 commonly activates erythroid enhancers through GATA motif occupancy, although direct evidence for this specific CRE to TSPAN5 link is limited; Step6: The most plausible model is a GATA1-bound enhancer contributing positive regulation of TSPAN5 in K562 cells	activate
170	chr17	42624116	42624616	GATA1	STAT3	TUBG1|chr17:40776134-40776634:.	0	0.62	Step1: The element is a distal noncoding CRE near the STAT3 locus in hg38; Step2: The sequence contains multiple GATA-compatible WGATAR-like sites plus nearby E-box and CACCC-like erythroid enhancer features; Step3: STAT3 is the most biologically plausible candidate target in this interval for K562 hematopoietic cells; Step4: GATA1 is a core K562 erythroid regulator with strong motif compatibility; Step5: GATA1-associated enhancer activity can modulate hematopoietic signaling genes including STAT-family pathways; Step6: The most plausible model is an erythroid enhancer bound by GATA1 contributing to STAT3 transcriptional activity in K562	activate
171	chr17	44288325	44288825	FLI1	ITGA2B	UBTF|chr17:42365693-42366193:.	0	0.72	Step1: The locus is near the megakaryocytic marker gene ITGA2B; Step2: the sequence contains multiple ETS-compatible GGAA core motifs; Step3: FLI1 is an ETS-family hematopoietic TF with strong megakaryocytic regulatory relevance; Step4: FLI1 is known to activate ITGA2B/CD41 regulatory programs, often cooperating with GATA factors; Step5: K562 cells have erythroid-megakaryocytic potential, making this enhancer-TF-gene hypothesis biologically plausible.	activate
172	chr10	125816658	125816735	GATA1	DOCK1	UROS|chr10:127505227-127505304:*	0	0.55	Step1: The short CRE contains multiple strong erythroid-compatible GATA motifs including TGATAA and TTGATA; Step2: GATA1 is a dominant K562 erythroid-lineage TF and often acts with TAL1 at GATA/E-box composite enhancers; Step3: DOCK1 is a plausible distal regulatory target in the chr10q26 neighborhood and has hematopoietic and erythroid cytoskeletal relevance; Step4: GATA1 is known to activate erythroid differentiation programs and cytoskeletal or maturation-associated genes; Step5: The sequence-level motif evidence is strong but the enhancer-gene assignment is distal and therefore moderate-confidence; Step6: In K562 cells the most plausible model is a GATA1-bound erythroid enhancer contributing to DOCK1 expression.	activate
173	chrX	47661953	47662656	JUN	TIMP1	UXT|chrX:47521352-47522055:.	0	0.67	Strong AP-1-compatible TGACTCA motif is present in the CRE; JUN/AP-1 is active in hematopoietic and K562 regulatory programs; TIMP1 is a nearby biologically plausible Xp11.23 target with established AP-1-responsive transcriptional regulation and relevance to leukemia cell signaling and extracellular matrix remodeling.	activate
174	chr10	73991727	73992227	MYC	ADK	VCL|chr10:75751485-75751985:.	0	0.54	Step1: CRE lies just upstream of ADK in hg38, making ADK the most plausible local target; Step2: sequence contains a strong canonical CACGTG E-box compatible with MYC-MAX binding; Step3: MYC is active in K562 and broadly drives metabolic and nucleotide-related transcriptional programs; Step4: ADK encodes adenosine kinase, a plausible MYC-linked metabolic target; Step5: enhancer-to-gene direction is predicted as activating based on MYC enhancer biology in proliferative hematopoietic cells	activate
175	chr1	117655089	117655589	GATA1	TENT5C	WDR3|chr1:118197711-118198211:.	0	0.54	Step1: The CRE lies near the TENT5C locus on chr1 and is plausibly a local regulatory element; Step2: The sequence contains a strong WGATAR-like GATA motif together with nearby E-box and CACCC/GC-rich motifs compatible with erythroid enhancer grammar; Step3: GATA1 is a core K562 erythroid-lineage transcription factor that commonly cooperates with TAL1 and KLF factors at active hematopoietic enhancers; Step4: TENT5C is the most plausible nearby candidate target gene, although its direct erythroid regulation is not as well established as canonical GATA1 targets; Step5: The enhancer-to-gene model is therefore a GATA1-bound local enhancer promoting TENT5C expression in K562 cells.	activate
176	chr1	180610505	180611005	GATA1	GATA2	XPR1|chr1:180579641-180580141:.	0	0.71	activate	Sequence is GC-rich and consistent with erythroid enhancer context in K562; GATA1 is a master hematopoietic TF in K562 and commonly activates erythroid genes; GATA motif compatibility is plausible in this CRE; GATA1→GATA2 is a known lineage-regulatory relationship in erythroid/megakaryocytic programs, making GATA2 the most plausible target gene hypothesis.
177	chr3	196181747	196182350	GATA1	TFRC	ZDHHC19|chr3:195908618-195909221:.	0	0.67	K562 erythroid context strongly favors GATA1-bound enhancers controlling iron-uptake genes; the sequence contains a plausible WGATAR GATA motif near AAAAGATAA plus nearby erythroid-compatible E-box/AP1-like sites; TFRC is a biologically compelling nearby 3q29 candidate and a known erythroid GATA1-associated target required for transferrin-mediated iron acquisition and hemoglobinization; therefore the most plausible hypothesis is distal enhancer activation of TFRC by GATA1 in K562 cells	activate
178	chr20	47358658	47359158	TAL1	ZMYND8	ZMYND8|chr20:45987402-45987902:.	1	0.56	Step1: The CRE lies at the ZMYND8 locus on chr20 and is a plausible cis-regulatory element for this nearby gene; Step2: The sequence contains multiple CANNTG E-box-like motifs including CAGCTG/CACCTG-compatible sites; Step3: TAL1 is a core K562 erythroid/hematopoietic TF that binds E-box motifs, often at active enhancers; Step4: ZMYND8 encodes a chromatin regulatory factor with plausible relevance to transcriptional control in hematopoietic cells; Step5: TAL1 is most plausibly linked to enhancer-mediated activation in K562 rather than repression for this motif context; Step6: Overall hypothesis is TAL1 binding at this CRE promotes ZMYND8 expression in K562 cells	activate
179	chr20	47360466	47361135	GATA1	ZMYND8	ZMYND8|chr20:45989210-45989879:.	1	0.84	Step1: CRE overlaps a K562 DHS/enhancer-like element implicated for ZMYND8; Step2: sequence contains GATA-compatible motifs plus erythroid cofactor-compatible E-box/GC-rich context; Step3: ZMYND8 is the local candidate target and was included among essential K562 regulatory loci; Step4: GATA1 is a master erythroid K562 TF with p300-associated enhancer activity; Step5: enhancer-to-gene evidence and K562 erythroid context support GATA1-bound enhancer regulation of ZMYND8; Step6: most plausible model is GATA1 occupancy promoting ZMYND8 transcription from this CRE.	activate
180	chr19	57098938	57099438	SP1	ZNF470	ZNF550|chr19:57610306-57610806:.	0	0.48	Step1: CRE lies in a chr19q13 zinc-finger gene-rich region and is plausibly promoter-proximal or enhancer-like for the nearby ZNF470 locus; Step2: sequence is GC-rich with multiple SP1-compatible GC-box motifs such as GGGCGG, CCGCCC and GCCGCC plus CACCC-like sites; Step3: SP1 is active in K562 and commonly drives CpG-rich regulatory elements and zinc-finger gene promoters; Step4: erythroid master-factor motifs are weaker than the GC-box signal, making SP1 the most motif-compatible TF; Step5: predicted effect is transcriptional activation of the nearby candidate target gene	activate
