chr	start	end	name	TF	target_gene	label	confidence	rationale	output
chrX	153985479	153985979	ABCD1|chrX:153250930-153251430:.	GATA1	MECP2	0	0.82	Step 1: The element exhibits high ATAC-seq accessibility (2.14) and active H3K27ac marks (1.80) in blood, classifying it as a distal enhancer-like signature (dELS). Step 2: TF motif scanning identifies binding sites for GATA1, a master regulator of the erythroid lineage (relevant to K562 cells), alongside CTCF. Step 3: Chrom3DDB provides direct evidence of a 3D chromatin loop between this element and the MECP2 promoter specifically in blood (Score: 45.0). Step 4: Gene annotation reveals that MECP2 functions as a methyl-CpG binding protein and transcription corepressor that reads DNA methylation to shape heterochromatin and regulate gene expression. Step 5: High-confidence TFTargetDB data confirms an established regulatory relationship where GATA1 targets MECP2. Step 6: In K562 erythroleukemia cells, GATA1 is highly active. Its binding at this enhancer likely drives the transcription of MECP2, which in turn acts to modulate the epigenome and repress alternative lineage genes, thus supporting erythroid characteristics and cell survival.	Enhancer at chrX:153985479-153985979 is bound by GATA1 to activate MECP2 expression, supporting epigenetic modulation and cell state maintenance in the erythroid K562 lineage.
chr2	235460549	235461049	AGAP1|chr2:236369193-236369693:.	GATA1, GATA2, IKZF1, IKZF2, FOS	AGAP1	1	0.85	Step1: Confirm element type; The element exhibits very negative H3K27ac signal (-3.988307) and low ATAC accessibility in Blood and is explicitly classified as a silencer. Step2: Identity TFmotif; Motif scanning confirms the presence of essential hematopoietic TFs, including GATA1, GATA2, FOS, and notable repressive factors IKZF1 (Ikaros) and IKZF2 (Helios). Step3: Determine candidate gene; AGAP1 is located ~33 kb from the element and is the most prominent predicted target based on genomic proximity. Step4: Gene and TF annotation; GATA1 and GATA2 are master transcriptional regulators intricately involved in erythroid/myeloid differentiation. IKZF1 often associates with repressor complexes (e.g., NuRD) and functions as a direct transcriptional repressor in lymphocyte and specialized blood lineages. AGAP1 is a GTPase activator. Step5: TF-gene relationship; Network databases validate that AGAP1 is a direct target for GATA1, GATA2, FOS, and numerous other factors identified within this sequence. Step6: Interpret role in tissue; In a blood-derived K562 context, this combination of TFs orchestrates silencer activity to repress AGAP1, thus strictly modulating cellular GTPase signaling which might be unfavorable for the desired cell differentiation state or specific lineage commitment within hematopoiesis.	The silencer element at chr2:235460549-235461049 represses the expression of AGAP1 in human blood/K562 cells, regulated by a network of hematopoietic master transcription factors (GATA1, GATA2) and repressor complex-associated factors (IKZF1, IKZF2).
chrX	55028229	55028268	ALAS2|chrX:55054662-55054701:*	KLF1	ALAS2	1	0.95	Step1: Confirm element type; The element is situated near the TSS of ALAS2. Given its role in K562 (an erythroleukemia/blood lineage cell line context), this CRE predictably acts as an active enhancer. Step2: Identify TFmotif; Motif scanning identifies strong binding sites for the Krüppel-like factor (KLF) family, notably KLF1, which binds to CACCC-box motifs typically found in erythroid promoters/enhancers. Step3: Determine candidate gene; ALAS2 is the closest and most biologically relevant gene (distance ~2.7 kb to TSS). Step4: Gene and TF annotation; KLF1 is an erythroid-specific transcription activator crucial for erythrocyte differentiation. ALAS2 is an essential mitochondrial enzyme catalyzing the rate-limiting step in heme biosynthesis, a core biological process in red blood cells. Step5: TF-gene relationship; Validated records indicate that KLF1 directly targets and regulates ALAS2. Step6: Interpret role in tissue; In erythroid development contexts like K562 cells, KLF1 binds to this enhancer to potently activate ALAS2 expression, driving heme production necessary for proper erythroid maturation.	The CRE functions as an erythroid-specific enhancer that recruits the transcription factor KLF1 to activate the expression of ALAS2, thereby driving heme biosynthesis critical for erythrocyte development and differentiation.
chr9	73143858	73144497	ANXA1|chr9:75758774-75759413:.	GATA1, GATA2, ELF1	ANXA1	1	0.85	Step1: Confirm element type. ElementDB indicates this region is classified as dELS with strong ATAC-seq signals and varied but positive H3K27ac in blood/bone marrow cell lineages, indicating it acts as an active enhancer. Step2: Identity TFmotif. Motif analysis shows enrichment for several hematopoiesis-related transcription factors including GATA1, GATA2, and ELF1. Step3: Determine candidate gene. ANXA1 is provided as the target gene. Step4: Gene and TF annotation. GeneAnnotationDB establishes ANXA1's role in negative regulation of inflammatory responses, neutrophil homeostasis, and apoptosis. The GATA family and ELF1 strongly regulate erythroid/megakaryocytic genes and immune cell development pathways. Step5: TF-gene relationship. GATA1/2 and ELF1 act coherently to drive enhancer activity in blood-related contexts (like K562) to regulate ANXA1 expression. Step6: Interpret role in tissue. In K562 cells, this enhancer-TF complex facilitates optimal transcription of ANXA1, which is critical for anti-inflammatory signaling and leukemia cell survival modulation.	Enhancer element chr9:73143858-73144497 recruits GATA1, GATA2, and ELF1 to activate the ANXA1 target gene, modulating cellular signaling pathways relevant to blood tissue development and hematopoietic responses.
chr9	73148376	73149938	ANXA1|chr9:75763292-75764854:.	GATA1, GATA2, CTCF	ANXA1	1	0.9	Step1: Confirm element type: The element has high ATAC-seq (2.17) and H3K27ac signals in blood-related tissues/K562 cells and is primarily classified as an active distal enhancer (dELS). Step2: Identity TFmotif: Motif scanning identifies binding sites for master hematopoietic regulators like GATA1 and GATA2, as well as the architectural factor CTCF. Step3: Determine candidate gene: The gene ANXA1 is located directly adjacent, just ~1.9 kb away, making it the highest confidence proximal target. Step4: Gene and TF annotation: ANXA1 plays fundamental roles in immune response, inflammation regulation, and cell differentiation. GATA1 and GATA2 are well-established key drivers of definitive hematopoiesis and are highly active in K562 erythroleukemia cells. Step5: TF-gene relationship: Analysis via TFTargetDB confirms pre-existing regulatory evidence linking GATA2 and CTCF binding to the ANXA1 target gene. Step6: Interpret role in tissue: In K562 cells, binding of tissue-specific GATA factors and CTCF to this CRE activates the proximal ANXA1 gene to mediate cell survival, differentiation, and modulation of inflammatory signaling logic.	The dELS enhancer at chr9:73148376-73149938 activates ANXA1 expression via the binding of GATA transcription factors (GATA1/GATA2) and CTCF in human K562 cells, regulating immune and inflammatory responses.
chr11	33944736	33945236	APIP|chr11:33966283-33966783:.	GATA1, GATA2, ERG, IKZF1	LMO2	0	0.9	Step 1: Confirm element type. The CRE is marked as a dELS with high ATAC accessibility in blood (ATAC = 0.57) and forms high-scoring 3D loops in blood and bone marrow, indicating an active enhancer. Step 2: Identify TFmotif. Motif scanning identifies prominent binding sites for erythroid master regulators including GATA1, GATA2, and other relevant factors (e.g., ERG, IKZF1, ETS1). Step 3: Determine candidate gene. LMO2 is 52 kb away, situated in the same TAD (chr11:32840000-34400000), and maintains robust looping interactions (scores 33-57 in blood/bone marrow) with the CRE. Step 4: Gene and TF annotation. LMO2 plays a core functional role alongside TAL1 to direct red blood cell development and maintain erythroid precursors; GATA1 is a primary driver of erythrocyte differentiation. Step 5: TF-gene relationship. Validated databases confirm that GATA1, GATA2, and IKZF1 target LMO2 expression directly. Step 6: Interpret role in tissue. In human K562 erythroleukemia cells, this GATA-driven enhancer activates LMO2 to fundamentally drive lineage commitment and hematopoiesis/erythropoiesis.	The active enhancer at chr11:33944736-33945236 binds master hematopoietic transcription factors (GATA1, GATA2) to up-regulate LMO2. This regulatory axis activates downstream pathways critical for erythropoiesis in the blood/bone marrow.
chr3	141848947	141849843	ATP1B3|chr3:141567789-141568685:.	GATA1, GATA2, CTCF	ATP1B3	1	0.9	Step1: The element at chr3:141848947-141849843 is classified as a dELS and exhibits strongly negative H3K27ac and ATAC signals in Blood and Bone Marrow, suggesting it acts as a silencer in hematopoietic lineages like K562. Step2: Motif scanning identifies binding sites for hematopoietic key regulators such as GATA1 and GATA2, which can recruit repressive complexes, along with CTCF. Step3: The prompt explicitly defines ATP1B3 as the target gene, which is located in the vicinity (TSS distance ~26kb). Step4: ATP1B3 is a sodium/potassium-transporting ATPase beta-3 subunit involved in ion homeostasis. Step5: TFTargetDB confirms that GATA1, GATA2, and CTCF have regulatory relationships with ATP1B3. Step6: In hematopoietic development and erythroleukemia (K562), tight control of ion channels is required for appropriate differentiation and cell volume regulation, implying this repressor element fine-tunes ATP1B3 expression level.	The CRE at chr3:141848947-141849843 functions as a silencer in the blood lineage (e.g., K562 cells), binding TFs like GATA1, GATA2, and CTCF to repress the target gene ATP1B3.
chr17	48521699	48522551	ATP5G1|chr17:46599061-46599913:.	CTCF, CTCFL	HOXB2	0	0.8	Step1: Confirm element type; The genomic region demonstrates evidence of both silencer activity and CTCF-bound insulator characteristics in multiple annotations. While specific Blood H3K27ac levels are negative (-3.72), K562 cell line originates from blood. Step2: Identity TFmotif; Motif scanning explicitly identifies binding motifs for the well-known insulator/architectural proteins CTCF and CTCFL. Step3: Determine candidate gene; eQTL data robustly links this genetic region to multiple genes in the HOXB cluster (e.g., HOXB2, HOXB3, HOXB4) with the highest impact on HOXB2 in blood context (Slope = 0.405). Step4: Gene and TF annotation; HOXB2 encodes a critical developmental homeobox transcription factor. CTCF serves as a master regulator of 3D chromatin architecture and TAD boundaries. Step5: TF-gene relationship; The presence of CTCF implies structural partitioning or boundary formation, which is classically required for the proper stage-specific and lineage-specific repression/activation of HOX cluster genes. Step6: Interpret role in tissue; K562 cells present mixed lineage characteristics. An insulator in this domain likely controls the spatiotemporal accessibility of the HOXB cluster, preventing inappropriate enhancer-promoter crosstalk and thus acting to repress gene activation from nearby distal elements or establishing a TAD boundary.	The regulatory element at chr17:48521699-48522551 is hypothesized to function as a CTCF-bound insulator that regulates the HOXB2 gene in human K562 cells. Binding of architectural factors like CTCF (and potentially CTCFL) maintains appropriate chromatin boundaries to partition the HOXB gene cluster. This regulatory axis likely represses or insulates HOXB2 from spurious activation by neighboring elements, maintaining specific gene expression programs critical for hematopoiesis and lineage fidelity.
chr2	175036530	175037030	ATP5G3|chr2:175901258-175901758:.	CTCF, CTCFL	CHN1	0	0.82	Step 1: Confirm element type: ElementDB explicitly classifies this CRE as a 'CTCF-bound' insulator and notes its location immediately adjacent to a TAD boundary (chr2:174720000-175040000). ATAC accessibility varies across tissues. Step 2: Identify TFmotif: Motif scanning strongly supports the binding of CTCF and its paralog CTCFL, which are canonical architectural proteins responsible for mediating chromatin loops and insulating domains. Step 3: Determine candidate gene: The gene CHN1 is located within this TAD (closest to the CRE), while genes like ATF2 are situated on the other side of the boundary. Step 4: Gene and TF annotation: CTCF is universally required for the maintenance of 3D chromatin architectures. Step 5: TF-gene relationship: Rather than direct transcriptional activation, CTCF binding at this element anchors the TAD loop, effectively insulating CHN1 from external enhancers or silencers located beyond the boundary. Step 6: Interpret role in tissue: In blood lineage cells like K562, this insulator ensures proper structural regulation, preventing aberrant enhancer-promoter crossover and stabilizing local gene expression.	The CRE functions as an insulator, primarily binding architectural transcription factors like CTCF and CTCFL. By establishing a TAD boundary, it represses aberrant interactions and structurally insulates the CHN1 gene domain.
chr19	48812108	48812648	BCAT2|chr19:49315365-49315905:*	ETS1, FLI1, GABPA, ERG	RASIP1	0	0.8	Step1:Confirm element type; ElementDB indicates ATAC accessibility and varying H3K27ac levels across blood and blood_vessel tissues, classifying it as a candidate enhancer (dELS). Step2: Identity TFmotif; Motif scanning highlights multiple ETS-family transcription factors (ETS1, FLI1, GABPA, ERG) that are crucial for hematopoietic and endothelial lineages. Step3: Determine candidate gene; Both eQTLDB and Chrom3DDB identify RASIP1 as a target gene linked to this region. Step4: Gene and TF annotation; RASIP1 governs GTPase activity, vascular/angiogenic development, and integrin regulation. TFs like FLI1 are highly active in erythroid/megakaryocytic models such as K562 cells. Step5: TF-gene relationship; Target database confirms that ETS1, FLI1, and GABPA regulate RASIP1. Step6: Interpret role in tissue; In the K562 cell context, this CRE functions as an enhancer utilizing ETS-family binding to activate RASIP1, which is important for cytoskeletal or adhesion pathways in hematopoietic lineages.	The regulatory element at chr19:48812108-48812648 functions as an enhancer that recruits ETS-family transcription factors (including ETS1, FLI1, and GABPA) to activate the transcription of RASIP1 in K562 cells, thereby promoting signaling mechanisms involved in cellular adhesion and GTPase-mediated processes.
chr4	78732519	78733156	BMP2K|chr4:79653673-79654310:.	GATA1, GATA2, TAL1, CTCF	BMP2K	1	0.85	Step 1: Determine element type - The queried region overlaps with an annotated distal enhancer (dELS) at chr4:78732587-78732930. Step 2: Identify TF motifs - Motif scanning reveals multiple binding sites, significantly including GATA1, GATA2, TAL1, and CTCF, which are master transcription factors highly active in hematopoietic lineages like the K562 erythroleukemia cell line. Step 3: Determine candidate gene - Nearby gene analysis locates BMP2K as the nearest robust protein-coding gene (approx. 43kb away). Step 4: Gene and TF annotation - GATA1 and TAL1 often form a regulatory complex crucial for erythroid differentiation. BMP2K is a kinase implicated in endocytosis and differentiation processes. Step 5: TF-gene relationship - Querying TFTargetDB verifies that GATA1, GATA2, TAL1, and CTCF all have established regulatory relationships targeting BMP2K. Step 6: Interpret role in tissue - In K562 cells, the enhancer likely recruits the GATA1/TAL1 complex and uses CTCF for topological organization to directly upregulate BMP2K, which may contribute to cellular maintenance and differentiation pathways in leukemic cells.	The distal enhancer (CRE) at chr4:78732519-78733156 acts as an activator in K562 cells. It recruits key hematopoietic transcription factors, including GATA1, GATA2, TAL1, and CTCF, to drive the expression of the target gene BMP2K, regulating cellular differentiation and physiological responses in the erythroid lineage.
chr12	12353671	12354299	BORCS5|chr12:12506605-12507233:.	GATA1, TAL1, BCL11A, SPI1	CDKN1B, HEBP1	0	0.82	Step 1: Confirm element type; Querying ElementDB shows this region overlaps a distal enhancer-like signature (dELS) featuring strong activation marks (H3K27ac=0.89) in Blood and Bone Marrow (H3K27ac=0.72). K562 is an erythroleukemic cell line, so it corresponds perfectly to this active profile. Step 2: Identify TFmotif; TFMotifScan identifies canonical binding motifs for key hematopoietic and erythroid master transcription factors, including GATA1, TAL1, BCL11A, and SPI1 (PU.1). Step 3: Determine candidate gene; Chrom3DDB uncovers significant 3D chromatin looping from this enhancer to CDKN1B in Bone Marrow (score: 59.0) and HEBP1 in Blood (score: 20.0). Step 4: Gene and TF annotation; GATA1 and TAL1 functionally coordinate to direct erythrocytic distinctiveness and differentiation. CDKN1B (p27Kip1) encodes a cyclin-dependent kinase inhibitor crucial for controlling cell cycle states, while HEBP1 is inextricably linked to heme metabolism and proper erythropoiesis. Step 5: TF-gene relationship; The presence of the GATA1/TAL1 network at this distal enhancer loops to the promoters of CDKN1B and HEBP1 via the established 3D interactome, boosting their local transcription. Step 6: Interpret role in tissue; In the context of human K562 cells, this enhancer plays a substantive role acting as an activating regulatory node that integrates erythroid lineage signals (GATA1/TAL1) to coordinate gene expressions modulating hemopoiesis attributes and cellular growth rate.	In human K562 cells, the CRE located at chr12:12353671-12354299 functions as an active distal enhancer. It recruits lineage-determining hematopoietic transcription factors, such as the GATA1/TAL1 complex and BCL11A, activating expression of the cell-cycle regulator gene CDKN1B and the erythroid-related gene HEBP1 through 3D chromatin looping. This regulatory axis primarily activates its target genes, playing a critical developmental role in balancing erythropoietic differentiation and proliferation.
chr19	17398833	17399622	BST2|chr19:17509642-17510431:.	GATA1, GATA2, CEBPA, CTCF	BST2	1	0.95	Step 1: The element within chr19:17398833-17399622 is annotated specifically as a silencer in the database with negative H3K27ac and ATAC signals in blood tissues, making it a strong candidate for a repressive regulatory element in K562 cells. Step 2: Sequence scanning identifies multiple binding motifs for pivotal hematopoietic transcription factors such as GATA1, GATA2, and CEBPA, as well as the structural regulator CTCF. Step 3: Given the target gene is defined as BST2, we evaluate its context. Step 4: BST2 (Bone Marrow Stromal Cell Antigen 2 or Tetherin) is involved in defense response to viruses, B cell activation, and negative regulation of early immune responses. Step 5: TFTarget verification confirms that GATA1, GATA2, CEBPA, and CTCF are direct regulators of BST2. Step 6: In K562 (erythroleukemia) cells, silencing of immune modulatory genes like BST2 allows these cells to maintain their lineage-specific constrained states and evade immune restrictive control. The collective evidence strongly supports this region as a silencer constraining BST2 expression.	The CRE at chr19:17398833-17399622 operates as a silencer to repress the expression of BST2 in K562 cells. This repression is coordinated by a combination of key hematopoietic and structural transcription factors, notably GATA1, GATA2, CEBPA, and CTCF. By downregulating BST2, which plays a major role in innate immune responses and viral defense, this regulatory relationship potentially limits specific modulatory immune signaling, facilitating specialized cellular functions or maintaining leukemic states in blood cells.
chr20	4037971	4038471	C20orf27|chr20:4018618-4019118:.	GATA1, GATA2, FLI1	RNF24	0	0.8	Step1: Confirm element type; ElementDB reveals that this region has strong active enhancer features in blood (ATAC score of 3.10 and H3K27ac score of 1.60), classifying it as a distal enhancer (dELS). Step2: Identify TF motif; Motif scanning (TFMotifScan) indicates the presence of multiple transcription factor binding sites including essential hematopoietic master regulators such as GATA1, GATA2, and FLI1. Step3: Determine candidate gene; Chrom3DDB establishes a direct 3D chromatin loop connecting this element to the RNF24 gene specifically in blood tissue contexts with a score of 47.0. Nearby eQTL data also show structural functional correlations. Step4: Gene and TF annotation; GATA1 and FLI1 are major determinants of erythroid and megakaryocytic differentiation, processes highly relevant to human K562 cells (erythroleukemia). RNF24 is a RING-type E3 ubiquitin ligase involved in protein turnover. Step5: TF-gene relationship; Driven by the robust enhancer chromatin state and 3D contact, it is highly probable that GATA and ETS-family TFs bind this CRE and interact with the RNF24 promoter, promoting its transcription. Step6: Interpret role in tissue; This enhancer likely activates RNF24 expression in a blood-lineage context, contributing to the hematopoietic regulatory network and cellular proliferation/differentiation in K562 cells.	The distal enhancer (CRE) at chr20:4037971-4038471 activates the expression of the target gene RNF24 in human K562 cells. This activation is mediated through the binding of blood-associated transcription factors, such as GATA1, GATA2, and FLI1, followed by a direct 3D chromatin DNA loop to the promoter of RNF24.
chr7	7099480	7099980	C7orf26|chr7:7139111-7139611:.	BCL11A, BACH1, BACH2, CTCF	C1GALT1	0	0.85	Step 1: Confirm element type; In blood lineages, this region exhibits heavily depleted H3K27ac signal (-2.45) alongside detectable chromatin accessibility (ATAC=1.01). Furthermore, this specific locus directly overlaps a categorized 'silencer' element (7099304-7101172). Therefore, it most likely acts as an active silencer in human K562 (blood) cells. Step 2: Identify TFmotif; Motif scanning reveals binding sites for well-known hematopoietic transcriptional repressors, notably BCL11A, BCL11B, BACH1, and BACH2, as well as the structural factor CTCF. Step 3: Determine candidate gene; Chrom3DDB data demonstrates a significant 3D chromatin conformation interaction between this locus and the C1GALT1 gene. C1GALT1 is also identified as a prominent nearby gene. Step 4: Gene and TF annotation; BCL11A is a crucial repressive transcription factor extensively studied in blood cells (like K562), where it regulates lineage specification. C1GALT1 is involved in O-glycosylation and affects cell surface receptor functions. Step 5: TF-gene relationship; BCL11A and BACH1 coordinate at this regulatory sequence to recruit repressive complexes, silencing the distal C1GALT1 promoter via 3D looping (potentially stabilized by CTCF). Step 6: Interpret role in tissue; This CRE acts as a functional silencer in K562 cells, repressing C1GALT1 to modulate specific cellular phenotypes or metabolic characteristics in the leukemic blood state.	The regulatory hypothesis proposes that the identified element acts as a silencer. Transcriptional repressors such as BCL11A and BACH1, alongside CTCF, bind to this element and repress the expression of the target gene C1GALT1 via chromatin looping. This regulatory mechanism serves to repress C1GALT1 activity in particular blood lineages such as K562 cells.
chr11	33941571	33942071	CAT|chr11:33963118-33963618:.	GATA1, BCL11A, CTCF	LMO2	0	0.85	Step1: Confirm element type: ElementDB annotates this region as a silencer. Additionally, in blood tissue, it exhibits chromatin accessibility (ATAC signal 1.34) but significantly negative H3K27ac signal (-2.61), which is a quintessential signature of an active silencer. Step2: Identity TFmotif: Motif scanning identifies key erythroid transcription factors including GATA1 and the known repressor BCL11A, as well as the structural regulator CTCF. Step3: Determine candidate gene: Chrom3DDB provides direct evidence of 3D chromatin looping between this element and the LMO2 promoter in blood, and NearbyGenesDB confirms LMO2 is located ~49kb away. Step4: Gene and TF annotation: GeneAnnotationDB highlights that LMO2 acts with TAL1/SCL and LDB1 to regulate red blood cell development and maintain erythroid precursors in an immature state. Step5: TF-gene relationship: TFTargetDB confirms that GATA1, BCL11A, and CTCF target LMO2, establishing plausible interaction pathways. Step6: Interpret role in tissue: In human K562 erythroleukemia cells, this element acts as a silencer where repressive TFs like BCL11A likely bind to dampen and fine-tune the high expression of LMO2, preventing aberrant overexpression during erythropoiesis.	The regulatory element at chr11:33941571-33942071 acts as a silencer to repress LMO2 expression in K562 cells, mediated by transcription factors like GATA1 and BCL11A.
chr11	33944736	33945236	CAT|chr11:33966283-33966783:.	GATA1, GATA2, FLI1, IKZF1, CTCF	LMO2	0	0.82	Step1: Confirm element type; The element exhibits high ATAC-seq accessibility in blood and forms direct 3D chromatin loops with the LMO2 promoter in both blood and bone marrow (Chrom3DDB), indicating its role as an active enhancer in hematopoietic lineages. Step2: Identify TF motif; Motif analysis uncovers binding sites for master hematopoietic regulators, including GATA1, GATA2, FLI1, IKZF1, as well as the structural regulator CTCF. Step3: Determine candidate gene; LMO2 is located nearby (52.6 kb away) and its promoter is physically linked to this element through 3D chromatin interactions. Step4: Gene and TF annotation; LMO2 acts as a transcriptional coregulator that forms a critical complex with TAL1, GATA1, and LDB1 to drive red blood cell differentiation and development. Step5: TF-gene relationship; Extensive regulatory data confirm that GATA1, GATA2, FLI1, IKZF1, and CTCF directly regulate LMO2 expression. Step6: Interpret role in tissue; In K562 erythroleukemia cells (a blood/bone marrow model), this enhancer integrates signals from vital hematopoietic TFs (e.g., GATAs and ETS/FLI1) to sustain robust LMO2 expression, which is fundamental for maintaining the erythroid gene circuit and cellular identity.	The element at chr11:33944736-33945236 acts as an erythroid-specific enhancer that activates LMO2 expression. Transcription factors such as GATA1, GATA2, FLI1, and IKZF1 bind to this enhancer and promote LMO2 transcription, which is essential for normal erythropoiesis and maintaining the core erythroid transcriptional network in K562 cells.
chrX	48782818	48783318	CCDC22|chrX:48641226-48641726:.	GATA1	PLP2, PIM2	0	0.8	Step 1: Confirm element type: The element is annotated as a dELS (distal enhancer-like signature) and is accessible in various tissues. Step 2: Identity TFmotif: TFMotifScan identified multiple TFs, prominently including GATA1 and GATA2, which are crucial regulators in erythroid and myeloid lineage cells (such as K562). Step 3: Determine candidate gene: Direct experimental evidence from CRISPRDB indicates this element targets PLP2 and PIM2 in the bone marrow context. Step 4: Gene and TF annotation: GATA1 is a master transcription factor for red blood cell development. PIM2 is a serine/threonine kinase important for cell survival, and PLP2 is implicated in cellular signaling. Step 5: TF-gene relationship: GATA1 complexes with other hematopoietic TFs at this dELS to regulate the expression of PLP2 and PIM2 in hematopoietic cells. Step 6: Interpret role in tissue: This regulatory loop acts to modulate cellular survival and differentiation pathways in the bone marrow and hematopoietic lineages.	The dELS element at chrX:48782936-48783167 acts as a remote enhancer in K562/bone marrow cells. Governed by hematopoietic master regulators like GATA1, it forms a regulatory interaction to actively modulate the expression of PIM2 and PLP2, which are important for cell survival and proliferation in the blood lineage.
chr8	129689337	129689837	CCDC26|chr8:130701583-130702083:.	IKZF1, GATA1, GATA2	CCDC26	1	0.9	Step1: Evaluate element subtype. The CRE at chr8:129689337-129689837 is classified as a dELS. In Blood, it displays accessible ATAC signal (0.225) but strongly negative H3K27ac (-6.41), which is a classical hallmark of a silencer element. Step2: Identify TF motifs. TFMotifScan identifies several motifs including those for IKZF1, GATA1, and GATA2, which are key hematopoietic transcription factors. Step3: Determine candidate gene. NearbyGenesDB indicates that this CRE is proximal to CCDC26 (dist: 5567 bp). Step4: Gene and TF annotation. IKZF1 is a known critical repressor during blood cell lineage determination, while GATA factors can co-bind to modulate these repressive/active hubs. Step5: Evaluate TF-gene relationship. TFTargetDB confirms that IKZF1, GATA1, and GATA2 structurally regulate CCDC26. Step6: Interpret role in tissue context. In K562 (Blood/leukemia) cells, this silencer interacts with IKZF1 and GATA-family complexes to actively repress the expression of CCDC26, playing a regulatory modulatory role in hematopoiesis or leukemogenesis.	The dELS at chr8:129689337-129689837 acts as a silencer in blood cells. It recruits hematopoietic transcription factors such as IKZF1, GATA1, and GATA2 to suppress the expression of the nearby target gene CCDC26.
chr7	44995065	44995565	CCM2|chr7:45034664-45035164:.	GATA1, GATA2, ETS1, FLI1	TMED4	0	0.85	Step1: Evaluate element type; ElementDB reveals the CRE (chr7:44995145-44995495) functions as a distal Element (dELS) characterized by robust H3K27ac and positive ATAC-seq signals in Blood and Bone marrow, supporting an active enhancer role in hematopoietic tissues. Step2: Identify TF motifs; TFMotifScan identifies several motifs including those for the GATA family (GATA1, GATA2) and ETS family (ETS1, ELF1, FLI1), which are master transcription factors in the blood/K562 cellular context. Step3: Determine candidate gene; Chrom3DDB confirms a robust 3D chromatin interaction (Score: 24.0) between this element and the TMED4 promoter specifically in Blood cells. Step4: Gene and TF annotation; GATA and ETS factors extensively drive hematopoiesis and erythroleukemia (K562) cell programs. TMED4 (Transmembrane p24 trafficking protein 4) is involved in vesicular protein trafficking. Step5: TF-gene relationship; The presence of GATA/ETS motifs at this active enhancer suggests these TFs bind to drive the spatial looping and activation of TMED4. Step6: Interpret role in tissue; In K562/blood cells, this regulatory axis activates TMED4 to maintain vesicular transport and basic metabolic demands associated with myeloid/erythroid proliferation.	The dELS enhancer at chr7:44995065-44995565 is hypothesized to directly activate the TMED4 gene in K562 (blood) cells. Driven by hematopoietic master regulators such as GATA1/2 and FLI1/ETS1, this regulatory enhancer loops to the TMED4 promoter to upregulate its expression, supporting vesicular trafficking machinery necessary for cell function.
chr3	108104249	108104749	CD47|chr3:107823096-107823596:.	GATA1, KLF1, FLI1, BACH1, CTCF, E2F1	CD47	1	0.95	Step1: Confirm element type: Based on the predominant binding of highly activating tissue-specific factors (GATA1, KLF1, FLI1), this element acts as an active enhancer driving target gene expression in the erythroleukemia K562 cell line. Step2: Identify TFmotif: TFMotifScan detected motifs for critical erythropoiesis master regulators like GATA1 and KLF1, along with FLI1, E2F1, BACH1, and CTCF. Step3: Determine candidate gene: NearbyGenesDB identifies CD47 as a proximally located gene (distance ~12.4 kb to TSS) among other genes. Step4: Gene and TF annotation: GeneAnnotationDB highlights CD47 as an essential cell surface molecule that functions to negatively regulate phagocytosis ('don't eat me' signal), which is critical for blood cells (erythrocytes, leukemia cells) to evade immune clearance. Step5: TF-gene relationship: TFTargetDB confirms that GATA1, KLF1, FLI1, BACH1, CTCF, and E2F1 are known to target and regulate CD47. Step6: Interpret role in tissue: In K562 erythroleukemia cells, this enhancer utilizes erythroid-lineage factors (GATA1, KLF1) to up-regulate CD47, ensuring cell survival and preventing premature clearance by the immune system.	The enhancer at chr3:108104249-108104749 is proposed to bind key erythroid transcription factors GATA1 and KLF1, as well as FLI1, BACH1, E2F1, and CTCF, to directly activate the transcription of the CD47 gene. This regulation is crucial in maintaining CD47 expression on the surface of K562 cells, thereby inhibiting phagocytosis and ensuring malignant cell survival.
chr12	9764686	9765406	CD69|chr12:9917282-9918002:.	GATA1, ETS1, EGR1	CD69	1	0.9	Step1: Confirm element type; The element at chr12:9764686-9765406 acts as a distal enhancer (dELS) with high chromatin accessibility (ATAC: 2.74) and active histone marks (H3K27ac: 2.15) specifically in blood tissues. Step2: Identify TFmotif; Motif scanning confirms binding sites for multiple transcription factors including GATA1, ETS1, and EGR1. Step3: Determine candidate gene; Nearby gene analysis shows the element is roughly 3.7 kb from the TSS of CD69. Step4: Gene and TF annotation; CD69 is an early immune activation marker functioning as a transmembrane receptor. GATA1 is a key erythroid transcription factor (relevant for K562 erythroleukemic cells), and ETS1 and EGR1 are involved in immune response and cell differentiation. Step5: TF-gene relationship; Evidence from TFTargetDB confirms that GATA1, ETS1, and EGR1 are regulatory TFs for CD69. Step6: Interpret role in tissue; In human K562 blood lineage cells, these transcription factors utilize this enhancer region to activate CD69 transcription, driving immune and differentiation-related cellular programs.	The distal enhancer (dELS) at chr12:9764686-9765406 activates the expression of CD69 in blood/K562 cells. This regulation is mediated by the cooperative binding of the transcription factors GATA1, ETS1, and EGR1, driving differentiation and immune response processes.
chr1	150976787	150977582	CERS2|chr1:150949263-150950058:.	GATA1, GATA2, CTCF, IKZF1	CERS2	1	0.85	Step1: Confirm element type; The element shows a distal enhancer-like signature (dELS) across multiple tissues, including blood and bone marrow (which correspond to the K562 cell line origin), and is also marked as CTCF-bound (insulator). However, considering the user-specified target gene CERS2, it may exert trans-regulatory or long-distance enhancer roles. Step2: Identify TFmotif; Motif scanning identifies several hematopoietic and ubiquitous transcription factors, notably GATA1, GATA2, IKZF1, and CTCF. Step3: Determine candidate gene; The target gene is predefined as CERS2. Step4: Gene and TF annotation; CERS2 is involved in sphingolipid metabolism and ceramide biosynthesis. GATA1/2 and IKZF1 are master regulators of hematopoietic differentiation in K562 cells. Step5: TF-gene relationship; GATA factors typically act as strong activators of tissue-specific metabolic states required for blood cell function and differentiation. CTCF may mediate 3D chromatin loops enabling this regulation or domain boundary maintenance. Step6: Interpret role in tissue; The metabolic demands of replicating and differentiating K562 (erythroleukemia) cells require precisely controlled lipid metabolism. Enhancer-driven regulation by GATA TFs could boost CERS2 to support membrane remodeling.	The dELS element at chr1:150976787-150977582 acts as a regulatory hub bound by GATA1, GATA2, IKZF1, and CTCF. We hypothesize that it serves as an enhancer (potentially mediating its effect via 3D looping or trans-regulation given the interchromosomal disparity) that activates CERS2 expression. In K562 cells, this GATA1/2-driven activation likely promotes ceramide biosynthesis and membrane remodeling essential for blood cell differentiation and metabolic homeostasis.
chr12	6613425	6614302	CHD4|chr12:6722591-6723468:.	CTCF, GATA1, EGR1	CHD4	1	0.95	Step1:Confirm element type; ElementDB explicitly identifies the broader overlapping region (chr12:6610808-6615283) as a silencer. Furthermore, the ATAC-seq signal in blood aligns with the principle that active silencers can maintain high accessibility. Step2: Identity TFmotif; TFMotifScan identifies binding motifs for key transcription factors including GATA1, CTCF, and EGR1. Step3: Determine candidate gene; CHD4 is the nearest gene to the CRE, situated only 222 bp from its transcription start site (TSS). Step4: Gene and TF annotation; CHD4 encodes a core ATPase subunit of the repressor NuRD chromatin remodeling complex. GATA1 is a master transcription factor for erythroid lineage (relevant to K562 cells), while CTCF is a crucial chromatin organizer. Step5: TF-gene relationship; TFTargetDB validates that CTCF, GATA1, and EGR1 directly target CHD4. The CRE subtype rules specifically state that silencers often constrain modulatory genes like chromatin regulators (CHD4). Step6: Interpret role in tissue; In K562 erythroleukemia cells, fine-tuning the levels of the highly modulatory NuRD complex via silencer-mediated repression is critical for preventing the aberrant silencing of downstream lineage-specific genes and maintaining blood cell identity.	The element functions as an active silencer to repress CHD4 expression. Operating through the binding of lineage-determining TFs (GATA1) and chromatin organizers (CTCF), it constrains the availability of the NuRD chromatin remodeling complex to properly direct hematopoiesis and blood tissue development.
chr2	219661173	219662525	CHPF|chr2:220525895-220527247:.	CTCF, GATA1, GATA2, BCL11A, GFI1B	SLC4A3	0	0.7	Step1: Confirm element type; ElementDB identifies a dELS (chr2:219662044-219662381) with high ATAC (1.088) but highly negative H3K27ac (-2.365) in blood, along with an adjacent CTCF-bound region, suggesting a likely silencer or repressor element in K562 cells. Step2: Identity TFmotif; Motif scanning identifies hematopoietic transcription factors including GATA1, GATA2, GFI1B, and the known transcriptional repressor BCL11A, as well as CTCF. Step3: Determine candidate gene; SLC4A3 is a nearby gene functionally linked to this region via an eQTL in lung, making it a strong candidate for regulation by this element. Step4: Gene and TF annotation; SLC4A3 functions as a bicarbonate transporter which maintains intracellular pH and is usually expressed in cardiac and neuronal tissues, not primary hematopoietic cells. BCL11A and GFI1B are well-defined repressors in the hematopoietic system. Step5: TF-gene relationship; The coordinated binding of repressive factors like BCL11A and CTCF limits the transcription of non-lineage specific genes like SLC4A3. Step6: Interpret role in tissue; This CRE acts as an active silencer in the blood lineage (like K562 cells), utilizing GATA1/BCL11A complexes to maintain the repression of SLC4A3, preventing inappropriate transporter activity during blood cell differentiation.	The CRE at chr2:219661173-219662525 functions as a silencer in K562 cells. It recruits repressor complexes, including TFs like BCL11A, GATA1, and CTCF, to actively repress the nearby SLC4A3 gene.
chr19	50728300	50728800	CLEC11A|chr19:51231557-51232057:.	GFI1, GFI1B, BCL6, IKZF1	CLEC11A	1	0.85	Step 1: Confirm element type: ElementDB indicates the region overlaps a defined 'silencer' (chr19:50727621-50728851) and exhibits strongly negative H3K27ac signal in Blood (-3.41) despite modest ATAC accessibility. This fits the profile of an active silencer rather than an enhancer. Step 2: Identify TF motifs: TFMotifScan identifies numerous binding sites. Given the blood tissue line (K562) and silencer identity, key hematopoietic transcriptional repressors such as GFI1, GFI1B, BCL6, and IKZF1 are the most plausible candidates. Step 3: Determine candidate gene: The closest and user-specified target gene is CLEC11A (TSS situated roughly 4.9kb away). Step 4: Gene and TF annotation: CLEC11A encodes a Stem Cell Growth Factor (SCGF), which stimulates hematopoietic stem/progenitor cells. Factors like GFI1/GFI1B are dominant-negative or repressive regulators in hematopoiesis. Step 5: TF-gene relationship: We hypothesize these TFs occupy this upstream silencer element, repressing CLEC11A transcription. Step 6: Interpret role in tissue: In the context of K562 leukemia lineage, restricting CLEC11A expression via this silencer likely contributes to blocking terminal differentiation or meticulously tuning autocrine growth signals.	In K562 human blood cells, the CRE at chr19:50728300-50728800 operates as a silencer element. It recruits hematopoietic transcriptional repressors, specifically GFI1, GFI1B, BCL6, and IKZF1, to actively repress the expression of the nearby target gene, CLEC11A. This suppressive regulatory axis is crucial for restricting the production of stem cell growth factor, thereby fine-tuning proliferative signaling and maintaining the precise differentiation state of the blood lineage.
chr5	10310245	10310745	CMBL|chr5:10310357-10310857:.	BACH1	CMBL	1	0.9	Step1:Confirm element type; The element exhibits chromatin accessibility (ATAC signal) but strongly negative H3K27ac in blood lineages, which is characteristic of a repressed or silencer state. ElementDB also explicitly annotates an overlapping region (chr5:10309817-10311378) as a silencer. Step2: Identity TFmotif; Motif scanning identifies multiple candidate TFs, notably BACH1, a well-established transcriptional repressor highly active in blood lineages like K562. Step3: Determine candidate gene; CMBL is located just 2.3kb away from this element and strictly shares the same TAD boundary (chr5:10240000-13880000), making it a high-confidence target. Step4: Gene and TF annotation; BACH1 functions as a transcriptional repressor regulating stress-esponsive and heme-related genes. CMBL encodes a cytosolic enzyme with hydrolase activity involved in xenobiotic metabolic processes. Step5: TF-gene relationship; TFTargetDB strongly supports a specific regulatory relationship, confirming BACH1 directly targets CMBL. Step6: Interpret role in tissue; In K562 cells (blood lineage), BACH1 likely occupies this active silencer to repress CMBL transcription, placing constraints on xenobiotic or generalized metabolic activities to maintain proper leukemic/erythroid cellular states.	The genomic region chr5:10310245-10310745 acts as a silencer in K562 cells. It is bound by the transcriptional repressor BACH1 to actively repress the expression of the nearby CMBL gene, thereby modulating xenobiotic metabolic processes.
chr11	10744215	10744587	CTR9|chr11:10744215-10744587:.	BCL11A, BACH1, GATA1	ADM	0	0.8	Step 1: Confirm element type; The CRE at chr11:10744215-10744587 shows chromatin accessibility (ATAC) and H3K27ac signals in blood/bone marrow. ElementDB specifically annotates a sub-region (chr11:10744248-10744398) as a silencer. High ATAC accessibility is consistent with active silencers in this context. Step 2: Identity TFmotif; Motif scanning identifies binding sites for significant hematopoietic transcription factors, including repressor factors like BCL11A and BACH1, as well as definitive erythroid factors like GATA1/2. Step 3: Determine candidate gene; Chrom3D interaction data in blood cells provides direct evidence (Score: 32.0) linking this element to the ADM (Adrenomedullin) promoter. Step 4: Gene and TF annotation; BCL11A and BACH1 are canonical transcriptional repressors critical for hematopoietic lineage commitment and erythrocyte development. ADM is primarily a vasodilatory, angiogenic, and immunomodulatory hormone. Step 5: TF-gene relationship; The presence of BCL11A and BACH1 motifs at a designated silencer element suggests a repressive regulation pathway targeting ADM in the K562 erythroleukemic context. Step 6: Interpret role in tissue; Repressing ADM is likely required during erythroleukemic or erythrocyte development to suppress non-lineage specific traits (like endothelial/vasodilator characteristics) and preserve hematopoietic cellular identity.	The CRE at chr11:10744215-10744587 functions as an active silencer in human K562 cells. It recruits transcriptional repressors, notably BCL11A and BACH1, to down-regulate the expression of the ADM gene. This repressor activity restricts inappropriate ADM induction, contributing to the maintenance of erythroid/myeloid lineage fidelity.
chr19	2059459	2060334	DAZAP1|chr19:2059458-2060333:.	BCL11A, BCL11B, BACH1, BACH2, BCL6	IZUMO4	0	0.85	Step 1: Confirm element type; In blood (which corresponds to K562 cell lineage), ATAC and H3K27ac signals are relatively low compared to other tissues. The motif scan reveals binding sites for well-characterized hematopoietic repressors (BCL11A, BCL6, BACH1, BACH2), leading to its categorization as a Silencer. Step 2: Identity TFmotif; Multiple binding motifs for transcriptional repressors (e.g., BCL11A, BCL11B, BCL6) are identified natively on this sequence. Step 3: Determine candidate gene; Chrom3DDB analysis in human blood cells exhibits a strong looping interaction (Score: 33) specifically between this CRE and the IZUMO4 gene, making it the top candidate over local competitors like MKNK2. Step 4: Gene and TF annotation; BCL11A/BCL6 serve as critical transcriptional repressors in blood cell development and fate determination. IZUMO4's specific role is not fully mapped in blood, but its suppression is evidently managed actively. Step 5: TF-gene relationship; The presence of BCL11A at this CRE structurally silences the IZUMO4 promoter downstream via 3D chromatin looping interactions. Step 6: Interpret role in tissue; In the K562/hematopoietic environment, suppressing non-lineage-specific genes is crucial to cellular identity, a function mediated precisely by this silencer complex to prevent ectopic gene expression.	The regulatory hypothesis suggests that the CRE at chr19:2059459-2060334 operates as a silencer in K562 (blood lineage) cells. By recruiting hematopoietic repressors like BCL11A, BCL11B, BACH1, BACH2, and BCL6, this region represses the IZUMO4 gene through robust 3D chromatin looping (Score 33), preventing inappropriate non-lineage gene expression to maintain proper cellular identity.
chr5	112973835	112974335	DCP2|chr5:112309532-112310032:.	CTCF, GATA1, GATA2, FOS, JUN, ELF1, ERG, FLI1	DCP2	1	0.95	Step1:Confirm element type; Based on ElementDB, the region is annotated as a silencer constraint. The target gene DCP2 is a post-transcriptional modulatory gene (mRNA decay), fitting the classification of a silencer regulating a modulatory gene. Step2: Identity TFmotif; Motif scanning identifies numerous TFs including CTCF, GATA1/2, FOS/JUN (AP-1), and ETS-family members (ELF1, ERG, FLI1). Step3: Determine candidate gene; The prompt explicitly identifies DCP2 as the target gene, and NearbyGenesDB confirms it is highly proximal (2.3 kb away). Step4: Gene and TF annotation; DCP2 encodes an mRNA decapping enzyme that controls mRNA turnover. GATA1 is a master regulator of erythroid/blood development (K562 context), and CTCF often functions as a repressor or chromatin structurizer. Step5: TF-gene relationship; TFTargetDB strongly supports that GATA1, GATA2, CTCF, FOS, JUN, ELF1, ERG, and FLI1 all target DCP2. Step6: Interpret role in tissue; In the K562/erythroid lineage, repressing the general mRNA decapping machinery (DCP2) via this silencer ensures the stability of specific transcripts necessary for differentiation or blood cell homeostasis. GATA1 and CTCF likely cooperate to maintain this repressed state.	The genomic region chr5:112973835-112974335 functionally acts as a silencer in blood-related lineages like K562 cells. It is bound by an interplay of transcription factors, notably GATA1, CTCF, AP-1 (FOS/JUN), and ETS family members. These TFs converge on the silencer to repress the expression of the nearby modulatory gene DCP2. By fine-tuning DCP2 expression, this regulatory axis orchestrates global mRNA stability and turnover, a critical post-transcriptional mechanism required during hematopoiesis and erythroid development.
chr19	13839483	13839983	DDX39A|chr19:13950297-13950797:.	CTCF	ZSWIM4	0	0.8	Step1: Confirm element type: Element characteristics and database annotations classify this region as a CTCF-bound element, indicative of an insulator. Step2: Identity TF motif: Sequence scanning confirms the presence of CTCF motifs. Step3: Determine candidate gene: 3D chromatin interaction data provides evidence of looping between this element and the ZSWIM4 gene. Step4: Gene and TF annotation: CTCF acts as a master regulator of chromatin architecture and looping. Step5: TF-gene relationship: CTCF binding at this element mediates chromatin looping that structuralizes the topological domain or anchors regulatory interactions for ZSWIM4. Step6: Interpret role in tissue: In K562 cells (blood lineage), this structural element likely insulates or anchors the ZSWIM4 locus, maintaining the appropriate 3D chromatin conformation rather than serving as a direct transcriptional activator or repressor.	The element chr19:13839483-13839983 functions as an insulator/chromatin loop anchor. CTCF binds to this element to organize the 3D chromatin architecture, mediating structural interactions that insulate or facilitate the regulatory landscape of the ZSWIM4 gene.
chr5	133930196	133931107	DDX46|chr5:133265887-133266798:.	GATA1	VDAC1	0	0.8	Step1: Confirm element type; ElementDB shows high ATAC (0.45) and high H3K27ac (1.67) in Blood, confirming an active enhancer. Step2: Identity TFmotif; Motif scan reveals several TFs, including GATA1. Step3: Determine candidate gene; Nearby genes include VDAC1 and C5orf15. Step4: Gene and TF annotation; VDAC1 encodes a voltage-dependent anion channel localized in the outer mitochondrial membrane, which plays roles in calcium import and cellular metabolism. GATA1 is a key erythroid transcription factor. Step5: TF-gene relationship; TFTargetDB confirmed that GATA1 regulates VDAC1. Step6: Interpret role in tissue; Thus, in blood-derived cells like K562, GATA1 likely occupies this enhancer to upregulate VDAC1 expression, thereby supporting metabolic and mitochondrial functions essential for erythropoiesis.	Enhancer at chr5:133930196-133931107 is activated by GATA1 to upregulate VDAC1 in K562 cells.
chr14	100770440	100770940	DLK1|chr14:101236777-101237277:.	GATA1, GATA2, IKZF1, BCL11A	DLK1	1	0.85	Step 1: Confirm element type; The CRE at chr14:100770682-100770898 is annotated as dELS but shows moderate ATAC signal (0.597) and heavily negative H3K27ac signal (-4.333) in Blood tissues, suggesting an accessible but structurally repressed state, typical of an active silencer rather than an enhancer. Step 2: Identify TFmotif; Motif scanning confirms the presence of binding sites for critical hematopoietic transcription factors, including GATA1, GATA2, IKZF1, and BCL11A. Step 3: Determine candidate gene; Nearby gene query identifies DLK1 (approximate distance of 44.7 kb) within the same TAD (chr14:99.44Mb-101.68Mb). Step 4: Gene and TF annotation; DLK1 (Delta Like Non-Canonical Notch Ligand 1) is involved in cell differentiation and regulates Notch signaling, but must be stringently repressed in mature or distinct differentiating blood lineages to prevent lineage infidelity. IKZF1 and BCL11A are potent transcriptional repressors in hematopoietic development. Step 5: TF-gene relationship; Regulatory database checks demonstrate that GATA1 and GATA2 target DLK1. GATA factors commonly recruit corepressor machineries alongside IKZF1 and BCL11A to form repressive complexes in blood lineages. Step 6: Interpret role in tissue; In the K562 blood context, the CRE functions as a silencer. The cooperative binding of GATA1/2 with repressors like BCL11A and IKZF1 shuts down the ectopic expression of DLK1, supporting normal hematopoietic cellular identity and restricting alternative developmental pathways.	The accessible CRE at chr14:100770682-100770898 acts as a silencer in K562 blood cells. By recruiting GATA1, GATA2, IKZF1, and BCL11A, it actively represses the expression of DLK1.
chr20	33688908	33689408	E2F1|chr20:32276714-32277214:.	GATA1, GATA2, MYC, FLI1, E2F1, ETS1, CTCF	EIF2S2	0	0.8	Step 1: Confirm element type; ElementDB reveals this locus overlaps with a distal enhancer-like signature (dELS) which exhibits high H3K27ac signal (1.28) in bone marrow configurations, while it's also CTCF-bound, positioning it as an active enhancer. Step 2: Identity TFmotif; Motif scan confirms the presence of binding motifs for erythroid/myeloid regulators (GATA1, GATA2, FLI1, ETS1), proliferation drivers (MYC, E2F1), and loop-anchoring CTCF. Step 3: Determine candidate gene; Chrom3DDB shows significant spatial contacts (Score 30.0) specifically in Blood between this CRE and the EIF2S2 gene. Step 4: Gene and TF annotation; EIF2S2 encodes the beta subunit of the highly conserved eukaryotic translation initiation factor 2 complex, essential for protein synthesis and highly demanded in rapidly dividing K562 leukemia cells. Step 5: TF-gene relationship; TFTargetDB strongly validates that GATA1, GATA2, MYC, FLI1, E2F1, and CTCF are direct regulators of EIF2S2. Step 6: Interpret role in tissue; The combination of GATA factors and MYC interacting at this enhancer likely drives robust transcription of EIF2S2 to maintain the elevated translational capacity required for K562 cell survival and rapid proliferation.	The element functions as an active enhancer in K562 cells (blood lineage). It recruits essential hematopoietic and proliferative transcription factors including GATA1, GATA2, MYC, and E2F1, facilitated by local CTCF architectures, to structurally loop and activate the transcription of EIF2S2, thereby supporting the high translational demands of the cells.
chr11	86151226	86151726	EED|chr11:85862268-85862768:.	BCL11A, ETV6	EED	1	0.9	Step 1: Confirm element type; ElementDB shows notable ATAC accessibility in blood (1.97) but selectively lower H3K27ac (0.64). Per subtype rules, CREs targeting chromatin regulators are often active silencers, and high ATAC supports this. Step 2: Identify TFmotif; TFMotifScan identifies canonical hemopoietic TFs including BCL11A and ETV6, both known to form repressive complexes in blood lineages. Step 3: Determine candidate gene; The designated target gene is EED. Step 4: Gene and TF annotation; EED is a crucial chromatin regulator and core component of the Polycomb Repressive Complex 2 (PRC2). BCL11A is a major transcriptional repressor in erythroid/myeloid lineages. Step 5: TF-gene relationship; BCL11A and ETV6 bind this element to constrain EED transcription, forming a regulatory feedback loop. Step 6: Interpret role in tissue; In K562 cells, fine-tuning epigenetic silencers like PRC2 prevents aberrant widespread chromatin repression, balancing differentiation and proliferation programs.	The CRE at chr11:86151226-86151726 functions as an active silencer to repress the expression of EED in K562 cells. Accessible chromatin permits the binding of lineage-specific repressive transcription factors, heavily featuring BCL11A and ETV6, which constrain the dosage of this critical chromatin regulator (PRC2 complex) to maintain appropriate epigenetic landscapes in hematopoietic cells.
chr11	125551610	125552466	EI24|chr11:125421506-125422362:.	E2F4	EI24	1	0.85	Step 1: Confirm element type. The element at chr11:125551610-125552466 is classified as a dELS (distal Enhancer-Like Signature) in multiple tissues. This typically functions to positively regulate target genes. Step 2: Identify TFMotif. Motif scanning of the input sequence identified multiple TF binding sites, including E2F family members such as E2F4. Step 3: Determine candidate gene. Nearby gene analysis identified EI24 as a nearby target (16,814 bp away). The user specified EI24 as the target gene. Step 4: Gene and TF annotation. EI24 functions in apoptosis, macroautophagy, and negative regulation of cell growth, and is located in the ER and nuclear membrane. E2F4 is a known transcription factor that regulates cell population proliferation and cell differentiation. Step 5: TF-gene relationship. TFTargetDB confirms a known interaction where E2F4 regulates EI24. Step 6: Interpret role in tissue. E2F4, often acting as a transcriptional repressor but capable of activation depending on context and interacting combinations, regulates genes involved in cell cycle progression and apoptosis. The binding of E2F4 to this distal enhancer likely regulates the expression of EI24 to modulate apoptotic processes and autophagy, maintaining cellular homeostasis.	The distal enhancer at chr11:125551610-125552466 functions by binding transcription factors such as E2F4 to regulate the expression of the nearby gene EI24. This regulatory interaction modulates EI24's role in macroautophagy and apoptosis.
chr11	125552655	125553360	EI24|chr11:125422551-125423256:.	CTCF	EI24	1	0.85	Step 1: Confirm element type; ElementDB annotates this region as a CTCF-bound insulator. Its position within a larger TAD boundary supports an architectural role. Step 2: Identify TF motif; TFMotifScan confirms robust binding motifs for the key architectural transcription factors CTCF and CTCFL. Step 3: Determine candidate gene; The nearby gene EI24 is indicated as the target, sitting ~15.9 kb away. Step 4: Gene and TF annotation; CTCF is critical for mediating 3D chromatin looping and insulating regulatory domains. EI24 is a p53-responsive gene playing pivotal roles in autophagy and apoptosis. Step 5: TF-gene relationship; The binding of CTCF structurally segregates the EI24 locus, mediating favorable regulatory topologies or preventing off-target enhancer interactions. Step 6: Interpret role in tissue; In K562 cells, this insulator ensures normal cell state homeostasis by modulating appropriate EI24 expression, insulating it from adjacent active/repressive domains.	The genomic element functions as a CTCF-bound insulator. By recruiting CTCF, it facilitates the formation of a structural chromatin boundary or loop, which insulates and maintains the proper transcriptional regulation of the EI24 gene.
chr19	8033154	8033923	ELAVL1|chr19:8098038-8098807:.	SP2	ELAVL1	1	0.88	Step1: Confirm element type; ElementDB shows that part of this region (chr19:8033159-8033219) is explicitly classified as a silencer. Furthermore, in blood tissue, H3K27ac marks are highly depleted (-2.369), consistent with a repressive element rather than an active enhancer. Step2: Identify TF motif; TFMotifScan detected several transcription factor motifs, notably SP2, KLF4, and ZNF740. Step3: Determine candidate gene; The defined target gene, ELAVL1, is located ~27 kb from this element. Step4: Gene and TF annotation; SP2 acts as a sequence-specific DNA-binding transcription factor and is explicitly annotated with DNA-binding transcription repressor activity. ELAVL1 (HuR) is a key RNA-binding protein that stabilizes mRNAs and promotes cell proliferation. Step5: TF-gene relationship; TFTargetDB reveals a documented relationship showing SP2 targets ELAVL1. Step6: Interpret role in tissue; In a blood-derived leukemia cell line like K562, SP2 likely binds to this silencer element to form a repressive complex, downregulating ELAVL1 transcription to control or constrain abnormal mRNA stabilization and cellular proliferation.	The regulatory hypothesis is that the CRE at chr19:8033154-8033923 acts as a silencer. The transcription repressor SP2 binds to this element and represses the transcription of ELAVL1, downregulating its downstream role in mRNA stabilization in K562 cells.
chr4	74330103	74330893	EREG|chr4:75195820-75196610:.	GATA1, TAL1, CEBPB, CREB1	EREG	1	0.9	Step1:Confirm element type: The element exhibits chromatin accessibility (ATAC) in blood but specifically lacks active histone marks (highly negative H3K27ac), characteristics indicative of an active silencer. Step2: Identity TFmotif: Motif analysis identifies binding sites for key hematopoietic factors such as GATA1, alongside broadly acting factors like CEBPB and CREB1. Step3: Determine candidate gene: EREG is located 34kb downstream of the CRE and is the plausible target gene. Step4: Gene and TF annotation: EREG encodes epiregulin, an EGFR ligand primarily involved in epithelial proliferation and angiogenesis. GATA1 is a master transcription factor in erythroid lineage differentiation often working collaboratively with TAL1. Step5: TF-gene relationship: Database queries confirm regulatory relationships targeting EREG by GATA1, CEBPB, CREB1, and TAL1. Step6: Interpret role in tissue: Suppression of non-lineage genes such as EREG is critical during blood cell differentiation. Coregulators like GATA1 and TAL1 likely bind to this element to actively repress EREG, thereby preventing aberrant epithelial signaling pathways down in the human K562 (erythroleukemia) cells context.	The active silencer at chr4:74330103-74330893 recruits a transcription factor complex including GATA1, TAL1, CEBPB, and CREB1 to repress the transcription of the EREG gene, ensuring proper fate constraint and suppression of non-lineage growth signaling in blood context (K562 cells).
chr17	42699222	42699316	EZH1|chr17:40851240-40851334:*	REST, ZEB1	EZH1	1	0.85	Step1: Confirm element type; The sequence has characteristic low/negative H3K27ac enrichment in blood and bone marrow (-1.81 and -0.51 respectively), strongly suggesting it functions as a silencer in the hematopoietic lineage such as K562 cells rather than an active enhancer. Step2: Identity TFmotif; Motif scanning identifies binding sites for well-characterized transcriptional repressors, notably REST (RE1-Silencing Transcription factor) and ZEB1. Step3: Determine candidate gene; The nearby gene neighborhood includes EZH1 (a chromatin regulator, 45kb away) and CNTNAP1 (16kb away). By inference rules, silencers frequently constrain modulatory genes like chromatin regulators (EZH1). Step4: Gene and TF annotation; REST functions as a master repressor by recruiting epigenetic silencing complexes, while EZH1 acts as a Polycomb repressor complex component. Step5: TF-gene relationship; REST bound to this CRE likely contributes to the fine-tuning or steady-state repression of EZH1. Step6: Interpret role in tissue; In K562 cells, this silencer axis prevents aberrant overexpression of critical epigenetic modulators (EZH1) and prevents ectopic expression of non-hematopoietic genes (like the neuronal CNTNAP1), thus strictly maintaining the erythroleukemic hematopoietic identity.	The element at chr17:42699222-42699316 functions as a silencer in human K562 cells. It recruits transcriptional repressors including REST and ZEB1 to repress the transcription of the downstream chromatin regulator EZH1 (and potentially nearby non-lineage target CNTNAP1), serving to restrict inappropriate chromatin modulation and preserve normal blood lineage identity.
chr11	61841784	61841802	FADS1|chr11:61609256-61609274:*	SRF	FADS1	1	0.82	Step1: Confirm element type; In blood cells (which includes K562), this region displays negative ATAC (-0.08) and strongly negative H3K27ac (-5.77) signals, suggesting it is in an inactive or silenced state, characteristic of a silencer. Step2: Identity TFmotif; Motif scanning confirms the presence of the SRF (Serum Response Factor) binding element. Step3: Determine candidate gene; Within the TAD (chr11:61240000-62120000), FADS1 is the closest proximal gene (~12kb away). FADS2 also shares this local genomic neighborhood and is supported by eQTL associations. Step4: Gene and TF annotation; SRF is a master transcription factor linked to cellular responses, stress, and growth. FADS1/FADS2 are fatty acid desaturases critical for lipid metabolism and inflammatory signaling. Step5: TF-gene relationship; SRF binding at this locus likely recruits repressive complexes or maintains a compacted chromatin structure, inhibiting local accessible transcription. Step6: Interpret role in tissue; In leukemic K562 cells, the tight regulation of lipid biosynthesis via FADS repression may constrain specific signaling lipid availability, balancing cellular growth and inflammatory potential.	In human K562 cells, the sequence acts as a Silencer. The transcription factor SRF binds to this element, repressing the expression of the target gene FADS1 (and potentially FADS2). This repressive regulation likely controls lipid metabolic balance and cellular responses in the blood/erythroleukemia context.
chr18	74479914	74480817	FAM69C|chr18:72147149-72148052:.	CTCF, BCL6, GFI1, E2F6	CNDP2	0	0.82	Step 1: Confirm element type. ElementDB reveals the presence of dELS signatures with positive ATAC accessibility (0.47) but deeply negative H3K27ac marks (-2.91) in Blood (K562 cells). Regional mapping also marks segments specifically as a silencer and CTCF-bound element, ruling out an active enhancer. Step 2: Identify TFmotif. TFMotifScan identifies sequence motifs for architectural factors like CTCF alongside potent transcriptional repressors particularly relevant in hematopoietic contexts, including BCL6, GFI1, GFI1B, and E2F6. Step 3: Determine candidate gene. eQTL mapping demonstrates robust genetic associations between this sequence and CNDP2 across various tissues, including a specific eQTL signal in Blood. NearbyGenesDB places CNDP2 approximately 15kb away, while Chrom3D interactions support spatial proximity. Step 4: Gene and TF annotation. CTCF is defined as a versatile DNA-binding zinc-finger protein crucial for chromatin looping and insulator function. CNDP2 encodes a tissue-ubiquitous cytosolic dipeptidase. BCL6 and GFI1 are critical negative regulators of transcription in diverse blood cell lineages. Step 5: TF-gene relationship. TFTargetDB directly validates the regulatory relationship between CTCF and CNDP2. Step 6: Interpret role in tissue. The strongly depleted active chromatin marks alongside eQTL variants suggest that this accessible element functions as a silencer in K562 cells. Bound by CTCF and local blood-associated corepressors, it effectively prevents abnormal upregulation of CNDP2, repressing its transcription in the K562 hematopoietic background.	The regulatory element chr18:74479914-74480817 serves as an active silencer bound by CTCF and key hematopoietic repressors (BCL6, GFI1) to repress the transcription of the target gene CNDP2 in K562 cells.
chr1	231053506	231054137	FAM89A|chr1:231189252-231189883:.	GATA1, CEBPA, CTCF	FAM89A	1	0.9	Step1: Confirm element type: The element is located upstream of FAM89A and contains multiple activating bindings motifs. Thus, it likely acts as an enhancer. Step2: Identify TFmotif: TFMotifScan identifies multiple motifs, highlighting master regulators of K562/erythroid lineage like GATA1, CEBPA, and structural factor CTCF. Step3: Determine candidate gene: NearbyGenesDB identifies FAM89A as the closest protein-coding gene (distance ~13kb) to the examined region. Step4: Gene and TF annotation: GeneAnnotationDB reveals GATA1 is critical for erythroid differentiation and K562 functions. FAM89A is expressed but lacks major annotated disease connections. Step5: TF-gene relationship: TFTargetDB indicates GATA1, CEBPA, and CTCF are known regulators of FAM89A. Step6: Interpret role in tissue: In K562 erythroleukemia cells, GATA1 binds this enhancer to upregulate FAM89A expression, supporting cell-type-specific transcriptional programs.	The regulatory element at chr1:231053506-231054137 acts as an enhancer. Key transcription factors GATA1 and CEBPA bind to this CRE to activate the transcription of the downstream target gene FAM89A, contributing to the erythroid-specific regulatory network in K562 cells.
chr1	161502961	161503461	FCGR2A|chr1:161472751-161473251:.	IKZF1, CTCF, GATA1, GATA2, KLF1	FCGR2A	1	0.85	Step1: Confirm element type; the element exhibits low H3K27ac in blood/bone marrow tissues, alongside accessible ATAC signal, and is classified as a silencer/CTCF-bound insulator. Step2: Identify TFmotif; motif scanning identifies multiple hematopoietic regulators including IKZF1, GATA1, GATA2, and KLF1, as well as CTCF. Step3: Determine candidate gene; FCGR2A is the nearest biologically relevant nearby gene (distance ~1.9kb). Step4: Gene and TF annotation; FCGR2A encodes an activating Fc gamma receptor important in blood cell functions. IKZF1 (Ikaros) is a critical transcriptional repressor in hematopoiesis. Step5: TF-gene relationship; IKZF1, often in coordination with other transcription factors like CTCF and GATA factors, localizes to silencer elements to repress target genes preventing inappropriate lineage expression. Step6: Interpret role in tissue; repressing FCGR2A could maintain the necessary progenitor state or prevent premature activation of mature hematopoietic responses in the K562 leukemia model.	The regulatory hypothesis suggests that the element acts as a silencer, recruiting IKZF1 and CTCF (along with GATA/KLF factors) to repress the nearby FCGR2A gene, thereby modulating its expression during blood development or in K562 cells.
chr11	125532640	125533140	FEZ1|chr11:125402536-125403036:.	BCL11A, GFI1, GFI1B	FEZ1	1	0.9	Step1: Confirm element type; ElementDB indicates the region overlaps a designated silencer (chr11:125532755-125532943) with negative H3K27ac and ATAC signal in blood and bone marrow, strongly supporting its role as a silencer. Step2: Identify TF motif; TFMotifScan identifies binding sites for prominent hematopoietic transcriptional repressors including BCL11A, BCL11B, GFI1, and GFI1B. Step3: Determine candidate gene; The defined target gene for this query is FEZ1. Step4: Gene and TF annotation; FEZ1 functions primarily in neuronal development, axonal transport, and axon guidance. Conversely, BCL11A and GFI1 are critical regulators in hematopoietic lineages, often functioning in repressor complexes. Step5: TF-gene relationship; Lineage-specific TFs (BCL11A, GFI1) recognize these silencer motifs to tightly restrict the transcription of the non-lineage (neural) FEZ1 gene. Step6: Interpret role in tissue; In K562 erythroleukemia cells, the robust silencing of irrelevant genes such as FEZ1 is required to secure cellular identity and prevent the ectopic expression of neuronal developmental programs.	The element chr11:125532640-125533140 acts as a silencer mediated by hematopoietic repressors like BCL11A and GFI1 to actively repress the FEZ1 gene. This regulatory mechanism maintains lineage fidelity by preventing the anomalous expression of neuron-specific elements in K562 cells.
chr11	125551610	125552466	FEZ1|chr11:125421506-125422362:.	BCL11A, GFI1, GFI1B	FEZ1	1	0.9	Step1: Confirm element type; ElementDB indicates that this region is classified as a silencer, accompanied by significantly negative H3K27ac and ATAC-seq values in Blood, which confirms its role as a repressive element. Step2: Identify TF motif; TFMotifScan identifies binding motifs for major hematopoietic repressor factors such as BCL11A, GFI1, and GFI1B. Step3: Determine candidate gene; The query specifies FEZ1 as the target gene. Step4: Gene and TF annotation; Gene annotation describes FEZ1 as directly participating in the nervous system and axon development, whereas the identified TFs (BCL11A, GFI1) function as critical regulators of blood lineage identity, often through repression of non-lineage genes. Step5: TF-gene relationship; These blood-specific repressors bind to the silencer region to actively suppress the transcription of the neural gene FEZ1. Step6: Interpret role in tissue; In the K562 human erythroleukemia cell line, the active silencing of developmentally unrelated genes like FEZ1 is required to secure robust hematopoietic lineage fidelity and prevent the execution of inappropriate neuronal differentiation programs.	The regulatory element chr11:125551610-125552466 acts as a silencer in K562 cells. It is bound by hematopoietic repressor TFs (such as BCL11A, GFI1, and GFI1B) to downregulate/repress the FEZ1 gene, preventing ectopic expression of this neural-specific gene and maintaining hematopoietic lineage integrity.
chr11	125553954	125554454	FEZ1|chr11:125423850-125424350:.	BCL11A, BCL11B, IKZF1	FEZ1	1	0.85	Step1: Confirm element type; ElementDB reveals low to negative H3K27ac signals in blood and bone marrow despite having ATAC accessibility, pointing to its function as a silencer in hematopoietic lineages. Step2: Identity TFmotif; TFMotifScan identifies prominent binding sites for primary hematopoietic repressors including BCL11A, BCL11B, and IKZF1. Step3: Determine candidate gene; As dictated by prior biological context, the target gene is FEZ1. Step4: Gene and TF annotation; FEZ1 is crucial to neuronal development and axon guidance. In stark contrast, BCL11A and IKZF1 are master transcriptional repressors vital to hematopoietic cell development. Step5: TF-gene relationship; These blood-specific repressor proteins bind to the silencer element in order to suppress transcription of FEZ1, a non-lineage gene. Step6: Interpret role in tissue; In human K562 cells (an erythroleukemia/hematopoietic cell line), actively enforcing the repression of neural-specific genes such as FEZ1 is essential to strictly maintain lineage fidelity and avoid ectopic phenotypic expression.	The element chr11:125553954-125554454 acts as an active silencer bound by repressors like BCL11A and IKZF1 to actively repress the neuronal gene FEZ1 in human K562 cells, thereby safeguarding hematopoietic lineage identity.
chr11	65362343	65362917	FIBP|chr11:65129814-65130388:.	CTCF	TIGD3	0	0.85	Step1:Confirm element type: The element exhibits strong ATAC signals in blood and bone marrow, and is explicitly annotated as a 'CTCF-bound' insulator in the database. Step2: Identity TFmotif: Motif scanning confirms a robust CTCF binding motif within the sequence. Step3: Determine candidate gene: 3D chromatin interaction data identifies a direct loop with the TIGD3 promoter specifically in blood tissue, with TIGD3 being only 7.5 kb away. Step4: Gene and TF annotation: CTCF is functionally essential for 3D chromatin loop anchoring and boundary maintenance. Step5: TF-gene relationship: The CTCF binding site acts as an insulator/structural anchor to organize the topological space containing TIGD3. Step6: Interpret role in tissue: In K562 (bone marrow/blood origin), CTCF structural binding allows proper compartmentalization to restrict or guide local interactions (acting as a loop anchor) for TIGD3.	The element functions as a CTCF-bound insulator/loop anchor governing the local 3D chromatin architecture. By recruiting CTCF, it organizes the topological domain to regulate the spatial accessibility of the local target gene TIGD3 in human K562 cells.
chr6	109304426	109304926	FIG4|chr6:109625629-109626129:*	GATA1, GATA2, CTCF	CD164	0	0.82	Step1: Confirm element type; The element shows high ATAC-seq and H3K27ac signals in bone marrow, typical characteristics of an active enhancer. Step2: Identity TFmotif; Motif scanning identifies potential binding of CTCF and essential hematopoietic transcription factors GATA1 and GATA2. Step3: Determine candidate gene; Among nearby genes, CD164 is supported by strong eQTL signals in Blood and high Chrom3D interaction scores in bone marrow. Step4: Gene and TF annotation; CD164 plays a significant role in hematopoiesis and cell adhesion, highly relevant to blood and bone marrow functions. GATA factors are key regulators in erythroid lineages. Step5: TF-gene relationship; TFTargetDB indicates experimental/predicted evidence linking GATA1, GATA2, and CTCF to the regulation of CD164. Step6: Interpret role in tissue; By acting as an active enhancer driving CD164 expression, this regulatory relationship supports essential lineage-specific functions such as cellular adhesion during hemopoiesis.	The CRE at chr6:109304426-109304926 is an enhancer that binds transcription factors such as GATA1, GATA2, and CTCF to actively upregulate the expression of the CD164 gene, promoting hematopoiesis in human K562/erythroid cells.
chr6	32131463	32131963	FKBPL|chr6:32099240-32099740:.	GATA1	FKBPL	1	0.9	Step 1: The CRE at chr6:32131463-32131963 is close to FKBPL (dist: ~1.1kb). Given the negative values for ATAC-seq and H3K27ac in blood tissue from ElementDB, it implies a repressed state or an active silencer role. Step 2: TF motif scan reveals the presence of GATA1, GATA2, E2F1, and CTCF binding sites. Step 3: FKBPL acts as the candidate target gene, involved in the regulation of blood vessel branching and response to radiation, reflecting developmental or stress functions. Step 4: Gene annotation of GATA1 confirms its critical role in erythrocyte development, cell fate commitment, and hematopoiesis, primarily observed in blood cell lines like K562. GATA1 can function as part of a transcriptional repressor complex. Step 5: TFTargetDB confirms FKBPL is a known target of GATA1. Step 6: In K562 cells, GATA1 binds to the CRE, functioning as a silencer, to repress the expression of FKBPL and prevent unwanted cellular differentiation or developmental programs in erythroleukemic cells.	The CRE at chr6:32131463-32131963 acts as a silencer in K562 (blood) cells. The transcription factor GATA1 binds to this element to actively repress the FKBPL gene, thereby regulating its function in blood tissue and potentially restraining aberrant cellular branching or differentiation and controlling response to radiation.
chr11	61971409	61972293	FTH1|chr11:61738881-61739765:.	BACH1, GATA1	FTH1	1	0.9	Step1: Evaluate element classification reveals overlapping dELS and silencer signatures, with moderate ATAC and H3K27ac signals in blood and bone marrow lineages. High ATAC does not exclude its role as an active silencer. Step2: TF motif scanning of the element sequence reveals recognition sites for BACH1 (a stress-responsive repressor) and GATA1 (a master regulator in erythroid models like K562). Step3: The specified target gene is FTH1. Step4: Gene annotation indicates FTH1 encodes the heavy subunit of ferritin, playing a central role in ferroxidase activity, iron sequestration, and intracellular iron homeostasis. BACH1 and GATA1 are both central players in erythroid differentiation and heme/iron coordination. Step5: TF-target cross-referencing supports direct regulatory interactions for both BACH1 and GATA1 with FTH1. Step6: In K562 erythroleukemia cells, the element functions as an active silencer where BACH1 binds to constrain FTH1 expression under conditions requiring iron mobilization, making this regulatory axis crucial for cellular differentiation and iron regulation.	The regulatory element at chr11:61971409-61972293 acts as an active silencer in K562 cells. It recruits the transcriptional repressor BACH1 (often in interplay with GATA1) to directly repress FTH1 transcription, properly modulating intracellular iron storage and homeostasis during erythroid development.
chr19	48962248	48962768	FTL|chr19:49465505-49466025:*	BACH1, CTCF	FTL	1	0.92	Step1: Confirm element type; The element exhibits high ATAC accessibility in blood (1.46) and is proximally located within the same TAD. While it possesses dELS annotations in various tissues, the enriched binding of transcriptional repressors suggests its functional context as an active silencer under basal conditions. Step2: Identify TFmotif; TFMotifScan reveals binding sites for BACH1, a key transcriptional repressor, as well as the structural regulator CTCF. Step3: Determine candidate gene; NearbyGenesDB shows FTL positioned roughly 2.5kb away. FTL represents a prominent biological target. Step4: Gene and TF annotation; FTL encodes the ferritin light chain, a key effector in intracellular iron ion homeostasis and detoxification. GeneAnnotationDB defines BACH1 as a bZIP transcription factor with established DNA-binding repressor activity. Step5: TF-gene relationship; TFTargetDB confirms that both BACH1 and CTCF explicitly target FTL. BACH1 specifically recognizes antioxidant response elements to exert transcriptional repression. Step6: Interpret role in tissue; In K562 blood cells, this CRE functions as a silencer wherein BACH1 suppresses FTL transcription to prevent excessive or premature iron sequestration during normal physiological homeostasis, pending oxidative stress or heme signals.	The genomic element at chr19:48962248-48962768 functions as a silencer to repress the transcription of FTL. By recruiting the transcriptional repressor BACH1, this regulatory unit maintains basal inhibition of intracellular iron storage and limits unwarranted antioxidant defense effector activation in blood lineage cells.
chr19	48963708	48964208	FTL|chr19:49466965-49467465:*	CTCF, E2F1, FOXA1	FTL	1	0.85	Step1: Confirm element type; The element displays ATAC and H3K27ac signals in blood tissues and K562-relevant contexts, categorizing it as an active regulatory element (dELS/PLS). Step2: Identity TFmotif; Motif scanning identifies binding sites for several transcription factors, including CTCF (structural/insulator/promoter anchor), and activating factors like E2F family members. Step3: Determine candidate gene; FTL is identified as the proximal target gene (distance: 1101 bp). Step4: Gene and TF annotation; FTL encodes the light subunit of ferritin, the major intracellular iron storage protein, which is intrinsically vital for erythroid cell lines like K562. Step5: TF-gene relationship; CTCF organizes chromatin looping at this proximal regulatory domain, allowing factors like E2Fs to actively drive FTL transcription. Step6: Interpret role in tissue; The CRE acts as an active enhancer/promoter orchestrating the transcription of FTL to maintain iron homeostasis in blood cells.	The regulatory element at chr19:48963708-48964208 acts as an active enhancer/promoter in K562 cells. By recruiting structural TFs like CTCF and transcriptional activators like E2F1, it robustly activates the expression of FTL, functionally supporting essential iron storage and metabolism.
chr19	48970828	48971348	FTL|chr19:49474085-49474605:*	KLF1, GATA1	FTL	1	0.9	Step1: Confirm element type; ElementDB indicates high ATAC accessibility (2.01) in Blood, suggesting it is an active regulatory element. Despite low H3K27ac in bulk blood, K562 cells are of the erythroid lineage with specific regulatory programs. It operates as an enhancer. Step2: Identify TFmotif; Motif scanning highlights KLF1 and GATA1 (key erythropoiesis master regulators), alongside others. Step3: Determine candidate gene; FTL (Ferritin Light Chain) is situated 5.5 kb away. Step4: Gene and TF annotation; FTL plays an essential role in iron storage and detoxification (intracellular iron ion homeostasis), highly required during erythroid differentiation for hemoglobin synthesis. KLF1 and GATA1 drive proper erythroid differentiation. Step5: TF-gene relationship; TFTargetDB supports KLF1 specifically driving FTL. Step6: Interpret role in tissue; KLF1 and GATA1 bind to this enhancer to activate the transcription of FTL for meeting the high iron storage and detoxification demands in developing erythroid cells.	Enhancer at chr19:48970828-48971348 activates FTL through KLF1 and GATA1 to regulate erythrocyte iron homeostasis.
chrX	48782818	48783318	FTSJ1|chrX:48641226-48641726:.	GATA1	GATA1	0	0.8	Step 1: ElementDB classifies this region as a dELS (distal enhancer-like signature). Step 2: TF motif scanning identified binding sites for GATA transcription factors (GATA1/2 etc.) within the sequence. Step 3: Nearby genes analysis highlights GATA1, located roughly 3.2 kb away, as the primary candidate. Step 4: GATA1 is a well-known master regulator of erythroid development, and human K562 cells are an erythroleukemia (bone marrow) model. Step 5: The presence of GATA motifs in an enhancer closely located perfectly aligns with the famous GATA1 autoregulatory -3.1 kb upstream enhancer. Step 6: In K562 cells, this enhancer binds GATA1 itself to strongly activate transcription, sustaining critical erythroid lineage programs and cell viability.	This CRE acts as an essential active enhancer for the GATA1 gene. By recruiting the GATA1 transcription factor, it forms a positive feedback loop to selectively activate GATA1 expression, playing a crucial role in erythroid cell identity and differentiation.
chr19	48720508	48721048	FUT1|chr19:49223765-49224305:*	GATA1, GATA2	FUT1	1	0.85	Step1:Confirm element type; ElementDB indicates this is a candidate distal enhancer (dELS) active in multiple tissues including blood, with high chromatin accessibility. Step2: Identity TFmotif; TFMotifScan identified binding motifs for erythroid lineage-specific TFs such as GATA1 and GATA2 among others. Step3: Determine candidate gene; The target gene is evaluated as FUT1. Step4: Gene and TF annotation; GATA1 and GATA2 are critical for erythroid differentiation and gene regulation in K562 cells. FUT1 encodes galactoside 2-alpha-L-fucosyltransferase 1 important for blood group antigen expression. Step5: TF-gene relationship; Erythroid TFs like GATA1 bind to this enhancer to transcriptionally activate FUT1. Step6: Interpret role in tissue; In human erythroleukemia K562 cells, this enhancer-TF interaction promotes FUT1 expression, contributing to erythroid-specific glycoprotein modification and cellular identity.	The regulatory element at chr19:48720508-48721048 acts as an enhancer to activate FUT1 expression in K562 cells, driven by the binding of tissue-specific transcription factors such as GATA1 and GATA2.
chr19	48780788	48781428	FUT1|chr19:49284045-49284685:*	GATA1, GATA2	FUT1	1	0.85	Step 1: The element is identified as a distal enhancer (dELS) by ElementDB with notable accessibility and active histone marks (H3K27ac, ATAC) in blood-related tissues. Step 2: TF motif scanning shows the presence of binding sites for the GATA family, particularly GATA1 and GATA2, which are master transcription factors in the erythrocytic lineage (matching the K562 erythroleukemia cell context). Step 3: FUT1 is located nearby (~25kb away) and encodes an alpha-(1,2)-fucosyltransferase. Step 4: FUT1 is biologically responsible for the synthesis of the H blood group antigen on red blood cells, a crucial erythroid phenotypic marker. Step 5: GATA1/2 binding at this enhancer likely drives the transcription of FUT1 via chromatin looping. Step 6: In the context of K562 cells, this activating regulatory axis is essential to maintain proper cellular glycosylation patterns and blood group antigen presentation during erythroid differentiation.	The distal enhancer at chr19:48780788-48781428 activates FUT1 in K562 cells via the binding of erythroid master transcription factors GATA1 and GATA2, which drives the expression of the H blood group antigen.
chr1	67682485	67683200	GADD45A|chr1:68148168-68148883:.	GFI1B, BACH1, ATF3, DDIT3, GATA1, GATA2	GADD45A	1	0.9	Step 1: Confirm element type; ElementDB explicitly classifies a broadly overlapping region (chr1:67682437-67692129) as a silencer. Step 2: Identify TF motifs; TFMotifScan identifies motifs for classic repressive and stress-responsive TFs (e.g., GFI1B, BACH1, ATF3, DDIT3), along with master regulators of erythroid lineages (GATA1, GATA2). Step 3: Determine candidate gene; GADD45A is situated just 2 kb away from the CRE, placing it within the immediate regulatory vicinity. Step 4: Gene and TF annotation; GADD45A is a well-known stress-response and modulatory gene responsible for inducing cell cycle arrest and apoptosis, fitting the typical profile of genes constrained by silencers. Step 5: TF-gene relationship; TFTargetDB supports the regulation of GADD45A by several TFs found in the sequence (e.g., ATF3, GATA1, GATA2). Repressor complexes like GFI1B and BACH1 likely utilize this CRE to maintain targeted suppression. Step 6: Interpret role in tissue; In K562 erythroleukemia cells, silencing the stress-responsive and pro-apoptotic GADD45A gene is biologically vital for cell survival, uninterrupted proliferation, and prevention of premature apoptosis.	The CRE at chr1:67682485-67683200 functions as a silencer that represses the expression of GADD45A. Modulated by repressive and stress-responsive transcription factors such as GFI1B, BACH1, and ATF3 alongside erythroid factors (GATA1/2), this regulatory interaction suppresses apoptotic and cell-cycle-arrest pathways, thereby promoting continuing proliferation in K562 cells.
chrX	48782818	48783318	GATA1|chrX:48641226-48641726:.	GATA1, KLF1, CTCF	GATA1	1	0.85	Step 1: Confirm element type: The element is annotated as a dELS (distal enhancer-like signature) in multiple tissues and additionally classified as a CTCF-bound insulator. Its proximity to the TSS also hints it may act as a proximal regulatory element. Step 2: Identify TF motif: Motif scanning confirms binding sites for lineage-determining transcription factors like GATA1 and KLF1, as well as the architectural protein CTCF. Step 3: Determine candidate gene: GATA1 is located merely 3.2 kb from this CRE, making it the primary cis-target. CRISPR data in bone marrow also captures weak negative effects on PLP2 and PIM2. Step 4: Gene and TF annotation: GATA1 is a master regulator essential for the development and differentiation of erythroid cells and megakaryocytes. PIM2 is a cell survival kinase. Step 5: TF-gene relationship: There is a well-established regulatory hierarchy where KLF1 and GATA1 synergistically bind to GATA1 enhancers to robustly auto-regulate and maintain GATA1 expression. Step 6: Interpret role in tissue: In human K562 (erythroleukemia/blood) cells, this CRE functions as an active enhancer driving the expression of GATA1, crucial for maintaining the erythroid lineage transcriptional program.	The CRE acts as an active enhancer, driven by the binding of GATA1 and KLF1, to directly upregulate the expression of the nearby GATA1 gene, supporting erythrocyte development in blood lineages. CTCF may play a role in organizing the local chromatin structure to facilitate this regulation.
chrX	48784617	48785277	GATA1|chrX:48643025-48643685:*	GATA1	GATA1	1	0.95	Step1: Confirm element type; The regulatory element is classified as a distal enhancer (dELS) active in various tissues including blood and bone marrow lineages. Step2: Identify TFmotif; Motif scanning confirms the presence of GATA-family binding motifs, including GATA1. Step3: Determine candidate gene; GATA1 is located in close proximity (1.2 kb) to the element. Step4: Gene and TF annotation; GATA1 is a master transcriptional regulator essential for normal erythropoiesis and the differentiation of blood lineages. Step5: TF-gene relationship; TFTargetDB indicates that GATA1 targets itself, establishing a positive auto-regulatory loop. Step6: Interpret role in tissue; In K562 erythroleukemia cells, GATA1 binds to this proximal enhancer to strongly self-activate its own transcription, serving as a fundamental mechanism to sustain erythropoietic identity and development.	The enhancer at chrX:48784617-48785277 recruits the transcription factor GATA1 to positively auto-regulate and activate GATA1 target gene expression, cementing its critical role in red blood cell development and K562 cell identity.
chrX	48800621	48800667	GATA1|chrX:48659028-48659074:*	CTCFL, E2F4, E2F5, E2F6	GATA1	1	0.85	Step1: ElementDB confirms the element acts as a silencer. Step2: Motif scanning identifies binding sites for several transcription factors, notably the CTCF-paralog CTCFL and known repressive E2F family members (E2F4, E2F5, E2F6). Step3: The master regulatory gene GATA1 is located ~14kb downstream from this element. Step4: Gene annotation highlights GATA1's crucial role in erythroid and megakaryocytic differentiation (relevant to K562 erythroleukemia cells). TFTargetDB explicitly supports a regulatory relationship between CTCFL and GATA1. Step5: Combining these findings, the element operates as a silencer where repressive complexes involving CTCFL and E2F members bind to constrain or precisely modulate GATA1 transcription. Step6: In the context of K562 cells, silencer-mediated fine-tuning of a dominant master regulator like GATA1 is critical for controlling red blood cell development and maintaining appropriate cellular homeostasis.	The CRE functions as a silencer that recruits CTCFL and E2F repressors (e.g., E2F4, E2F6) to repress the expression of GATA1. This regulatory interaction restricts or fine-tunes GATA1 levels, which is vital for proper erythroid differentiation.
chr9	133004122	133004622	GFI1B|chr9:135879509-135880009:.	CTCF, CTCFL, GATA1, GATA2	GFI1B	1	0.85	Step1: Identify CRE type. The region is classified as an insulator with CTCF binding in some annotations, but it also has dELS properties in blood-related tissues. Given the strong CTCF motif and binding annotation, it likely acts as an insulator/boundary element, though it may also participate in enhancer-promoter looping. Step2: Motif scanning confirms binding sites for CTCF, CTCFL, as well as multiple hematopoietic TFs like GATA1 and GATA2. Step3: The nearby gene GFI1B is an essential transcription factor for erythroid lineage development (highly relevant to the K562 erythroleukemia context) and is 60kb away. Step4: GFI1B functions as a transcriptional repressor heavily involved in hematopoiesis. Step5: TFTargetDB confirms that CTCF and GATA factors regulate GFI1B. Step6: In K562 cells, the proper expression of GFI1B is crucial for maintaining the erythroid features, and this CTCF-bound element likely maintains the correct 3D chromatin topological boundaries or looping interactions (insulator/loop anchor) to facilitate accurate GATA-mediated regulation of the GFI1B promoter.	The CTCF-bound insulator element at chr9:133004122-133004622 binds CTCF and potentially erythroid factors (GATA1/2) to form a structural chromatin loop, organizing the regulatory landscape to properly activate GFI1B transcription during hematopoietic development in K562 cells.
chr6	16224139	16225317	GMPR|chr6:16224370-16225548:.	BCL11A, BCL6	GMPR	1	0.85	Step1: Confirm element type; The element exhibits high ATAC accessibility (0.89) but significantly depleted H3K27ac signal (-3.96) in blood, making it highly compatible with an active silencer rather than an enhancer. Step2: Identity TFmotif; Motif scanning reveals binding motifs for BCL11A and BCL6, which are well-known potent transcriptional repressors in hematopoietic lineages. Step3: Determine candidate gene; The target gene is defined as GMPR, located proximally (distance ~13kb). Step4: Gene and TF annotation; GMPR (Guanosine Monophosphate Reductase) is involved in purine metabolism, while BCL11A and BCL6 are key negative regulators of gene expression in blood cells. Step5: TF-gene relationship; The transcriptional repressors BCL11A and BCL6 bind to the accessible but deacetylated silencer element to enforce the downregulation of GMPR. Step6: Interpret role in tissue; In K562 (erythroleukemia) blood cells, repressing GMPR via this active silencer might alter purine nucleotide pools, thereby supporting the specific metabolic dependencies and differentiation blockade characteristic of these leukemic cells.	In human K562 cells (blood lineage), the CRE chr6:16224139-16225317 functions as a silencer that represses the GMPR gene. By recruiting repressive transcription factors such as BCL11A and BCL6 to this highly accessible element, it restricts local gene transcription, thereby downregulating GMPR to modulate purine metabolism in the hematopoietic/leukemic context.
chr5	142014235	142014735	GNPDA1|chr5:141393800-141394300:.	GATA1, GATA2, JUN, FOS, CTCF	GNPDA1	1	0.85	Step1: Confirm element type; The element is classified as a distal Enhancer-Like Signature (dELS) in blood and other tissues, with active H3K27ac signals. Step2: Identify TF motifs; The sequence contains validated motifs for key hematopoietic drivers like GATA1 and GATA2, as well as general regulators JUN, FOS, and CTCF. Step3: Determine candidate gene; NearbyGenesDB indicates GNPDA1 is in very close proximity (1.1 kb) to the CRE. Step4: Gene and TF annotation; GNPDA1 encodes glucosamine-6-phosphate deaminase 1, which plays a role in carbohydrate and UDP-N-acetylglucosamine metabolism. Step5: TF-gene relationship; TFTargetDB confirmed that GATA1, GATA2, JUN, FOS, and CTCF target GNPDA1. Step6: Interpret role in tissue; In K562 cells (leukemia/blood lineage), metabolic reprogramming and hexosamine biosynthesis are fundamental for energy balance and sustained cellular proliferation. Activation via GATA1/2 and AP-1 (JUN/FOS) complexes at this enhancer likely drives the transcription of GNPDA1.	The regulatory hypothesis is that this distal enhancer (chr5:142014235-142014735) recruits hematopoietic-specific (GATA1, GATA2) and stress/proliferation-related (JUN, FOS) transcription factors to actively upregulate GNPDA1 expression, thereby supporting necessary carbohydrate metabolism in K562 cells.
chr14	91267362	91267862	GPR68|chr14:91733706-91734206:.	ETS1, FLI1, ELF1, GABPA	GPR68	1	0.75	Step 1: The CRE at chr14:91267362-91267862 is identified as a dELS (distal enhancer-like signature) with high chromatin accessibility (ATAC) and H3K27ac signal in Blood and Bone marrow tissues. K562 is an erythroleukemia cell line, so it shares characteristics with these hematopoietic lineages. Step 2: Motif scanning reveals binding sites for several hematopoietic lineage-determining transcription factors, particularly the ETS family (ETS1, FLI1, ELF1, GABPA), which are broadly active transcriptional activators in myeloid and erythroid cells. Step 3: By querying nearby genes within the TAD (chr14:90280000-91320000), GPR68 is the closest protein-coding gene, located just ~13 kb away. Step 4: GPR68 plays roles in mechanosensing and tumor biology, often active in leukocyte and cancer cell lineages. Step 5: Based on the activating chromatin profile (H3K27ac) in bone marrow and the short interaction distance within the shared TAD environment, the ETS factors likely act at this enhancer to drive GPR68 expression. Step 6: In K562 cells, this enhancer-gene axis indicates active transcriptional regulation to support relevant cellular signaling programs.	The identified distal enhancer element activates the transcription of the GPR68 gene in K562 cells, likely driven by ETS family transcription factors (ETS1, FLI1, ELF1) binding to the CRE.
chr3	120571951	120572451	GSK3B|chr3:120290798-120291298:.	GATA1, GATA2	NDUFB4	0	0.8	Step 1: Confirm element type. The sequence is located distal to the TSS and operates as an enhancer, evidenced by eQTL support and active motif presence. Step 2: Identify TFMotif. Motif scanning identifies essential binding sites for lineage-determining factors, including GATA1, GATA2, GFI1B, and KLF1. Step 3: Determine candidate gene. Several genes are in proximity, but eQTL analysis strongly links this locus to NDUFB4, which is 23 kb away. Step 4: Gene and TF annotation. NDUFB4 is a crucial subunit of the mitochondrial respiratory chain complex I, essential for aerobic respiration and energy production. GATA1 and GATA2 are core regulators of erythroid and K562 erythroleukemia cell function. Step 5: TF-gene relationship. Validated databases (TFTargetDB) demonstrate that GATA1 and GATA2 regulate NDUFB4. Step 6: Interpret role in tissue. In highly proliferative K562 cells, GATA factor-driven expression of NDUFB4 supports the elevated mitochondrial ATP generation necessary for cellular expansion and differentiation potential.	The distal enhancer recruits transcription factors GATA1 and GATA2 to activate the expression of NDUFB4, thereby maintaining the mitochondrial respiration and energy demands of K562 cells.
chr3	129245622	129246162	H1FX|chr3:128964465-128965005:*	ELF1, ETS1	HMCES	0	0.7	Step 1: Confirm element type; The region is identified as an accessible element (ATAC signal 2.17 in Blood) and classified broadly as a dELS (distal enhancer-like signature). Step 2: Identity TFmotif; Motif scanning highlights several transcription factors highly relevant to the hematopoietic lineage, notably the ETS family members ELF1 and ETS1. Step 3: Determine candidate gene; Nearby gene analysis and multi-omics data pinpoint HMCES (at ~32kb distance) and ISY1. However, eQTLDB provides robust functional evidence (positive slope ~0.30) specifically linking this element's variants to HMCES expression in blood. Step 4: Gene and TF annotation; HMCES plays a critical role in the DNA damage response, specifically resolving interstrand cross-links and abasic sites, while ELF1 and ETS1 are key regulators of transcription in blood cells. Step 5: TF-gene relationship; The presence of ETS1 and ELF1 binding motifs suggests these factors occupy the enhancer to physically orchestrate looping and transactivation of the HMCES promoter. Step 6: Interpret role in tissue; In the context of K562 (blood/leukemia) cells, upregulating genes like HMCES is vital to maintain genomic stability during rapid cellular proliferation and to counter replication stress.	The distal enhancer at chr3:129245622-129246162 recruits hematopoietic transcription factors ELF1 and ETS1 to activate the expression of the nearby HMCES gene. This regulatory axis upregulates HMCES, fortifying the DNA damage response and replication fork stability, preventing genomic catastrophe in rapidly dividing blood lineages like K562 cells.
chr3	129305622	129306122	H1FX|chr3:129024465-129024965:*	CTCF, FLI1, ERG, GFI1B, BCL11A	CNBP	0	0.85	Step 1: The element (chr3:129305681-129306030) is characterized as a distal Enhancer-Like Signature (dELS) with accessible ATAC and H3K27ac signals in blood tissues, and also shows evidence of being a CTCF-bound insulator. Step 2: Sequence scanning identifies multiple prominent hematopoietic TF binding motifs including CTCF, FLI1, ERG, GFI1/GFI1B, and BCL11A. Step 3: 3D chromatin interaction data (Chrom3DDB) explicitly establishes a physical locus connection to the CNBP gene in blood (score: 28.0). Step 4: GeneAnnotationDB identifies CNBP (CCHC-Type Zinc Finger Nucleic Acid Binding Protein) as a critical RNA/DNA binding protein implicated in translation regulation and cell proliferation. Step 5: TFTarget verification explicitly bridges CTCF and FLI1 as direct upstream regulators of CNBP. Step 6: In the context of K562 leukemic blood cells, the integration of lineage-specific regulators (FLI1) with structural organizing factors (CTCF) creates a positive regulation loop of CNBP, thus driving necessary translation activities and maintaining cell proliferation homeostasis in hematopoietic lineages.	The CRE at chr3:129305622-129306122 acts as a distal enhancer/regulatory boundary in human K562 cells to directly target and activate the CNBP gene. Mediated by structural factor CTCF and hematopoietic-specific transcription factors like FLI1, this regulatory relationship promotes CNBP transcription, which is essential for RNA translation and cellular proliferation in the blood lineage component.
chr11	5280486	5280986	HBB|chr11:5301716-5302216:.	GATA1, GATA2, BACH1	HBG1	0	0.82	Step1: Confirm element type; ElementDB classifies the region as a dELS with high ATAC-seq accessibility in blood and bone marrow, consistent with it being an active enhancer (part of the beta-globin Locus Control Region). Step2: Identify TF motif; Sequence scanning identifies binding motifs for master erythroid regulators including GATA1, GATA2, and BACH1 (part of the NFE2 complex). Step3: Determine candidate gene; Querying nearby genes identifies several members of the beta-globin cluster, notably HBG1 and HBB. Step4: Gene and TF annotation; HBG1 encodes the gamma-globin subunit of fetal hemoglobin, which is abundantly expressed in the erythroleukemia K562 cell line. Step5: TF-gene relationship; TFTargetDB validates GATA1 as a direct regulator of HBG1. Step6: Interpret role in tissue; By recruiting GATA1 and BACH1, this strong cis-regulatory enhancer interacts with the HBG1 promoter to robustly activate its transcription, which is essential for proper hemoglobin formulation during erythropoiesis.	The dELS enhancer recruits erythroid transcription factors GATA1, GATA2, and BACH1 to strongly activate the transcription of HBG1, driving fetal hemoglobin synthesis in K562 cells.
chr11	5280486	5280986	HBD|chr11:5301716-5302216:.	BCL11A, KLF1, TAL1, CTCF	HBG1	0	0.82	Step 1: Confirm element type; The ElementDB assigns this region a negative H3K27ac signal (-5.28) in blood and explicitly classifies it as a silencer and CTCF-bound insulator. High ATAC signal is compatible with active silencers. Step 2: Identify TF motif; TFMotifScan identifies binding motifs for major hematopoietic and repressive TFs like BCL11A, KLF1, TAL1, and CTCF. Step 3: Determine candidate gene; Nearby genes mapped in the beta-globin locus include HBG1, HBB, HBD, and HBBP1. Given K562's identity as an erythroleukemia line, blood lineage genes are heavily prioritized. Step 4: Gene and TF annotation; HBG1 encodes the gamma-globin subunit of fetal hemoglobin. BCL11A structurally acts as a DNA-binding transcription repressor. Step 5: TF-gene relationship; BCL11A, KLF1, and TAL1 are canonical regulators of globin switching. While K562 expresses HBG1, this element recruits repressive machineries (BCL11A/CTCF) to insulate, suppress or tightly coordinate globin gene expressions across the locus boundaries. Step 6: Interpret role in tissue; By acting as a repressor/insulator element, it contributes to developmental switching and locus spatial organization in erythroid development.	The CRE at chr11:5280486-5280986 acts as a silencer/insulator in human erythroid cells (K562 line). It recruits key regulators like BCL11A and CTCF to repress or structurally insulate fetal hemoglobin gene (HBG1) locus or transition between fetal-adult states, facilitating the fine-tuning of hemoglobin expression during blood development.
chr11	5272749	5272943	HBE1|chr11:5272749-5272943:.	GATA1, KLF1, NFE2	HBG2	0	0.85	Step1: Confirm element type; The element exhibits specific ATAC-seq accessibility in blood and related lineages. It is a distal element located in the beta-globin locus control region (LCR). Step2: Identify TF motif; Motif scanning uncovers sites for GATA1, KLF1, and NFE2, all critical lineage-determining factors for erythroid cells. Step3: Determine candidate gene; Nearby genes are predominantly part of the beta-globin cluster. eQTL data in blood specifically correlates this CRE's variation with the expression of HBG2. Step4: Gene and TF annotation; HBG2 encodes a gamma-globin chain of fetal hemoglobin, whose expression is prominent in human K562 cells. GATA1, KLF1, and NFE2 drive erythropoiesis and hemoglobinization. Step5: TF-gene relationship; TFTargetDB strongly supports the direct targeting of HBG2 by GATA1, KLF1, and NFE2. Step6: Interpret role in tissue; Based on its eQTL impact, location inside the LCR, and occupation by master erythroid activators, this locus operates as a critical enhancer to robustly promote HBG2 transcription in the erythropoietic program.	The distal enhancer CRE at chr11:5272749-5272943 strongly activates the expression of target gene HBG2 by recruiting master erythroid transcription factors GATA1, KLF1, and NFE2, facilitating hemoglobin biosynthesis during blood development.
chr11	5277927	5278054	HBE1|chr11:5277927-5278054:.	GATA1, GATA2, NFE2	HBB, HBG1	0	0.85	Step 1: The CRE at chr11:5277927-5278054 exhibits significant ATAC-seq accessibility specifically in whole Blood (score 1.18) and is annotated as a distal enhancer-like signature (dELS) by ElementDB. Step 2: Sequence motif scanning reveals binding sites for master erythroid transcription factors including GATA1, GATA2, and NFE2. Step 3: By analyzing nearby genes, the CRE is situated upstream of the beta-globin gene cluster, containing HBG1, HBD, and HBB. Step 4&5: TFTargetDB confirms that GATA1 and NFE2 are known upstream regulators of the adult globin gene, HBB. This region functions as part of the mammalian Beta-globin Locus Control Region (LCR). Step 6: In K562 erythroleukemia cells (representing a fetal/embryonic erythroid state), the LCR powerfully drives the expression of the fetal gamma-globins (HBG1/HBG2) and adult beta-globin (HBB) under the regulation of the GATA1 and NFE2 complex, which is critical for hemoglobin production during erythropoiesis.	The regulatory element acts as a strong enhancer (acting within the beta-globin Locus Control Region) that is bound by master erythroid factors GATA1 and NFE2 to activate the transcription of the beta-globin cluster genes (including HBG1 and HBB) in human K562 erythroleukemic cells.
chr11	5280486	5280986	HBG1|chr11:5301716-5302216:.	GATA1, GATA2	HBG1, HBB, TRIM6	1	0.95	Step1: Confirm element type; ElementDB defines this as a dELS (distal enhancer) with high chromatin accessibility in Bone_marrow and Blood tissues, tightly linked to the K562 cell lineage (erythroleukemia). Step2: Identify TFmotif; TFMotifScan identifies binding motifs for master erythroid transcription factors GATA1 and GATA2. Step3: Determine candidate gene; NearbyGenesDB shows proximity to the beta-globin locus (HBG1, HBB, etc.), and Chrom3DDB provides strong physical looping evidence to TRIM6 in bone marrow (score 48.0). Step4: Gene and TF annotation; GATA1/2 are crucial drivers of erythropoiesis and hemoglobin synthesis. Step5: TF-gene relationship; This genomic coordinate corresponds to the extensively characterized beta-globin Locus Control Region (LCR), where GATA factors bind to drive extreme transcription output of the globin cluster. Step6: Interpret role in tissue; By physically looping to the target promoters, this enhancer strongly activates tissue-specific effector genes necessary for erythroid cell function and development.	This CRE acts as an active tissue-specific enhancer in K562 cells. It recruits lineage-determining transcription factors GATA1 and GATA2 to directly activate target genes including the beta-globin cluster (HBG1, HBB) and physically associated gene TRIM6, driving erythroid maturation and hemoglobin production.
chr11	5284550	5285050	HBG1|chr11:5305780-5306280:.	GATA1, GATA2, BCL11A	HBG2	0	0.82	Step 1: The element acts as a distal enhancer (part of the well-characterized beta-globin Locus Control Region - LCR), supported by dELS classification and its activity in hemopoietic/blood contexts. Step 2: Sequence motif scanning reveals binding sites for critical erythroid differentiation transcription factors including GATA1, GATA2, and the key developmental stage regulator BCL11A. Step 3: Candidate gene analysis identifies the hemoglobin cluster (HBG1, HBD, HBB). Strikingly, eQTL data directly links this exact regulatory region to the regulation of HBG2 (gamma-globin) in blood tissue with a positive slope (0.42). Step 4: Gene and TF annotation confirm HBG2's critical role in oxygen transport (as fetal hemoglobin) and GATA1/BCL11A as its supreme modulators. Step 5: GATA-1 typically binds to this element to form active looping complexes that contact the HBG2 promoter, dynamically balancing with BCL11A which coordinates the fetal-to-adult globin switch. Step 6: In human K562 erythroleukemia cells which uniquely present a 'fetal-like' stage, this enhancer actively drives robust HBG2 expression, representing a critical regulatory mechanism for erythroid maturation and hemoglobinization.	The regulatory element chr11:5284550-5285050 functions as a potent enhancer in K562 cells. It recruits key erythroid transcription factors (GATA1, GATA2, and BCL11A) to orchestrate chromatin looping, directly activating the downstream transcription of the HBG2 gene to facilitate fetal hemoglobin production.
chr11	5288018	5288518	HBG1|chr11:5309248-5309748:.	GATA1, GATA2	HBG1	1	0.95	Step1: Confirm element type: The element is located upstream of the beta-globin gene cluster, functioning as a critical component of the renowned Locus Control Region (LCR). It acts as a powerful enhancer. Step2: Identity TF motif: Motif scanning identifies key erythroid transcription factors, predominantly GATA1 and GATA2, alongside factors like BACH1 and FOS that often co-occupy LCR regions. Step3: Determine candidate gene: Nearby genes encompass the beta-globin cluster members, including HBG1, HBD, HBBP1, and HBB. Step4: Gene and TF annotation: GATA1/2 are master regulators of erythroid development. K562 cells specifically model early erythroid lineages possessing fetal characteristics, where gamma-globin (HBG1) is robustly expressed. Step5: TF-gene relationship: GATA1 and its co-factors bind to the distal LCR and orchestrate long-range chromatin looping to physically contact and stimulate the promoter of the HBG1 gene. Step6: Interpret role in tissue: This distal regulatory interaction is fundamentally required to activate heavy hemoglobin synthesis, essential for the identity, maturation, and oxygen-carrying function of differentiated red blood cells.	The CRE functions as a highly active distal enhancer (part of the beta-globin LCR). Erythroid master regulators like GATA1 and GATA2 bind to this element and activate the transcription of the focal target gene HBG1 through long-range looping interactions, which is crucial for hemoglobin production and functional maturation in K562 modeled erythroid cells.
chr16	142952	143452	HBZ|chr16:192951-193451:.	GATA1, GATA2, CTCF	HBA1, HBA2 (and NPRL3)	0	0.85	Step1: Confirm element type; the queried region shows active enhancer marks (dELS) in blood and related hematopoietic tissues. Notably, this corresponds to the well-characterized human alpha-globin major regulatory element known as HS-40, located within an intron of the NPRL3 gene. Step2: Identity TFmotif; Motif scanning confirms the presence of essential erythroid transcription factor binding sites, including the GATA family (GATA1, GATA2) and CTCF, which are master regulators of erythroid development. Step3: Determine candidate gene; While eQTL analysis links it to the host gene NPRL3, the functional and heavily validated functional targets in K562 (erythroleukemia) cells are the downstream alpha-globin genes (HBA1 and HBA2). Step4: Gene and TF annotation; GATA1 is indispensable for erythrocyte differentiation and maturation. HBA1 and HBA2 encode the alpha chains of hemoglobin. Step5: TF-gene relationship; GATA1 binds directly to the HS-40 enhancer, facilitating a long-range chromatin loop to the alpha-globin promoters to strongly upregulate their transcription. Step6: Interpret role in tissue; This regulation is utterly essential for hemoglobin production and mature red blood cell function during erythropoiesis.	The regulatory element at chr16:142952-143452 functions as a highly active tissue-specific enhancer (HS-40) in human K562 erythroid cells. It recruits master transcription factors like GATA1 and GATA2 to form a long-range activating loop, robustly driving the transcription of the alpha-globin genes (HBA1 and HBA2) required for red blood cell development and oxygen transport.
chr16	144736	145236	HBZ|chr16:194735-195235:.	GATA1, GATA2, CTCF, ATF1	HBZ	1	0.9	Step1: Confirm element type; The genomic region is annotated as a distal enhancer-like signature (dELS) by ElementDB with accessible ATAC-seq signals in blood and hematopoietic lineages, and also shows some CTCF-binding insulator properties. Step2: Identify TFmotif; Motif scanning identifies binding sites for critical erythroid master regulators including GATA1, GATA2, as well as CTCF and ATF family members. Step3: Determine candidate gene; Nearby genes include multiple members of the alpha-globin gene cluster, most notably HBZ (Hemoglobin Subunit Zeta, which is an embryonic alpha-like globin) and HBA1/HBA2. Step4: Gene and TF annotation; GATA1 is a master transcription factor essential for erythroid differentiation and globin gene regulation. Step5: TF-gene relationship; TFTargetDB indicates a direct regulatory relationship where GATA1 targets HBZ. Step6: Interpret role in tissue; In erythroleukemia K562 cells, this CRE functions as an active enhancer where GATA1 and associated factors bind to drive the expression of the embryonic globin gene HBZ, which is consistent with the developmental stage characteristics often reactivated or expressed in this model cell line.	The dELS at chr16:144736-145236 acts as an active enhancer in erythropoietic cells (like K562). Driven by the master regulator GATA1, this regulatory element activates the transcription of the HBZ (hemoglobin zeta) gene to support embryonic/fetal globin synthesis during early erythroid development.
chrX	48782964	48783085	HDAC6|chrX:48641372-48641493:*	CTCF, SP1, GATA1	HDAC6	1	0.9	Step1:Confirm element type; The genomic region is classified as a dELS and CTCF-bound element in ElementDB. Step2: Identity TFmotif; Motif scanning reveals binding sites for architectural proteins (CTCF) and general/lineage-specific transcription factors (SP1, GATA1). Step3: Determine candidate gene; HDAC6 is located approximately 18 kb away and is specified as the target gene. Step4: Gene and TF annotation; GATA1 is a master regulator of hematopoiesis relevant to the K562 lineage context, while SP1 is a ubiquitous transcriptional activator. HDAC6 acts as a prominent deacetylase. Step5: TF-gene relationship; The CRE likely serves as a distal regulatory hub where GATA1 and SP1 bind to facilitate transcriptional machinery availability for HDAC6. CTCF may mediate the underlying 3D chromatin looping to bridge this enhancer-like element with the HDAC6 promoter. Step6: Interpret role in tissue; The regulatory linkage supports epigenetic modulation through HDAC6 expression, vital for proper cellular signaling and maturation in blood-derived cells.	This CRE is hypothesized to function as a distal enhancer that recruits GATA1, SP1, and CTCF to structurally and transcriptionally activate HDAC6 expression in human K562 cells.
chrX	48800621	48800667	HDAC6|chrX:48659028-48659074:*	E2F1, E2F4	HDAC6	1	0.85	Step1: Evaluate element type: ElementDB annotates this region as a silencer. Step2: Identify TF motif: Motif scanning identified binding sites for E2F family transcription factors including E2F1 and E2F4. Step3: Determine candidate gene: HDAC6 is the closest gene, located just 710 bp away. Step4: Gene and TF annotation: HDAC6 is a chromatin regulator (histone deacetylase) and silencers often constrain modulatory genes such as chromatin regulators. Step5: TF-gene relationship: TFTargetDB confirms that E2F1 and E2F4 transcriptionally regulate HDAC6. Step6: Interpret role in tissue: In K562 cells, regulating the expression of chromatin modulators like HDAC6 via cell-cycle-dependent E2F factors may fine-tune global epigenetic states and prevent ectopic activity during proliferation.	The silencer at chrX:48800621-48800667 binds transcription factors E2F1 and E2F4 to repress or constrain the expression of the nearby chromatin regulator HDAC6.
chr9	97960769	97961269	HEMGN|chr9:100723051-100723551:.	GATA1, GATA2, E2F1	ANP32B	0	0.85	Step 1: The CRE is classified as a Candidate cis-Regulatory Element (dELS, enhancer) in the ElementDB, with accessibility in Blood and Bone marrow tissues. Step 2: Motif scanning reveals binding sites for essential hematopoietic transcription factors, including GATA1, GATA2, and E2F-family TFs. Step 3: Chromatin conformation data (Chrom3DDB) strongly supports ANP32B as the target gene, showing a high interaction score (42.0) in Bone marrow, outscoring other nearby genes like TRMO and BARX1. Step 4: ANP32B acts as a nuclear phosphoprotein associated with nucleosome assembly and negative regulation of apoptosis, processes critical for highly proliferative cells like K562. GATA1 and GATA2 are master regulators of the erythroid/megakaryocytic lineage. Step 5: TFTargetDB confirms that GATA1, GATA2, and E2F1 directly target ANP32B. Step 6: In K562 (erythroleukemia) cells, coordinate binding of E2F1 and GATA factors to this enhancer likely upregulates ANP32B to prevent apoptosis and sustain erythromyeloid proliferation/differentiation.	The CRE acts as an active enhancer, bound by GATA1, GATA2, and E2F1, to positively regulate the expression of ANP32B, promoting cell survival and regulating differentiation in the erythroid/bone marrow lineage.
chr12	54303561	54304061	HNRNPA1|chr12:54697345-54697845:*	GATA1, GATA2	HNRNPA1	1	0.85	Step1: Provide evidence of element type: The element at chr12:54303732-54303968 is classified as a Distal Enhancer-like Signature (dELS) with the strongest ATAC-seq accessibility and H3K27ac signals in Bone_marrow, matching the origin of K562 cells. Step2: Confirm TF motif: The DNA sequence contains binding motifs for key erythropoietic transcription factors, perfectly matching GATA1 and GATA2. Step3: Validate target gene: Although NFE2 is a more proximal gene with CRISPR screen evidence, the prompt explicitly specifies HNRNPA1 (located ~23 kb away) as the target gene. Step4: Annotate Gene and TF roles: GATA1 and GATA2 are primary master regulators orchestrating erythrocyte and megakaryocyte differentiation. HNRNPA1 regulates essential RNA splicing and mRNA export required for steady-state cellular function and response to stress. Step5: Determine TF-gene relationship: Both GATA1 and GATA2 have confirmed direct regulatory relationships with HNRNPA1 based on TF-target databases. Step6: Determine physiological roles: Given the activating nature of GATA1/2 on accessible dELS elements, this regulatory axis enhances HNRNPA1 transcription to sustain massive RNA processing and splicing demands critical during active hematopoietic differentiation.	The dELS element at chr12:54303561-54304061 acts as an active tissue-specific enhancer in K562 cells. Master hematopoietic transcription factors GATA1 and GATA2 bind to this region to activate the expression of HNRNPA1 distally, thereby supporting RNA splicing and metabolism required for erythroid/myeloid cell survival and maturation.
chr12	54304241	54304761	HNRNPA1|chr12:54698025-54698545:*	NFE2, GATA1, GATA2	HNRNPA1	1	0.88	Step1: Confirm element type: The element shows high ATAC accessibility and robust H3K27ac signals in bone marrow and other relevant tissues, classifying it as an active enhancer. Step2: Identify TF motifs: Motif scanning reveals binding sites for master hematopoietic regulators NFE2, GATA1, and GATA2, as well as CTCF. Step3: Determine candidate gene: The instruction strictly designates HNRNPA1 as the target gene, which is located in close genomic proximity to this CRE. Step4: Gene and TF annotation: HNRNPA1 encodes an essential RNA-binding protein critical for mRNA splicing and transport. NFE2 and GATA factors are crucial for megakaryopoiesis and erythropoiesis (relevant to the K562 erythroleukemia cellular context). Step5: TF-gene relationship: Database queries confirm known regulatory interactions where NFE2, GATA1, and GATA2 target HNRNPA1. Step6: Interpret role in tissue: In the K562/bone marrow context, these lineage-specific transcription factors activate the HNRNPA1 gene via this enhancer, supplying the high transcriptional and splicing demands of proliferating erythroid/blood cells.	The CRE at chr12:54304241-54304761 acts as an active enhancer in K562 cells. It is bound by key hematopoietic transcription factors such as NFE2, GATA1, and GATA2 to activate the expression of HNRNPA1. This regulatory axis upregulates crucial RNA processing capabilities necessary for erythroid lineage development and cellular maintenance.
chr12	54306981	54307501	HNRNPA1|chr12:54700765-54701285:*	CTCF, GATA1, GATA2, IKZF1	HNRNPA1	1	0.75	Step1:Confirm element type; The genomic region is primarily characterized as a distal enhancer (dELS) active in tissues like blood and bone marrow, with additional evidence as a CTCF-bound insulator element. High ATAC-seq signal and active histone marks in hemopoietic lineages prioritize its regulatory potential. Step2: Identity TFmotif; DNA sequence scanning reveals prominent motifs for hematopoietic transcription factors (GATA1, GATA2, IKZF1) as well as the crucial architectural protein CTCF. Step3: Determine candidate gene; While CRISPR screens show strong direct functional impact on the nearby NFE2 gene, targeted analysis focuses on HNRNPA1 (~26kb distance), evaluating a broader topologically functional landscape. Step4: Gene and TF annotation; HNRNPA1 is essential for pre-mRNA splicing and transport. GATA1/2 are master regulators of the erythroid/megakaryocytic lineage (relevant for K562 cells), while CTCF specifically anchors 3D chromatin loops. Step5: TF-gene relationship; TFTargetDB confirms that CTCF, GATA1, GATA2, and IKZF1 have established regulatory relationships with HNRNPA1. Step6: Interpret role in tissue; The presence of both CTCF and hemato-specific activating factors strongly implies a 3D chromatin mechanism. CTCF orchestrates a loop structure to bridge the dELS-associated GATA-complex toward the HNRNPA1 promoter domain, tuning its necessary expression for sustained RNA processing during blood single-cell maturation or K562 proliferation.	This CRE acts as a CTCF-anchored distal enhancer (dELS) that loops to activate HNRNPA1 expression in human K562/hematopoietic cells. Master transcription factors (GATA1, GATA2) bind to this region alongside CTCF to form a functional active complex that upregulates HNRNPA1, ensuring robust mRNA splicing events required for erythroleukemia cellular machinery.
chr19	8033154	8033923	HNRNPM|chr19:8098038-8098807:.	GATA1, TAL1, KLF1	ELAVL1	0	0.8	Step1: Confirm element type; ElementDB reveals the presence of a known silencer at chr19:8033159-8033219, and the broader element exhibits low ATAC (-0.58) and highly repressed H3K27ac (-2.36) signals in blood tissues, pointing to a strong silencer function in the blood/K562 cellular context. Step2: Identify TFmotif; TFMotifScan identifies motifs for major master transcriptional regulators in the erythroid lineage (K562), specifically GATA1, TAL1, and KLF1. Step3: Determine candidate gene; NearbyGenesDB shows ELAVL1 is located ~27 kb away within the same structural TAD boundary (chr19:7080000-8560000). Step4: Gene and TF annotation; ELAVL1 (HuR) is an RNA-binding protein that stabilizes mRNAs to control cell proliferation and differentiation, which perfectly fits the profile of a modulatory gene that is typically constrained by a silencer. Step5: TF-gene relationship; TFTargetDB strongly supports this relation by validating that GATA1, TAL1, KLF1, and FLI1 directly target ELAVL1. Step6: Interpret role in tissue; In K562 (erythroleukemia) cells, a GATA1/TAL1/KLF1-bound silencer complex dampens ELAVL1 expression to restrict abnormal RNA stabilization and guide proper cell-cycle progression or differentiation states.	The silencer at chr19:8033154-8033923 represses the ELAVL1 gene in blood/K562 cells, operated by the erythroid transcription factor network (GATA1, TAL1, KLF1).
chr17	64023910	64024664	ICAM2|chr17:62101270-62102024:.	GATA1	TEX2	0	0.85	Step1: Confirm element type; The element chr17:64024208-64024551 is classified as a dELS (distal enhancer-like signature) and demonstrates high H3K27ac signals in blood and bone marrow, indicating an active enhancer role in blood-derived cells like K562. Step2: Identity TFmotif; Motif scanning identifies potential binding sites for GATA1, a master regulatory transcription factor critical for erythroleukemia and red blood cell differentiation. Step3: Determine candidate gene; Chrom3DDB data links this enhancer primarily to the TEX2 gene in blood tissue context with a strong interaction score (55). Step4: Gene and TF annotation; GATA1 regulates genes essential for erythrocyte differentiation globally. TEX2 is noted for functions related to lipid binding and endoplasmic reticulum processes, which could support overall cellular homeostasis or signaling within leukemia cell lines. Step5: TF-gene relationship; In K562 cells, it's highly plausible that GATA1 binds to this active enhancer to directly activate the transcription of the nearby TEX2 gene. Step6: Interpret role in tissue; This regulation axis contributes to the maintenance of lipid homeostasis or intracellular transport mechanisms necessary for erythroid cellular functions or survival in leukemia lines.	The active enhancer at chr17:64024208-64024551 binds the erythroid master regulator transcription factor GATA1 to positively regulate the target gene TEX2 in human K562 cells.
chr19	10299410	10300270	ICAM3|chr19:10410086-10410946:.	CTCF	ILF3	0	0.82	Step1: Confirm element type; ElementDB designates the region as 'CTCF-bound' and a 'silencer' with highly negative H3K27ac in Blood (-2.21), suggesting it acts as an insulator or structural loop anchor rather than an active enhancer. Step2: Identify TFmotif; Motif scanning explicitly identifies CTCF binding motifs within the sequence. Step3: Determine candidate gene; Chrom3DDB reveals a strong chromatin loop interaction (score 22.0) explicitly in Blood tissue between this specific genomic region and the ILF3 gene. Step4: Gene and TF annotation; CTCF acts as a master regulator of 3D chromatin architecture (chromatin loop anchoring activity). ILF3 encodes the Interleukin enhancer-binding factor 3, heavily involved in blood-related functions such as viral defense responses and immune-related RNA binding. Step5: TF-gene relationship; CTCF binds the element to anchor a spatial loop domain connecting specifically to the ILF3 locus. Step6: Interpret role in tissue; In myeloid/K562 blood cells, this CTCF-anchored loop organizes the local chromatin topology, potentially serving an insulator role that isolates or regulates ILF3 expression properly in the hematopoietic context.	The regulatory hypothesis is that this CRE functions as an insulator or chromatin loop anchor. It is bound by the architectural transcription factor CTCF, which mediates a definitive 3D spatial interaction with the ILF3 gene in blood cells. Given the lack of active epigenetic marks (negative H3K27ac), this regulatory axis structurally organizes the local domain, possibly insulating the ILF3 locus or maintaining it in a tightly controlled/repressed state.
chr20	31608520	31609020	ID1|chr20:30196323-30196823:.	CTCF, IKZF1, EGR1, ELF1	BCL2L1	0	0.8	Step 1: Confirm element type; The element is classified as a dELS in some tissues but shows highly depleated H3K27ac (-5.13) and ATAC (-0.18) signals in blood, while being explicitly annotated as a silencer and CTCF-bound insulator. Thus, in the context of K562 (a blood/leukemia cell line), it likely acts as a silencer/repressive loop anchor. Step 2: Identify TFmotif; Motif scanning identifies CTCF (essential for chromatin looping) alongside hematopoietic/repressive factors like IKZF1 and transcriptional regulators such as ELF1 and EGR1. Step 3: Determine candidate gene; Chrom3DDB reveals a high-confidence 3D chromatin interaction (Score: 28.0) between this element and BCL2L1 in blood. eQTL data also weakly implicates BCL2L1 and strongly implicates HM13 in blood networks, but the 3D loop prioritizes BCL2L1. Step 4: Gene and TF annotation; BCL2L1 (Bcl-xL) is a crucial anti-apoptotic gene that dictates cell survival, which is critically important in erythroleukemic K562 cells. CTCF orchestrates TADs and loop anchors, while IKZF1 is a known blood-lineage master regulator that can mediate gene repression. Step 5: TF-gene relationship; CTCF anchors the 3D interaction bridging the CRE to the BCL2L1 promoter, while IKZF1 and other factors utilize this loop to exert targeted repression. Step 6: Interpret role in tissue; The CRE silences or modulates the expression of BCL2L1, maintaining homeostasis by preventing aberrant survival/proliferation signals typically associated with leukemic pathogenesis.	The CRE functions as a silencer/chromatin loop anchor that utilizes CTCF and hematopoietic transcriptions factors like IKZF1 to repress the apoptosis regulator BCL2L1 in blood-derived K562 cells.
chr20	31610562	31611062	ID1|chr20:30198365-30198865:.	CTCF, CTCFL	BCL2L1	0	0.82	Step1: Confirm element type; ElementDB explicitly classifies this locus as a CTCF-bound insulator. The low ATAC accessibility and repressive H3K27ac marks in blood align with its structural role rather than being an active enhancer. Step2: Identity TFmotif; Motif scanning robustly detects binding sites for the insulator factors CTCF and CTCFL. Step3: Determine candidate gene; Chrom3DDB unequivocally maps a strong chromatin loop from this specific region to the BCL2L1 gene in blood cells, despite it being over 112 kb away. Step4: Gene and TF annotation; CTCF is the canonical architectural protein for TAD boundaries and chromatin loops. BCL2L1 encodes the Bcl-xL anti-apoptotic protein, a critical survival factor in the erythroid lineage and human K562 erythroleukemia cells. Step5: TF-gene relationship; TFTargetDB strongly supports CTCF driving BCL2L1 structural regulation. Step6: Interpret role in tissue; In K562 blood cells, CTCF binding anchors a 3D chromatin loop that encompasses or targets the BCL2L1 gene, structuring an isolated regulatory neighborhood to guarantee its transcription and prevent apoptosis.	The CRE acts as a vital structural insulator and chromatin loop anchor. CTCF and CTCFL bind to this element to form a 3D genomic loop interacting with the BCL2L1 gene, structurally scaffolding its proper regulatory environment and driving cell survival in human K562 cells.
chr11	334196	334635	IFITM1|chr11:334196-334635:.	GATA1, GATA2, CEBPB, FOS, CTCF	IFITM3	0	0.85	Step1: Confirm element type; ElementDB reveals this region has properties of a dELS (enhancer) in many tissues, but presents very low/negative active marks in blood and is also classified as a silencer, suggesting it might act as a repressive element in baseline hematopoietic/erythroid contexts like K562 cells. Step2: Identify TFmotif; Motif scanning identifies binding sites for GATA1 and GATA2 (master regulators of erythroid lineage), along with stress-induced factors (CEBPB, FOS) and structural proteins (CTCF). Step3: Determine candidate gene; IFITM3 is located in close proximity (approx 4.7 kb distance) and represents a strong candidate target. Step4: Gene and TF annotation; GATA1 regulates erythrocyte differentiation, while IFITM3 is an interferon-induced transmembrane protein responsive to viral and stress signaling. Step5: TF-gene relationship; TFTargetDB strongly supports that IFITM3 is a direct target of GATA1, GATA2, CEBPB, FOS, and CTCF. Step6: Interpret role in tissue; In K562 erythroleukemia cells, this CRE is hypothesized to integrate lineage-specific (GATA1/2) and stress-specific (CEBPB/FOS) signals to constrain or developmentally regulate IFITM3, potentially acting as a silencer to prevent aberrant immune activation during normal red blood cell development.	The CRE at chr11:334196-334635 is hypothesized to regulate the IFITM3 gene in K562 cells. By binding erythroid master regulators GATA1 and GATA2 alongside stress-responsive TFs like CEBPB and FOS, this regulatory element likely restrains (represses/silences) or modulates IFITM3 expression during erythropoiesis, poising the gene for activation only under specific stress or interferon signaling conditions.
chrX	153985479	153985979	IRAK1|chrX:153250930-153251430:.	GATA1, GATA2, KLF1, CTCF	MECP2	0	0.8	Step1:Confirm element type: The region exhibits strong ATAC-seq (2.14) and H3K27ac (1.80) signals in blood tissues and is largely classified as a distal enhancer-like signature (dELS). Therefore, it operates as an active enhancer in the hematopoietic (K562) context. Step2: Identity TFmotif: Sequence scanning identifies significant motifs for critical erythroid lineage master regulators such as GATA1, GATA2, and KLF1, as well as the structural regulator CTCF. Step3: Determine candidate gene: The element exhibits a pronounced 3D chromatin interaction loop (score = 45.0) specifically in Blood with the MECP2 gene. Although eQTLs point to TMEM187 in non-blood tissues, MECP2 is the most direct interacting target in this specific tissue context. Step4: Gene and TF annotation: GATA1 and KLF1 are robust activating transcription factors integral to erythroid differentiation. MECP2 plays a critical role as an epigenetic reader and chromatin remodeler. Step5: TF-gene relationship: The enhancer is likely bound by GATA1/KLF1 to recruit activating machinery, while CTCF may coordinate the necessary structural looping to the MECP2 promoter. Step6: Interpret role in tissue: Modulating the expression of chromatin readers such as MECP2 ensures precise transcriptional control required during the development and functioning of the blood lineage.	The distal enhancer at chrX:153985479-153985979 is driven by erythroid master TFs (GATA1, GATA2, KLF1) and structurally facilitated by CTCF to activate the expression of MECP2, functioning to modulate chromatin reading and broad epigenetic regulation in K562 cells.
chr19	43774607	43774646	KCNN4|chr19:44278759-44278798:*	CTCF, ETS1, FLI1, ERG, GABPA, SP1, ZBTB7A	SMG9	0	0.85	Step1: Confirm element type; ElementDB shows dELS classification in various tissues, but negative ATAC and H3K27ac signals in blood and bone marrow. It is also classified as a silencer/insulator. Step2: Identify TFmotif; TFMotifScan identifies multiple candidates including CTCF, ETS family members (important in hematopoiesis like ETS1, FLI1, ERG), and zinc finger proteins. Step3: Determine candidate gene; eQTLDB robustly associates this region with the SMG9 gene. Step4: Gene and TF annotation; SMG9 is a key regulator of nonsense-mediated mRNA decay. Step5: TF-gene relationship; The presence of CTCF and repressive TFs alongside negative functional marks suggests this CRE operates as a silencer in the blood lineage. Step6: Interpret role in tissue; In human K562 cells (erythroleukemia/blood lineage), this CRE represses the transcription of SMG9 to modulate mRNA surveillance pathways.	The CRE at chr19:43774607-43774646 acts as a silencer in K562 cells, repressing SMG9 expression via transcription factors such as CTCF and ETS/ZBTB family proteins.
chr7	7099480	7099980	KDELR2|chr7:7139111-7139611:.	GATA1, GATA2, CTCF, EGR1	C1GALT1	0	0.82	Step 1: Confirm element type; ElementDB reveals that in Blood (which includes the K562 erythroleukemia line), the region has accessible chromatin (ATAC = 1.01) but strongly depleted active histone marks (H3K27ac = -2.45), indicating a silencer function. Although annotated as a CTCF-bound insulator or dELS in other tissues, its location within the TAD rather than at a boundary disputes an insulator role here. Step 2: Identify TF motif; Sequence motif scanning identifies binding sites for master blood regulators like GATA1 and GATA2, along with architectural factor CTCF and stress-responsive EGR1. Step 3: Determine candidate gene; NearbyGenes identifies C1GALT1 (~56kb away), and Chrom3DDB confirms 3D looping interactions between this element and the C1GALT1 promoter across multiple tissues. Step 4: Gene and TF annotation; C1GALT1 encodes a galactosyltransferase essential for proper O-linked glycosylation, while GATA factors dictate erythroid lineage progression. Step 5: TF-gene relationship; TFTargetDB supports direct regulatory connections between GATA1, GATA2, CTCF, EGR1 and C1GALT1. Step 6: Interpret role in tissue; The CRE serves as an active silencer in K562 cells, utilizing GATA factors and CTCF-mediated looping to repress C1GALT1, thereby restricting O-glycosylation to maintain the proper differentiation or cellular state of these hematopoietic cells.	The regulatory element acts as a silencer, recruiting GATA1, GATA2, CTCF, and EGR1 to repress the expression of C1GALT1.
chr7	142964196	142964902	KEL|chr7:142661283-142661989:.	BCL11A, GATA2	EPHB6	0	0.8	Step 1: The CRE at chr7:142964196-142964902 exhibits high ATAC-seq accessibility in blood-related tissues but is explicitly identified as a functional silencer in experimental assays; high ATAC is consistent with an active silencer state. Step 2: TF motif scanning identifies binding sites for central hematopoietic transcription factors, including GATA1, GATA2, and the key transcriptional repressor BCL11A. Step 3: eQTL database evidence firmly links this regulatory region to the control of EPHB6. Step 4: EPHB6 encodes an ephrin receptor typically involved in axon guidance and signaling; its expression must often be restricted in specific non-neural tissues like blood to maintain lineage fidelity. BCL11A acts as a major repressor in erythroid/hematopoietic lineages (such as K562 cells). Step 5: TFTargetDB confirms that both BCL11A and GATA2 directly target EPHB6. Step 6: In K562 cells, this element functions as an active silencer where the BCL11A repressor, cooperating with GATA2, binds to suppress EPHB6 expression, thus avoiding inappropriate signaling during blood cell development.	The CRE functions as an active silencer. A repressive complex involving the transcription factors BCL11A and GATA2 binds to this element to mediate the active repression of EPHB6 expression in hematopoietic lineages.
chr19	12867151	12867931	KLF1|chr19:12977965-12978745:*	CTCF	MAST1	0	0.85	Detailed thinking, Step1: Confirm element type; ElementDB explicitly classifies this site as a 'CTCF-bound' element and an 'insulator'. In blood tissues, it exhibits high chromatin accessibility (ATAC signal 2.42) but negative H3K27ac (-1.33), which is characteristic of structural elements rather than active enhancers. Furthermore, TADDB places this region very close to a TAD boundary (chr19:10480000-12880000). Step2: Identify TF motif; TFMotifScan identifies the CTCF motif, which perfectly supports the element's foundational role as a chromatin loop anchor. Step3: Determine candidate gene; Chrom3DDB provides direct evidence of a 3D chromatin conformation loop connecting this CRE to the MAST1 gene specifically in Blood (Score: 41.0). Step4: Gene and TF annotation; CTCF is the master regulator of genome architecture, directing chromatin looping and insulation. MAST1 encodes a microtubule-associated kinase with widespread structural and signaling roles. Step5: TF-gene relationship; TFTargetDB validates that CTCF targets MAST1, physically tethering the insulator to this locus. Step6: Interpret role in tissue; In the context of K562/blood cells, this CRE acts as an insulator/loop anchor. The CTCF binding enforces local 3D chromatin compartmentalization (TAD boundary maintenance), preventing aberrant enhancer-promoter crosstalk in a highly active genomic neighborhood containing essential erythroid genes like KLF1.	The regulatory element at chr19:12867151-12867931 functions as an Insulator. Bound by the architectural transcription factor CTCF, it structurally anchors a chromatin loop to the MAST1 gene. By organizing the 3D topology and TAD boundaries within blood cells, this regulation strictly segregates genomic compartments to ensure MAST1 structural fidelity and prevent inappropriate transcriptional interference.
chr19	12888891	12889391	KLF1|chr19:12999705-13000205:*	GATA1, GATA2	KLF1	1	0.95	Step 1: Confirm element type; the CRE is classified as a dELS with active chromatin marks (H3K27ac) in bone marrow and blood context. Positioned 1.6kb upstream of KLF1, making it a proximal enhancer. Step 2: Identify TFmotif; TFMotifScan reveals definitive binding sites for GATA1 and GATA2, two crucial erythroid lineage transcription factors. Step 3: Determine candidate gene; while eQTL shows GCDH in nerve tissue, KLF1 is highly active in erythroleukemia K562 cells and located right next to the CRE. Step 4: Gene and TF annotation; KLF1 is the erythroid master regulator known as Erythroid Kruppel-like factor. GATA1 handles erythropoietic transcriptomics. Step 5: TF-gene relationship; established biological networks demonstrate GATA factors bind proximal upstream enhancers to activate KLF1. Step 6: Interpret role in tissue; in K562 cells, this GATA-driven enhancer loop drives KLF1 expression to orchestrate erythroid differentiation.	In K562 cells, the CRE chr19:12888891-12889391 acts as an active tissue-specific enhancer. Transcription factors GATA1 and GATA2 bind to this proximal motif to powerfully activate the adjacent KLF1 gene, an essential regulatory step for erythroid differentiation and subsequent red blood cell development.
chr17	40816451	40817141	KRT10|chr17:38972703-38973393:.	CTCF	NKIRAS2	0	0.85	Step 1: Confirm element type; ElementDB indicates the region functions as a CTCF-bound element with insulator properties. Step 2: Identity TFmotif; The sequence contains a prominent CTCF binding motif. Step 3: Determine candidate gene; Chrom3DDB shows a substantial 3D chromatin loop connecting this region to the NKIRAS2 gene promoter specifically in blood (K562 context) with a score of 8.0. Step 4: Gene and TF annotation; NKIRAS2 plays an essential role in blood lineage by down-regulating the canonical NF-kappaB signal transduction pathway and modulating inflammatory responses. Step 5: TF-gene relationship; TFTargetDB confirmed CTCF as a direct structural regulator of NKIRAS2 transcription. Step 6: Interpret role in tissue; The binding of CTCF structurally anchors a chromatin loop that facilitates or stabilizes the regulatory domain of NKIRAS2 in leukemic/blood cells, ensuring proper constraint of inflammatory pathways.	The CRE acts as an insulator, binding the architectural protein CTCF to anchor a chromatin loop regulating NKIRAS2, thereby structurally orchestrating its expression. This regulatory relationship promotes stable NKIRAS2 expression to actively repress NF-kappaB signaling in the context of blood cells.
chr22	30216619	30217119	LIMK2|chr22:30612608-30613108:.	GATA1, GATA2, FLI1, ETS1	CASTOR1	0	0.82	Step1: Confirm element type; The region is enriched for motifs of known activators and possesses eQTL associations, consistent with an active enhancer. Step2: Identity TFmotif; Motif scanning identifies strong binding sites for hematopoietic and vascular key regulators, including GATA1, GATA2, FLI1, and ETS1. Step3: Determine candidate gene; Nearby eQTL data directly links genetic variants within this CRE to the expression levels of CASTOR1 in blood vessel tissue. CASTOR1 is located ~72kb away. Step4: Gene and TF annotation; CASTOR1 is a cytosolic arginine sensor that negatively regulates the mTORC1 signaling pathway, modulating cell growth and response to amino acid availability. GATA and ETS factors are critical for erythroid/myeloid and endothelial lineages. Step5: TF-gene relationship; The binding of GATA/ETS factors to this enhancer likely modulates CASTOR1 transcription, coordinating metabolic sensing with lineage-specific growth demands. Step6: Interpret role in tissue; In highly proliferative cells (like K562 or vascular endothelium), activating CASTOR1 may serve as a metabolic checkpoint to fine-tune mTORC1 signaling and maintain cellular homeostasis.	The regulatory element acts as an enhancer that activates CASTOR1 transcription through the binding of GATA1/2 and ETS-family transcription factors, integrating metabolic sensing with cell growth regulation.
chr8	90197307	90197807	LINC00534|chr8:91209535-91210035:.	GATA1, GATA2, GFI1, GFI1B	DECR1	0	0.85	Step 1: Confirm element type. The element exhibits open chromatin (positive ATAC signal) but highly negative H3K27ac (-6.10) in Blood and Bone Marrow, and is explicitly sub-annotated as a silencer in ElementDB. This matches the profile of an active silencer rather than an enhancer. Step 2: Identify TF motif. Sequence scanning finds motifs for key hematopoietic regulators including GATA1, GATA2, GFI1, and GFI1B, the latter known for orchestrating transcriptional repression in blood cells. Step 3: Determine candidate gene. Chrom3DDB provides strong physical interaction evidence (score 67.0 in bone marrow) linking this element to DECR1. Genotype-phenotype data (eQTLs) also independently links the region to DECR1. Step 4: Gene and TF annotation. DECR1 encodes an enzyme critical for polyunsaturated fatty acid oxidation. Step 5: TF-gene relationship. GATA and GFI1B corepressor complexes likely bind this region to enforce target repression. Step 6: Interpret role in tissue. The active silencing of DECR1 by lineage-specific regulators in K562 (myeloid erythroleukemia) cells highlights a necessary metabolic programming step limiting specific lipid metabolism pathways to maintain the proper cell state.	An active silencer driven by GFI1/GATA repressive complexes that represses DECR1 expression to modulate lipid metabolism during hematopoiesis.
chr20	62776665	62777370	LINC00659|chr20:61408017-61408722:.	GATA1, GATA2, KLF1, MYB, CTCF	SLCO4A1	0	0.85	Step 1: Element type is confirmed as an active regulatory element with multiple annotations including dELS (distal enhancer-like signature) with high H3K27ac signal (1.25) in Blood, as well as a CTCF-bound PLS/insulator region. Step 2: Motif scanning reveals binding sites for master erythroid regulators such as GATA1, GATA2, KLF1, and MYB, alongside architectural protein CTCF. Step 3: Determining candidate genes reveals multiple options, but importantly, Chrom3D clearly demonstrates a significant 3D chromatin interaction (score 38.0) between this element and SLCO4A1 specifically in Blood cells. Overlapping LINC00659 is also noted, implying this region might act as a dual promoter/enhancer hub. Step 4: GATA1 and KLF1 are crucial DNA-binding transcription activators driving erythrocyte differentiation and gene expression in K562 (erythroleukemia) cells. Step 5: Based on the structural looping and blood-specific active marks, it is highly probable that transcription factors binding to this CRE interact directly with the SLCO4A1 promoter. CTCF likely facilitates the chromatin loop anchoring. Step 6: In K562 cells, this enhancer-promoter loop governed by erythroid TFs serves to activate the target gene's transcription pertinent to hematopoietic and metabolic functions.	This CRE functions as an enhancer in K562 cells, where blood-lineage master transcription factors (GATA1, GATA2, KLF1, MYB) and structural factors (CTCF) bind to activate SLCO4A1 expression via large-scale chromatin looping.
chr5	54311751	54312251	LINC01033|chr5:53607581-53608081:.	CTCF, GATA1, ELF1	GPBP1	0	0.82	Step1: The element at chr5:54311751-54312251 exhibits high ATAC-seq and H3K27ac enrichment in blood and is annotated as a dELS, indicating its role as an active enhancer in cells like K562. Though it also possesses CTCF-binding properties frequently seen in insulators, the strong activation marks and looping evidence support an enhancer function. Step2: Motif scanning identifies binding sites for pivotal hematopoietic transcription factors (GATA1, ELF1) as well as the topological regulator CTCF. Step3: Chrom3DDB provides direct evidence of a 3D chromatin loop connecting this specific region to the GPBP1 gene in blood tissue. Step4: GPBP1 is a GC-rich promoter-binding protein involved in the positive regulation of RNA polymerase II transcription. Step5: TFTargetDB confirms that GPBP1 is a recognized downstream target of CTCF, GATA1, and ELF1. Step6: In the context of K562 cells, CTCF likely organizes the 3D chromatin structure to bring the enhancer close to the GPBP1 promoter, enabling lineage-associated TFs like GATA1 and ELF1 to strongly activate GPBP1 expression, critical for hematopoietic transcriptional regulation.	The regulatory element acts as an active distal enhancer in K562 cells. Mediated by CTCF-directed chromatin looping, it allows hematopoietic transcription factors such as GATA1 and ELF1 to physically interact with and activate the GPBP1 gene, facilitating specific transcriptional programs in the blood lineage.
chr5	54313246	54313746	LINC01033|chr5:53609076-53609576:.	GATA1, IKZF1	GPBP1	0	0.85	Step1: Confirm element type; ElementDB reveals this CRE has PLS and silencer annotations, but in blood tissues, it displays strongly negative H3K27ac signal (-4.42) and negative ATAC signal, signifying a transcriptionally repressive state or silencer function in the blood/K562 context. Step2: Identify TFmotif; TFMotifScan identifies binding sites for major hematopoietic transcription factors, including GATA1, GATA2, and IKZF1, which are highly active in K562 cells. Step3: Determine candidate gene; While locally overlapping the minimal annotated TSS of LINC01033, Chrom3DDB highlights a prominent 3D loop in blood linking this CRE to GPBP1 (score 15.0), strongly endorsing GPBP1 as the functional long-range target. Step4: Gene and TF annotation; GPBP1 encodes a GC-rich promoter binding protein acting as a transcriptional co-regulator. IKZF1 and GATA1 are critical blood lineage determinants known to establish repressive complexes. Step5: TF-gene relationship; The binding of repressive factors like IKZF1 to this distal regulatory element orchestrates the silencing of GPBP1. This perfectly aligns with the established CRE principles that silencers predominantly target modulatory genes such as transcriptional regulators. Step6: Interpret role in tissue; Repression of GPBP1 by a GATA1/IKZF1-bound silencer restricts alternative transcriptional programs, playing an important role in preserving lineage-specific gene regulatory networks during blood development and K562 differentiation.	The element functions as a silencer in K562 cells driven by GATA1 and IKZF1 binding. Via 3D chromatin looping, it represses the transcriptional regulator GPBP1, restricting inappropriate transcriptional cascades to maintain proper hemopoietic cellular identity.
chr8	142961124	142961993	LY6E|chr8:144042541-144043410:.	GATA1, GATA2, CEBPA, ELF1, FLI1	LY6E	1	0.9	Step1:Confirm element type; The region is classified as a distal enhancer-like signature (dELS) by ElementDB with accessibility and H3K27ac observed across multiple tissues, including blood and bone marrow. Step2: Identity TFmotif; Motif scanning identifies several critical hematopoietic transcription factors, including GATA1, GATA2, CEBPA, ELF1, and FLI1. Step3: Determine candidate gene; LY6E, located approximately 56 kb away, is a strong candidate because of its expression and function in hematopoietic cell lineages like the lymphoblast-like K562 cell line. Step4: Gene and TF annotation; LY6E encodes a lymphocyte antigen 6 family member involved in cell surface receptor signaling and immune modulation. GATA1, GATA2, and CEBPA are master regulators of myeloid and erythroid lineage differentiation. Step5: TF-gene relationship; TFTargetDB confirms a regulatory relationship between CEBPA and LY6E, while GATA factors and ETS family (ELF1/FLI1) likely participate in co-regulating the tissue-specific expression of this target. Step6: Interpret role in tissue; This CRE acts as an active developmental enhancer where a complex of blood-specific TFs (GATA/CEBPA/ETS) binds to drive LY6E expression, facilitating immune maturation, and blood cell differentiation.	The dELS at chr8:142961124-142961993 serves as an enhancer activating LY6E expression, orchestrated by the binding of GATA1, GATA2, CEBPA, and ETS family TFs (ELF1/FLI1), which drives blood cell development and immune regulation.
chr8	55853158	55854232	LYN|chr8:56765717-56766791:.	CTCF, GATA1, GATA2, BCL11A	LYN	1	0.92	Step1: Confirm element type; The element shows deeply negative H3K27ac signal in Blood (-2.29) and is classified as both a silencer and a CTCF-bound insulator in the database. Its location also falls within TAD boundaries, suggesting insulator or repressive looping roles. Step2: Identity TFmotif; Motif scanning reveals binding sites for CTCF (key for insulators/loops) as well as hematopoietic transcription factors including GATA1, GATA2, and the potent repressor BCL11A. Step3: Determine candidate gene; LYN is situated just ~25kb away from the element, making it the most plausible target among nearby protein-coding genes. Step4: Gene and TF annotation; LYN encodes a Src-family protein tyrosine kinase crucial for immune and hematopoietic cell signaling, including myeloid differentiation and integrin signaling, matching precisely with K562 (erythromyeloid leukemia) cellular context. Step5: TF-gene relationship; Target relations strictly validate that CTCF, GATA1, and GATA2 orchestrate LYN expression. GATA-1/2 cooperates with repressor BCL11A to form a repressive chromatin mechanism. Step6: Interpret role in tissue; In hemopoietic tissues (like K562 blood cells), this CRE acts as a silencer or repressive boundary. By binding CTCF and GATA/BCL11A complexes, it suppresses inappropriate over-activation of LYN, regulating lineage-specific growth and preventing aberrant kinase signaling.	The regulatory hypothesis posits that the element at chr8:55853158-55854232 functions as a CTCF/GATA-associated silencer or insulator. Driven by the repressor complex involving BCL11A, GATA1, GATA2, and CTCF, it negatively regulates (represses) the downstream LYN gene in human blood cells (K562), ensuring proper hematopoietic differentiation and cellular homeostasis.
chr12	12353671	12354299	MANSC1|chr12:12506605-12507233:.	GATA1, GATA2	CDKN1B	0	0.8	Step 1: Confirm element type; The genomic region is annotated as a distal enhancer-like signature (dELS) according to ElementDB, exhibiting positive H3K27ac signals in Blood (0.89) and Bone Marrow (0.72), indicating it operates as an active enhancer in the hematopoietic system. Step 2: Identify TFmotif; TFMotifScan identifies binding sites for the GATA family, crucially GATA1 and GATA2, which are master transcription factors for erythroid differentiation and K562 cell identity. Step 3: Determine candidate gene; Chrom3DDB reveals significant 3D chromatin loops between this CRE and the CDKN1B gene in Bone Marrow (score: 59), as well as HEBP1 in Blood (score: 20). CDKN1B is selected due to a stronger interaction score and functional relevance in cancer/leukemia (K562). Step 4: Gene and TF annotation; CDKN1B encodes a critical cyclin-dependent kinase inhibitor (p27Kip1) that acts as a tumor suppressor by negatively regulating the cell cycle (G1/S transition). GATA1/2 govern erythrocyte development and cell fate commitment. Step 5: TF-gene relationship; TFTargetDB confirms that both GATA1 and GATA2 directly target CDKN1B. Step 6: Interpret role in tissue; In the context of K562 (myelogenous leukemia cells), the binding of GATA1/2 to this enhancer likely fine-tunes the expression of CDKN1B to regulate cell proliferation and orchestrate erythroid differentiation.	The distal enhancer at chr12:12353671-12354299 recruits key hematopoietic transcription factors GATA1 and GATA2 to activate the expression of the CDKN1B gene. This regulatory axis restricts cell cycle progression, thereby controlling proliferation and facilitating erythroid differentiation in K562 cells.
chr19	2059459	2060334	MBD3|chr19:2059458-2060333:.	TAL1, GABPA	MKNK2	0	0.85	Step1: Confirm element type; Querying the coordinates in ElementDB reveals the presence of a distal enhancer-like signature (dELS) characterized by chromatin accessibility (ATAC) and active enhancer mark (H3K27ac) in various tissues including bone marrow and blood. Step2: Identity TFmotif; Motif scanning matches numerous binding sequences within the CRE. Notable transcription factors include TAL1 and GABPA, which are pivotal in hematopoiesis. Step3: Determine candidate gene; NearbyGenesDB shows MKNK2 located just 8.2 kb away. Additionally, eQTL data links variations in this region to MKNK2 expression. Step4: Gene and TF annotation; TAL1 and GABPA are critical regulators of erythrocyte and megakaryocyte differentiation. Annotation of MKNK2 indicates its molecular functions in MAP kinase signaling, protein phosphorylation, and hemopoiesis. Step5: TF-gene relationship; Driven by its distal enhancer status and lineage-specific TFs, TAL1 and GABPA likely bind to this element to physically associate with and promote transcription of MKNK2. Step6: Interpret role in tissue; As K562 is an erythroleukemia cell line, the enhancer-driven activation of MKNK2 by erythroid master regulators facilitates downstream signaling cascades essential for proper hematopoietic differentiation and cellular maturation.	The genomic region chr19:2059459-2060334 functions as a distal enhancer. Hematopoietic transcription factors, specifically TAL1 and GABPA, bind to this regulatory element to activate the expression of the nearby MKNK2 gene, mediating crucial signaling pathways involved in erythroid differentiation and blood cell development.
chr14	100770440	100770940	MEG3|chr14:101236777-101237277:.	GATA1, GATA2, KLF1	MEG3	1	0.8	Step 1: The element at chr14:100770440-100770940 is classified as a dELS and shows high chromatin accessibility (ATAC signal) but strongly negative H3K27ac signal (-4.33) in blood tissues. High ATAC paired with repressive chromatin marks is characteristic of an active silencer. Step 2: Motif scanning reveals binding sites for critical erythroid/myeloid regulators including GATA1, GATA2, and KLF1. Step 3: MEG3 is the closest gene (8.4kb distance) within the TAD boundaries (chr14:99440000-101680000), making it a high-probability target compared to DLK1. Step 4: GATA1, GATA2, and KLF1 are master regulators of the blood lineage and often cooperate to coordinate transcription. Step 5: Since this element has features of an active silencer in blood, the GATA1/GATA2/KLF1 network is likely functioning predominantly to repress MEG3, maintaining K562 cell identity. Step 6: Repression of non-lineage specific or anti-proliferative genes such as MEG3 is vital in blood cell development and proper regulation.	The regulatory element acts as a silencer in K562/blood cells, where key hematopoietic transcription factors such as GATA1, GATA2, and KLF1 bind to the region to repress the nearby gene MEG3.
chr22	39452407	39453167	MGAT3|chr22:39848412-39849172:.	GATA1, GATA2, FLI1, BCL11A, ETS1, CTCF	APOBEC3G	0	0.8	Step 1: The element contains a distal enhancer-like signature (dELS) and a CTCF-bound region, suggesting it functions as an active enhancer, potentially with structural boundary functions. Step 2: Motif scanning reveals key binding sites for master hematopoietic transcription factors, including GATA1, GATA2, FLI1, ETS1, and BCL11A, which are highly relevant for K562 (erythroleukemia) cells. Step 3: Candidate targets include MGAT3 (located 3.8kb away) and APOBEC3G (located ~84kb away). Step 4: Gene annotation shows APOBEC3G codes for a cytidine deaminase involved in innate viral defense and mRNA editing, while MGAT3 is a glycosyltransferase. Step 5: Despite MGAT3 being closer in linear distance, significant eQTL genetic associations link variants in this CRE (e.g., at chr22:39452956) directly to APOBEC3G expression. Step 6: In K562 cells, hematopoietic master regulators like GATA1 and FLI1 likely co-bind this enhancer to activate the transcription of APOBEC3G, thereby modulating immune responses or specific RNA editing pathways during blood lineage development.	The regulatory element at chr22:39452407-39453167 acts as a distal enhancer that activates the expression of APOBEC3G in K562 cells. This regulation is likely mediated by the binding of hematopoietic transcription factors such as GATA1, GATA2, FLI1, and BCL11A.
chr3	69724543	69725631	MITF|chr3:69773694-69774782:.	CTCF	MITF	1	0.85	Step1: The element is annotated as CTCF-bound insulator, also demonstrating ATAC-seq accessibility in blood and bone marrow. Step2: Transcription factor motif scanning identified CTCF binding sites within the sequence. Step3: The closest significant protein-coding gene is MITF, located ~13.8 kb away. Step4: CTCF acts as a chromatin loop anchor and insulator sequence binding factor, while MITF encodes an important transcription factor that orchestrates differentiation and lineage commitment. Step5: TF-target relationships confirm CTCF interacts with MITF. Step6: In human K562 cells (blood lineage context), CTCF binding at this locus likely establishes an insulator boundary or chromatin loop to mediate or constrain the proper regulatory state and expression of MITF.	The element at chr3:69724543-69725631 functions as an insulator/chromatin loop anchor that binds CTCF to modulate or insulate the expression of the nearby MITF gene.
chr5	53118712	53119369	MOCS2|chr5:52414542-52415199:.	CTCF, EGR1	MOCS2	1	0.88	Step 1: Confirm element type; ElementDB indicates the presence of a 'CTCF-bound' insulator strictly overlapping the query coordinates (chr5:53119081-53119261), as well as broad 'silencer' activity in the region. Step 2: Identify TFmotif; Multiple transcription factors have motifs within this element, prominently including CTCF, an established insulator-binding factor, and EGR1. Step 3: Determine candidate gene; NearbyGenesDB shows MOCS2 is adjacent within 8.6 kb and is co-located in the same TAD. Step 4: Gene and TF annotation; MOCS2 is responsible for molybdopterin cofactor synthesis in the cytosol, whereas CTCF serves as a primary scaffolding factor for loop-anchoring and defining chromatin boundaries. Step 5: TF-gene relationship; TFTargetDB strongly supports that CTCF and EGR1 directly target MOCS2. Step 6: Interpret role in tissue; In the context of K562 erythroleukemia cells (bone marrow/blood origin), CTCF binding at this accessible (ATAC 0.83 in bone marrow) regulatory hub functions to establish an insulator boundary, constraining or fine-tuning the active transcription of MOCS2.	The regulatory element at chr5:53118712-53119369 acts as an insulator that recruits CTCF (and potentially EGR1) to structurally demarcate chromatin and regulate the localized expression of MOCS2 in human K562 cells.
chr5	53120100	53120600	MOCS2|chr5:52415930-52416430:.	BCL11A, IKZF1, GATA1	MOCS2	1	0.88	Step1: ElementDB identifies the region spanning chr5:53118444-53120595 as a silencer and a CTCF-bound insulator overlap. High accessibility but repressive function is characteristic of active silencers. Step2: TFMotifScan identifies several motifs including those for established hematopoietic transcriptional repressors such as BCL11A, IKZF1, BCL6, and the key erythroid regulator GATA1. Step3: NearbyGenesDB identifies MOCS2 as the closest protein-coding gene (TSS ~10kb away) alongside ITGA2. Without definitive 3D loop validation, linear proximity makes MOCS2 the primary candidate. Step4: BCL11A and IKZF1 are critical components of repressive complexes (e.g., NuRD or Sin3a) in the erythroid/myeloid lineage (K562 tissue context). Step5: The co-occurrence of GATA1 with repressor proteins (BCL11A/IKZF1) suggests a lineage-specific silencing mechanism where line-determining factors recruit corepressors. Step6: In K562 cells, restricting the expression of off-target or modulatory metabolic/signaling genes (like MOCS2) through targeted silencers is essential to maintain the leukemic and precise differentiation-arrested phenotype.	The CRE functions as a silencer that represses the nearby MOCS2 gene via the binding of lineage-specific repressor TFs including BCL11A, IKZF1, and GATA1 in K562 cells.
chrX	65998017	65998517	MSN|chrX:65217859-65218359:.	GATA1, GATA2, BCL11A, CEBPA, ELF1	VSIG4	0	0.75	Step1: The element shows high ATAC accessibility and characteristic histone signals in Blood, classifying it as a distal enhancer (dELS). Step2: Motif scanning reveals binding sites for crucial hematopoietic-specific transcription factors including GATA1, GATA2, BCL11A, and CEBPA. Step3: 3D chromatin interaction data provides a strong association (score 54.0) linking this element directly to the VSIG4 promoter in Blood. Step4: VSIG4 functions as a cell surface receptor in macrophages, deeply involved in complement component binding and T-cell regulation. Step5: These lineage-determining TFs are strongly expected to cooperatively bind this enhancer to drive VSIG4 expression during myeloid differentiation. Step6: The regulatory event dictates specific immune activation and functionally supports blood homeostasis via proper macrophage and T-cell modulation.	This active enhancer element positively regulates VSIG4 expression in human blood cells through the binding of key hematopoietic transcription factors (such as GATA1, GATA2, and CEBPA), mediating critical functional roles in immune responses and myeloid function.
chrX	66009193	66009693	MSN|chrX:65229035-65229535:.	GATA1, GATA2	EDA2R, MIR223	0	0.85	Step 1: Confirm element type; ElementDB annotates this region as an active enhancer (dELS) showing high H3K27ac signals in the bone marrow, the physiological context for the K562 erythroleukemia cell line. Step 2: Identity TFmotif; Sequence motif scanning identifies consensus binding sites for GATA1 and GATA2, which are master myeloid/erythroid transcription factors, along with structural regulators like CTCF. Step 3: Determine candidate gene; Chrom3DDB establishes a 3D chromatin interaction in blood connecting this element to the distally located EDA2R gene. NearbyGenesDB also identifies the myeloid-associated non-coding locus MIR223 residing locally. Step 4: Gene and TF annotation; GATA1/GATA2 critically govern hematopoietic development and red blood cell/megakaryocytic lineage commitment via long-range promoter-enhancer topologies. EDA2R is a TNF receptor class signaling molecule. Step 5: TF-gene relationship; In K562 cells, it is highly probable that GATA1 and GATA2 complex at this enhancer to drive transcription of the topologically associated EDA2R and nearby genes. Step 6: Interpret role in tissue; The enhancer axis GATA1/2 -> EDA2R serves to activate apoptosis-resistant or differentiation-linked signaling pathways essential for the specific cellular lineage maintained in K562 cells.	The regulatory element at chrX:66009193-66009693 acts as a distal enhancer in K562 (bone marrow-derived) cells. By recruiting the lineage-determining transcription factors GATA1 and GATA2, the enhancer initiates 3D chromatin-dependent transactivation of EDA2R and potentially the proximal MIR223 locus, thereby activating gene expression programs critical for erythroleukemic cell identity and signaling.
chr8	127960391	127960502	MYC|chr8:128972637-128972748:*	GATA1, GATA2, TAL1, NFKB1, E2F1, SP1	MIR1205	0	0.84	Step1: Determine element type: The CRE has a Promoter-Like Signature (PLS) and functions as a CTCF-bound insulator. Step2: Identify TF motifs: Multiple TF motifs were identified, including erythroid/myeloid regulators GATA1, GATA2, TAL1, and ubiquitous TFs like E2F1, SP1, and NFKB1. Step3: Determine candidate gene: MIR1205 is located extremely close (dist: 131 bp) to the CRE, strongly indicating the CRE overlaps its promoter window. Step4: Gene and TF annotation: GATA1 and TAL1 are master regulators of K562 (erythroid/megakaryocytic) development. Step5: TF-gene relationship: GATA1, GATA2, TAL1, and NFKB1 have previously characterized regulatory associations with MIR1205. Step6: Interpret role in tissue: In the context of K562 cells, binding of erythromegakaryocytic master TFs (GATA1/2, TAL1) and cell cycle regulators (E2F1, SP1) would efficiently activate the transcription of MIR1205.	The promoter-like CRE chr8:127960391-127960502 acts as the active promoter for MIR1205. It recruits lineage-specific TFs such as GATA1, GATA2, TAL1 along with NFKB1 and E2F1 to actively drive MIR1205 expression, supporting regulatory processes central to the K562 cell state.
chr17	32897552	32897572	MYO1D|chr17:31224570-31224590:*	BACH1, MAX	TMEM98	0	0.85	Step1: Confirm element type; the CRE has high ATAC accessibility (0.83) but highly negative H3K27ac signal (-1.61) in blood cells, classifying it as a silencer. Step2: Identify TFmotif; Motif scan of the sequence 'ATGTAGCAACATGTGATACA' reveals binding sites for repressor TFs including BACH1 and the bHLH protein MAX (which can recruit repressors like Mad/Mnt). Step3: Determine candidate gene; eQTL data strongly points to TMEM98, having significant regulation signals in many tissues. Step4: Gene and TF annotation; TMEM98 is involved in pathways like T-helper 1 cell differentiation. BACH1 and MAX are established transcriptional repressors. Step5: TF-gene relationship; The binding of BACH1 and MAX to this silencer represses TMEM98 transcription. Step6: Interpret role in tissue; In K562 (blood) cells, retaining TMEM98 in a repressed state is likely important for properly regulating lineage-specific blood and immune cell development pathways.	The accessible CRE at chr17:32897433-32897779 acts as a silencer in human K562 cells. By recruiting repressive transcription factors such as BACH1 and MAX, it represses the expression of the target gene TMEM98.
chr11	33944736	33945236	NAT10|chr11:33966283-33966783:.	GATA1, GATA2, FLI1, ERG	LMO2	0	0.82	Step 1: ElementDB identifies this CRE as a dELS (distal enhancer) with high chromatin accessibility in Blood and Bone marrow tissues. Step 2: TFMotifScan identifies binding motifs for key hematopoietic transcription factors such as GATA1, GATA2, FLI1, and ERG within the CRE sequence. Step 3: Chrom3DDB provides physical evidence of 3D chromatin loops specifically connecting this CRE to the LMO2 gene in Blood and Bone Marrow contexts. Step 4: GeneAnnotationDB annotates LMO2 as a critical regulator of red blood cell development that works in concert with TAL1/SCL and LDB1. Step 5: TFTargetDB confirms a regulatory relationship between GATA1/GATA2/FLI1 and LMO2. Step 6: In human K562 erythroleukemia cells, this regulatory axis is biologically critical, as master regulators (GATA1/2) bind this distal enhancer to robustly drive LMO2 expression, which is essential for maintaining the erythroid lineage state.	The CRE at chr11:33944736-33945236 functions as a distal enhancer in K562 cells. It recruits master hematopoietic transcription factors (GATA1, GATA2, FLI1) and loops to the promoter of LMO2 to activate its transcription, thereby driving red blood cell development and maintaining erythroid precursor identity.
chr7	140507907	140508876	NDUFB2|chr7:140207707-140208676:.	CTCF, GATA1, GATA2, CEBPA	MKRN1	0	0.85	Step1: The element overlaps with regions classified as dELS and CTCF-bound insulators. In blood tissue contexts (similar to K562), it presents extremely low ATAC (0.0008) and negative H3K27ac (-3.14), suggesting it acts as an inactive enhancer or structural insulator rather than an active driver. Step2: Motif scanning reveals key structural and hematopoietic transcription factors including CTCF, GATA1, and CEBP family members. Step3: Chromatin 3D interaction data strongly links this element to the nearby MKRN1 gene (score: 19.0, distance: ~28kb). Step4: MKRN1 encodes Makorin-1, an E3 ubiquitin ligase, while CTCF is a master regulator of chromatin looping. Step5: Exploring the TF-gene relationship, CTCF likely mediates physical looping between this locus and the MKRN1 promoter. Step6: In the K562 context, the lack of activating marks coupled with the presence of CTCF motifs implies this CRE functions structurally as an insulator or a poised/repressed regulatory node to control MKRN1 spatial availability.	This element functions as a CTCF-mediated structural anchor (insulator) or poised/repressed enhancer physically looping to the MKRN1 gene. In K562 cells, due to the depletion of H3K27ac and diminished accessibility, it likely represses MKRN1 expression or acts purely to maintain 3D chromatin boundaries without driving active transcription.
chr4	55723369	55723869	NMU|chr4:56589536-56590036:.	CLOCK, GATA1, GATA2, CTCF	CLOCK	0	0.7	Step1: Evaluate element type. The CRE does not have direct 3D or eQTL loops readily available, but its sequence contains a rich matrix of transcription factor motifs, including lineage-defining (GATA1/2) and structural (CTCF) factors, indicating it likely functions as an enhancer. Step2: Identify TF motifs. Motif scanning highlights binding sites for CTCF, CLOCK, and erythroid-important factors like GATA1 and GATA2. Step3: Determine candidate gene. Several genes reside within the shared TAD (chr4:54280000-56960000), including NMU and CLOCK. CLOCK is the most strongly supported candidate due to TF network relationships. Step4: Gene and TF annotation. CLOCK is a master transcriptional regulator of circadian rhythm, while GATA1/GATA2 are essential transcription factors for erythroid/megakaryocytic development (highly relevant to the K562 erythroleukemia cell line). Step5: TF-gene relationship. Regulatory databases demonstrate that both CLOCK itself (suggesting autoregulation) and GATA factors target the CLOCK gene. CTCF may stabilize the local chromatin topology to facilitate this long-range regulation (the CRE is ~176kb from CLOCK). Step6: Interpret role in tissue. In K562 cells, coordination between erythroid development programs (driven by GATA) and circadian cycling (via CLOCK) is plausible. This enhancer likely integrates tissue-specific GATA signaling and circadian feedback to maintain the proper temporal expression of CLOCK.	The CRE at chr4:55723369-55723869 is hypothesized to function as a distal enhancer that activates the CLOCK gene in K562 cells. This regulation is mediated by the cooperative binding of GATA factors (GATA1/2), which provide erythroid lineage specificity, along with CLOCK itself in an autoregulatory loop, supported structurally by CTCF.
chr22	38846894	38847394	NPTXR|chr22:39242899-39243399:.	GATA1, CTCF	SUN2	0	0.85	Step 1: The CRE is classified as a dELS and silencer, with significantly negative H3K27ac (-2.71) and ATAC (-0.36) signals in blood tissues, suggesting strong repressive activity (silencer) in hematopoietic lineages. Step 2: Motif scanning reveals binding sites for key regulatory factors, including GATA1 and CTCF. Step 3: Chrom3D data identifies DNA-DNA interactions with the SUN2 promoter in related tissues, designating SUN2 as the target gene. Step 4: SUN2 encodes a nuclear-envelope protein critical for cyotskeleton anchoring and cell migration. Step 5: TFTargetDB confirms that GATA1 and CTCF are known upstream regulators of SUN2. Step 6: In K562 (erythroleukemia) cells, GATA1 and CTCF likely bind this silencer element to repress SUN2, potentially to maintain the undifferentiated or proliferative state necessary for leukemia or erythroid progenitor expansion.	The CRE at chr22:38846894-38847394 acts as a silencer to repress SUN2 expression in K562 cells, mediated by transcription factors GATA1 and CTCF.
chr19	6674793	6675293	NRTN|chr19:6674804-6675304:.	ELF1, ETS1, KLF1, NFE2, MYB	TRIP10	0	0.7	Step 1: Confirm element type; The element exhibits robust ATAC-seq accessibility (2.30) and positive H3K27ac modification in blood tissues, classifying it as a distal Enhancer-Like Signature (dELS). Step 2: Identify TF motif; Motif scanning identifies binding sites for several transcription factors crucial for hematopoiesis and leukemic cell identity, specifically ETS family members (ELF1, ETS1), KLF1, NFE2, and MYB. Step 3: Determine candidate gene; Although TNFSF14 is closer linearly (4.2 kb), 3D chromatin conformation data in blood tissues explicitly demonstrate a spatial loop connecting this enhancer to the promoter of TRIP10, located ~62 kb away. Step 4: Gene and TF annotation; TRIP10 (also known as CIP4) is essentially involved in actin cytoskeleton organization, cell signaling, and endocytosis, functioning alongside Rho GTPases like CDC42. Step 5: TF-gene relationship; Hematopoietic transcription factors like ELF1 and ETS1 are confirmed regulators of TRIP10 expression, binding to this distal element to promote target gene transcription. Step 6: Interpret role in tissue; In the context of K562 erythroleukemia cells, this distal enhancer engages hematopoietic master regulators to govern the expression of TRIP10, dynamically supporting cytoskeletal remodeling, adhesion, and endocytic signaling essential for systemic hematologic functions.	The distal enhancer at chr19:6674793-6675293 is predicted to activate the expression of TRIP10 via physical chromatin looping, utilizing blood-lineage transcription factors such as ELF1, ETS1, KLF1, NFE2, and MYB. This regulatory axis supports cytoskeletal dynamics and receptor signaling essential for K562 cellular organization and hematopoietic adaptation.
chr8	124637449	124637892	NSMCE2|chr8:124637449-124637892:.	GATA1, ETS1, FLI1	NDUFB9	0	0.85	Step 1: The CRE at chr8:124637518-124637868 shows strong ATAC-seq and H3K27ac signals in blood tissues, classifying it as a distal enhancer (dELS). Step 2: Sequence analysis reveals binding motifs for erythroid/blood-related TFs including GATA1, ETS1, and FLI1. Step 3: Candidate genes include TRMT12 (eQTL) and NDUFB9 (Chrom3D). Although an eQTL links the CRE to TRMT12, TRMT12's TSS is outside the TAD boundary (chr8:124520000-125080000). NDUFB9 is located within the same TAD and has direct 3D chromatin interaction evidence in blood cells. Step 4: NDUFB9 encodes a subunit of mitochondrial Complex I, important for cellular energy production. Step 5: TFs like GATA1, ETS1, and FLI1 are confirmed upstream regulators of NDUFB9. Step 6: In K562 erythroleukemia cells, high metabolic demand requires upregulation of oxidative phosphorylation components like NDUFB9, driven by blood-lineage TFs. This supports an activating regulatory role.	The distal enhancer at chr8:124637449-124637892 regulates NDUFB9 expression in K562 cells. Transcription factors GATA1, ETS1, and FLI1 bind to this enhancer and activate NDUFB9 transcription to support mitochondrial energy metabolism required for erythroleukemia cell proliferation.
chr1	25933351	25933954	NUDC|chr1:26259842-26260445:.	CTCF, GATA1, GATA2	STMN1	0	0.85	Step1: Confirm element type: ElementDB identifies this CRE as an accessible dELS and CTCF-bound region with strong ATAC-seq signal in Bone marrow (1.2085), which is highly relevant to K562 cells (bone marrow-derived leukemia). Step2: Identify TF motif: Motif scanning reveals binding sites for CTCF (consistent with chromatin looping/boundary function) along with GATA1 and GATA2, which are the master hematopoietic transcription factors in the K562 erythroleukemia cellular context. Step3: Determine candidate gene: The CRE falls within the same TAD (chr1:25320000-26440000) as nearby genes. Chrom3DDB explicitly shows a highly significant 3D chromatin interaction (Score: 30.0) between this element and STMN1 in Bone marrow, prioritizing it over structurally distant or non-interacting genes like CNKSR1 or MTFR1L. Step4: Gene and TF annotation: STMN1 is an essential regulator of microtubule dynamics, consistently overexpressed in leukemias, while GATA1/2 direct hematopoietic cell fate. Step5: TF-gene relationship: CTCF likely anchors a chromatin loop that brings this distal regulatory element into spatial proximity with the STMN1 promoter, allowing GATA1/2 to stimulate transcription. Step6: Interpret role in tissue: This loop-anchored enhancer activates STMN1 expression in hematopoietic/leukemia cells, contributing to leukemogenesis or cytoskeletal stability during blood cell division.	The regulatory hypothesis suggests that this CRE functions as a loop-anchoring enhancer in K562 cells. Bound by CTCF and lineage-specific transcription factors GATA1/GATA2, it undergoes 3D chromatin looping to activate the expression of STMN1, thereby promoting microtubule dynamics and cellular proliferation in the leukemic context.
chr2	10283198	10283698	PDIA6|chr2:10423324-10423824:.	IKZF1, BCL11A	HPCAL1	0	0.9	Step 1: Confirm element type; ElementDB reveals this region functions as a silencer across multiple tissues. In Blood, it shows high ATAC accessibility (1.14) but robustly negative H3K27ac (-6.20), characterizing it strongly as an active silencer in the hematopoietic context (K562 cells). Step 2: Identify TF motif; Sequence motif scanning identifies binding sites for several TFs known to mediate targeted gene repression in blood cells, notably IKZF1 and BCL11A. Step 3: Determine candidate gene; Chrom3DDB establishes a strong interaction (score 24.0) between this element and HPCAL1 in Blood. eQTL networks also link variants in this CRE to HPCAL1. Step 4: Gene and TF annotation; HPCAL1 is a calcium-sensing protein. Overexpression of calcium-binding signaling modulators can often be toxic or disruptive to tightly regulated developmental lineages, necessitating active silencing in irrelevant cell types. TFs like IKZF1 are known crucial lineage-determining factors via gene repression. Step 5: TF-gene relationship; TFTargetDB provides evidence for a regulatory relationship between IKZF1 and HPCAL1. Step 6: Interpret role in tissue; In the K562 erythroleukemia lineage, the binding of repressive transcription factors (like IKZF1) to this active silencer serves to inhibit the inappropriate expression of HPCAL1, maintaining proper signaling homeostasis during hematopoiesis.	The CRE at chr2:10283198-10283698 acts as an active silencer in human K562 cells, recruiting transcription repressors like IKZF1 to actively repress the expression of the HPCAL1 gene, thereby restricting aberrant calcium signaling in the blood lineage.
chr10	95297410	95297910	PDLIM1|chr10:97057167-97057667:.	GATA1, BCL11A, CTCF	SORBS1	0	0.82	Step1: Confirm element type: ElementDB annotates this region as a silencer. In Blood tissue contexts, the element demonstrates high chromatin accessibility (ATAC: 1.69) but strong depletion of active marks (H3K27ac: -2.36), which strongly fulfills the criteria of an active silencer. Step2: Identify TFmotif: TFMotifScan identifies binding motifs for major hematopoietic regulators, including GATA1, BCL11A, and CTCF. Step3: Determine candidate gene: The Chrom3DDB strongly links this element to the SORBS1 gene in blood via a 3D chromatin loop (Score: 14.0). Step4: Gene and TF annotation: GATA1 and BCL11A are critical in blood lineages, with BCL11A known specifically for its transcriptional repressor activity. SORBS1 is involved in actin binding, focal adhesion, and structural functions. Step5: TF-gene relationship: Exploring TFTargetDB confirms that GATA1 and CTCF target SORBS1. Step6: Interpret role in tissue: The binding of GATA1 and the repressor BCL11A selectively inhibits SORBS1, likely to suppress inappropriate cytoskeletal or adhesion pathways during hematopoietic differentiation pathways such as those observed in K562 cells.	The regulatory element chr10:95297410-95297910 acts as an active silencer in blood tissue. Driven by lineage-relevant transcription factors like GATA1, BCL11A, and CTCF, it represses the expression of the structural and adhesion-associated gene SORBS1 via a 3D chromatin loop.
chr10	117411392	117412093	PDZD8|chr10:119170903-119171604:.	CTCF	EMX2	0	0.85	Step1: Confirm element type; ElementDB reveals the broader region (chr10:117411110-117412922) is classified as a silencer. The H3K27ac level in blood is very low (-4.109), consistent with a silenced/repressed state. Step2: Identify TFmotif; TFMotifScan identifies the CTCF motif within the sequence, among others. Step3: Determine candidate gene; Nearby genes include EMX2, VAX1, PDZD8, and SHTN1. Step4: Gene and TF annotation; GeneAnnotationDB shows EMX2 is a transcription factor crucial for brain development and central nervous system patterning, so it should be strictly repressed in hematopoietic/blood lineages. Step5: TF-gene relationship; TFTargetDB directly supports CTCF regulating EMX2. Step6: Interpret role in tissue; The CRE acts to maintain the silenced state of the non-lineage gene EMX2 in blood cells (K562) to prevent inappropriate developmental gene expression.	The CRE at chr10:117411392-117412093 functions as a silencer in the hematopoietic lineage (K562 cells). It interacts with CTCF to repress the expression of EMX2, ensuring that this neurodevelopmental transcription factor remains firmly silenced in blood cells.
chr6	37183271	37183514	PIM1|chr6:37151047-37151290:*	MYB, JUN, E2F1, EGR1	PIM1	1	0.85	Step 1: The element acts as an enhancer, supported by high ATAC-seq chromatin accessibility (2.68) and H3K27ac modification (1.98) in bone marrow. Step 2: Motif scanning reveals binding sites for several critical transcription factors, including MYB, JUN, E2F1, and EGR1 within this genomic sequence. Step 3: PIM1 is a primary candidate target gene, located only ~13kb away from this regulatory element. Step 4: Gene annotation shows PIM1 encodes a proto-oncogene serine/threonine-protein kinase with vital roles in hematopoietic cell proliferation, survival, and preventing apoptosis. Step 5: TFTargetDB confirms a known regulatory relationship where MYB, JUN, E2F1, and EGR1 transcriptionally regulate PIM1. Step 6: In the context of K562 cells (a chronic myelogenous leukemia line derived from bone marrow), these TFs likely bind the identified enhancer and drive robust PIM1 expression, thus promoting malignant cell survival and proliferation.	This distal enhancer activates the transcription of the PIM1 proto-oncogene through the binding of MYB, JUN, E2F1, and EGR1 transcription factors, contributing to cell survival and proliferation in K562 leukemia cells.
chr15	72237366	72237866	PKM|chr15:72529707-72530207:.	CTCF	PARP6	0	0.9	Step1: The element is classified as a CTCF-bound insulator by ElementDB and localizes near the boundary of a Topologically Associating Domain (TAD) at chr15:70960000-72280000. Step2: Transcription factor motif scanning identifies the CTCF binding site within the sequence. Step3: Chrom3DDB reveals significant interaction between this element and the PARP6 gene, specifically observed in bone marrow (score 22.0), which is highly relevant to the blood lineage of K562 cells. Step4: CTCF is functionally annotated as a key driver of chromatin loop anchoring and spatial chromatin organization. PARP6 encodes a poly(ADP-ribose) polymerase important for intracellular signaling. Step5: TFTargetDB confirms the direct regulatory relationship between CTCF and PARP6. Step6: Together, this CTCF-bound insulator acts to anchor a structural chromatin loop involving the PARP6 locus, which mediates spatial gene regulation in blood lineage development.	The element at chr15:72237366-72237866 acts as an insulator, recruiting CTCF to anchor a chromatin loop boundary that regulates spatial access and transcription of PARP6 in K562 cells.
chr21	43397742	43398833	PKNOX1|chr21:44817622-44818713:.	GATA1, GATA2, CTCF, E2F1	SIK1	0	0.85	Step1: Confirm element type: The presence of strong tissue-specific transcription factor motifs (GATA1, GATA2) alongside structural motifs (CTCF) suggests this element acts as an enhancer, potentially with a loop-anchoring role to facilitate interaction with a nearby promoter. Step2: Identify TFmotif: TFMotifScan identified critical K562-relevant erythroid factors (GATA1, GATA2), cell cycle regulators (E2F1), and architectural proteins (CTCF). Step3: Determine candidate gene: SIK1 (Salt-Inducible Kinase 1) is identified as the nearest protein-coding gene, situated roughly 28kb away within the same broad Topological Associating Domain (TAD). Step4: Gene and TF annotation: SIK1 is an AMPK family kinase involved in cell cycle regulation, anoikis, and intracellular signal transduction. GATA1 and GATA2 are master regulators of erythroid development, making them highly active in the K562 erythroleukemia cell line. CTCF is well-annotated for chromatin loop anchoring. Step5: TF-gene relationship: It is highly plausible that GATA1/2 and E2F1 bind this CRE to actively transcribe SIK1, while CTCF facilitates the enhancer-promoter looping necessary to bridge the 28kb distance. Step6: Interpret role in tissue: In K562 cells, driving SIK1 expression through lineage-specific factors (GATA) and proliferative factors (E2F1) likely supports pathological survival, cell-cycle progression, and differentiation blocks typical of erythroleukemia.	The CRE at chr21:43397742-43398833 functions as an enhancer to activate the transcription of the SIK1 gene. By binding lineage-specific factors like GATA1 and GATA2, alongside structural facilitators like CTCF, this regulatory element likely promotes SIK1 expression to regulate cell cycle and survival pathways in K562 erythroleukemia cells.
chr19	12825131	12825931	PRDX2|chr19:12935945-12936745:*	CTCF, FOS, FOSB, ATF3, BCL11A	RNASEH2A	0	0.88	Step1: Confirm element type; The element contains segments overlapping with active enhancers (dELS), a predicted PLS, and additionally presents as a CTCF-bound insulator. However, functional assays (eQTL, Chrom3D) point towards enhancer activity for nearby genes. Step2: Identify TFmotif; Motif scanning yields an extensive list of TFs including looping regulators like CTCF/CTCFL, and generic enhancer-binding AP-1 complex factors (FOS, FOSB, BATF, ATF3) alongside factors like BCL11A. Step3: Determine candidate gene; NearbyGenes DB lists MAST1, RTBDN, RNASEH2A, and others. Chrom3DDB reveals a high-scoring 3D chromatin interaction (Score: 19.0) linking this region specifically to RNASEH2A. Moreover, eQTL annotations support an effect on RNASEH2A expression. Step4: Gene and TF annotation; RNASEH2A encodes a catalytic subunit of RNase H2 and its proper transcription is broadly essential for cell cycle and genome stability, relevant across tissues including K562. Step5: TF-gene relationship; CTCF likely mediates the 3D chromatin conformation enabling direct physical looping between this element and the RNASEH2A promoter, whereas bound AP-1 members boost expression. Step6: Interpret role in tissue; In highly proliferative K562 cells, driving components of replication/repair (like RNASEH2A) is critical, implicating an activating regulatory loop.	The element at chr19:12825131-12825931 functions predominantly as an enhancer (facilitated by 3D looping structure via CTCF) that activates the transcription of the RNASEH2A gene.
chr7	106978516	106979016	PRKAR2B|chr7:106618961-106619461:.	GATA1, GATA2	PIK3CG	0	0.85	Step 1: ElementDB confirms this CRE as a dELS in many tissues, but in blood, ATAC is accessible (0.47) while H3K27ac is notably low (-3.77), which is a classical mark for an active silencer. Step 2: TFMotifScan identifies binding motifs for the erythroid lineage master regulators GATA1 and GATA2, as well as CTCF. Step 3: NearbyGenesDB points to PIK3CG as a plausible candidate, located approximately 113kb away. Step 4: GeneAnnotationDB characterizes PIK3CG as executing functions related to immune responses, leukocyte chemotaxis, and T cell signaling. Step 5: TFTargetDB confirms that GATA1 and GATA2 are well-documented regulatory targets for PIK3CG. Step 6: In human K562 cells (an erythroleukemia line modeling blood lineages), GATA1 binds this active silencer to repress the non-erythroid (myeloid/lymphoid) gene PIK3CG, which is necessary to maintain proper erythroid cellular identity.	In human K562 cells, this CRE functions as a silencer. Erythroid transcription factors GATA1 and GATA2 bind to the element to repress the expression of PIK3CG, a gene typical for other leukocyte programs, thereby suppressing alternative immune developmental pathways and maintaining the erythroid state.
chr7	106979031	106979531	PRKAR2B|chr7:106619476-106619976:.	GATA1, GATA2, E2F1, GFI1B, BACH1	HBP1	0	0.85	Step1: The element acts as a regulatory region with high ATAC-seq accessibility, binding diverse transcription factors in K562 erythroleukemia cells. Step2: Motif scanning reveals binding sites for erythroid-specific factors (GATA1, GATA2, GFI1B), E2F family members, and repressors (BACH1) in the sequence. Step3: Among genes in the local TAD (chr7:104920000-108600000), HBP1 is a proximal modulatory gene (~189 kb away) and a verified target of GATA1, GATA2, and E2F1. Step4: HBP1 encodes an HMG-box transcription factor that acts as a transcriptional repressor regulating the cell cycle and Wnt signaling, critical in cancer and developmental contexts. Step5: GATA1 and GATA2, in combination with E2F1 or repressive factors like GFI1B, form a regulatory network mediating HBP1 expression. Step6: In K562 cells, controlling the cell cycle through modulators like HBP1 is crucial. Depending on the exact TF complex (e.g., if governed by GFI1B/BACH1), this CRE likely acts as a silencer restricting HBP1 expression to maintain proliferative capacity, or an enhancer fine-tuning it.	The CRE at chr7:106979031-106979531 contains motifs for GATA1, GATA2, E2F1, and repressive factors like GFI1B and BACH1. It regulates the HBP1 gene, encoding a transcriptional repressor involved in cell cycle regulation. Given the presence of repressive TFs and the modulatory nature of the target gene, this element functions as a silencer (or finely-tuned enhancer) to tightly regulate HBP1 expression, thereby supporting the specific cell cycle requirements of K562 erythroleukemia cells.
chr7	107010101	107011094	PRKAR2B|chr7:106650546-106651539:.	CTCF	PRKAR2B	1	0.88	Step1: Confirm element type; The element is annotated as a CTCF-bound insulator in ElementDB, displaying architectural functions rather than simple activation/repression. Step2: Identity TFmotif; Sequence scanning confirms the presence of a CTCF binding motif within the region. Step3: Determine candidate gene; Nearby active genes include PRKAR2B, PIK3CG, and HBP1. Step4: Gene and TF annotation; CTCF is an essential architectural transcription factor that binds to insulator sequences, mediating chromatin loop anchoring and boundary formation. PRKAR2B encodes a regulatory subunit of the cAMP-dependent protein kinase. Step5: TF-gene relationship; TFTargetDB indicates a valid regulatory targeting relationship between CTCF and PRKAR2B. Step6: Interpret role in tissue; In K562 cells, this CRE functions as a critical chromatin insulator and loop anchor via CTCF binding. It structures the 3D chromatin landscape around the PRKAR2B locus to restrict inappropriate enhancer interactions or facilitate correct spatial topology.	This CTCF-bound CRE acts as an insulator and chromatin loop anchor. By strictly binding CTCF, it governs the spatial topological domain of the PRKAR2B gene, insulating it from spurious regulatory interference in K562 cells.
chr1	225928390	225928890	PYCR2|chr1:226116090-226116590:.	GATA1, GATA2, FLI1	H3-3A	0	0.85	Step1: The element acts as an Enhancer, supported by significant 3D chromatin interaction in blood tissue. Step2: Motif scanning reveals binding sites for essential hematopoietic transcription factors such as GATA1, GATA2, and FLI1. Step3: Chrom3DDB data indicates a robust locus interaction (Score: 52.0) between this element and the H3-3A gene specifically in blood cells, confirming it as the primary target gene. Step4: H3-3A encodes the histone H3.3 variant, a structural constituent of chromatin crucial for nucleosome assembly and genomic stability. TFs like GATA1 and FLI1 are major drivers of blood cell lineage differentiation and function. Step5: Although direct TF-gene relationships were not comprehensively captured in the queried databases, the strong physical proximity mediated by chromosomal looping combined with corresponding TF motifs strongly supports a regulatory axis. Step6: In human K562 cells (a blood lineage model), this enhancer is likely responsible for driving the expression of H3-3A via hematopoietic TFs, thereby supporting rapid cell proliferation and maintaining essential chromatin architecture.	The element at chr1:225928390-225928890 acts as an enhancer that activates the expression of the H3-3A gene through the binding of transcription factors such as GATA1, GATA2, and FLI1, facilitating proper chromatin organization and function in blood-lineage cells.
chr12	71752862	71753362	RAB21|chr12:72146642-72147142:.	ERG, CEBPA, GATA1, GATA2	CNOT2, RAB21	1	0.88	Step 1: Confirm element type: ElementDB classifies this CRE as a Distal Enhancer-Like Signature (dELS), and it maintains chromatin accessibility in related hematopoietic/blood contexts. Step 2: Identify TFMotif: Motif scanning identifies binding motifs for critical hematopoietic transcription factors, including ERG, CEBPA, GATA1, and GATA2. Step 3: Determine candidate gene: The Chrom3DDB reveals a distinct 3D chromatin loop connecting this CRE to the CNOT2 gene specifically in blood (Score: 29.0). Concurrently, NearbyGenesDB places the CRE merely 1.5kb away from the RAB21 gene. Step 4: Gene and TF annotation: CNOT2 acts as a fundamental transcription coregulator within the CCR4-NOT complex governing mRNA decay and transcriptional states. RAB21 is a GTPase driving intracellular vesicle transport. GATA-family TFs are master regulators of K562 erythroleukemic features, and ERG plays a central role in blood lineages. Step 5: TF-gene relationship: Established regulatory relationships confirm that ERG and CEBPA target CNOT2, while GATA1, GATA2, and CEBPA bind to regulate RAB21. Step 6: Interpret role in tissue: In K562 cells, this enhancer integrates localized control via GATA1/2 upon the adjacent RAB21 gene, and long-range structural topology via ERG/CEBPA to stimulate CNOT2. These relationships jointly reinforce cell-type-specific transcriptional networks and cellular stability.	This accessible CRE acts as a bifurcated developmental enhancer in K562 cells. It directly drives the long-range active spatial regulation of CNOT2 through ERG/CEBPA, while concurrently deploying GATA1/GATA2 to mediate localized activation of the adjacent RAB21 gene, promoting erythroleukemic cellular maintenance and proper transcriptomic equilibrium.
chr18	9876828	9877738	RAB31|chr18:9876825-9877735:.	BACH1, BCL6, GATA1, CTCF	NAPG	0	0.85	Step1: Confirm element type: ElementDB shows this region has ATAC accessibility (1.71) but strongly negative H3K27ac (-2.76) in blood tissues, and it overlaps an experimentally classified silencer and CTCF-bound insulator. Step2: Identify TFmotif: Motif scanning identifies binding sites for hematopoietic factors (GATA1) and known repressive TFs (BACH1, BCL6), as well as CTCF for potential structural looping. Step3: Determine candidate gene: Chrom3DDB demonstrates a significant 3D loop (score 38.0) between this element and the NAPG gene specifically in blood. Step4: Gene and TF annotation: NAPG (N-ethylmaleimide-sensitive factor attachment protein gamma) is involved in vesicular transport, while BACH1 and BCL6 are prominent transcriptional repressors. Step5: TF-gene relationship: The looping facilitated by CTCF brings the silencer into proximity with the NAPG promoter, where factors like BACH1/BCL6 enforce target repression, as evidenced by the lack of H3K27 acetylation. Step6: Interpret role in tissue: In K562 erythroleukemia cells, silencing specific vesicular trafficking genes like NAPG may prevent terminal differentiation or support the metabolic/secretory phenotype of the leukemic state.	The element chr18:9876828-9877738 acts as a silencer in K562 (blood) cells, forming a 3D chromatin loop to repress the NAPG gene through the action of repressive transcription factors such as BACH1 and BCL6.
chr7	103995900	103996555	RELN|chr7:103636347-103637002:.	GATA1, GATA2	RELN	1	0.95	Step 1: Confirm element type. The CRE has a low ATAC signal (0.345) and a profoundly negative H3K27ac mark (-4.7) in blood, and it overlaps with a previously annotated silencer region, strongly supporting its identity as an active silencer in the blood lineage. Step 2: Identify TFMotif. Sequence motif scanning identifies binding sites for GATA1 and GATA2, critical transcription factors in hematopoietic lineages. Step 3: Determine candidate gene. NearbyGenesDB shows that RELN is in close proximity, only ~6.2 kb away from the CRE. Step 4: Gene and TF annotation. Gene ontology and functional annotations indicate that RELN is chiefly responsible for brain development, neuronal migration, and synaptic functions. It is normally silent in hematopoietic tissues. Step 5: TF-gene relationship. TFTargetDB confirms that GATA1 and GATA2 directly target RELN. Step 6: Interpret role in tissue. In K562 (erythroleukemia) cells, GATA factor complexes act at this silencer element to actively repress RELN, ensuring strict maintenance of cellular identity by preventing ectopic expression of neuronal genes in blood.	In human K562 cells, the CRE at chr7:103995900-103996555 acts as a silencer. The transcription factors GATA1 and GATA2 bind to this regulatory element to actively repress the RELN gene, thereby preventing inappropriate expression of this neuronal development gene in the hematopoietic lineage.
chr14	20820431	20821091	RNASE1|chr14:21288590-21289250:.	BCL11A, GATA1, GATA2, BATF	RNASE6	0	0.9	Step1:Confirm element type; The element shows chromatin accessibility in blood (ATAC=0.71) but a very depleted H3K27ac mark (-2.02), and overlaps with an annotated silencer region (chr14:20820556-20820726), supporting its identity as an active silencer in blood/K562 cells. Step2: Identity TFmotif; Motif scanning identifies binding sites for GATA1, GATA2, BATF, and the well-known repressor BCL11A. Step3: Determine candidate gene; Chrom3DDB demonstrates a significant genomic interaction between this CRE and the nearby RNASE6 gene (score 25.0). Step4: Gene and TF annotation; RNASE6 encodes an antimicrobial ribonuclease involved in host defense and innate immune responses. Step5: TF-gene relationship; TFTargetDB strongly supports the direct regulatory relationship of BCL11A, GATA1, GATA2, and BATF on RNASE6. Step6: Interpret role in tissue; The regulatory complex involving BCL11A and GATA1/2 silences the expression of RNASE6, reflecting the characteristic repression of certain immune effector genes unneeded or detrimental in the specific erythroid/leukemia lineage contexts of K562 cells.	The silencer element at chr14:20820450-20820799 is bound by repressive TFs such as BCL11A along with GATA1/GATA2 to repress the expression of RNASE6 in K562 cells.
chr17	80254696	80255316	RNF213|chr17:78228495-78229115:.	CTCF, FOS, JUN, STAT3, ELF2, KLF4	BAIAP2	0	0.75	Step1: Confirm element type; The element exhibits dELS and CTCF-bound activity in empirical data. In human blood tissues, the presence of H3K27ac and ATAC-seq peaks alongside 3D chromatin conformation data points to it functioning as an enhancer or structural boundary. Since it actively loops to BAIAP2 in blood, we treat it as a regulatory element (enhancer). Step2: Identify TF motifs; TF motif scanning indicates numerous binding motifs, including AP-1 complex (FOS, JUN, BATF), CTCF, STAT, and KLF family members. Step3: Determine candidate gene; Chrom3D interaction data specifically implicates BAIAP2 in blood, making it the highest-priority target for K562. Step4: Gene and TF annotation; BAIAP2 is important for cell mobility and actin dynamics. Activator TFs like FOS, JUN, and STAT3 are canonical regulators of proliferation and differentiation in hematopoietic cells and likely use this element. Step5: TF-gene relationship; The presence of CTCF may assist in mediating the chromatin loop that brings the CRE to the BAIAP2 promoter, while the AP-1 and STAT factors activate transcription. Step6: Interpret role in tissue; Given K562 is an erythroleukemia line, driving BAIAP2 may mediate cytoskeleton remodeling necessary for cell adhesion, survival, or migration in hematopoietic environments.	The candidate CRE chr17:80254696-80255316 functions as an active enhancer in blood/K562 cells. It binds structural factors such as CTCF to form chromatin loops to the BAIAP2 promoter, while recruiting transcription factors like FOS, JUN, and STAT3 to actively upregulate BAIAP2 expression, potentially modulating cellular motility and structural integrity in blood lineages.
chr1	213045154	213046736	RPS6KC1|chr1:213218496-213220078:.	CTCF	RPS6KC1	1	0.85	Step1: Confirm element type; ElementDB annotations flag this region as globally 'CTCF-bound' and an insulator (as well as a localized silencer). It is located within 35 kb of a mapped TAD boundary (chr1:211680000-213080000), supporting boundary or loop-anchoring function. Step2: Identity TFmotif; Motif scanning precisely identifies the element contains a CTCF binding site. Step3: Determine candidate gene; RPS6KC1 is the nearest adjacent gene, located just ~4.5kb away from the element. Step4: Gene and TF annotation; CTCF is fundamentally annotated for chromatin insulator sequence binding and chromatin looping functionalities. Step5: TF-gene relationship; Target database mapping definitively shows RPS6KC1 as a regulated target of CTCF. Step6: Interpret role in tissue; In Blood (K562 leukemia cells), this region leverages CTCF's architectural role to form chromatin loops or boundary constraints, thereby structurally limiting stray enhancer signals and repressing or structurally regulating the adjacent RPS6KC1.	This CRE functions as a chromatin insulator and architectural element, locally coordinating CTCF-bound loop anchors to insulate and repress RPS6KC1 expression in the context of blood.
chr12	124887089	124887589	SCARB1|chr12:125371635-125372135:.	GATA1, GATA2	SCARB1	1	0.88	Step 1: Confirm element type; The region is annotated as a distal Enhancer-Like Signature (dELS). Although general bulk blood signals for ATAC and H3K27ac are low, cell-type specific activity in the erythroleukemia K562 line is highly plausible. Step 2: Identify TFmotif; TFMotifScan identifies binding motifs for key hematopoietic transcription factors, including GATA1 and GATA2. Step 3: Determine candidate gene; NearbyGenesDB shows SCARB1 is in close proximity (~4.4kb away). Step 4: Gene and TF annotation; GATA1 and GATA2 are master transcriptional regulators of hematopoiesis and erythroid differentiation. SCARB1 encodes a scavenger receptor critical for high-density lipoprotein (HDL) cholesterol handling and lipid homeostasis. Step 5: TF-gene relationship; TFTargetDB confirmed that both GATA1 and GATA2 directly target SCARB1. Step 6: Interpret role in tissue; In K562 erythroleukemia cells, GATA1 and GATA2 likely bind this distal element to regulate SCARB1 expression, coordinating lipid metabolism and cholesterol uptake which is necessary for erythroid cell growth and membrane biogenesis.	This CRE acts as a regulatory element (likely an enhancer) where GATA1 and GATA2 bind to regulate the expression of SCARB1, modulating lipid and cholesterol homeostasis during erythroid differentiation and K562 cell proliferation.
chr15	51652121	51652621	SCG3|chr15:51944318-51944818:.	CTCF	LYSMD2	0	0.85	Step1: ElementDB characterizes this CRE as CTCF-bound (insulator) and a silencer depending on the assay segment, with very low H3K27ac signal (-6.03) but preserved ATAC accessibility (0.24) in blood. Step2: Motif scanning confirms the presence of the CTCF binding sequence. Step3: Chrom3DDB data demonstrates a highly scoring 3D chromatin loop (score 122.0) directly connecting this CRE to the LYSMD2 gene in blood cells. Step4: CTCF is fundamentally annotated for chromatin loop anchoring, genomic insulation, and transcriptional repression. LYSMD2 is a LysM domain-containing membrane protein. Step5: A CTCF loop converging on the spatial vicinity of LYSMD2 signifies an architectural restraint or silencer framework mediating tight gene regulation. Step6: Therefore, in K562 (blood tissue context), this CRE operates mainly via topological segregation or structural repression through CTCF, isolating or turning off LYSMD2.	This CRE functions as a structural insulator or looping silencer driven by CTCF, which anchors a 3D chromatin interaction to structurally isolate and repress LYSMD2 transcription in human blood cells.
chr1	17441310	17441810	SDHB|chr1:17767806-17768306:.	GATA1, E2F1, CTCF	RCC2	0	0.84	Step 1: The element at chr1:17441310-17441810 is characterized by high ATAC-seq accessibility (1.42) and H3K27ac (0.93) in bone marrow, confirming an active cis-regulatory state consistent with an enhancer or proximal promoter. Step 2: Sequence scanning identifies strong motifs for GATA1, E2F1, and CTCF. Step 3: RCC2 is located in extremely close proximity (1633 bp) and eQTL evidence supports its regulatory connection to this locus. Step 4: RCC2 functions as a guanyl-nucleotide exchange factor involved in chromosome condensation, mitotic cell division, and G2/M transition, which is critical for highly proliferative cells like the K562 leukemic cell line. GATA1 is a key hematopoietic differentiation regulator, highly active in K562 cells, and E2F1 is a major cell cycle transcription factor. Step 5: Based on TFTargetDB, GATA1, E2F1, and CTCF directly regulate RCC2. Step 6: In K562 cells, this enhancer recruits master erythroid transcription factor GATA1 along with cell-cycle-dependent E2F1 to activate transcription of the RCC2 gene, driving mitosis and leukemic cell growth.	The enhancer element at chr1:17441310-17441810 activates RCC2 expression by recruiting key transcription factors GATA1 and E2F1, thereby promoting chromosomal condensation and cell division in K562 cells.
chr4	48481557	48482057	SLC10A4|chr4:48483574-48484074:.	GATA1, GATA2, CEBPA	SLC10A4	1	0.85	Step1: Confirm element type; The element is situated 1.2 kb from the TSS of SLC10A4, placing it in a promoter-proximal or proximal enhancer context. Step2: Identity TFmotif; Motif scanning identifies multiple crucial transcriptional regulators enriched in hematopoietic and leukemic contexts, including GATA1, GATA2, and CEBPA. Step3: Determine candidate gene; Nearby genes include SLC10A4 (1.2 kb away) and ZAR1 (8.1 kb away). SLC10A4 is prioritized as the most proximal active target. Step4: Gene and TF annotation; GATA1 and GATA2 are master regulators of erythroid/megakaryocytic development (highly active in K562 cells). SLC10A4 is a vesicular transporter. Step5: TF-gene relationship; TFTargetDB indicates that GATA1, GATA2, and CEBPA physically interact with the SLC10A4 locus. Step6: Interpret role in tissue; In the K562 cell context, the high activity of erythroid/myeloid lineage TFs like GATA1 and CEBPA drives the local chromatin regulatory landscape, resulting in the activation of the SLC10A4 promoter/enhancer.	This CRE functions as an activating promoter-proximal enhancer, driven by the coordinate binding of hematopoietic transcription factors GATA1, GATA2, and CEBPA to upregulate SLC10A4 expression in human K562 cells.
chr17	44326738	44327238	SLC25A39|chr17:42404106-42404606:.	E2F1, E2F4, CTCF, FOS, ETS1	SLC25A39, UBTF	1	0.9	Step 1: Confirm element type; The region acts as a Distal Enhancer-like Signature (dELS) characterized by moderate ATAC-seq accessibility and active H3K27ac marks in blood and K562-relevant tissues. Step 2: Identify TFmotif; Motif scanning predicts the binding of ubiquitous (CTCF, E2F family, FOS) and hematopoietic/blood-relevant factors (ETS1, ERG). Step 3: Determine candidate gene; SLC25A39 is mapped as the closest gene (1868 bp away), and Chrom3DDB establishes a strong spatial loop connecting this enhancer to the UBTF gene promoter in Blood tissue (score 20.0). Step 4: Gene and TF annotation; SLC25A39 is crucial for iron handling and heme biosynthesis, functions integral to the identity of K562 erythroleukemia cells. UBTF is an essential basal transcription factor driving RNA polymerase I transcription of rRNAs in growing and proliferating cells. Step 5: TF-gene relationship; E2F members and ETS1 can structurally bridge to these local promoters or facilitate active looping (CTCF). Both E2F1 and E2F4 actively target UBTF and SLC25A39. Step 6: Interpret role in tissue; Thus, this enhancer engages in a dual interaction: proximal driving of SLC25A39 to support red blood cell metabolic programs (erythroid traits of K562) and distal enhancer-promoter communication supporting UBTF for generic proliferative maintenance.	The regulatory hypothesis proposes that the enhancer at chr17:44326738-44327238 binds E2F family TFs, ETS-1, and CTCF to actively regulate SLC25A39 (proximally, for maintaining intracellular heme/iron metabolism) and UBTF (via 3D chromatin loops in blood cells, for sustaining robust nucleolar RNA Pol I activity). These coordinated events activate both cell-type-specific metabolic features and general proliferation programs characteristic of myeloid/erythroid leukemia cells.
chrX	134981877	134982377	SMIM10|chrX:134115907-134116407:.	BCL11A, GFI1B, IKZF1	SMIM10	1	0.85	Step1:Confirm element type: ElementDB functionally classifies this region as a silencer. Step2: Identity TFmotif: TFMotifScan identifies binding motifs for key repressive hematopoietic transcription factors, including BCL11A, GFI1B, and IKZF1. Step3: Determine candidate gene: NearbyGenesDB identifies SMIM10 as the closest relevant protein-coding gene, located approximately 8.6 kb away. Step4: Gene and TF annotation: GeneAnnotationDB indicates SMIM10 is critical for erythropoiesis and red blood cell maturation, while BCL11A and GFI1B are canonical transcriptional repressors essential for regulating hematopoietic cell fates. Step5: TF-gene relationship: The repressor TFs (BCL11A, GFI1B, IKZF1) likely bind this proximal silencer element to modulate and restrict the transcription of SMIM10. Step6: Interpret role in tissue: In the context of K562 erythroleukemia cells, this regulatory interaction acts to fine-tune SMIM10 expression levels, preventing inappropriate overexpression and tightly regulating erythropoietic maturation.	This silencer element recruits repressive transcription factors such as BCL11A, GFI1B, and IKZF1 to repress and fine-tune the expression of the nearby SMIM10 gene, playing a modulatory role to ensure balanced erythroid development.
chr7	44995065	44995565	SNHG15|chr7:45034664-45035164:.	GATA1, GATA2, FLI1, ETS1	TMED4	0	0.85	Step 1: The element at chr7:44995065-44995565 is classified as a dELS and shows valid ATAC and H3K27ac profiles in Blood, indicating an active enhancer. Step 2: TF motif scanning identified strong binding motifs for key hematopoietic regulators, such as GATA1, GATA2, FLI1, and ETS1. Step 3: Chrom3DDB indicates a strong looping interaction (Score: 24.0) between this element and the TMED4 gene specifically in Blood tissue. Step 4: GATA1 and GATA2 are master regulators of the erythroid/megakaryocytic lineage (K562 characteristics), while ETS factors like FLI1 cooperate to modulate blood cell functions. TMED4 is involved in cellular vesicular trafficking. Step 5: The enhancer physically interacts with the TMED4 promoter to drive its expression via the transactivation by GATA and ETS complex factors. Step 6: This tissue-specific enhancer-promoter regulatory loop activates TMED4 transcription, which supports cellular metabolism and protein processing vital for blood lineages.	The regulatory element acts as a blood-specific enhancer that recruits GATA1, GATA2, FLI1, and ETS1 to physically loop to and actively upregulate the TMED4 gene.
chr16	11231111	11231611	SOCS1|chr16:11324968-11325468:.	GATA1, CTCF, BCL11A	CIITA	0	0.84	Step1: Confirm element type; ElementDB shows high H3K27ac (1.087) in blood, indicating this region functions as an active enhancer (dELS) rather than an insulator, despite the presence of a CTCF-bound subregion. Step2: Identify TF motif; Sequence scanning identifies binding motifs for major hematopoietic regulators (GATA1, BCL11A) and structural components (CTCF). Step3: Determine candidate gene; Chrom3D reveals a strong interaction (score: 24.0) between this CRE and CIITA in blood tissue. Step4: Gene and TF annotation; CIITA is the master transactivator for MHC class II genes, making it essential for immune response and antigen presentation. Step5: TF-gene relationship; Verified databases confirm that GATA1 and CTCF target CIITA. Step6: Interpret role in tissue; The enhancer drives CIITA expression through lineage-specific TFs, which is pivotal for the function and development of hematopoietic immune cells (e.g., K562).	The regulatory hypothesis is that the enhancer at chr16:11231111-11231611 recruits primary blood transcription factors like GATA1 and structural elements like CTCF to loop to and activate the CIITA promoter. This positive regulation ensures the expression of CIITA, playing a critical role in mediating the human immune system's structural antigen presentation pathways.
chr16	11233038	11233538	SOCS1|chr16:11326895-11327395:.	GATA1, CTCF, KLF1, BCL11A	CIITA	0	0.9	Step 1: Confirm element type. The CRE is assigned as a Silencer. While there is a strong long-range DNA-loop (Chrom3D score 24.0 in Blood), the target gene CIITA needs to be repressed in the erythroid/myeloid lineage (K562) to prevent inappropriate MHC-II expression. Step 2: Identify TF motif. Sequence scanning reveals motifs for major K562 TFs including GATA1, GATA2, KLF1, BCL11A, and CTCF. Step 3: Determine candidate gene. CIITA is identified as the prime target over closer genes (e.g., SOCS1, RMI2) due to direct evidence of a strong 3D chromatin loop in blood cells. Step 4: Gene and TF annotation. GATA1 is the master regulator for erythroid development, often serving to repress non-lineage genes. CIITA is a transactivator for MHC class II genes, functioning in antigen-presenting cells but generally suppressed in erythroid progenitors. Step 5: TF-gene relationship. TFTargetDB indicates that both GATA1 and CTCF are direct regulators of CIITA. Step 6: Interpret role in tissue. In K562 cells, binding of GATA1 and structuring by CTCF at this distal element likely mediate long-range transcriptional silencing of CIITA, constraining alternative lineage (immune/macrophage) pathways and preserving the erythroid state.	The CRE at chr16:11233038-11233538 acts as a long-range silencer, where GATA1 and CTCF bind to repress the CIITA gene, restricting MHC class II expression to maintain erythroid lineage identity in K562 cells.
chr4	176290445	176290945	SPCS3|chr4:177211596-177212096:.	GATA1, GATA2, E2F1, GABPA, FOXO1	SPCS3	1	0.85	Step 1: Identify element type: the presence of multiple activating transcription factor binding motifs without known TAD boundary functions strongly suggests it acts as an enhancer. Step 2: Identify TFMotif: TFMotifScan reveals binding motifs for GATA1, GATA2, E2F1, GABPA, and FOXO1. Step 3: Determine candidate gene: NearbyGenesDB identifies SPCS3 as a nearby gene located approximately 29 kb away. Step 4: Gene and TF annotation: SPCS3 forms part of the signal peptidase complex in the endoplasmic reticulum, essential for processing newly synthesized proteins. GATA1 and GATA2 are critical erythroid transcription factors highly active in K562 cells. Step 5: TF-gene relationship: TFTargetDB confirms that SPCS3 is directly targeted by GATA1, GATA2, E2F1, FOXO1, and GABPA. Step 6: Interpret role in tissue: In K562 erythroleukemia cells, GATA1/2-driven upregulation of SPCS3 supports the high translational load and protein processing demands inherent to rapidly proliferating cancer cells and erythroid characteristics.	The enhancer at chr4:176290445-176290945 is bound by GATA1, GATA2, E2F1, and GABPA to activate the expression of SPCS3, facilitating proper protein processing and ER function in K562 cells.
chr16	29654824	29655324	SPN|chr16:29666145-29666645:.	CTCF, GATA1, GATA2, E2F1	QPRT	0	0.85	Step1: Confirm element type; The element exhibits characteristics of a distal enhancer (dELS) with high ATAC-seq accessibility in blood-related tissues (ATAC = 0.99) and also functions as a CTCF-bound insulator in adjacent regions. Step2: Identify TF motif; Motif scanning reveals binding sites for multiple transcription factors including the structural regulator CTCF, as well as blood-lineage critical factors GATA1 and GATA2, and cell-cycle regulator E2F1. Step3: Determine candidate gene; eQTL data strongly associates genetic variants within this exact chromosomal block (e.g., pos 29655415) with the expression of the QPRT gene across multiple tissues. Step4: Gene and TF annotation; QPRT (Quinolinate Phosphoribosyltransferase) is an essential enzyme in the de novo NAD biosynthesis pathway, which points towards metabolic regulation. TFs like GATA1/2 are master regulators in K562 (erythroleukemia) cells. Step5: TF-gene relationship; The presence of CTCF suggests loop-anchoring properties that facilitate or constrain the enhancer's contact with the QPRT promoter, while GATA1/2 and E2F elements likely drive transcription. Step6: Interpret role in tissue; By modulating QPRT expression, this CRE influences NAD+ metabolism which is crucial for the high energy and differentiation demands of K562 blood lineage cells.	The regulatory element at chr16:29654824-29655324 acts as a putative enhancer/boundary element that regulates the QPRT gene. Governed by structural factors (CTCF) and hematopoietic lineage-specific regulators (GATA1/GATA2), it likely activates QPRT to support cellular energy metabolism and NAD+ biosynthesis in K562 cells.
chr1	158689047	158689547	SPTA1|chr1:158658837-158659337:.	GATA1	ACKR1	0	0.9	Step1: ElementDB classifies this region as a silencer (chr1:158689225-158689395), which is supported by severely depleted H3K27ac signals in blood. Step2: TFMotifScan identifies sites for GATA1 and CTCF, which are master regulators in hematopoietic lineages capable of coordinating repressive complexes. Step3: eQTL directly correlates variants strictly spanning this CRE to the expression of ACKR1. While Chrom3D suggests OR6N1 looping in large intestine, OR6N1 is biologically irrelevant in K562 (blood lineage). Step4: GeneAnnotation affirms ACKR1 functions as an atypical chemokine receptor involved in signaling modulation, cleanly aligning with the inference rule for silencer mechanisms targeting signaling nodes. Step5: TFTargetDB explicitly confirms the regulatory linkage between GATA1 and ACKR1. Step6: During the proliferation of K562 (erythromyeloblastoid leukemia) cells, GATA1 is hypothesized to anchor at this silencer element, downregulating the untimely expression of the ACKR1 (Duffy antigen) signaling module to stall terminal erythroid differentiation.	The element at chr1:158689047-158689547 acts as an active silencer, where GATA1 binding orchestrates the repression of ACKR1.
chr2	38613065	38614248	SRSF7|chr2:38840207-38841390:.	CTCF	SOS1	0	0.85	Step1: Confirm element type; ElementDB shows a CTCF-bound region (chr2:38613165-38613498), supporting an insulator or loop anchor function rather than a classic enhancer. Step2: Identity TFmotif; Motif scanning confirms the presence of CTCF and CTCFL binding sites. Step3: Determine candidate gene; Chrom3DDB reveals a significant 3D chromatin interaction between this region and the SOS1 gene specifically in Blood, which aligns with the K562 (erythroleukemia) cell context. Step4: Gene and TF annotation; CTCF acts as a primary architectural protein establishing topologically associating domains (TADs) and structural loops. SOS1 is a critical guanine nucleotide exchange factor mediating RAS activation, essential for hematopoietic cell signaling. Step5: TF-gene relationship; CTCF anchors a chromatin loop that facilitates or limits the structural contact required for proper SOS1 transcriptional regulation. Step6: Interpret role in tissue; By maintaining the local 3D chromatin architecture, this CTCF-bound element appropriately regulates SOS1 expression required for proper signaling in the blood lineage.	The element acts as a CTCF-mediated chromatin loop anchor/insulator to structurally regulate the expression of SOS1 in blood-derived K562 cells.
chr2	39150063	39151173	SRSF7|chr2:39377204-39378314:.	CTCF	SOS1	0	0.85	Step1: Evaluate element subtype; ElementDB shows a region labeled as a prominent CTCF-bound insulator (chr2:39150849-39151082), along with dELS components. Step2: Motif scanning explicitly identified CTCF and CTCFL motifs in the sequence. Step3: Determine candidate gene; Chrom3DDB reveals a chromatin loop anchored at this exact element targeting the SOS1 gene. NearbyGenesDB also confirms SOS1 is in proximity (TSS distance ~25kb). Step4: Gene and TF annotation; CTCF is a master regulator of chromatin architecture (loops and boundaries). SOS1 encodes a critical guanine nucleotide exchange factor for RAS proteins. Step5: TF-gene relationship; CTCF binds the insulator region to mediate structural loops that coordinate spatial accessibility and regulatory control of the nearby SOS1 locus. Step6: Interpret role in tissue; Although K562-specific direct chromatin loop data is limited, the structural properties of CTCF-bound domains are often conserved, modulating SOS1 expression crucial for cell proliferation signaling (e.g., MAPK pathway).	The sequence at chr2:39150063-39151173 functions primarily as a localized insulator/chromatin loop anchor. Binding of the transcription factor CTCF locally reshapes the 3D chromatin conformation to establish functional loops, explicitly tethering the region to the SOS1 gene promoter. This regulatory coupling maintains the correct spatial architecture necessary for the precise transcriptional regulation of SOS1.
chr5	81754579	81755079	SSBP2|chr5:81050398-81050898:.	GATA1	ATG10	0	0.8	Step 1: The CRE is found within a broad TAD domain and corresponds to a candidate element (dELS) showing variable chromatin accessibility and H3K27ac signals across tissues. Its proximity to ATG10 and significant 3D chromatin interaction scores link it to ATG10 regulatory networks. Step 2: Motif scanning reveals binding sites for several hematopoietic and developmental TFs, including GATA1. Step 3: Candidate genes were identified using looping and proximity data. ATG10 frequently contacts this region in 3D chromatin interaction (e.g., Blood, Bone marrow, Liver). Step 4: ATG10 encodes an E2-like enzyme for autophagosome assembly, an important process for erythrocyte maturation where organelles (like mitochondria) are terminally cleared (autophagy/mitophagy). Step 5: TFTargetDB analysis confirms GATA1 directly regulates ATG10, making GATA1-ATG10 a biologically plausible pair. Step 6: In K562 (erythroleukemia) cells, GATA1 is a master transcription factor. Here, it likely drives or coordinates ATG10 expression to facilitate organelle clearance during erythroid differentiation.	The element chr5:81754579-81755079 acts as an enhancer for the ATG10 gene, regulated by GATA1, to activate its transcription, thus facilitating autophagosome assembly and autophagy crucial for erythroid differentiation (e.g., in K562 cells).
chr5	81758675	81759175	SSBP2|chr5:81054494-81054994:.	GATA1, GATA2, FLI1	MSH3	0	0.85	Step1: ElementDB identifies a candidate cis-regulatory element (dELS) at chr5:81758875-81759093. In blood tissues, it displays moderately high chromatin accessibility (ATAC=0.366) but striking depletion of active enhancer marks (H3K27ac=-3.32). This signature (ATAC+ / H3K27ac-) strongly suggests an active silencer role in the hematopoietic lineage. Step2: Motif scanning reveals binding sequences for critical hematopoietic transcription factors including GATA1, GATA2, and ETS-family members like FLI1. Step3: Chrom3DDB physically links this CRE to the MSH3 promoter specifically in blood (Score=18.0), whereas it contacts ATG10 in solid tissues. Step4: MSH3 encodes a DNA mismatch repair protein. As a genome maintenance factor, it acts as a modulatory/safeguard gene. Step5: The binding of GATA1/2 and FLI1 to this site functions to repress MSH3, orchestrating a fine-tuned control over DNA repair mechanisms. Step6: In the K562 erythroleukemia context, silencing MSH3 may dynamically modulate DNA repair thresholds, a phenomenon frequently leveraged by rapidly dividing hematopoietic precursors or leukemic cells to tolerate replication stress.	The genomic element at chr5:81758675-81759175 functions as a target-specific blood silencer. It recruits key hematopoietic transcription factors (GATA1, GATA2, and FLI1) to repress the expression of the DNA mismatch repair gene MSH3, potentially modulating replication stress responses in K562 cells.
chr7	22680403	22680994	STEAP1B|chr7:22720022-22720613:.	GATA1, GATA2, GFI1B	IL6	0	0.85	Step1: Confirm element type; The element shows considerable chromatin accessibility (ATAC signal 0.52 in Blood, 0.26 in Bone marrow) but generally lacks active H3K27ac marks (H3K27ac is negative across blood-related tissues). High ATAC but low H3K27ac points toward an active silencer or a poised element. Step2: Identify TF motif; Motif scanning of the sequence reveals binding sites for key hematopoietic transcription factors such as GATA1, GATA2, and the known transcriptional repressor GFI1B. Step3: Determine candidate gene; Chrom3DDB strongly links this exact region to the IL6 gene in Bone_marrow with a high interaction score of 135.0. Additionally, NearbyGenesDB confirms IL6 is located ~44.8kb away, and both the CRE and IL6 reside within the same TAD (chr7:22520000-23520000). Step4: Gene and TF annotation; GATA1 and GFI1B are essential for erythroid/megakaryocytic differentiation (K562 cells are an erythroleukemia cell line that models this lineage). IL6 is a pleiotropic inflammatory cytokine. Step5: TF-gene relationship; In erythroid precursors like K562, robust execution of the erythro-megakaryocytic program requires the suppression of alternate lineage genes and inflammatory cytokines. GATA1 often recruits repressor complexes (including GFI1B) to silence such targets. Step6: Interpret role in tissue; By repressing IL6, this silencer prevents the disruption of normal cellular homeostasis and cell fate commitment in the bone marrow, ensuring lineage fidelity during hematopoiesis.	This CRE acts as a silencer in blood-related cell lines such as K562. It is bound by hematopoietic regulators including GATA1 and the repressor GFI1B to directly repress the expression of the nearby IL6 gene. This regulatory mechanism restricts ectopic inflammatory signaling to maintain proper cellular differentiation states in the erythroid/myeloid lineage.
chr22	39452407	39453167	SYNGR1|chr22:39848412-39849172:.	GATA1, GATA2, CTCF	APOBEC3G	0	0.8	Step1: Confirm element type; The ElementDB query confirms that this region spans a distal enhancer-like signature (dELS) at chr22:39452713-39453046 with accessibility in blood/bone marrow cell lineages, and an adjacent CTCF-bound element (chr22:39452414-39452611). Thus, this CRE primarily functions as an enhancer. Step2: Identify TFmotif; Motif scanning identifies strong binding sites for essential blood-lineage transcription factors like GATA1 and GATA2, alongside CTCF, which may help anchor structural loops. Step3: Determine candidate gene; eQTL data clearly links this genomic region to the APOBEC3G gene (slope = 0.417), suggesting a direct activating regulatory relationship. Step4: Gene and TF annotation; GATA1 is a master transcription regulator for erythroid and megakaryocytic development (highly relevant in the K562 erythroleukemia cellular context). The target gene APOBEC3G encodes a cytidine deaminase important for innate immunity and antiviral defense (e.g., against retroviruses). Step5: TF-gene relationship; The binding of GATA1/GATA2 to this enhancer element actively drives the transcription of APOBEC3G. Step6: Interpret role in tissue; By upregulating APOBEC3G expression, this regulatory axis enhances the intrinsic immune and defensive capabilities of bloodline cells.	In human K562 (blood lineage) cells, the CRE at chr22:39452407-39453167 acts as an active enhancer. Transcription factors such as GATA1 and GATA2 bind to this element to activate the expression of APOBEC3G, thereby reinforcing the innate immune response and defense mechanisms against viral infections in the hematopoietic system.
chr12	33588022	33588689	SYT10|chr12:33740957-33741624:.	GATA2, CTCF	YARS2	0	0.85	Step1: Confirm element type; The genomic region is primarily classified as a distal enhancer-like signature (dELS) across multiple tissues in ElementDB, with an adjacent CTCF-bound insulator sequence. Step2: Identity TFmotif; Motif scanning identifies key erythroid/hematopoietic regulators such as GATA1, GATA2, as well as CTCF binding motifs. Step3: Determine candidate gene; Both eQTL data and Chrom3D interaction data explicitly link this locus to the YARS2 gene. Step4: Gene and TF annotation; YARS2 encodes a mitochondrial tyrosyl-tRNA synthetase. While ubiquitously expressed, its deficiencies are known to primarily impact erythrocytes (blood cells) and muscle tissue, revealing a distinct vulnerability in the erythroid lineage. Step5: TF-gene relationship; TFTargetDB supports direct gene regulatory relationships between both GATA2 and CTCF with YARS2. Step6: Interpret role in tissue; In human K562 erythroleukemia cells, GATA2 is highly relevant and likely accesses this enhancer to activate or fine-tune the expression of YARS2, satisfying the metabolic and mitochondrial demands required for erythroid cellular functions.	The dELS enhancer at chr12:33588022-33588689 is predicted to upregulate the expression of the YARS2 gene in K562 cells, mediated by the binding of GATA2 and CTCF. This regulatory loop ensures sufficient provision of mitochondrial tyrosyl-tRNA synthetase 2, addressing the critical metabolic and translational requirements in the erythroid lineage.
chr8	30912766	30913266	TEX15|chr8:30770282-30770782:.	E2F1, CTCF	TEX15	1	0.95	Step1: Confirm element type: ElementDB annotates the region as a Promoter-Like Signal (PLS) and CTCF-bound insulator. Its exact overlap with the transcription start site (TSS) of the TEX15 gene confirms its primary role as a promoter. Step2: Identify TF motif: TFMotifScan identifies binding motifs for the E2F family (e.g., E2F1) and CTCF among others. Step3: Determine candidate gene: NearbyGenesDB pinpoints TEX15 at exactly 0 distance (TSS: 30913008), confirming it as the unequivocal target. Step4: Gene and TF annotation: TEX15 exhibits functions in DNA repair and spermatogenesis. Step5: TF-gene relationship: E2F transcription factors commonly bind to promoters to regulate genes associated with cell cycle and DNA replication/repair. The CTCF motif supports structural chromatin interactions or boundary element properties often localized near complex promoters. Step6: Interpret role in tissue: In the K562 cellular context, this proximal promoter element predominantly drives (activates) the transcription of TEX15 through binding arrays of basal and cell-cycle-dependent TFs like E2F1.	The CRE acts as a core promoter (PLS) that activates the transcription of the target gene TEX15, regulated by transcription factors such as E2F1 and CTCF.
chr9	99075179	99075797	TGFBR1|chr9:101837461-101838079:.	CTCF, GATA2	GALNT12	0	0.85	"Step1:Confirm element type; ElementDB annotations denote this region as a dELS with high chromatin accessibility (ATAC) and active marks (H3K27ac) in bone marrow and blood vessels. Additionally, it contains a robust CTCF-bound site (""insulator""). Given the high Chrom3DDB loop interaction score (20.0) mapping the element to GALNT12 in bone marrow (matching the origin of K562 erythroleukemia cells), this element likely acts as a loop-anchoring insulator or an enhancer-promoter structural bridge. Step2: Identity TFmotif; Motif scanning identifies bindings for structural regulators (CTCF) and key hematopoietic factors (e.g., GATA family). Step3: Determine candidate gene; Chrom3DDB links the region to GALNT12 over a ~267 kb distance. NearbyGenesDB also lists GALNT12. Step4: Gene and TF annotation; CTCF acts in long-range chromatin loop anchoring. GATA2 is pivotal for bone marrow / hematopoietic lineage. GALNT12 is a glycosyltransferase Golgi enzyme. Step5: TF-gene relationship; TFTargetDB supports CTCF and GATA2 as transcriptional targets for GALNT12. Step6: Interpret role in tissue; The CRE organizes chromatin structure via CTCF, establishing a long-range loop to the GALNT12 promoter that facilitates context-specific regulatory input (e.g. from GATA2) in bone marrow/K562 cells."	The element at chr9:99075179-99075797 functions as a loop-anchoring regulatory node (often termed an active insulator or structural enhancer) in K562 (bone marrow-derived) cells. Through CTCF-mediated chromatin looping, it bridges a ~267 kb genomic gap to the GALNT12 promoter, enabling the locus to be targeted by hematopoietic transcription factors (like GATA2) to activate or fine-tune transcription of GALNT12.
chr19	3133302	3133802	TIMM13|chr19:3133300-3133800:.	GATA1, GATA2, CTCF, ETS1	S1PR4	0	0.88	Step1:Confirm element type; ElementDB shows high chromatin accessibility (ATAC: 2.38) and active enhancer marks (H3K27ac: 1.93) in Blood. Despite a nearby silencer annotation and eQTL for GNA15 in skin, Chrom3DDB reveals a strong interaction (score: 26.0) specifically in Blood with S1PR4, confirming its role as an active enhancer in hematopoietic lineages like K562. Step2: Identity TFmotif; Motif scanning confirms binding sites for CTCF (loop anchor), as well as key blood lineage transcription factors such as GATA1, GATA2, and ETS1. Step3: Determine candidate gene; S1PR4, located ~38kb away, is unequivocally determined as the target gene in the blood context due to the direct 3D chromatin loop. Step4: Gene and TF annotation; GATA1 and GATA2 are master regulators of erythroid/megakaryocytic differentiation (canonical for K562 cells). S1PR4 is a sphingosine-1-phosphate receptor heavily involved in hematopoietic and immune responses. Step5: TF-gene relationship; The presence of CTCF suggests this element forms a boundary or structural loop, bringing the GATA/ETS-bound enhancer into close spatial proximity with the S1PR4 promoter to activate transcription. Step6: Interpret role in tissue; In human K562 (blood) cells, this enhancer-driven upregulation of S1PR4 by GATA1 is plausible and important for propagating proper sphingolipid signaling critical for blood cell function and survival.	The CRE at chr19:3133302-3133802 is an active enhancer in human blood (K562) cells. Bound by lineage-specific transcription factors such as GATA1 and GATA2, and utilizing CTCF for chromatin looping, this enhancer directly interacts with and activates the S1PR4 gene, facilitating essential immune and hematopoietic signaling pathways.
chr5	178127330	178127952	TMED9|chr5:177554331-177554953:.	GATA1, GATA2, FLI1	N4BP3	0	0.82	Step1:Confirm element type; ElementDB characterizes the region as a distal enhancer-like signature (dELS), showing active enhancer marks (positive H3K27ac = 0.621) in Bone Marrow, congruent with the K562 erythroleukemia cellular context. Step2: Identity TFmotif; Motif scanning confirms binding sites for canonical hematopoietic regulators, specifically GATA1, GATA2, and FLI1. Step3: Determine candidate gene; N4BP3 is strongly implicated by multi-omics evidence: it is located nearby (13.7 kb), features multiple sequence-associated eQTLs, and most importantly, exhibits a specific 3D chromatin looping interaction with the enhancer in Bone Marrow tissue (Score = 14.0). Step4: Gene and TF annotation; GATA1 and GATA2 are master lineage-determining transcription factors in erythroid and megakaryocytic development (K562 line). Step5: TF-gene relationship; These TFs likely bind to the dELS, recruiting transcriptional coactivators that loop to the N4BP3 promoter. Step6: Interpret role in tissue; This enhancer-promoter communication activates N4BP3 expression, contributing to essential cellular signaling or maintenance in the bone marrow-derived cell lineage.	In K562 (bone marrow-derived) cells, the CRE acts as a distal enhancer (dELS). Lineage-specific transcription factors such as GATA1, GATA2, and FLI1 bind to this element to actively upregulate the target gene N4BP3. This regulatory relationship is physically mediated by a tissue-specific 3D chromatin loop.
chr4	55729466	55730962	TMEM165|chr4:56595633-56597129:.	GFI1, GFI1B	SRD5A3	0	0.8	Step1: Confirm element type; ElementDB shows very negative H3K27ac (-5.96) with low ATAC accessibility in blood, which strongly indicates a silencer function rather than an active enhancer. Step2: Identify TFmotif; Motif scanning highlights GFI1 and GFI1B, robust and well-characterized transcriptional repressors in hematopoietic lineages (such as K562). Step3: Determine candidate gene; Chrom3D reveals a significant 3D chromatin interaction connecting this CRE to the SRD5A3 promoter in blood context (Score 49). Step4: Gene and TF annotation; SRD5A3 is a steroid 5-alpha-reductase involved in the dolichol biosynthetic process and N-linked glycosylation in the endoplasmic reticulum. Step5: TF-gene relationship; The presence of negative chromatin marks combined with GFI1/1B motifs suggests these repressors act locally to restrict SRD5A3 transcription. Step6: Interpret role in tissue; Repression of SRD5A3 by GFI1/1B in K562 cells regulates the dolichol-linked oligosaccharide biosynthesis pathway, tuning glycoprotein production to the metabolic demands of the leukemic state.	The genomic element acts as a silencer in K562 (blood) cells, recruiting transcriptional repressors GFI1 and GFI1B to downregulate SRD5A3 expression, thereby modulating N-glycosylation processes.
chr1	203005609	203006109	TMEM183A|chr1:202974737-202975237:.	GATA1, GATA2	PIK3C2B	0	0.82	Step1: Confirm element type; The region is annotated as a silencer or dELS depending on the context. In blood tissues, it has moderate H3K27ac but lowered ATAC-seq signal, and falls within an extended silencer region mapping, suggesting a potential modulatory/silencer role. Step2: Identify TFmotif; Motif scanning identifies numerous TFs including critical hematopoietic factors like GATA1 and GATA2 which are active in K562 cells. Step3: Determine candidate gene; Chrom3DDB highlights a physical loop between this element and PIK3C2B specifically in blood. Step4: Gene and TF annotation; PIK3C2B is involved in intracellular signaling cascades, which are strictly regulated (often repressed) during late erythropoiesis. Step5: TF-gene relationship; In K562 cells, GATA1/2 often serve a dual role, repressing certain signaling kinases to proceed with differentiation. Step6: Interpret role in tissue; Thus, this CRE likely acts as a silencer mediating the repression of PIK3C2B in the erythroid K562 lineage to fine-tune signaling pathways.	The CRE at chr1:203005609-203006109 acts as a silencer regulated by GATA1/GATA2, repressing the expression of PIK3C2B in K562 (blood) cells.
chr1	95084201	95084944	TMEM56|chr1:95549757-95550500:.	CTCF, CTCFL	RWDD3	0	0.85	Step 1: Identify element type; the element displays significant ATAC-seq accessibility in blood (2.15) but strongly negative H3K27ac signals (-2.17), which typically characterizes inactive enhancers, silencers, or insulators. Combined with experimental evidence of CTCF-bound classification in the region, this indicates an insulator element. Step 2: Identify TFMotifs; motif scanning reveals robust binding sites for CTCF and its paralog CTCFL, consistent with the expected footprint of an insulator. Step 3: Determine candidate gene; the element is structurally linked to RWDD3 via chromatin conformation (Chrom3D score 30 in blood). While eQTLs associate with CNN3 in muscle tissue, we focus on blood/K562 cells where RWDD3 lies near the TAD boundary (chr1:93960000-95240000) and displays long-range interactions with this locus. Step 4: Gene annotation; RWDD3 controls protein sumoylation and negatively regulates NF-kappaB, which is crucial in cellular stress and blood lineage survival. Step 5/6: Role and relation; CTCF binds this CRE to function as an insulator or structural loop anchor, defining TAD boundaries or intra-TAD loop structures that repress or limit inappropriate active enhancer-promoter communications leading to RWDD3, likely maintaining its controlled expression in erythroleukemic hematopoietic states.	The element at chr1:95084201-95084944 functions as a CTCF-mediated insulator in human K562 cells. By anchoring chromatin loops or establishing insulation boundaries, CTCF structurally regulates the accessibility of the RWDD3 gene, likely repressing or constraining its over-activation against ectopic enhancers in the blood.
chr1	95085335	95085835	TMEM56|chr1:95550891-95551391:.	CTCF, GATA1, GATA2	TLCD4, RWDD3	0	0.8	Step1: The element is classified as a silencer and CTCF-bound site, showing negative ATAC and H3K27ac signals in blood and bone marrow, indicating a repressive role. Step2: Motif scanning identifies binding sites for the architectural factor CTCF, as well as blood-specific transcription factors GATA1 and GATA2. Step3: Chrom3D interactions structurally link this element to TLCD4 in blood, while eQTL data strongly associates the region with both TLCD4 and RWDD3 with negative regulatory slopes. Step4: TLCD4 is involved in lipid homeostasis and ER function, whereas RWDD3 is a modulatory gene involved in the negative regulation of NF-kappaB and protein sumoylation. Step5: The presence of CTCF and GATA motifs combined with structural looping (Chrom3D) and eQTL support a direct regulation. Step6: In K562 cells (myeloid lineage), this element acts as a silencer, utilizing CTCF for structural looping and GATA factors for tissue-specific repression to downregulate TLCD4 and RWDD3, likely to maintain necessary states for cellular proliferation and survival in leukemia.	The CRE at chr1:95085335-95085835 acts as a silencer in human K562 cells. It binds structural and repressive factors such as CTCF, along with hematopoietic lineage factors GATA1 and GATA2, to form a repressive chromatin loop. This regulatory complex directly targets and represses the expression of TLCD4 and RWDD3, thus modulating lipid homeostasis and NF-kappaB signaling pathways relevant to the cell context.
chr1	95086848	95087635	TMEM56|chr1:95552404-95553191:.	BCL11A, BCL6, GATA1, CTCF	RWDD3	0	0.9	Step1:Confirm element type; The element shows distinctly negative H3K27ac signals in blood (-3.82) and bone marrow (-0.29), despite having ATAC accessibility (~1.1). It is additionally explicitly annotated as a silencer, conforming to the profile of an active silencer. Step2: Identity TFmotif; Motif scanning identifies combinations of typical repressive factors (BCL11A, BCL11B, BCL6, BACH1) alongside general blood-lineage modulators (GATA1) and structured chromatin anchors (CTCF). Step3: Determine candidate gene; Chrom3DDB explicitly shows the CRE establishes 3D chromatin loops with RWDD3 in blood (score 21.0) and closely related tissues like spleen (score 44.0). ALG14 and TLCD4 are less structurally coupled with this CRE in blood and typically act as metabolic effectors. Step4: Gene and TF annotation; RWDD3 primarily acts as a signaling modulator (e.g., negative regulator of NF-kappaB transcription factor activity and positive regulator of sumoylation), which strictly fulfills the functional constraint criteria for silencer targets. Step5: TF-gene relationship; TFTargetDB corroborates that the lineage factor GATA1, alongside the structuring factor CTCF, actively targets RWDD3 as part of its regulatory logic. Step6: Interpret role in tissue; In K562 cells and blood overall, this active silencer recruits repressive nodes like BCL11A and GATA1 to constrain RWDD3 expression, maintaining tight control over NF-kappaB signaling and protein sumoylation critical for hematopoietic cell homeostasis.	The regulatory hypothesis suggests this CRE acts as a silencer in K562 cells. Bound by repressive transcription factors such as BCL11A and BCL6, along with hematopoietic lineage regulators like GATA1, it coordinates in 3D conformation to repress the transcription of RWDD3. This targeted repression modulates key cellular pathways, namely down-tuning sumoylation and balancing NF-kappaB signaling, which is critical for proper hematopoietic and lineage cell state definitions.
chr1	95115581	95116081	TMEM56|chr1:95581137-95581637:.	GATA1, TAL1, NFE2, CEBPB	RWDD3	0	0.9	Step 1: The element at chr1:95115581-95116081 shows high ATAC accessibility (0.458) but extremely low H3K27ac (-3.869) in blood, indicating it functions as an active silencer rather than an enhancer in this lineage. Step 2: Sequence motif scanning reveals binding sites for critical hematopoietic transcription factors, including GATA1, TAL1, NFE2, and CEBPB. Step 3: Chrom3DDB reveals a significant 3D chromatin interaction loop (score 70) between this CRE and the RWDD3 gene specifically in blood tissue, indicating it is the direct target. Step 4: RWDD3 (RWD Domain-Containing 3) acts as a modulator of SUMOylation and NF-kappaB signaling. GATA1 and TAL1 are master regulators of erythroid differentiation (K562 cells belong to the erythroid lineage). Step 5: TFTargetDB confirms the regulatory relationship, showing that GATA1, TAL1, and CEBPB directly target the RWDD3 gene. Step 6: During erythroid differentiation, silencing of certain modulatory and signaling genes is often required to commit to the mature red blood cell phenotype. The recruitment of GATA1 and TAL1 to this silencer suppresses RWDD3 expression in blood/K562 cells.	The regulatory element acts as a silencer in K562 (blood) cells. It recruits transcription factors GATA1, TAL1, NFE2, and CEBPB to strongly repress the expression of the target gene RWDD3 during erythroid development.
chrX	12950092	12950592	TMSB4X|chrX:12968211-12968711:.	CEBPB, CEBPE, ELF4, FLI1, FOXO1	TLR8	0	0.85	Step1: Confirm element type; The eQTL data in Adipose links this CRE to TLR8 with a positive slope (0.137), suggesting an activating role characteristic of an enhancer. Step2: Identify TFmotif; TFMotifScan identifies multiple binding motifs, including those for CEBPB, CEBPD, CEBPE, ELF4, FLI1, FOXO1, ARNT, ARNTL, and others. Step3: Determine candidate gene; NearbyGenesDB shows TLR8 at 43.4kb distance. The eQTL evidence explicitly links the element to TLR8. Step4: Gene and TF annotation; TLR8 plays a critical role in the innate immune response and is an important pattern recognition receptor. CEBPE and CEBPB are critical transcription factors for myeloid cell differentiation (e.g., in K562 cells, a myeloid leukemia line). Step5: TF-gene relationship; TFTargetDB indicates that TFs like CEBPB, CEBPE, ELF4, FLI1, and FOXO1 are predicted to regulate TLR8. Step6: Interpret role in tissue; K562 is a myeloid lineage model. Binding of myeloid lineage-specific TFs (e.g., CEBPE, CEBPB) and other factors to this CRE coordinates the expression of TLR8, which is crucial for immune function and response to pathogens. Therefore, this CRE functions as an enhancer to upregulate TLR8 during myeloid differentiation and immune response.	The regulatory element at chrX:12950092-12950592 acts as an enhancer that activates the expression of TLR8. In K562 (myeloid lineage) cells, transcription factors such as CEBPB, CEBPE, ELF4, and FLI1 bind to this enhancer to upregulate TLR8, promoting innate immune signaling and contributing to myeloid cell function.
chr3	171470702	171471405	TNIK|chr3:171188491-171189194:.	GATA1, GATA2, FLI1	TNIK	1	0.85	Step1: The element at chr3:171470702-171471405 is designated as an enhancer, despite absent direct eQTL or 3D chromatin connectivity in available datasets, inferred through TF and proximity logic. Step2: Motif scanning strongly indicates binding sites for GATA1, GATA2, and FLI1, which are important drivers in the K562 (erythroleukemia) context. Step3: The closest protein-coding gene is TNIK, situated merely 10.2 kb away. Step4: GATA1, GATA2, and FLI1 are pivotal hematopoietic transcription factors known to form functional complexes in erythroid and megakaryocytic lineages. Step5: TF-Target database queries confirm that GATA1, GATA2, and FLI1 biologically target the TNIK gene. Step6: Consequently, this distal CRE acts as an active tissue-specific enhancer coordinating GATA- and FLI1-mediated transcriptional activation of TNIK, a kinase involved in Wnt signaling and cytoskeletal regulation, in K562 cells.	The enhancer element at chr3:171470702-171471405 activates the downstream nearby gene TNIK in K562 cells, facilitated by the direct binding of key hematopoietic transcription factors GATA1, GATA2, and FLI1.
chr4	98682629	98683129	TSPAN5|chr4:99603780-99604280:.	GATA1, GATA2	EIF4E	0	0.8	Step1: Confirm element type: The CRE is classified as a dELS (distal enhancer-like signature). While it has moderate ATAC accessibility in Blood (0.46), it shows strongly negative H3K27ac (-2.72), suggesting it may act as an active silencer or poised enhancer in normal peripheral blood, though its activity status could vary in K562 erythroleukemia cells. Step2: Identify TFmotif: Sequence scanning identified multiple motifs, notably GATA1 and GATA2, which are master transcription factors in erythroid differentiation and highly expressed in K562 cells. Step3: Determine candidate gene: The CRE physically interacts with the EIF4E promoter, supported by 3D chromatin looping data (score 111.0). Step4: Gene and TF annotation: GATA1 dictates cell fate commitment and erythrocyte differentiation. EIF4E encodes a eukaryotic translation initiation factor critical for mRNA cap-binding, stem cell population maintenance, and positive regulation of the mitotic cell cycle. Step5: TF-gene relationship: TFTargetDB confirms that both GATA1 and GATA2 are well-established regulators of EIF4E. Step6: Interpret role in tissue: In the context of K562 erythroleukemia cells, GATA factor binding at this CRE likely modulates (potentially repressing in mature states based on bulk blood epigenetics, or activating during rapid growth) EIF4E transcription to tightly control translational output and cell cycle progression during hematopoiesis/leukemogenesis.	The CRE acts as a distal regulatory element that utilizes GATA1/GATA2 to regulate EIF4E, thereby modulating translational initiation and cell proliferation in the erythroid lineage (repress/activate).
chr17	42624116	42624616	TUBG1|chr17:40776134-40776634:.	CTCF	TUBG2	0	0.85	Step1: Confirm element type; The element is classified as a CTCF-bound insulator element. Although classified as dELS in several tissues, its designated function as an insulator relies on structural chromatin boundaries. Step2: Identity TFmotif; Motif scanning identifies a high-confidence binding site for CTCF among other factors. Step3: Determine candidate gene; TUBG2 is located approximately 34kb away and displays significant 3D chromatin interactions (Chrom3D support) with this locus. Step4: Gene and TF annotation; CTCF is a well-known master regulator of chromatin structure with chromatin loop anchoring activity. TUBG2 is involved in microtubule nucleation, mitotic spindle organization, and cell cycle progression. Step5: TF-gene relationship; TFTargetDB strongly supports the direct regulatory interaction between CTCF and TUBG2. Step6: Interpret role in tissue; In the context of dividing human K562 cells (erythroleukemia lineage), precise regulation of microtubule and spindle components (like TUBG2) is vital for proper cell cycle organization. The CTCF-insulator loop anchors the locus to maintain correct boundaries and robust TUBG2 expression.	The CTCF-bound insulator at chr17:42624116-42624616 organizes local 3D chromatin structure via CTCF, maintaining the regulatory boundaries to properly modulate the expression of TUBG2.
chr17	44288325	44288825	UBTF|chr17:42365693-42366193:.	GATA1, KLF1, CTCF	SLC25A39	0	0.9	Step1: Confirm element type; The element is classified as a dELS in several tissues including bone marrow, and also functions as a CTCF-binding site. Step2: Identify TF motifs; The sequence contains binding motifs for key erythroid lineage master transcription factors such as GATA1 and KLF1, alongside CTCF. Step3: Determine candidate gene; Chrom3D interaction data strongly links this genomic region to the promoter of SLC25A39 (score 15.0 in Bone marrow), which is located 36kb away. Step4: Gene and TF annotation; SLC25A39 encodes a mitochondrial inner membrane carrier essential for glutathione import and heme biosynthesis, functions that are critical for erythroid cells like K562. Step5: TF-gene relationship; Both GATA1 and KLF1 are confirmed to regulate SLC25A39 based on TF target databases. Step6: Interpret role in tissue; The identified TFs (GATA1, KLF1) cooperatively bind to this enhancer to promote the transcription of SLC25A39, playing an essential role in iron homeostasis and heme biosynthesis in K562 erythroleukemia cells, while CTCF may help organize the enhancer-promoter chromatin loop.	The regulatory hypothesis is that this CRE functions as a distal enhancer where erythroid lineage transcription factors GATA1 and KLF1 bind (potentially assisted by CTCF for chromatin looping). They actively drive the expression of the target gene SLC25A39, which is a critical mitochondrial transporter for heme biosynthesis in K562 cells.
chr10	125816658	125816735	UROS|chr10:127505227-127505304:*	GATA1, KLF1	UROS	1	0.95	Step1: Confirm element type; ElementDB annotates the overlapping region as a Promoter-Like Signature (PLS). Step2: Identify TFMotif; Motif scanning identifies sites for GATA1, KLF1, MYB, and TAL1, which are characteristic of erythroid lineage master transcription factors. Step3: Determine candidate gene; eQTL data shows broad associations with UROS across multiple tissues, including blood. The physical location perfectly aligns with the promoter region for UROS. Step4: Gene and TF annotation; UROS encodes uroporphyrinogen-III synthase, the fourth enzyme in the heme biosynthetic pathway. GATA1 and KLF1 are master regulators of erythrocyte development and hemoglobinization. Step5: TF-gene relationship; Both GATA1 and KLF1 typically synergize to bind promoters of heme biosynthetic enzymes. Step6: Interpret role in tissue; In K562 erythroleukemia cells, elevated heme biosynthesis is a key lineage feature, and this promoter directly activates UROS required for massive heme production.	The PLS element functions as the principal active promoter for the UROS gene. Erythroid master transcription factors GATA1 and KLF1 bind to this regulatory element to robustly activate UROS expression, supporting necessary high levels of heme biosynthesis in K562 cells.
chrX	47661953	47662656	UXT|chrX:47521352-47522055:.	GATA1	ELK1	0	0.82	Step1: Confirm element type; ElementDB reveals this location overlaps a designated silencer region and exhibits a strongly depleted H3K27ac epigenetic signal (-1.37) coupled with low ATAC accessibility in blood, indicating it acts as a silencer. Step2: Identify TF motif; TFMotifScan identifies binding motifs for GATA1, an essential master transcription factor for erythroid lineage development and differentiation (relevant to the K562 erythroleukemia cell line). Step3: Determine candidate gene; Chrom3DDB data provides strong experimental physical interaction looping evidence connecting this CRE to the ELK1 gene locus specifically in blood (Score 27.0). Step4: Gene and TF annotation; GATA1 drives red blood cell differentiation, while ELK1 is a key ETS-domain transcription factor involved in various cellular growth and differentiation signaling networks. Step5: TF-gene relationship; In the context of the K562 erythroid lineage, GATA1 binds this CRE to enforce repression (silencing) upon the ELK1 promoter. Step6: Interpret role in tissue; This gene silencing prevents aberrant prolonged expression of ELK1, which might be critical for allowing normal erythroid maturation and restricting excessive proliferation.	The CRE at chrX:47661953-47662656 functions as a silencer in K562 cells. It recruits the erythroid lineage master regulator GATA1 to repress the transcription of the ELK1 gene, facilitating correct cellular proliferation control and differentiation.
chr10	73991727	73992227	VCL|chr10:75751485-75751985:.	GATA1, GATA2, FLI1	KAT6B, ADK	0	0.88	Step 1: Confirm element type; The region is identified as a dELS (Distal Enhancer-like signature) in Blood with high chromatin accessibility (ATAC: 2.26) and active enhancer marks (H3K27ac: 1.53), confirming its role as an active enhancer. Step 2: Identify TF motif; Motif scanning identifies binding sites for hematopoietic master regulators such as GATA1, GATA2, and FLI1. Step 3: Determine candidate gene; While VCL is structurally adjacent (within 3kb), eQTL data highly associates this genomic region with ADK expression in blood tissues (Slope: 0.69). Additionally, Chrom3DDB reveals a strong long-range interaction (Score: 31.0) with KAT6B, which resides within the same TAD (chr10:73800000-75280000). Step 4: Gene and TF annotation; GATA1 regulates erythrocyte and megakaryocyte differentiation. KAT6B functions as a histone acetyltransferase integral to the regulation of hemopoiesis and gene transcription. ADK is critical for AMP salvage and purine metabolism. Step 5: TF-gene relationship; Blood-specific TFs (GATA1/2, FLI1) bind this enhancer Element, which physically loops to the promoters of KAT6B and ADK to drive their transcription. Step 6: Interpret role in tissue; In hemopoietic tissues like K562 (erythroleukemia cells), this enhancer axis coordinates purine metabolism (ADK) and chromatin epigenetic regulation (KAT6B) essential for red blood cell development and proper hemopoiesis.	The active enhancer at chr10:73991888-73992236 is bound by master hematopoietic transcription factors (GATA1, GATA2, FLI1) to up-regulate the target genes KAT6B (via 3D chromatin looping) and ADK (supported by eQTL). This regulatory complex drives localized histone acetylation and purine metabolism to activate hemopoietic pathways and support erythroid differentiation in K562 cells.
chr1	117655089	117655589	WDR3|chr1:118197711-118198211:.	GATA1, GATA2, IKZF1, KLF1	TENT5C	0	0.85	Step 1: The element is classified as a dELS with high H3K27ac in bone marrow and blood, supporting an active enhancer role in hematopoietic tissues. Step 2: Motif scanning highlights critical hematopoietic transcription factors, such as GATA1, GATA2, IKZF1, and KLF1. Step 3: WARS2 was linked by Chrom3D in blood but is placed ~2 Mb away and is outside the local TAD (chr1:116.6M-117.9M). In contrast, TENT5C is within the same TAD and only ~49 kb away. Step 4: TENT5C (FAM46C) encodes a nucleotidyltransferase active in RNA stabilization and is pivotal for proper cell differentiation. Step 5: TFTargetDB confirms the regulatory connections from GATA1, GATA2, IKZF1, and KLF1 to TENT5C. Step 6: In K562 erythroleukemia cells, this enhancer functions to activate TENT5C expression instructed by these erythroid lineage-specific TFs.	The dELS at chr1:117655089-117655589 acts as an enhancer in K562 cells, where key hematopoietic factors like GATA1, GATA2, IKZF1, and KLF1 actively drive the expression of TENT5C to support hematopoietic differentiation.
chr1	180610505	180611005	XPR1|chr1:180579641-180580141:.	GATA1, GFI1B	XPR1	1	0.82	Step1: Confirm element type; ElementDB shows moderate ATAC accessibility (0.57) but negative H3K27ac (-0.36) in blood, indicating it is likely a silencer rather than an active enhancer. Step2: Identity TFmotif; TFMotifScan reveals binding motifs for key erythropoietic TFs, including GATA1 (a master regulator in K562 cells) and GFI1B (a well-known transcriptional repressor). Step3: Determine candidate gene; XPR1 is the most proximal protein-coding gene, located just ~21kb away from the CRE. Step4: Gene and TF annotation; GFI1B primarily functions to repress target genes during hematopoietic differentiation, often forming complexes at specific regulatory sites. XPR1 encodes a phosphate efflux transporter involved in intracellular phosphate homeostasis. Step5: TF-gene relationship; The presence of the GFI1B repressor motif, combined with GATA1, suggests this element acts to down-regulate XPR1. Step6: Interpret role in tissue; Repression of XPR1 may play a regulatory role in maintaining metabolic states, specifically phosphate balance, which is important during the differentiation and maturation of erythroid lineages like K562.	The regulatory element acts as a silencer, recruiting the transcription factors GATA1 and GFI1B to repress the expression of the nearby XPR1 gene, thereby modulating intracellular phosphate homeostasis during blood-lineage differentiation.
chr3	196181747	196182350	ZDHHC19|chr3:195908618-195909221:.	GATA1, GATA2, CEBPB, ETS1, CTCF	TNK2	0	0.9	Step1: Confirm element type; ElementDB shows robustly high ATAC-seq (1.46) and H3K27ac (1.70) signals specifically in Blood tissues, and it is classified as a distal enhancer-like signature (dELS). Thus, it serves as an active enhancer in this lineage. Step2: Identify TF motif; Sequence motif scanning identifies binding sites for critical hematopoietic transcription factors, including GATA1, GATA2, ETS1, and the bZIP factor CEBPB, as well as the chromatin organizer CTCF. Step3: Determine candidate gene; Chrom3DDB indicates a high-confidence chromatin loop (score 30.0) connecting this CRE to the TNK2 gene in Blood. While eQTL data links it to PCYT1A in the brain, TNK2 functionally aligns with the blood-derived K562 context. Step4: Gene and TF annotation; TNK2 encodes a non-receptor tyrosine kinase involved in vital cell surface receptor signaling and phosphorylation pathways. Step5: TF-gene relationship; TFTargetDB verifies that these hematopoietic TFs (GATA1, GATA2, CEBPB, ETS1) all biologically target the TNK2 gene. Step6: Interpret role in tissue; In K562 erythroleukemia cells, master transcription factors (like GATA1) utilize this enhancer to upregulate TNK2, promoting essential kinase signaling networks for cell growth and survival.	This regulatory element acts as a distal enhancer in K562 cells, recruiting key blood-lineage transcription factors (GATA1, GATA2, CEBPB, and ETS1) to activate the expression of the TNK2 gene via a 3D chromatin loop, thereby regulating critical tyrosine kinase signaling pathways.
chr20	47358658	47359158	ZMYND8|chr20:45987402-45987902:.	GATA1, GATA2, CTCF	NCOA3	0	0.8	Step 1: Confirm element type; The element is classified as a distal enhancer (dELS) in blood tissues characterized by active H3K27ac marks, and maintains CTCF-bound features which aid in forming architectural chromatin loops. Step 2: Identify TFmotif; Motif scanning identifies strong binding sites for master hematopoietic regulators GATA1 and GATA2, as well as the structural regulator CTCF. Step 3: Determine candidate gene; Chrom3DDB strongly supports a robust chromatin interaction (score 24.0 in Blood) between this element and the NCOA3 promoter, bridging a ~142 kb distance. Step 4: Gene and TF annotation; GATA1 and GATA2 are critical for erythroid and megakaryocytic development (ideal for the K562 cell line profile), while NCOA3 is a crucial transcriptional coactivator with histone acetyltransferase activity. Step 5: TF-gene relationship; TFTargetDB corroborates that CTCF, GATA1, and GATA2 regulate the NCOA3 gene. Step 6: Interpret role in tissue; The enhancer is bound by lineage-specific TFs (GATA) and brought into physical proximity of the NCOA3 promoter via CTCF-mediated looping, thereby driving the expression of a coactivator vital for robust transcriptional programs in blood cells.	In K562 cells, this regulatory element acts as a distal enhancer. Facilitated by CTCF-mediated 3D chromatin looping, the binding of erythroid master transcription factors GATA1 and GATA2 activates the transcription of the NCOA3 gene, stimulating the production of a transcriptional coactivator that supports normal hematopoiesis and specific cell lineage functions.
chr20	47360466	47361135	ZMYND8|chr20:45989210-45989879:.	CTCF, GATA1, GATA2	PARD6B	0	0.85	Step 1: Confirm element type; The CRE is annotated as a silencer and CTCF-bound region. In blood tissue, it exhibits moderate ATAC accessibility but negative H3K27ac signal (-0.16), aligning with the signature of an active silencer or repressive boundary. Step 2: Identity TFmotif; Motif scanning confirms the presence of essential binding sites for CTCF, as well as crucial erythroid transcription factors GATA1 and GATA2. Step 3: Determine candidate gene; Chrom3DDB identifies physical looping connecting this region to the PARD6B gene. Step 4: Gene and TF annotation; PARD6B is an essential component of the PAR polarity complex involved in establishing epithelial cell apical/basal polarity and tight junctions. Such epithelial features are typically repressed in circulating, non-polarized blood lineage cells like K562. Step 5: TF-gene relationship; TFTargetDB strongly validates that CTCF, GATA1, and GATA2 structurally and functionally target PARD6B. Step 6: Interpret role in tissue; In the context of K562 erythroleukemia cells, this element likely functions as a silencer, using CTCF for structural topology and GATA1/2 for lineage-specific repression to turn off PARD6B and suppress unwanted epithelial cell polarity characteristics.	The CRE acts as a silencer that utilizes CTCF and erythroid-specific factors GATA1/GATA2 to repress the expression of the epithelial polarity gene PARD6B in K562 cells.
chr19	57098938	57099438	ZNF550|chr19:57610306-57610806:.	CTCF, CTCFL	USP29, RPL7AP69, PEG3	0	0.85	Step 1: ElementDB identifies a CTCF-bound insulator in the query region (chr19:57099183-57099519). The nearby dELS element has very low accessibility (ATAC: -1.75, H3K27ac: -3.51) in blood cells, indicating it is inactive in K562. Thus, the active function here is driven by the CTCF-bound insulator. Step 2: TFMotifScan confirms the presence of binding motifs for CTCF and CTCFL. Step 3: Nearby genes include USP29, RPL7AP69, and PEG3. Chrom3DDB also shows chromatin loops to PEG3 and ZNF581 in other tissues, suggesting it functions as a structural anchor. Step 4: CTCF is a well-established architectural protein responsible for anchoring chromatin loops and establishing TAD boundaries. Step 5: Based on the CTCF binding and lack of enhancer activity in this tissue, it functions to demarcate chromosomal domains rather than directly activating a single target gene. Step 6: In human K562 (blood lineage), this element acts as an insulator/structural anchor to maintain local chromatin topology.	The CRE at chr19:57098938-57099438 acts as an insulator in K562 cells. It binds structural transcription factors like CTCF and CTCFL to mediate chromatin looping and establish domain boundaries, which topographically isolates or connects genomic regions containing genes such as USP29 and PEG3.
