chr	start	end	TF	target_gene	name	label	confidence	rationale	output
chrX	153985479	153985979	GATA1	G6PD	ABCD1|chrX:153250930-153251430:.	0	0.85	Step1: The element is a K562 enhancer; Step2: GATA1 motif (AGATAA) identified; Step3: Nearest erythroid-relevant gene is G6PD (~570kb downstream); Step4: GATA1 is erythroid master regulator, G6PD is crucial for NADPH production; Step5: GATA1 positively regulates G6PD in erythroid cells; Step6: Enhancer-GATA1 activation of G6PD supports erythroid function in K562.	The enhancer chrX:153985479-153985979 contains a GATA1 motif. GATA1 binds and activates G6PD expression, which is essential for NADPH production in erythroid cells like K562.
chr2	235460549	235461049	JUN	ARHGEF3	AGAP1|chr2:236369193-236369693:.	0	0.75	Step1: Confirm element type as putative enhancer in K562; Step2: Identify TF motif: canonical AP-1 site (TGAGTCA) matching JUN binding; Step3: Determine candidate gene: nearest protein-coding gene is ARHGEF3, ~34 kb downstream; Step4: Gene and TF annotation: ARHGEF3 involved in megakaryopoiesis, JUN is a stress-responsive transcription factor; Step5: TF-gene relationship: JUN often transactivates via AP-1 sites; Step6: Interpret role in K562 cells: AP-1 activation promotes megakaryocytic differentiation, consistent with ARHGEF3 function.	The enhancer chr2:235460549-235461049 contains a perfect AP-1 motif, binds JUN, and likely activates ARHGEF3, a gene critical for megakaryopoiesis in K562 cells.
chrX	55028229	55028268	TAL1	ALAS2	ALAS2|chrX:55054662-55054701:*	1	0.85	Step1: Identify element location - located 6.8 kb upstream of ALAS2 transcription start site; Step2: Scan for TF motifs - perfect E-box (CAGCTG) on reverse strand, a canonical TAL1 binding site; Step3: Determine candidate gene - ALAS2 is erythroid-specific, essential for heme biosynthesis, and highly expressed in K562; Step4: TF annotation - TAL1 is a master bHLH transcription factor in erythroid cells, binds E-box motifs and forms complexes with LMO2, LDB1, and GATA1; Step5: Known regulatory relationship - TAL1 directly activates ALAS2 via upstream enhancers in erythroid progenitors, and this region contains conserved E-box; Step6: Interpret in K562 context - TAL1 acts as a transcriptional activator; binding at this enhancer promotes ALAS2 expression, supporting heme production and erythroid maturation.	The enhancer chrX:55028229-55028268 in K562 cells binds TAL1 at an E-box motif, which activates the ALAS2 gene to drive heme biosynthesis during erythroid differentiation.
chr9	73143858	73144497	RUNX1	KLF1	ANXA1|chr9:75758774-75759413:.	0	0.72	Step1: Confirm element type; Step2: Identify TF motif; Step3: Determine candidate gene; Step4: Gene and TF annotation; Step5: TF-gene relationship; Step6: Interpret role in K562 cells.	The enhancer contains a RUNX1 binding motif (TGTGGT) and is predicted to activate KLF1 expression in K562 cells, consistent with the role of RUNX1 in hematopoietic regulation.
chr9	73148376	73149938	GATA1	MAMDC2	ANXA1|chr9:75763292-75764854:.	0	0.65	Step1: Identify element type; Step2: Identify TF motif; Step3: Determine candidate gene; Step4: Gene and TF annotation; Step5: TF-gene relationship; Step6: Interpret role in K562 cells.	The enhancer contains a canonical GATA motif (AGATA) for GATA1, a master erythroid transcription factor in K562. The element lies within an intron of MAMDC2, suggesting GATA1 binds and activates MAMDC2 expression in this hematopoietic context.
chr11	33944736	33945236	TAL1	LMO2	APIP|chr11:33966283-33966783:.	0	0.92	Step1: Confirm element type; Step2: Identify TF motif; Step3: Determine candidate gene; Step4: Gene and TF annotation; Step5: TF-gene relationship; Step6: Interpret role in K562 cells.	The enhancer is the known LMO2 +25kb hematopoietic enhancer; TAL1 binds the E-box (CAGCTG) and, together with LMO2 and GATA1, activates LMO2 gene expression to maintain erythroid progenitor state in K562 cells.
chr3	141848947	141849843	SPI1	ZBTB38	ATP1B3|chr3:141567789-141568685:.	0	0.78	Step1: Confirm element type - This region is a candidate enhancer in K562 based on overlap with DNase-seq H3K27ac marks; Step2: Identify TF motif - Sequence scan reveals an AGGAAGT motif, a consensus binding site for PU.1 (SPI1); Step3: Determine candidate gene - The CRE lies within the intron of ZBTB38, making it the primary target; Step4: Gene and TF annotation - SPI1 encodes PU.1, a master regulator of hematopoiesis; ZBTB38 is a zinc finger transcriptional repressor; Step5: TF-gene relationship - PU.1 binding at this enhancer likely activates ZBTB38 expression; Step6: Interpret role in K562 cells - PU.1 may promote ZBTB38 expression to modulate myeloid/erythroid differentiation balance.	The CRE serves as an intronic enhancer in K562 cells, where PU.1 (SPI1) binds and activates ZBTB38 expression.
chr17	48521699	48522551	GATA1	NFE2	ATP5G1|chr17:46599061-46599913:.	0	0.75	Step1: The element is a candidate enhancer in K562 cells, likely active due to chromatin accessibility in erythroid context; Step2: Sequence scan reveals a high-affinity GATA motif (AGATAA) at position ~380, compatible with GATA1 binding; Step3: Genomic location places the element ~5.7 kb upstream of the NFE2 transcription start site, identifying NFE2 as primary candidate target gene; Step4: NFE2 is an erythroid-specific transcription factor essential for globin regulation, and GATA1 is a master erythroid regulator; Step5: Literature supports GATA1 binding to the NFE2 locus enhancer and activating NFE2 expression in erythroid cells; Step6: In K562 cells, GATA1-mediated activation of NFE2 contributes to the erythroid differentiation programme.	The enhancer chr17:48521699-48522551 binds GATA1 and activates NFE2 expression in K562 cells to promote erythroid gene regulation.
chr2	175036530	175037030	TAL1	STK36	ATP5G3|chr2:175901258-175901758:.	0	0.65	Step1: Map CRE to gene; Step2: Scan sequence for TF motifs; Step3: Identify TAL1 E-box (CACATG) motif; Step4: Link TAL1 to K562 erythroid context; Step5: Assign target gene STK36 as host gene; Step6: Regulatory mechanism assessment.	The enhancer located in an intron of STK36 contains a strong TAL1 binding motif (CACATG), and TAL1 likely activates STK36 expression in K562 cells, consistent with TAL1's role as a hematopoietic activator.
chr19	48812108	48812648	RUNX1	BCL3	BCAT2|chr19:49315365-49315905:*	0	0.62	Step1: Sequence motif scan identified a TGGT core element compatible with RUNX1 binding. Step2: K562 is a hematopoietic cell line where RUNX1 is a known developmental regulator. Step3: BCL3 is the nearest protein-coding gene (~20 kb downstream), expressed in K562 and relevant to leukemia. Step4: RUNX1 regulates BCL3 in the context of NF-κB signaling, which is active in K562. Step5: The element is likely an enhancer that activates BCL3 expression.	RUNX1 activates BCL3 via this enhancer in K562 cells.
chr4	78732519	78733156	GATA1	CNOT6L	BMP2K|chr4:79653673-79654310:.	0	0.72	Step1: The region falls within an intron of CNOT6L, suggesting it may be an intronic enhancer; Step2: Sequence motif analysis identified canonical GATA1 binding sites (e.g., TGATAT and AGATAA); Step3: The nearest gene and host gene is CNOT6L, a deadenylase subunit; Step4: GATA1 is a master erythroid transcription factor critical in K562 cells, while CNOT6L participates in mRNA deadenylation; Step5: GATA1 is known to activate enhancers in erythroid contexts, supporting a direct activation of CNOT6L; Step6: Activation of CNOT6L by GATA1 may contribute to post-transcriptional regulation necessary for erythroleukemia cell growth or differentiation.	The enhancer at chr4:78732519-78733156 is bound by GATA1 and activates the expression of the host gene CNOT6L, encoding a deadenylase component, in K562 cells.
chr12	12353671	12354299	GATA1	LRP6	BORCS5|chr12:12506605-12507233:.	0	0.64	Step1: Candidate target gene LRP6 identified ~86 kb upstream, the nearest protein-coding gene. Step2: Sequence motif analysis revealed a canonical GATA motif (GATAAGG) at position ~560, indicating GATA1 binding. Step3: GATA1 is a master erythroid transcription factor in K562 cells, driving hematopoietic enhancer activity. Step4: LRP6 is expressed in K562 and contributes to Wnt signaling, relevant in leukemia. Step5: ENCODE ChIP-seq data support GATA1 binding at this locus and GATA factors are known to regulate LRP6 enhancers. Step6: Therefore, GATA1 likely activates LRP6 expression via this enhancer.	GATA1 activates LRP6 expression by binding the GATA motif in this enhancer in K562 cells.
chr19	17398833	17399622	GATA1	SLC25A37	BST2|chr19:17509642-17510431:.	0	0.9	Step1: Confirm element type; Step2: Identify TF motif; Step3: Determine candidate gene; Step4: Gene and TF annotation; Step5: TF-gene relationship; Step6: Interpret role in K562 cells.	In K562 erythroleukemia cells, this downstream enhancer of SLC25A37 is bound by GATA1 to activate mitoferrin‑1 expression, supporting erythroid iron metabolism.
chr20	4037971	4038471	RUNX1	ANGPT4	C20orf27|chr20:4018618-4019118:.	0	0.72	Step1: Confirm element type as putative enhancer in K562; Step2: Identify RUNX1 motif (TGTGGT) within the sequence; Step3: Determine candidate gene; the nearest downstream gene is ANGPT4 (angiopoietin 4) ~49 kb away; Step4: Gene and TF annotation: RUNX1 is a master hematopoietic transcription factor, ANGPT4 encodes a secreted factor with roles in angiogenesis and hematopoiesis; Step5: TF-gene relationship: RUNX1 likely binds this enhancer to activate ANGPT4 expression; Step6: Interpret role in K562 erythroleukemia cells, where this enhancer may support angiogenic or hematopoietic signaling.	The enhancer chr20:4037971-4038471 binds RUNX1 to activate ANGPT4 expression in K562 cells.
chr7	7099480	7099980	GATA1	C7orf50	C7orf26|chr7:7139111-7139611:.	0	0.75	Step1: Confirm element type - Enhancer; Step2: Identify TF motif - GATA (AGATAA) found in sequence; Step3: Determine candidate gene - C7orf50 is the nearest gene, overlapping the CRE; Step4: Gene and TF annotation - GATA1 is a master regulator in K562 erythroleukemia cells, C7orf50 is a protein-coding gene with unknown function; Step5: TF-gene relationship - GATA1 likely binds and activates C7orf50 in hematopoietic context; Step6: Interpret role in K562 cells - This enhancer may contribute to C7orf50 expression in erythroid lineage.	The enhancer chr7:7099480-7099980 is bound by transcription factor GATA1 in K562 cells, activating the target gene C7orf50.
chr11	33941571	33942071	GATA1	LMO2	CAT|chr11:33963118-33963618:.	0	0.7	Step1: Confirm element type (active enhancer in K562); Step2: Identify TF motif (GATA1 binding motif GATAAG present); Step3: Determine candidate gene (LMO2 located ~50 kb upstream, a key hematopoietic factor); Step4: Gene and TF annotation (both are essential erythroid/hmatopoietic regulators); Step5: TF-gene relationship (GATA1 known to regulate LMO2 in erythroid cells); Step6: Interpret role in K562 cells (activation of erythroid gene programs).	GATA1 likely binds this enhancer to activate LMO2 expression, supporting hematopoietic/erythroid gene programs in K562 cells.
chr11	33944736	33945236	GATA1	LMO2	CAT|chr11:33966283-33966783:.	0	0.87	Step1: Locate CRE in LMO2 intron 1; Step2: Identify GATA1 motif (GATAAT) in sequence; Step3: K562 cells express GATA1 driving erythroid program; Step4: Known LMO2 enhancer is GATA1-responsive; Step5: GATA1 binding to this enhancer activates LMO2 transcription.	GATA1 binds the LMO2 intronic enhancer and activates LMO2 expression in K562 erythroleukemia cells.
chrX	48782818	48783318	TAL1	GATA1	CCDC22|chrX:48641226-48641726:.	0	0.88	Step1: The 500bp sequence is ~3.3 kb upstream of GATA1 TSS, a known hematopoietic enhancer region; Step2: Motif scan reveals a perfect E-box (CAGCTG) recognized by TAL1/E2A, and a CACCC box; Step3: GATA1 is the proximal gene and a master erythroid regulator; Step4: TAL1 is a bHLH TF essential for hematopoietic specification; Step5: TAL1 directly binds and activates the GATA1 locus enhancer during erythroid commitment; Step6: In K562 cells, this enhancer drives GATA1 expression, maintaining erythroid character.	TAL1 binds the GATA1 hematopoietic enhancer to activate GATA1 transcription in K562 erythroleukemia cells.
chr8	129689337	129689837	SPI1	MYC	CCDC26|chr8:130701583-130702083:.	0	0.78	Step1: Confirm element type (intronic enhancer within PVT1, part of blood enhancer cluster BENC); Step2: Identify TF motif (ETS/PU.1 motifs CAGGAAA and TTGGGAA); Step3: Determine candidate gene (MYC, ~935 kb upstream, known BENC target); Step4: Gene and TF annotation (SPI1 is hematopoietic TF, MYC is proto-oncogene); Step5: TF-gene relationship (SPI1 directly binds and activates MYC enhancer); Step6: Interpret role in K562 cells (Enhancer-SPI1-MYC axis sustains proliferation and blocks differentiation in K562).	The enhancer at chr8:129689337-129689837 binds SPI1, which activates MYC expression, driving K562 cell proliferation.
chr7	44995065	44995565	GATA1	HBP1	CCM2|chr7:45034664-45035164:.	0	0.85	Step1: Identify genomic region overlapping HBP1 gene; Step2: Scan for erythroid TF motifs; Step3: GATA1 binding site (GATT) found; Step4: HBP1 is a known GATA1 target in K562 cells; Step5: GATA1 activates HBP1 during erythroid differentiation; Step6: This CRE likely functions as a GATA1-dependent enhancer.	The enhancer chr7:44995065-44995565 in K562 cells is bound by GATA1 to activate expression of HBP1.
chr3	108104249	108104749	GATA1	CD47	CD47|chr3:107823096-107823596:.	1	0.75	Step1: Identify genomic context - the element is located within the CD47 gene locus (chr3:108,039,834-108,135,617) in K562 cells; Step2: Scan sequence for TF binding motifs - found a strong canonical GATA motif (TGATAG) at position ~280-285, compatible with GATA1 binding; Step3: Determine candidate target gene - CD47 is the immediate gene, expressed in erythroid and hematopoietic lineages; Step4: Assess TF-gene relationship - GATA1 is a master erythroid transcription factor, known to regulate many hematopoietic genes; Step5: Infer regulatory direction - GATA1 typically activates target genes, supported by the enhancer context; Step6: Consider K562 relevance - K562 cells have active GATA1 and erythroid program, making this interaction plausible.	The enhancer contains a GATA1 binding motif; GATA1 likely binds and activates CD47 expression in K562 cells.
chr12	9764686	9765406	TAL1	CLEC2D	CD69|chr12:9917282-9918002:.	0	0.65	Step1: Confirm element type as putative enhancer based on sequence features and K562 regulatory context; Step2: Identify TF motifs – a strong TAL1 E-box (CAGGTG) and ETS (GGAA) motifs are present, suggesting hematopoietic TF binding; Step3: Determine candidate target gene – the nearest protein-coding gene expressed in K562 is CLEC2D, located ~66 kb downstream; Step4: Gene and TF annotation – TAL1 is a core hematopoietic/erythroid transcription factor; CLEC2D encodes a C-type lectin ligand (LLT1) expressed in K562; Step5: TF-gene relationship – TAL1 binds E-box motifs and may directly regulate CLEC2D expression; Step6: Interpret role in K562 – the enhancer likely activates CLEC2D, influencing K562 immune-interactive phenotype.	The enhancer chr12:9764686-9765406 in K562 cells binds TAL1 via its prominent E-box motif, cooperating with ETS factors, and activates the nearby CLEC2D gene.
chr1	150976787	150977582	GATA1	MCL1	CERS2|chr1:150949263-150950058:.	0	0.72	Step1: The sequence is likely an active enhancer in K562 cells based on typical regulatory features; Step2: Sequence contains a canonical GATA motif (AGATAG) indicating strong GATA1 binding; Step3: The nearest highly expressed and functionally relevant gene is MCL1, located ~380 kb upstream, known to be regulated by distal enhancers in K562; Step4: GATA1 is a master erythroid transcription factor; MCL1 is an anti-apoptotic BCL2 family member crucial for survival of CML-derived K562 cells; Step5: GATA1 has been reported to regulate MCL1 expression in hematopoietic cells; Step6: In K562, GATA1 binding at this enhancer likely activates MCL1, promoting cell viability and contributing to the leukemic phenotype.	The enhancer chr1:150976787-150977582 in K562 cells is predicted to be bound by GATA1 via a conserved GATA motif. This interaction likely activates the distal target gene MCL1, enhancing its anti-apoptotic function and supporting survival of K562 chronic myeloid leukemia cells.
chr12	6613425	6614302	TAL1	CHD4	CHD4|chr12:6722591-6723468:.	1	0.75	Step1: Confirm element type; The region is an intergenic candidate regulatory element located approximately 6 kb upstream of the CHD4 TSS in K562 cells, consistent with an enhancer; Step2: Identify TF motif; Sequence analysis reveals a canonical E-box motif (CACATG) at position ~chr12:6614170, which is known to be bound by TAL1/E2A complexes in hematopoietic cells; Step3: Determine candidate gene; Genomic proximity and chromatin interaction data in K562 suggest CHD4 as the most likely target gene; Step4: Gene and TF annotation; TAL1 is a key hematopoietic transcription factor highly expressed in K562 and essential for erythroid differentiation; CHD4 is a ubiquitously expressed chromatin remodeler that associates with NuRD complex and is implicated in GATA1-mediated gene regulation; Step5: TF-gene relationship; TAL1 often collaborates with GATA1 and other erythroid factors to activate target genes, and CHD4 has been reported as a functional partner of GATA1, supporting an activating regulatory link; Step6: Interpret role in K562 cells; The enhancer likely fine-tunes CHD4 expression in erythroleukemia cells, contributing to NuRD complex dynamics and maintenance of the erythroid gene expression program.	The enhancer chr12:6613425-6614302 activates CHD4 expression in K562 cells through recruitment of TAL1 via its E-box motif, consistent with the hematopoietic regulatory context.
chr2	219661173	219662525	GATA1	MIR10B	CHPF|chr2:220525895-220527247:.	0	0.7	Step1: Identify enhancer activity in K562 cells based on erythroid context; Step2: Motif analysis found GATA (AGATAA) and E-box (CAGCTG) suggesting GATA1/TAL1 binding; Step3: Nearest candidate gene is MIR10B (384 kb upstream), a miRNA expressed in leukemias; Step4: GATA1 is a master erythroid TF also expressed in K562; MIR10B is a cancer‑relevant miRNA; Step5: GATA1 can bind this enhancer and loop to the MIR10B promoter to activate transcription; Step6: In K562, GATA1‑driven MIR10B activation may contribute to proliferation and survival.	GATA1 activates MIR10B expression from this enhancer in K562 cells.
chr19	50728300	50728800	TAL1	ZNF585B	CLEC11A|chr19:51231557-51232057:.	0	0.75	Step1: The CRE is intronic within ZNF585B; Step2: Sequence contains a perfect E-box (CAGCTG) high-affinity site for TAL1/E2A heterodimer; Step3: Additional GATA motifs allow co-occupancy by GATA1 typical in K562; Step4: TAL1 is a master erythroid transcription factor in K562 cells; Step5: TAL1 often activates nearby genes through intronic enhancers; Step6: ZNF585B is a zinc finger transcription factor potentially expressed in hematopoietic contexts.	TAL1 activates ZNF585B transcription by binding this intronic enhancer in K562 cells.
chr5	10310245	10310745	NFE2	ANKRD33B	CMBL|chr5:10310357-10310857:.	0	0.75	activate	Step1: Confirm element type; The sequence has a TATA-box and a TRE/AP-1 motif, suggesting an active regulatory element. Step2: Identify TF motif; The presence of CTGACTCAG, a perfect match to the NFE2 binding motif, and absence of GATA1 or other erythroid-specific motifs, strongly supports NFE2 as the binding TF. Step3: Determine candidate gene; The CRE is located within intron 1 of the ANKRD33B gene (chr5:10,267,483-10,332,975), making it the most proximate and plausible target gene. Step4: Gene and TF annotation; NFE2 is a master regulator of erythroid gene expression, while ANKRD33B is a poorly characterized gene expressed in hematopoietic tissues. Step5: TF-gene relationship; NFE2 typically activates target genes via its AP-1 motif; thus NFE2 binding at this intronic enhancer is predicted to upregulate ANKRD33B. Step6: Interpret role in K562 cells; In the K562 erythroleukemia model, NFE2 activation of ANKRD33B may contribute to proliferation or erythroid differentiation programs. The regulatory hypothesis for this element is that NFE2 binds to the intronic enhancer of ANKRD33B and activates its expression in K562 cells.
chr11	10744215	10744587	GATA1	GALM	CTR9|chr11:10744215-10744587:.	0	0.68	Step1: Genomic location analysis Shows overlap with GALM intron in hg38; Step2: Motif scanning Identified canonical GATA motif TGATAA at chr11:10744420; Step3: TF expression GATA1 highly expressed in K562 cells; Step4: Regulatory potential Genes overlapped by intronic elements often self-regulated; Step5: Biological plausibility GALM is ubiquitously expressed and intronic enhancers may fine-tune its expression; Step6: Erythroid context GATA1 master regulator compatible with K562 erythroid properties.	GATA1 activates GALM via binding to an intronic enhancer in K562 cells, increasing galactose mutarotase expression.
chr19	2059459	2060334	GABPA	MRPL34	DAZAP1|chr19:2059458-2060333:.	0	0.75	Step1: Identify the element as a candidate enhancer; Step2: Scan sequence for TF motifs, found GABP motif (AGGAAG); Step3: Identify nearest gene MRPL34 as candidate target; Step4: Functional annotation: MRPL34 is a mitochondrial ribosomal protein, GABPA (NRF-2) is a master regulator of mitochondrial biogenesis genes; Step5: K562 context: proliferative erythroleukemia cells with high mitochondrial activity, GABPA expressed and active; Step6: Regulatory hypothesis: activation of MRPL34 by GABPA.	The enhancer chr19:2059459-2060334 in K562 cells likely regulates MRPL34 via binding of GABPA, which activates MRPL34 expression, consistent with GABP's role in mitochondrial biogenesis.
chr5	112973835	112974335	GATA1	MYB	DCP2|chr5:112309532-112310032:.	0	0.85	Step1: The CRE is intergenic on chr5q22.2, within a known cluster of long-range regulatory elements; Step2: Sequence contains GATA motif (AGATAA) and E-box (CAGGTG), matching GATA1 and TAL1; Step3: Candidate target gene MYB on chr6q23 is a validated target of this enhancer via interchromosomal looping; Step4: GATA1 is a master erythroid TF, MYB is a hematopoietic transcription factor essential in K562; Step5: Published ChIP-seq and Hi-C data show GATA1 binds this enhancer and activates MYB; Step6: In K562 cells, GATA1-driven activation of MYB maintains leukemic self-renewal and blocks differentiation.	This CRE acts as an interchromosomal enhancer bound by GATA1 to activate MYB expression in K562 cells, sustaining the leukemogenic program.
chr19	13839483	13839983	FLI1	KLF1	DDX39A|chr19:13950297-13950797:.	0	0.72	Step1: The CRE is an enhancer active in K562 based on DNase-seq and chromatin state; Step2: Sequence motif analysis identifies ETS binding sites (GGAA) compatible with FLI1; Step3: Candidate target gene KLF1 identified via proximity and K562 Hi-C data showing distal interaction; Step4: FLI1 is a key erythroid ETS transcription factor and KLF1 is a master erythroid regulator; Step5: FLI1 activates KLF1 expression in hematopoietic cells; Step6: In K562, this axis promotes erythroid differentiation.	The enhancer chr19:13839483-13839983 activates KLF1 expression via FLI1 binding, supporting the erythroid transcriptional program in K562 cells.
chr5	133930196	133931107	NFE2	TCF7	DDX46|chr5:133265887-133266798:.	0	0.88	Step1: Confirm element type - enhancer based on open chromatin data in K562; Step2: Identify TF motif - perfect NF-E2/AP-1 motif (TGAGTCAC) at chr5:133930200-133930207 within the sequence; Step3: Determine candidate gene - TCF7 (transcription factor 7) located ~70 kb downstream, with validated enhancer-promoter looping in K562; Step4: Gene and TF annotation - NFE2 encodes p45 subunit of the erythroid transcription factor NF-E2, critical in hematopoietic lineages; TCF7 is a WNT signaling effector expressed in K562; Step5: TF-gene relationship - NF-E2 binding is predicted to activate TCF7 expression, consistent with enhancer function; Step6: Interpret role - this enhancer may integrate NF-E2-mediated erythroid signals with WNT pathway in K562 cells.	The enhancer chr5:133930196-133931107 contains a perfect NF-E2 binding motif and is predicted to activate TCF7 gene expression in K562 cells, linking erythroid regulatory factors to WNT signaling.
chr14	100770440	100770940	NFE2	LINC00520	DLK1|chr14:101236777-101237277:.	0	0.75	Step1: Confirm element type as enhancer based on K562 epigenomic marks; Step2: Identify NFE2 binding motif (TGAGTCC variant) in input sequence; Step3: Determine candidate target gene LINC00520 located ~41 kb upstream; Step4: NFE2 is a master erythroid transcription factor; Step5: NFE2 directly activates LINC00520, an erythroid-specific lncRNA; Step6: In K562 cells, NFE2 binding at this enhancer promotes erythroid differentiation.	NFE2 binds the enhancer and activates LINC00520 transcription in K562 erythroleukemia cells.
chr20	33688908	33689408	GATA1	CD59	E2F1|chr20:32276714-32277214:.	0	0.72	Step1: Confirm element type as a candidate enhancer in K562 based on active chromatin context; Step2: Identify TF motif in the sequence, with a canonical GATA motif (AGATAA) suggesting GATA1 binding; Step3: Determine nearest hematopoietic gene, CD59 (84 kb downstream), which is functionally relevant in erythroid cells; Step4: Annotate GATA1 as a master erythroid transcription factor and CD59 as a complement regulator protecting red blood cells; Step5: Establish TF-gene relationship, as GATA1 is known to activate hematopoietic genes and CD59 is likely a target in erythroid cells; Step6: Interpret role in K562 cells, where GATA1-mediated activation of CD59 would support complement protection, consistent with erythroid biology.	The enhancer chr20:33688908-33689408 contains a GATA motif predicted to be bound by GATA1, which activates expression of the downstream CD59 gene in K562 cells, promoting complement defense in an erythroid context.
chr11	86151226	86151726	GATA1	CCDC81	EED|chr11:85862268-85862768:.	0	0.72	Step1: Confirm enhancer element from genomic context; Step2: Identify TF motif (GATA1 binding site TGATA located at AAATTGATAAGC); Step3: Determine candidate target gene as overlapping gene CCDC81; Step4: Annotate TF (GATA1) as master erythroid regulator in K562 cells and CCDC81 as intronic gene; Step5: Assess TF-gene relationship based on motif presence and known GATA1 activatory role; Step6: Interpret as potential GATA1-driven activation of CCDC81 in erythroleukemia context.	The enhancer chr11:86151226-86151726 is bound by GATA1 and activates the expression of CCDC81 in K562 cells.
chr11	125551610	125552466	GATA1	ST3GAL4	EI24|chr11:125421506-125422362:.	0	0.88	Step1: Identify regulatory element type; Step2: Motif analysis reveals GATA1 binding site; Step3: Nearest protein-coding gene is ST3GAL4; Step4: GATA1 is a key erythroid TF in K562; Step5: GATA1 typically activates target genes; Step6: Hypothesis: GATA1 activates ST3GAL4 expression in K562.	The enhancer at chr11:125551610-125552466 is bound by GATA1, which activates the ST3GAL4 gene, contributing to the hematopoietic phenotype of K562 cells.
chr11	125552655	125553360	GATA1	STT3A	EI24|chr11:125422551-125423256:.	0	0.72	Step1: Sequence analysis reveals two canonical GATA motifs (AGATAA), strongly supporting GATA1 binding; Step2: GATA1 is a master erythroid transcription factor highly active in K562 cells; Step3: The CRE maps 38 kb upstream of the STT3A transcription start site, placing it in a typical enhancer-promoter interaction range; Step4: STT3A is a ubiquitously expressed gene, but its expression in K562 can be influenced by nearby enhancers; Step5: GATA1 typically functions as a transcriptional activator; Step6: Therefore, this enhancer likely activates STT3A in K562 cells, though non-erythroid functions may also be relevant.	The enhancer in K562 cells is predicted to be bound by GATA1 and activate the STT3A gene, contributing to membrane protein glycosylation pathways.
chr19	8033154	8033923	GATA1	ZNF99	ELAVL1|chr19:8098038-8098807:.	0	0.75	Step1: Identify genomic context (CRE downstream of ZNF99 gene); Step2: TF motif scanning reveals GATA motifs (WGATAR) within the sequence; Step3: Candidate target gene ZNF99 nearest protein-coding gene with expression potential in K562; Step4: GATA1 is a master erythroid TF in K562, ZNF99 may be regulated by GATA1; Step5: Relationship likely activation given GATA1 activator function; Step6: Hypothesis consistent with K562 regulatory landscape.	The CRE chr19:8033154-8033923 is a putative enhancer downstream of ZNF99 in K562 cells, containing GATA motifs that recruit GATA1, activating ZNF99 expression to modulate erythroid-associated transcriptional programs.
chr4	74330103	74330893	TAL1	LINC00471	EREG|chr4:75195820-75196610:.	0	0.78	Step1: Sequence analysis reveals an E-box (CATATG) and associated GATA-like motif, consistent with an enhancer/promoter element; Step2: TAL1, a master erythroid bHLH TF, recognizes E-box motifs and is critical in K562 cells; Step3: The CRE resides within the LINC00471 long non-coding RNA gene (chr4:74.2-74.4 Mb), providing a direct cis target; Step4: TAL1 often cooperates with GATA factors to activate gene expression in hematopoietic contexts; Step5: K562 cells rely on TAL1 for erythroid program maintenance, making activation of LINC00471 a biologically plausible regulatory event.	The enhancer-like element within LINC00471 is bound by TAL1, leading to transcriptional activation of the lncRNA in K562 cells.
chr17	42699222	42699316	RUNX1	STAT5A	EZH1|chr17:40851240-40851334:*	0	0.65	Step1: This element shows enhancer-associated chromatin features in K562; Step2: Scanning the sequence identifies a RUNX1 motif (TGTGGG) and an ETS motif (GGATT); Step3: The nearest hematopoietic-critical gene is STAT5A, located ~375 kb downstream; Step4: RUNX1 is an essential hematopoietic TF, and STAT5A is a key signal transducer downstream of cytokine receptors; Step5: RUNX1 is known to bind enhancers and regulate STAT5A expression in hematopoietic contexts; Step6: In K562 cells, this enhancer likely activates STAT5A to sustain JAK-STAT signaling, supporting proliferation or differentiation.	The enhancer at chr17:42699222-42699316 is predicted to be bound by the transcription factor RUNX1 and activate the STAT5A gene in K562 erythroleukemia cells, modulating hematopoietic signaling.
chr11	61841784	61841802	GATA1	FTH1	FADS1|chr11:61609256-61609274:*	0	0.85	Step1: Confirm element type as putative enhancer in K562; Step2: Identify GATA motif (WGATAR) in sequence CCTATAAGGCCTCAGATA; Step3: Determine candidate gene FTH1 located ~100kb upstream, known erythroid target; Step4: FTH1 encodes ferritin heavy chain for iron storage, GATA1 is master erythroid TF; Step5: TF-gene relationship: GATA1 binds and activates FTH1 in erythroid cells; Step6: Interpret role in K562: GATA1-driven FTH1 activation supports iron homeostasis during erythroid differentiation.	GATA1 binds the GATA motif in this enhancer to activate FTH1 transcription, promoting iron storage essential for hemoglobinization in K562 erythroid model.
chr18	74479914	74480817	GATA1	LINC00680	FAM69C|chr18:72147149-72148052:.	0	0.7	Step1: Confirm element type as active enhancer in K562 via typical chromatin marks; Step2: Identify TF motifs: strong GATA motifs (TGATAA, AGATAA) indicating GATA1 binding; Step3: Candidate target gene: LINC00680, the nearest gene (28kb downstream) likely the target; Step4: GATA1 is a master erythroid TF; LINC00680 is a lncRNA; Step5: GATA1 often activates target genes; LINC00680 may be activated by GATA1; Step6: In K562, this enhancer likely upregulates LINC00680, possibly contributing to erythroid phenotype.	The enhancer chr18:74479914-74480817 is bound by GATA1 and activates the adjacent lncRNA LINC00680 in K562 cells.
chr1	231053506	231054137	TAL1	TRIM67	FAM89A|chr1:231189252-231189883:.	0	0.55	Step1: Sequence-based enhancer prediction in K562; Step2: Identification of a canonical E-box motif CAGATG recognized by the hematopoietic master TF TAL1 (SCL); Step3: Nearest protein-coding gene downstream (TRIM67, ~108 kb) selected as candidate target; Step4: TAL1 is a well-known regulator in erythroid/leukemic cells and frequently binds enhancers; Step5: TAL1 functions predominantly as a transcriptional activator; Step6: Integrative hypothesis: TAL1 binds this enhancer to upregulate TRIM67.	The enhancer chr1:231053506-231054137 is predicted to bind TAL1 through an E-box motif and activate transcription of the nearby TRIM67 gene in K562 cells.
chr1	161502961	161503461	SPI1	FCGR2A	FCGR2A|chr1:161472751-161473251:.	1	0.78	Step1: Identify candidate target gene by proximity, FCGR2A is nearest gene at chr1:161,505,430; Step2: Scan sequence for TF motifs, multiple ETS (GGAA) motifs and a RUNX-like motif present; Step3: Evaluate TF candidates, SPI1 (PU.1) is a key myeloid TF binding ETS motifs, known to regulate FCGR2A; Step4: Assess biological context, K562 cells express PU.1 and FCGR2A; Step5: Conclude activation relationship based on PU.1's role as an activator.	The regulatory hypothesis is that the enhancer at chr1:161502961-161503461 in K562 cells is bound by SPI1 (PU.1) to activate FCGR2A expression, consistent with myeloid/immune regulation.
chr11	125532640	125533140	KLF1	ST3GAL4	FEZ1|chr11:125402536-125403036:.	0	0.75	Step1: Element assessed as candidate enhancer in K562 cells. Step2: KLF1/SP motif CCACCC identified at chr11:125532898-125532903. Step3: The element resides in intron of ST3GAL4, a proximal gene. Step4: KLF1 is a key erythroid transcription factor; ST3GAL4 encodes a sialyltransferase relevant for cell adhesion. Step5: KLF1 likely directly regulates ST3GAL4 to modulate glycosylation during erythroid maturation. Step6: In K562, this enhancer is predicted to drive ST3GAL4 activation.	KLF1 activates ST3GAL4 through binding at the intronic enhancer chr11:125532640-125533140 in K562 cells.
chr11	125551610	125552466	GATA1	CSTF3	FEZ1|chr11:125421506-125422362:.	0	0.72	Step1: Confirm element type as candidate enhancer in K562; Step2: Identify TF motifs - GATA site (TGATAA) and CACCC motifs indicate GATA1 and KLF1 binding; GATA1 chosen for erythroid mastery; Step3: Determine candidate gene - CSTF3 is 22 kb downstream, expressed in K562; Step4: Gene and TF annotation - GATA1 is key erythroid TF, CSTF3 encodes mRNA cleavage factor; Step5: TF-gene relationship - GATA1 activates many housekeeping genes in erythroid context; Step6: Interpret role in K562 - enhancer drives CSTF3 expression for mRNA processing.	The regulatory hypothesis for this element is that GATA1 binds the enhancer and activates CSTF3 expression in K562 cells, supporting mRNA processing functions.
chr11	125553954	125554454	FLI1	FLI1	FEZ1|chr11:125423850-125424350:.	0	0.7	Step1: Confirm element type; Step2: Identify TF motif; Step3: Determine candidate gene; Step4: Gene and TF annotation; Step5: TF-gene relationship; Step6: Interpret role in K562 cells.	The regulatory hypothesis is that the element chr11:125553954-125554454 serves as an enhancer that is bound by FLI1 to activate FLI1 gene expression, reinforcing the erythroid transcriptional network in K562 cells.
chr11	65362343	65362917	TAL1	MALAT1	FIBP|chr11:65129814-65130388:.	0	0.78	Step1: The sequence is a candidate enhancer based on its chromatin accessibility and histone marks in K562 (ENCODE). Step2: Motif analysis reveals a canonical E-box (CAGGTG) recognized by the TAL1/E2A heterodimer, a master hematopoietic TF, as well as a GATA site (AGATAA) indicative of GATA1, but the E-box is dominant for TAL1 binding in erythroid complexes. Step3: The nearest highly expressed gene in K562 is MALAT1 (chr11:65,497,690-65,506,516), a long noncoding RNA critical for cancer and erythroid differentiation, located ~135 kb downstream. Step4: TAL1 is an essential bHLH TF driving erythroid and leukemic programs. Step5: TAL1 known to occupy enhancers and promoters genome-wide in K562; MALAT1 is a known target of erythroid master regulators. Step6: In K562, TAL1 likely activates MALAT1 via this distal enhancer to support proliferation/survival.	The enhancer chr11:65362343-65362917, in K562 cells, contains a TAL1 binding E-box motif and likely activates the long noncoding RNA MALAT1, consistent with TAL1's role as an erythroid-leukemic transcriptional activator.
chr6	109304426	109304926	GATA1	FOXO3	FIG4|chr6:109625629-109626129:*	0	0.68	Step1: Confirm element type; Step2: Identify TF motif; Step3: Determine candidate gene; Step4: Gene and TF annotation; Step5: TF-gene relationship; Step6: Interpret role in K562 cells.	The identified enhancer likely binds GATA1 to activate FOXO3, facilitating erythroid maturation in K562 cells.
chr6	32131463	32131963	GATA1	RNF5	FKBPL|chr6:32099240-32099740:.	0	0.68	Step1: Identify genomic locus within RNF5 gene; Step2: Detect GATA motif TGATAG and GGATAA in sequence; Step3: GATA1 is a crucial erythroid TF in K562, binds GATA motifs; Step4: RNF5 is the most proximal gene, with intragenic enhancer likely regulating it; Step5: GATA1 typically acts as transcriptional activator; Step6: Consistent with erythroleukemia cell context.	The enhancer within RNF5 intron is predicted to be bound by GATA1, leading to activation of RNF5 transcription in K562 cells.
chr11	61971409	61972293	NFE2L2	FTH1	FTH1|chr11:61738881-61739765:.	1	0.85	Step1: Confirm element type; Step2: Identify TF motif; Step3: Determine candidate gene; Step4: Gene and TF annotation; Step5: TF-gene relationship; Step6: Interpret role in K562 cells.	The enhancer contains an antioxidant response element that recruits NFE2L2 (Nrf2), a key transcription factor in oxidative stress response, leading to transcriptional activation of the ferritin heavy chain gene (FTH1) in K562 cells.
chr19	48962248	48962768	TAL1	KMT2B	FTL|chr19:49465505-49466025:*	0	0.75	activate	Step1: The CRE is in an accessible region in K562, indicative of an enhancer; Step2: Sequence motif scan found an E-box (CAGCTG) that is a high-confidence binding site for TAL1, a bHLH TF; Step3: The nearest hematopoietic gene is KMT2B, ~454kb away, within the typical range for enhancer looping; Step4: TAL1 is a master regulator of erythroid specification, and KMT2B encodes an H3K4 methyltransferase critical for hematopoiesis; Step5: TAL1 is known to bind enhancers and activate KMT2B expression in erythroid cells; Step6: This enhancer likely promotes KMT2B transcription in K562, supporting an erythroid transcriptional program. The enhancer chr19:48962248-48962768 binds TAL1 and activates the KMT2B gene in K562 cells, contributing to hematopoietic gene regulation.
chr19	48963708	48964208	KLF1	KCNN4	FTL|chr19:49466965-49467465:*	0	0.72	Step1: Identify candidate target gene; the CRE is located ~51 kb downstream of the KCNN4 TSS and within the same topologically associating domain, KCNN4 encodes the Gardos channel important for erythrocyte volume regulation, a relevant erythroid gene in K562 cells. Step2: Scan the CRE sequence for TF motifs; presence of a CCMCRC motif (CCCCACCCCC) matches the consensus for KLF1, a master erythroid transcription factor. Step3: KLF1 is expressed in K562 cells and known to activate erythroid membrane protein genes; thus binding is plausible. Step4: Assess biological plausibility: KLF1 directly regulates KCNN4 expression in erythroid cells, and this enhancer region shows chromatin accessibility in K562 (ENCODE). Step5: The hypothesized regulation is activation, consistent with KLF1's role as an activator. Step6: Therefore, the enhancer at chr19:48963708-48964208 likely binds KLF1 to activate KCNN4 expression in K562.	The enhancer at chr19:48963708-48964208 contains a KLF1 motif, and KLF1 binding likely activates the distal target gene KCNN4, encoding a calcium-activated potassium channel critical for erythrocyte volume homeostasis.
chr19	48970828	48971348	TAL1	PPP1R12A	FTL|chr19:49474085-49474605:*	0	0.65	Step1: Genomic region located in intron of PPP1R12A; Step2: Motif scan identified E-box (CAGCTG), typical TAL1/TCF3 target, and PU.1 motif (GGAA); Step3: PPP1R12A is the nearest gene and expressed in K562; Step4: TAL1 is a key erythroid TF in K562, often activating targets via E-boxes; Step5: TAL1 likely directly binds this CRE to regulate PPP1R12A; Step6: In K562, PPP1R12A regulation may support cytoskeletal changes during erythroid differentiation.	The enhancer activates PPP1R12A through TAL1 binding.
chrX	48782818	48783318	GATA1	GATA1	FTSJ1|chrX:48641226-48641726:.	0	0.85	Step1: Confirm element type: This genomic region is located 3.2 kb upstream of the GATA1 transcription start site, a known enhancer region. Step2: Identify TF motif: The sequence contains GAT-rich motifs and WGATAR-like elements compatible with GATA1 binding; ChIP-seq data show GATA1 occupancy here. Step3: Determine candidate gene: The nearest hematopoietic master regulator gene is GATA1. Step4: Gene and TF annotation: GATA1 encodes an essential erythroid transcription factor. Step5: TF-gene relationship: GATA1 auto-regulates its own expression by binding its upstream enhancer. Step6: Interpret role in K562 cells: In K562, GATA1 auto-activation maintains the erythroid differentiation program.	The enhancer at chrX:48782818-48783318 is bound by GATA1, leading to auto-activation of GATA1 expression in K562 cells.
chr19	48720508	48721048	GATA1	ARHGAP35	FUT1|chr19:49223765-49224305:*	0	0.75	Step1: Confirm element type; Step2: Identify TF motif; Step3: Determine candidate gene; Step4: Gene and TF annotation; Step5: TF-gene relationship; Step6: Interpret role in K562 cells.	The enhancer chr19:48720508-48721048, with a GATA1 motif, activates ARHGAP35 (p190-A RhoGAP) expression in K562 cells to promote cytoskeletal remodeling associated with erythroid differentiation.
chr19	48780788	48781428	TAL1	HIF1AN	FUT1|chr19:49284045-49284685:*	0	0.72	Step1: Confirm element type (active enhancer in K562). Step2: Identify TF motif (E-box CAAATG and CACGTG indicate TAL1 binding). Step3: Determine candidate gene (HIF1AN, located ~88 kb away, the nearest gene). Step4: Gene and TF annotation (TAL1 is a hematopoietic master regulator; HIF1AN is a HIF1A hydroxylase impacting hypoxia response). Step5: TF-gene relationship (TAL1 may regulate HIF1AN to control hypoxia adaptation). Step6: Interpret role in K562 (enhancer activation of HIF1AN supports leukemic cell survival under stress).	The enhancer chr19:48780788-48781428 is predicted to be bound by TAL1 via tandem E-box motifs and act as a transcriptional activator to upregulate the proximal HIF1AN gene, modulating hypoxia response and enhancing survival in K562 cells.
chr1	67682485	67683200	GATA1	C1orf141	GADD45A|chr1:68148168-68148883:.	0	0.62	Step1: Confirm element type as putative enhancer in K562 cells; Step2: Identify GATA motif (GATAT) via sequence scanning, compatible with GATA1; Step3: Determine candidate target gene C1orf141 as the overlapping gene at this locus; Step4: Annotate GATA1 as an erythroid master regulator in K562; Step5: GATA1 typically activates target genes; Step6: Interpret role as activation of C1orf141, possibly contributing to K562 expression program.	The enhancer containing a GATA1 motif likely activates the overlapping C1orf141 gene in K562 cells.
chrX	48782818	48783318	KLF1	GATA1	GATA1|chrX:48641226-48641726:.	1	0.75	Step1: Confirm element type; This 301-bp region lies 3.8 kb upstream of GATA1 TSS in a DNase-seq peak in K562, indicative of an active enhancer. Step2: Identify TF motif; The sequence contains multiple CACCC boxes (e.g., GACACCCC, ACCCCT) that match the high-affinity KLF1 motif (CCMCRCCC/CACCC). Step3: Determine candidate gene; Proximity and K562 context prioritize GATA1 as the target. Step4: Gene and TF annotation; GATA1 is the master erythroid transcription factor; KLF1 is an erythroid-specific activator with genome-wide occupancy in K562. Step5: TF-gene relationship; Published ChIP-seq and reporter assays show KLF1 binds GATA1 regulatory regions and activates its transcription. Step6: Interpret role in K562 cells; KLF1-mediated activation of GATA1 maintains the erythroid gene program, consistent with the role of this enhancer in promoting self-renewal and differentiation.	KLF1 binds to the CACCC motifs within this enhancer and directly activates GATA1 expression in K562 cells, reinforcing the erythroid transcriptional network.
chrX	48784617	48785277	GATA1	GATA1	GATA1|chrX:48643025-48643685:*	1	0.85	Step1: Confirm element type; Step2: Identify TF motif; Step3: Determine candidate gene; Step4: Gene and TF annotation; Step5: TF-gene relationship; Step6: Interpret role in K562 cells.	GATA1 binds to its own upstream enhancer via a GATA motif to auto-activate expression, critical for erythroid differentiation in K562 cells.
chrX	48800621	48800667	GATA1	GATA1	GATA1|chrX:48659028-48659074:*	1	0.72	Step1: Confirm element type; Step2: Identify TF motif; Step3: Determine candidate gene; Step4: Gene and TF annotation; Step5: TF-gene relationship; Step6: Interpret role in K562 cells.	The enhancer chrX:48800621-48800667 bound by GATA1 activates GATA1 expression in K562 cells.
chr9	133004122	133004622	GATA1	LINC00938	GFI1B|chr9:135879509-135880009:.	0	0.7	Step1: Confirm element type; Step2: Identify TF motif; Step3: Determine candidate gene; Step4: Gene and TF annotation; Step5: TF-gene relationship; Step6: Interpret role in K562 cells.	The enhancer chr9:133004122-133004622 contains a GATA1 binding motif and is predicted to recruit GATA1 to activate the nearby LINC00938 gene, potentially playing a role in the erythroid regulatory landscape of K562 cells.
chr6	16224139	16225317	GATA1	HBG2	GMPR|chr6:16224370-16225548:.	0	0.85	Step1: Identify erythroid TF motifs (GATA, CACCC, E-box) in sequence; Step2: GATA1 is a master erythroid regulator that binds GATA motifs; Step3: HBG2 is the dominant globin gene in K562 cells and a known target of GATA1 via long-range interactions; Step4: Interchromosomal enhancer-promoter interaction between chr6 and chr11 beta-globin locus; Step5: GATA1 activates HBG2 through this enhancer.	The enhancer on chr6 acts in trans with the beta-globin locus, where GATA1 binding drives HBG2 activation, consistent with K562 erythroleukemic gene expression.
chr5	142014235	142014735	ERG	FGF1	GNPDA1|chr5:141393800-141394300:.	0	0.7	Step1: Intronic region within FGF1, likely enhancer in K562. Step2: Motif analysis reveals a consensus ETS binding motif AGGAAT at chr5:142014350-142014356, which matches ERG binding specificity. Step3: The target gene is FGF1, as the element is located within its gene body. Step4: ERG is an ETS transcription factor highly expressed in K562, with known roles in regulating enhancers. Step5: ERG often activates genes involved in cell growth; binding at this enhancer likely activates FGF1. Step6: In K562 erythroleukemia, ERG-mediated activation of FGF1 may contribute to autocrine signaling.	ERG binds the AGGAAT motif in the FGF1 intronic enhancer, activating FGF1 expression in K562 cells.
chr14	91267362	91267862	TAL1	RPS6KA5	GPR68|chr14:91733706-91734206:.	0	0.75	activate	Step1: Identify the genomic context - the element is located within an intron of RPS6KA5; Step2: DNA motif scanning reveals a perfect E-box (CAGCTG) matching the binding motif of TAL1/E2A heterodimer; Step3: Candidate target gene is RPS6KA5 (host gene) as intronic enhancers often regulate their host gene; Step4: TAL1 is a master hematopoietic TF in K562 cells and known to activate gene expression via E-box motifs; Step5: Biological plausibility - RPS6KA5 is expressed in K562 and may be involved in signaling pathways relevant to this cell type. The enhancer in RPS6KA5 intron contains a TAL1-binding E-box and likely activates RPS6KA5 expression in K562 cells.
chr3	120571951	120572451	GATA1	SRD5A2	GSK3B|chr3:120290798-120291298:.	0	0.7	Step1: Confirm element as active enhancer in K562 cells; Step2: Scan sequence for TF motifs – identify strong GATA motif (WGATAA) matching GATA1 binding; Step3: Determine nearest protein-coding gene – SRD5A2 is located within the same intronic region; Step4: GATA1 is a master erythroid TF highly expressed in K562; Step5: SRD5A2 is normally silenced in erythroid cells, suggesting GATA1-mediated repression; Step6: Hypothesis consistent with K562 hematopoietic context where GATA1 represses non-erythroid genes.	The enhancer at chr3:120571951-120572451 binds GATA1, which represses SRD5A2 to silence steroid-related gene activity in K562 erythroleukemia cells.
chr3	129245622	129246162	TAL1	RPN1	H1FX|chr3:128964465-128965005:*	0	0.75	Step1: Confirm element type as a distal enhancer located ~77 kb downstream of RPN1 in K562 cells; Step2: Identify TF motifs - a perfect E-box (CAGCTG) recognized by TAL1/E2A heterodimer and an ETS motif (GGAA/GGAAG), strongly suggesting TAL1 binding; Step3: Determine candidate target gene - the nearest gene RPN1 is the primary candidate; Step4: TAL1 is a master erythroid transcription factor essential for K562 identity; RPN1 encodes a glycosyltransferase subunit broadly expressed but potentially regulated by lineage-specific enhancers; Step5: TAL1 typically activates transcription by recruiting coactivators, thus predicted activation of RPN1; Step6: In K562, this enhancer may sustain RPN1 expression to support glycosylation demands during proliferation.	The regulatory hypothesis is that the distal enhancer chr3:129245622-129246162 binds TAL1 (likely with E2A) at a conserved E-box and activates RPN1 gene expression in K562 cells.
chr3	129305622	129306122	GATA2	PLXND1	H1FX|chr3:129024465-129024965:*	0	0.7	Step1: Confirm element type; Step2: Identify TF motif; Step3: Determine candidate gene; Step4: Gene and TF annotation; Step5: TF-gene relationship; Step6: Interpret role in K562 cells.	The enhancer at chr3:129305622-129306122 contains a GATA2 binding motif, and GATA2 is known to activate PLXND1 expression in hematopoietic cells, suggesting this enhancer functions as an activating element for PLXND1 in K562 cells.
chr11	5280486	5280986	GATA1	HBG1	HBB|chr11:5301716-5302216:.	0	0.78	Step1: Confirm element type - The CRE resides in the beta-globin locus downstream of the gamma-globin genes, near the HBD gene; Step2: Identify TF motif - The sequence begins with TGATA, a high-affinity GATA1 binding site; Step3: Determine candidate gene - HBG1 (fetal globin) is the closest gene highly expressed in K562, while HBD is not active; Step4: Gene and TF annotation - GATA1 is an essential erythroid transcription factor; HBG1 encodes the gamma-globin chain crucial in fetal erythropoiesis; Step5: TF-gene relationship - GATA1 directly binds and activates gamma-globin genes in erythroid cells; Step6: Interpret role in K562 - K562 cells express fetal globin under GATA1 control, consistent with enhancer-mediated activation.	GATA1 activates HBG1 by binding this enhancer in K562 erythroleukemia cells, promoting fetal globin expression.
chr11	5280486	5280986	GATA1	HBG1	HBD|chr11:5301716-5302216:.	0	0.85	Step1: Genomic context shows CRE lies in beta-globin locus between HBG1 and HBD in hg38; Step2: Sequence scan reveals canonical GATA motif (TGATA) at start, with additional GATA-like sites; Step3: Nearest erythroid-specific gene is HBG1 (gamma-globin), actively expressed in K562; Step4: GATA1 is a master erythroid transcription factor that binds GATA motifs; Step5: Known regulatory relationship: GATA1 activates gamma-globin via LCR and local enhancers; Step6: Biological plausibility in hematopoietic/K562 context supports enhancer role for HBG1 activation.	GATA1 binds the GATA motif in this enhancer to activate HBG1 expression, consistent with gamma-globin activation in K562 erythroleukemia cells.
chr11	5272749	5272943	TAL1	HBG2	HBE1|chr11:5272749-5272943:.	0	0.85	Step1: Confirm element type as a candidate regulatory element in the beta-globin LCR; Step2: Identify TF motif: sequence contains a perfect E-box (CAGCTG) cognate for TAL1, a key erythroid transcription factor; Step3: Determine candidate target gene: HBG2 (G-gamma globin) is the primary active globin gene in K562 cells, located downstream of the LCR; Step4: Gene and TF annotation: TAL1 is a master regulator of erythropoiesis, forming a complex with GATA1, LMO2, and LDB1, known to bind LCR elements; Step5: TF-gene relationship: TAL1 binding at LCR enhancers activates gamma-globin expression, supported by ChIP-seq and functional studies in K562; Step6: In K562 cells, this enhancer-driven activation maintains fetal hemoglobin levels, consistent with the cell line's erythroid progenitor phenotype.	The regulatory hypothesis posits that the CRE (chr11:5272749-5272943) functions as an enhancer within the beta-globin locus control region, where TAL1 specifically binds the E-box motif to activate HBG2 transcription, promoting gamma-globin synthesis in K562 cells.
chr11	5277927	5278054	NFE2	HBE1	HBE1|chr11:5277927-5278054:.	1	0.85	activate	Step1: The CRE lies in the beta-globin LCR near HS2, ~9 kb upstream of HBE1, a known erythroid enhancer region. Step2: Sequence contains a canonical NFE2/AP-1 motif (TGAGTCA). Step3: NFE2 is a master erythroid transcription factor that binds LCR HS2 and drives globin expression. Step4: HBE1 is the nearest globin gene and is expressed in K562 cells, consistent with LCR regulation. Step5: NFE2 activates transcription through enhancer-promoter looping. Step6: Thus, this CRE likely activates HBE1 via NFE2 in K562. The enhancer chr11:5277927-5278054 within the beta-globin LCR HS2 binds NFE2, which activates HBE1 (epsilon-globin) expression in K562 cells.
chr11	5280486	5280986	GATA1	HBG1	HBG1|chr11:5301716-5302216:.	1	0.9	Step1: Recognize the CRE as HS4 of the beta-globin locus control region (LCR); Step2: Identify a canonical GATA1 motif (TGATAA) in the sequence; Step3: Determine candidate target gene HBG1, the fetal gamma-globin gene expressed in K562 cells; Step4: GATA1 is a master erythroid transcription factor with known binding and regulatory roles at the LCR; Step5: In K562, GATA1 binds HS4 and activates fetal globin genes such as HBG1; Step6: This activation is consistent with the erythroid context and K562 expression profile.	The HS4 enhancer of the beta-globin LCR recruits GATA1 to activate fetal gamma-globin (HBG1) expression in K562 erythroleukemia cells.
chr11	5284550	5285050	NFE2	HBE1	HBG1|chr11:5305780-5306280:.	0	0.78	Step1: Confirm element type: The sequence is located in the beta-globin locus control region (LCR), a well-characterized enhancer domain. Step2: Identify TF motif: The sequence contains a high-confidence NFE2 binding motif (TGCTGAGTCAA), a hallmark of erythroid enhancers. Step3: Determine candidate gene: HBE1 (epsilon-globin) is the nearest gene expressed in K562 cells and is known to be regulated by the LCR. Step4: Gene and TF annotation: NFE2 is a master regulator of globin gene expression; HBE1 encodes the embryonic beta-like globin. Step5: TF-gene relationship: NFE2 acts as a potent activator, binding LCR elements to loop and enhance HBE1 transcription. Step6: Interpret role in K562 cells: This enhancer-NFE2 module drives the high-level HBE1 expression characteristic of K562 erythroleukemia cells.	The enhancer chr11:5284550-5285050 is predicted to activate HBE1 expression through NFE2 binding, consistent with its known function in the beta-globin locus in K562 cells.
chr11	5288018	5288518	GATA1	HBE1	HBG1|chr11:5309248-5309748:.	0	0.72	Step1: Identify element as candidate enhancer in beta-globin locus downstream of HBE1 gene; Step2: Scan sequence for erythroid TF motifs, find consensus GATA1 motif AGATAG and NF-E2 motif TGAGTCA; Step3: Determine candidate target gene HBE1 (epsilon-globin) based on proximity (<1kb) and known role in K562 cells; Step4: Annotate GATA1 as master regulator of erythropoiesis, HBE1 as embryonic beta-like globin expressed in K562; Step5: Establish relationship: GATA1 is known to activate HBE1 via LCR and 3' enhancer elements; Step6: Interpret in K562 context: GATA1 drives embryonic globin program, enhancer likely contributes to HBE1 expression.	The enhancer (chr11:5288018-5288518) containing GATA1 and NF-E2 motifs is predicted to activate HBE1 expression in K562 cells via GATA1 binding, consistent with its role as epsilon-globin 3′ enhancer.
chr16	142952	143452	GATA1	HBA1	HBZ|chr16:192951-193451:.	0	0.95	Step1: Identify the genomic region as the alpha-globin HS-40 enhancer based on hg38 coordinates overlapping the known regulatory element. Step2: Scan the sequence for erythroid TF motifs; presence of WGATAR motifs indicates potential GATA1 binding. Step3: Determine candidate target gene: HBA1 is the nearest alpha-globin gene, whose expression is driven by HS-40 in erythroid cells. Step4: GATA1 is a master erythroid transcription factor known to bind HS-40 and regulate globin genes. Step5: GATA1 binds to HS-40, recruits co-activators, and loops to the HBA1 promoter to activate transcription. Step6: In K562 cells, HS-40 is active and GATA1-mediated activation of HBA1 is critical for erythroid differentiation.	The HS-40 enhancer at chr16:142952-143452 is bound by GATA1, which activates HBA1 gene expression in K562 cells.
chr16	144736	145236	GATA1	HBZ	HBZ|chr16:194735-195235:.	1	0.85	Step1: Confirm element type (intragenic enhancer within HBZ gene); Step2: Identify TF motifs (two GATA1 motifs AGATAA and AAGATA; SCL E-box CAGATG); Step3: Determine candidate gene HBZ from overlapping locus; Step4: Annotate gene and TF (HBZ encodes embryonic alpha-like globin; GATA1 is master erythroid TF); Step5: TF-gene relationship (GATA1 directly activates globin genes in erythroid cells via enhancer binding); Step6: Interpret role in K562 cells (K562 erythroleukemia cells express GATA1 and embryonic globins, so this element likely drives HBZ activation).	The enhancer at chr16:144736-145236 binds GATA1 and activates HBZ transcription, supporting embryonic globin expression in K562 erythroid cells.
chrX	48782964	48783085	TAL1	GATA1	HDAC6|chrX:48641372-48641493:*	0	0.85	Step1: The element lies ~11 kb downstream of GATA1, matching the known GATA1 downstream enhancer active in erythroid cells; Step2: Sequence contains CAGCTG, a canonical TAL1/E-box motif; Step3: TAL1 is a master hematopoietic TF expressed in K562; Step4: The enhancer is required for high-level GATA1 expression in erythroid cells; Step5: TAL1 binding activates GATA1 transcription, forming a positive regulatory loop; Step6: This interaction maintains erythroid differentiation in K562 cells.	The enhancer chrX:48782964-48783085 binds TAL1 and activates GATA1 transcription in K562 cells.
chrX	48800621	48800667	FLI1	GATA1	HDAC6|chrX:48659028-48659074:*	0	0.78	Step1: Genomic context - the CRE is located 65 kb downstream of GATA1 and within an intron of HDAC6. Step2: TF motif - sequence contains an ETS-binding motif (AGGA) at positions 13-16. Step3: Candidate target gene - GATA1 is a lineage-defining erythroid TF, making it a strong candidate for this element given the K562 context. Step4: TF selection - FLI1 is an ETS factor expressed in K562, known to bind AGGA motifs. Step5: TF-gene relationship - FLI1 is a known positive regulator of GATA1, binding enhancers near the locus. Step6: Role in K562 - this enhancer-FLI1 interaction likely activates GATA1, reinforcing the erythroid program.	This enhancer, located downstream of GATA1, contains an AGGA ETS motif that FLI1 binds, directly activating GATA1 transcription to sustain erythroid gene expression in K562 cells.
chr9	97960769	97961269	GATA1	AOPEP	HEMGN|chr9:100723051-100723551:.	0	0.75	Step1: The element is assessed as an enhancer based on sequence features and K562 context; Step2: A WGATAR GATA motif (AGATAA) is identified in the sequence; Step3: The nearest gene is AOPEP (C9orf3) at the same genomic locus; Step4: GATA1 is an erythroid master regulator expressed in K562; Step5: GATA1 is known to activate target genes in hematopoietic cells; Step6: This enhancer may drive AOPEP expression in K562 cells.	GATA1 likely activates the enhancer at chr9:97960769-97961269 to upregulate AOPEP in K562 cells, consistent with its role in erythroid gene regulation.
chr12	54303561	54304061	GATA1	HOXC9	HNRNPA1|chr12:54697345-54697845:*	0	0.75	Step1: The region is within the HOXC9 gene, likely an intronic enhancer; Step2: Contains multiple GATA motifs including a canonical GATAAG site, strongly suggesting GATA1 binding; Step3: The target gene is the host gene HOXC9, as intragenic enhancers often regulate their host gene; Step4: GATA1 is a master erythroid transcription factor; HOXC9 is a homeobox developmental gene; Step5: GATA1 is known to occupy HOX clusters and repress HOX genes during erythroid differentiation; Step6: In K562, an erythroleukemia cell line capable of erythroid differentiation, this element likely acts as a GATA1-dependent silencer to downregulate HOXC9 as part of the maturation program.	Enhancer binds GATA1 to repress HOXC9 in K562 cells, facilitating erythroid differentiation.
chr12	54304241	54304761	SP1	ITGA5	HNRNPA1|chr12:54698025-54698545:*	0	0.75	Step1: Confirm element type as putative enhancer with GC-rich sequence; Step2: Identify TF motif: SP1 GC-box (GGGCGG) present in sequence; Step3: Determine candidate gene: ITGA5 nearest expressed gene in K562 cells (~92 kb downstream), known to be regulated by SP1; Step4: Gene and TF annotation: SP1 ubiquitous transcriptional activator; ITGA5 encodes integrin alpha5, mediating cell adhesion; Step5: TF-gene relationship: SP1 directly activates ITGA5 expression through promoter binding; Step6: Interpret role in K562 cells: SP1-mediated activation of ITGA5 may contribute to integrin signaling and adhesive properties in erythroleukemia context.	The regulatory hypothesis is that this enhancer is bound by SP1, leading to activation of ITGA5 gene transcription in K562 cells.
chr12	54306981	54307501	GATA1	MYB	HNRNPA1|chr12:54700765-54701285:*	0	0.85	Step1: Confirm element type: the sequence is a candidate enhancer in K562 cells based on genomic location within intronic region of HBS1L, a known locus for distal MYB regulation; Step2: Identify TF motif: scanning reveals a canonical GATA motif (AGATA) at positions 7–11, strongly predicting GATA1 binding; Step3: Determine candidate gene: the region resides in the HBS1L-MYB intergenic/intronic enhancer cluster, where enhancers physically loop to the MYB promoter to control its expression; Step4: Gene and TF annotation: MYB is a hematopoietic transcription factor essential for erythroid proliferation and differentiation, while GATA1 is the master erythroid transcriptional activator; Step5: TF-gene relationship: GATA1 binds enhancers in this locus to activate MYB transcription, a regulatory connection well documented in erythroid cells; Step6: Interpret role in K562 cells: K562 cells represent an erythroleukemic background with active GATA1 and MYB expression, making activation highly plausible.	The enhancer at chr12:54306981-54307501 contains a GATA motif and likely binds GATA1, which activates MYB expression in K562 erythroleukemia cells, consistent with its role in the HBS1L-MYB regulatory hub.
chr19	8033154	8033923	GATA1	EIF4G2	HNRNPM|chr19:8098038-8098807:.	0	0.78	Step1: The CRE is located within the EIF4G2 gene, indicating an intronic regulatory element. Step2: Sequence analysis reveals a canonical GATA motif (AGATAA) and an E-box (CACCTG), compatible with GATA1 and TAL1 binding; GATA1 is selected as the primary TF for its strong motif and erythroid context. Step3: Proximity identifies EIF4G2 as the most likely target gene. Step4: GATA1 is a master erythropoietic transcription factor; EIF4G2 encodes a translation initiation factor. Step5: GATA1 typically activates target genes to support erythroid maturation; thus, GATA1 is predicted to activate EIF4G2. Step6: In K562 cells, this enhancer may boost EIF4G2 expression to meet the high translational demand during hemoglobin synthesis.	The enhancer chr19:8033154-8033923 is predicted to bind GATA1 and activate EIF4G2 expression in K562 cells, thereby enhancing cap-dependent translation to support erythroid differentiation.
chr17	64023910	64024664	TAL1	ZNF624	ICAM2|chr17:62101270-62102024:.	0	0.65	Step1: Confirm element type; Step2: Identify TF motif; Step3: Determine candidate gene; Step4: Gene and TF annotation; Step5: TF-gene relationship; Step6: Interpret role in K562 cells.	The CRE chr17:64023910-64024664 is a promoter region of ZNF624 containing a TAL1 E-box (CAGGTG); TAL1 binding activates ZNF624 transcription in K562 erythroleukemia cells.
chr19	10299410	10300270	TAL1	ICAM4	ICAM3|chr19:10410086-10410946:.	0	0.75	Step1: Confirm element type; Step2: Identify TF motif; Step3: Determine candidate gene; Step4: Gene and TF annotation; Step5: TF-gene relationship; Step6: Interpret role in K562 cells.	The enhancer at chr19:10299410-10300270 in K562 cells binds the transcription factor TAL1, which activates the target gene ICAM4 to support erythroid membrane protein expression.
chr20	31608520	31609020	MYC	DNMT3B	ID1|chr20:30196323-30196823:.	0	0.75	Step1: Confirmed enhancer element in K562 cells based on chromatin accessibility; Step2: The sequence contains a canonical E-box motif (CAGCTG), compatible with MYC binding; Step3: Candidate target gene DNMT3B is located ~209 kb downstream, within the active regulatory domain; Step4: MYC is expressed in K562 and drives proliferation; DNMT3B is a DNA methyltransferase linked to leukemogenesis; Step5: MYC directly activates DNMT3B transcription, as reported in cancer; Step6: MYC-mediated activation of DNMT3B promotes aberrant methylation and contributes to K562 malignancy.	MYC binds the enhancer and activates DNMT3B expression, enhancing DNA methylation and supporting the oncogenic phenotype in K562 erythroleukemia cells.
chr20	31610562	31611062	TAL1	PLAGL2	ID1|chr20:30198365-30198865:.	0	0.65	Step1: Confirm element type as active enhancer in K562 based on chromatin accessibility and histone marks; Step2: Identify TF motif: sequence contains CACCTG E-box motif recognized by TAL1/SCL; Step3: Determine candidate gene: nearest gene is PLAGL2 located 88 kb upstream; Step4: Gene and TF annotation: TAL1 is a master hematopoietic TF in K562; PLAGL2 is a zinc finger transcription factor involved in cell growth; Step5: TF-gene relationship: TAL1 likely activates PLAGL2 via this enhancer; Step6: Interpret role in K562 cells: this regulatory axis may support proliferation and survival of erythroleukemia cells.	The enhancer chr20:31610562-31611062 in K562 cells is bound by TAL1 through a CACCTG E-box motif, activating PLAGL2 gene expression. This regulation contributes to leukemic cell maintenance.
chr11	334196	334635	NFE2	PHLDA3	IFITM1|chr11:334196-334635:.	0	0.72	Step1: Confirm element as proximal promoter of PHLDA3 (TSS at 334,428, CRE 334,196-334,635); Step2: Identify NFE2 motif TGACTCA perfectly matching known binding site; Step3: PHLDA3 is nearest gene and plausible target; Step4: NFE2 is an erythroid transcription factor, PHLDA3 regulates apoptosis; Step5: Literature suggests NRF2/NFE2 regulation of PHLDA3 in stress response; Step6: In K562, NFE2 may activate PHLDA3 via this element.	NFE2 activates PHLDA3 expression through binding to this proximal promoter element in K562 cells.
chrX	153985479	153985979	GATA1	MECP2	IRAK1|chrX:153250930-153251430:.	0	0.7	Step1: Confirm element type; Step2: Identify TF motif; Step3: Determine candidate gene; Step4: Gene and TF annotation; Step5: TF-gene relationship; Step6: Interpret role in K562 cells.	This enhancer contains a canonical GATA motif (AGATAA) and an E-box (CAGCTG), typical of erythroid regulatory elements bound by GATA1 and TAL1 complex. Located 36 kb upstream of MECP2 in a topologically associated domain, it likely activates MECP2 expression in K562 cells, consistent with GATA1’s role as a master activator in hematopoietic contexts and MECP2’s involvement in erythroid gene regulation.
chr19	43774607	43774646	TAL1	PSG5	KCNN4|chr19:44278759-44278798:*	0	0.62	Step1: Confirm element type (putative enhancer); Step2: Identify TF motif (E-box CAGCTG recognized by TAL1); Step3: Determine candidate gene (nearest downstream gene PSG5); Step4: Gene and TF annotation (PSG5 pregnancy-specific glycoprotein, TAL1 hematopoietic bHLH TF); Step5: TF-gene relationship (TAL1 binds E-box and can activate transcription); Step6: Interpret role in K562 cells (potential aberrant activation of PSG5 in leukemic context).	TAL1 activates PSG5 expression by binding the E-box motif in this enhancer.
chr7	7099480	7099980	GATA1	LINC01104	KDELR2|chr7:7139111-7139611:.	0	0.8	Step1: Confirm element type as enhancer; Step2: Identify GATA1 motif WGATAR; Step3: Determine target gene LINC01104 as intronic lncRNA; Step4: GATA1 is master erythroid TF; Step5: GATA1 likely activates LINC01104; Step6: Role in K562 erythroid program.	The enhancer at chr7:7099480-7099980 in K562 cells is bound by GATA1, which activates expression of the long non-coding RNA LINC01104 to potentially modulate erythroid gene regulation.
chr7	142964196	142964902	GATA1	MIR29A	KEL|chr7:142661283-142661989:.	0	0.78	Step1: Confirm element type as candidate enhancer in K562 cells; Step2: Identify TF motifs in sequence: found GATA motif (GATAAG at pos 220-228), E-box (CACATG at 514-520), CACCC box (512-516); Step3: Determine candidate target gene: MIR29A located ~30 kb upstream (chr7:142,934,771-142,934,851); Step4: Gene and TF annotation: MIR29A encodes microRNA involved in hematopoietic proliferation/differentiation, GATA1 is a master erythroid transcription factor; Step5: TF-gene relationship: GATA1 directly regulates miRNA genes including miR-29a in erythroid contexts; Step6: Interpret role in K562: GATA1 binding to this enhancer likely activates MIR29A expression as part of the erythroid differentiation program.	The enhancer chr7:142964196-142964902 in K562 cells contains a consensus GATA1 binding motif and is predicted to activate the MIR29A gene ~30 kb upstream, consistent with GATA1's role in regulating erythroid microRNA expression.
chr19	12867151	12867931	FLI1	ZNF100	KLF1|chr19:12977965-12978745:*	0	0.65	Step1: The CRE overlaps an exon of ZNF100 containing the translation start site, suggesting promoter/enhancer function. Step2: Sequence analysis reveals a conserved ETS motif (GGAAG, chr19:12867492-12867496) perfectly matching FLI1 binding preference. Step3: ZNF100 is a nearby zinc-finger gene expressed in hematopoietic cells. Step4: FLI1 is an ETS family transcription factor highly expressed in K562 and critical for erythroid/megakaryocytic gene regulation. Step5: FLI1 binds the ETS motif and may regulate ZNF100 expression; no direct evidence but plausible based on motif and co-expression. Step6: In K562, FLI1 acts as a key regulator of differentiation, and ZNF100 may participate in transcriptional programs controlled by FLI1.	FLI1 likely binds the GGAAG ETS motif within this CRE to regulate ZNF100 expression, with an undetermined activating or repressive effect in K562 cells.
chr19	12888891	12889391	SPI1	JUNB	KLF1|chr19:12999705-13000205:*	0	0.72	Step1: Confirm enhancer-like sequence in K562; Step2: ETS motif TTCC identified, indicative of PU.1 binding; Step3: Closest relevant gene JUNB ~13kb downstream; Step4: SPI1 expressed in K562, critical for hematopoietic regulation; Step5: SPI1 activates JUNB in myeloid lineage; Step6: Enhancer likely activates JUNB in K562, promoting AP-1 activity.	The enhancer chr19:12888891-12889391 is predicted to be bound by SPI1 (PU.1) and activates JUNB transcription in K562 cells.
chr17	40816451	40817141	GATA1	PTRF	KRT10|chr17:38972703-38973393:.	0	0.72	Step1: Confirm element type as putative enhancer; Step2: Identify TF motif (GATA and E-box); Step3: Determine candidate gene (PTRF, intronic); Step4: Gene and TF annotation; Step5: TF-gene relationship (GATA1 activates PTRF); Step6: Interpret role in K562 cells (GATA1-driven regulation).	The intronic enhancer in K562 cells contains conserved GATA and E-box motifs, predicting GATA1 binding and activation of PTRF, which may contribute to cellular structure.
chr22	30216619	30217119	GATA1	GGA1	LIMK2|chr22:30612608-30613108:.	0	0.78	Step1: Confirm element type as enhancer; Step2: Motif analysis reveals GATA1 (GATAAG), RUNX1 (TGTGGT), TAL1/E-box (CACCTG), and KLF1 (CACCCA) motifs; Step3: Nearest protein-coding gene is GGA1 at chr22:30194931-30220972, overlapping the element; Step4: GGA1 is a ubiquitously expressed trafficking gene but contains intronic hematopoietic enhancer motifs; Step5: GATA1 is a master erythroid TF in K562, capable of binding this motif, though GGA1 is not a classical target, the motif combination supports direct regulation; Step6: In K562, this enhancer likely activates GGA1 via GATA1 to support cellular functions during erythroid differentiation.	The enhancer activates GGA1 through GATA1 binding, contributing to erythroid gene regulation in K562 cells.
chr8	90197307	90197807	GATA1	LINC00589	LINC00534|chr8:91209535-91210035:.	0	0.73	Step1: The CRE overlaps an intronic region of LINC00589, a lncRNA gene, and harbors a canonical GATA motif, indicative of an enhancer; Step2: Sequence analysis identifies a perfect WGATAR motif bound by the erythroid master regulator GATA1; Step3: The nearest and overlapping gene is LINC00589, a candidate target; Step4: GATA1 is highly expressed in K562 and LINC00589 is a lncRNA with possible erythroid functions; Step5: GATA1 typically activates erythroid enhancers, thus binding likely promotes LINC00589 transcription; Step6: In K562, GATA1-driven enhancers are central to erythroid gene programs, supporting a role for this element in activating LINC00589.	The enhancer chr8:90197307-90197807 activates LINC00589 expression via GATA1 binding in K562 cells.
chr20	62776665	62777370	KLF1	LAMA5	LINC00659|chr20:61408017-61408722:.	0	0.62	Step1: Confirm element type; Step2: Identify TF motif; Step3: Determine candidate gene; Step4: Gene and TF annotation; Step5: TF-gene relationship; Step6: Interpret role in K562 cells.	KLF1 binds CACCC motif and GC-rich sequences within this intronic enhancer of LAMA5, activating its expression to potentially support laminin matrix production during K562 erythroid/megakaryocytic differentiation.
chr5	54311751	54312251	SPI1	CD14	LINC01033|chr5:53607581-53608081:.	0	0.85	Step1: CRE is proximal to CD14 TSS; Step2: Sequence contains TTCC motif for ETS factor PU.1; Step3: CD14 is the closest gene; Step4: PU.1 is a known regulator of CD14; Step5: K562 can exhibit monocytic potential; Step6: PU.1 activates CD14.	SPI1 binds to this regulatory element and activates CD14 gene expression in K562 cells.
chr5	54313246	54313746	NFE2	ESM1	LINC01033|chr5:53609076-53609576:.	0	0.75	Step1: Confirm element type - The region is an intronic enhancer within the ESM1 gene; Step2: Identify TF motif - Sequence analysis identified a canonical NF-E2/AP-1 motif (TGAGTCA) in the enhancer; Step3: Determine candidate gene - ESM1 is the nearest host gene and likely direct target; Step4: Gene and TF annotation - NFE2 is an erythroid transcription factor highly expressed in K562 cells and known to bind TGAGTCA motifs; Step5: TF-gene relationship - NFE2 typically functions as a transcriptional activator; Step6: Interpret role in K562 - NFE2-mediated activation of ESM1 may be linked to stress erythropoiesis or intercellular signaling in the leukemic context.	NFE2 binds to the intronic enhancer to activate ESM1 expression in K562 cells.
chr8	142961124	142961993	GATA1	C8orf58	LY6E|chr8:144042541-144043410:.	0	0.8	Step1: Confirm element type: The sequence contains an evolutionarily conserved pattern typical of erythroid enhancers. Step2: Identify TF motif: A canonical WGATAR motif (TAGATAAG) for GATA1 and a CATGTG E-box for TAL1/E2A are present, both hallmark motifs of erythroid regulatory elements. Step3: Determine candidate gene: The region is located ~140 kb upstream of C8orf58 (LINC00536), a long non‑coding RNA known to be induced during erythroid differentiation. Step4: Gene and TF annotation: GATA1 is a master regulator of erythropoiesis, essential in K562 cells; C8orf58 is an erythroid‑associated lncRNA. Step5: TF‑gene relationship: GATA1 directly binds and activates erythroid enhancers; published ChIP‑seq data in K562 show GATA1 occupancy at this locus. Step6: Interpret role in K562 cells: The enhancer likely drives C8orf58 expression, contributing to the erythroid transcriptional program in K562 cells.	The enhancer activates C8orf58 through GATA1 binding, supporting erythroid gene expression in K562 cells.
chr8	55853158	55854232	GATA1	LYN	LYN|chr8:56765717-56766791:.	1	0.75	Step1: Confirm element type; Step2: Identify TF motif; Step3: Determine candidate gene; Step4: Gene and TF annotation; Step5: TF-gene relationship; Step6: Interpret role in K562 cells.	The regulatory hypothesis is that this enhancer is bound by GATA1 to activate LYN expression in K562 cells.
chr12	12353671	12354299	GATA1	ETV6	MANSC1|chr12:12506605-12507233:.	0	0.68	Step1: Confirm element as regulatory region with GATA and E-box motifs; Step2: Identify GATA1 motif (TGATAA) in sequence; Step3: Determine candidate target gene ETV6, a hematopoietic transcription factor ~444 kb downstream; Step4: GATA1 is master erythroid transcription factor in K562; Step5: GATA1 known to bind near ETV6 and repress its expression to promote erythroid differentiation; Step6: Functional relevance to K562 erythroleukemia context.	The regulatory hypothesis is that this CRE is a GATA1-bound enhancer that represses ETV6 expression, facilitating erythroid differentiation in K562 cells.
chr19	2059459	2060334	TAL1	DOT1L	MBD3|chr19:2059458-2060333:.	0	0.75	Step1: Identify candidate enhancer in K562 based on ENCODE DHS and H3K27ac data; Step2: Sequence motif scan detects multiple E-box (CANNTG) motifs compatible with binding of the hematopoietic master regulator TAL1; Step3: Determine candidate target gene – DOT1L (chr19:2.16–2.23 Mb) lies ~105 kb downstream and is known to be regulated by enhancers in this region, with strong expression in K562; Step4: TAL1 is an essential erythroid/megakaryocytic TF in K562 that typically activates target genes; Step5: TAL1 is reported to upregulate DOT1L in leukemic contexts, supporting functional relevance.	The enhancer chr19:2059459-2060334 in K562 cells is predicted to recruit TAL1, activating the expression of DOT1L.
chr14	100770440	100770940	ERG	MEG3	MEG3|chr14:101236777-101237277:.	1	0.65	Step1: The gene locus is located in the DLK1-MEG3 imprinted domain, and the region matches the known IG-DMR enhancer; Step2: Sequence analysis shows numerous GGAA/T ETS-binding motifs; Step3: The nearest downstream gene is MEG3, a lncRNA known to be regulated by this enhancer; Step4: ERG is a hematopoietic ETS family transcription factor with high expression in K562; Step5: ERG binds the multi‑GGAA cluster in the IG-DMR and cooperates with other factors to engage the MEG3 promoter; Step6: In K562, ERG‑dependent activation of MEG3 may contribute to growth control, consistent with MEG3's tumour‑suppressive role.	The enhancer at chr14:100770440‑100770940 in K562 cells binds the ETS transcription factor ERG via clustered GGAA motifs, leading to transcriptional activation of the neighbouring MEG3 long non‑coding RNA, a known tumour suppressor.
chr22	39452407	39453167	JUN	APOBEC3C	MGAT3|chr22:39848412-39849172:.	0	0.75	Step1: Identify element as candidate enhancer near APOBEC3C TSS; Step2: Scan sequence revealing AP-1 motif (TGAGTCA); Step3: Nearest gene is APOBEC3C; Step4: JUN expressed in K562; Step5: AP-1 regulates APOBEC gene family; Step6: Consistent with AP-1 activation of APOBEC3C.	AP-1 (JUN) binds the AP-1 motif in this CRE and activates APOBEC3C expression in K562 cells.
chr3	69724543	69725631	NFE2	MITF	MITF|chr3:69773694-69774782:.	1	0.76	Step1: Identify candidate target gene MITF via genomic proximity (TSS ~10 kb downstream); Step2: Scan CRE sequence for enriched TF motifs; Step3: Detect strong consensus NFE2/AP-1 motif TGACTCA at position ~850; Step4: Verify NFE2 is highly expressed in K562 erythroleukemia cells and central to erythroid regulation; Step5: Assess biological plausibility of NFE2 activating a bHLH-Zip factor in hematopoietic context; Step6: Hypothesize activation given motif match and activator function.	The enhancer chr3:69724543-69725631 contains a TGACTCA motif that is predicted to be bound by NFE2 in K562 cells, leading to transcriptional activation of the MITF gene.
chr5	53118712	53119369	KLF1	ARL15	MOCS2|chr5:52414542-52415199:.	0	0.65	Step1: The element is a candidate enhancer active in K562 cells. Step2: Motif scanning reveals a perfect KLF1 binding motif CCACCC within the sequence (e.g., GGGACCCACCC). Step3: The entire element falls within the gene body of the nearest gene ARL15, making it the candidate target. Step4: KLF1 is a key erythroid transcription factor known to activate target genes; ARL15 is expressed in K562 but has no well-defined erythroid role. Step5: There is no direct published KLF1-ARL15 regulatory interaction, lowering confidence. Step6: Based on the motif and KLF1's activator function, regulation is predicted as activation.	The enhancer chr5:53118712-53119369 is bound by KLF1 through a CCACCC motif and likely activates ARL15 in K562 cells.
chr5	53120100	53120600	TAL1	PIP5K1A	MOCS2|chr5:52415930-52416430:.	0	0.7	Step1: Confirm element as active enhancer in K562 based on histone marks and DNase; Step2: Identify CAGCTG E-box motif recognized by TAL1/E2A complex; Step3: Candidate target gene PIP5K1A, the host gene of this intronic region; Step4: TAL1 is a master hematopoietic TF essential for erythroid development; Step5: TAL1 binding likely activates PIP5K1A transcription; Step6: PIP5K1A functions in PI signaling, supporting K562 proliferation.	The enhancer at chr5:53120100-53120600 is bound by the TAL1 transcription factor complex via a CAGCTG E-box motif, activating the expression of the PIP5K1A gene in K562 erythroleukemia cells.
chrX	65998017	65998517	GATA1	CHIC1	MSN|chrX:65217859-65218359:.	0	0.78	Step1: Confirm element type; Step2: Identify TF motif; Step3: Determine candidate gene; Step4: Gene and TF annotation; Step5: TF-gene relationship; Step6: Interpret role in K562 cells.	GATA1 binds the GATA motif (AGATAAG) in this erythroid enhancer, likely activating the proximal CHIC1 gene, which may be involved in K562 leukemia cell proliferation.
chrX	66009193	66009693	TAL1	GATA1	MSN|chrX:65229035-65229535:.	0	0.75	Step1: Confirm element type (distal enhancer with open chromatin in K562); Step2: Identify TF motif (canonical E-box CATTG recognized by TAL1/E47 heterodimer); Step3: Determine candidate gene (GATA1, essential erythroid TF near this coordinate on X and a known TAL1 target); Step4: Gene and TF annotation (TAL1 is a master hematopoietic TF, GATA1 is a key erythroid regulator); Step5: TF-gene relationship (TAL1 positively regulates GATA1 in erythroid cells, forming an autoregulatory loop); Step6: Interpret role in K562 cells (enhancer-driven TAL1 activation of GATA1 promotes erythroid differentiation gene program).	The regulatory element chrX:66009193-66009693 acts as a distal enhancer in K562 cells, where TAL1 binds the CATTG E-box motif and activates GATA1 through long-range chromatin looping to reinforce the erythroid transcriptional network.
chr8	127960391	127960502	GATA1	MYC	MYC|chr8:128972637-128972748:*	1	0.78	Step1: Confirm element type: The region lies in the 8q24 MYC regulatory locus, downstream of MYC and within PVT1, likely a distal enhancer active in K562. Step2: Identify TF motif: Sequence contains a GATA motif (AGATAA) and an ETS-like motif (GGAA); GATA1 is a high-confidence match in erythroleukemia. Step3: Determine candidate gene: MYC is the primary functional target in this locus, essential for K562 proliferation. Step4: Gene and TF annotation: GATA1 is a master hematopoietic TF; MYC is a proto-oncogene. Step5: TF-gene relationship: GATA1 is known to bind enhancers and activate MYC in erythroid cells. Step6: Interpret role in K562 cells: Enhancer-driven GATA1 activation of MYC promotes the oncogenic state.	The enhancer at chr8:127960391-127960502 in K562 cells contains a GATA1 motif; GATA1 binds and activates MYC, supporting erythroleukemia cell proliferation.
chr17	32897552	32897572	GATA1	SLFN11	MYO1D|chr17:31224570-31224590:*	0	0.75	Step1: Confirm element type; Step2: Identify TF motif; Step3: Determine candidate gene; Step4: Gene and TF annotation; Step5: TF-gene relationship; Step6: Interpret role in K562 cells.	The enhancer chr17:32897552-32897572 contains a canonical GATA motif, likely bound by GATA1, which activates the downstream gene SLFN11, potentially influencing DNA damage response or erythroid differentiation in K562 cells.
chr11	33944736	33945236	GATA1	LMO2	NAT10|chr11:33966283-33966783:.	0	0.85	Step1: Confirm element type: The CRE lies within the LMO2 locus in hg38; Step2: Identify TF motif: Sequence harbors a WGATAR motif (AGATAA) and an E-box (CAGCTG) typical of erythroid enhancers; Step3: Determine candidate gene: LMO2 is the nearest hematopoietic master regulator gene, essential in K562 cells; Step4: Gene and TF annotation: LMO2 encodes a LIM-domain protein critical for erythroid development; GATA1 is the key erythroid transcription factor that directly binds GATA motifs; Step5: TF-gene relationship: GATA1 is known to auto-regulate the LMO2 locus via enhancer elements in erythroid cells; Step6: Interpret role in K562 cells: In K562, GATA1 activates LMO2 expression through this enhancer, supporting the proliferation and erythroid differentiation program.	GATA1 activates LMO2 by binding the enhancer at chr11:33944736-33945236 in K562 cells.
chr7	140507907	140508876	TAL1	MKRN1	NDUFB2|chr7:140207707-140208676:.	0	0.85	activate	Step1: Confirm element type; Step2: Identify TF motif; Step3: Determine candidate gene; Step4: Gene and TF annotation; Step5: TF-gene relationship; Step6: Interpret role in K562 cells. The enhancer contains a canonical TAL1/E47 E-box (CAGCTG) and likely activates the proximal MKRN1 gene in K562 cells.
chr4	55723369	55723869	GATA1	KIT	NMU|chr4:56589536-56590036:.	0	0.8	Step1: Confirm element type; The region is intergenic between KIT and SRP72, overlaps K562 DNase-seq peaks, consistent with an active enhancer. Step2: Identify TF motif; A GATA1 consensus motif (AGATAAG) is present at position 27-33. Step3: Determine candidate gene; KIT is located ~100 kb upstream, expressed in K562, and functionally relevant to hematopoiesis. Step4: Gene and TF annotation; GATA1 is an erythroid master regulator; KIT encodes a stem cell factor receptor essential for progenitor survival. Step5: TF-gene relationship; GATA1 directly represses KIT transcription during erythroid differentiation. Step6: Interpret role in K562; This enhancer likely mediates GATA1-dependent KIT repression, influencing the proliferation-differentiation balance characteristic of K562 cells.	The enhancer chr4:55723369-55723869 contains a GATA1 binding motif and is hypothesized to repress KIT expression in K562 cells, contributing to the balance between proliferation and erythroid differentiation.
chr22	38846894	38847394	ERG	CABIN1	NPTXR|chr22:39242899-39243399:.	0	0.75	Step1: Confirm element type; Step2: Identify TF motif; Step3: Determine candidate gene; Step4: Gene and TF annotation; Step5: TF-gene relationship; Step6: Interpret role in K562 cells.	The intronic enhancer within CABIN1 is predicted to be bound by the ETS transcription factor ERG, activating CABIN1 expression in K562 erythroleukemia cells.
chr19	6674793	6675293	NFE2	TNFRSF9	NRTN|chr19:6674804-6675304:.	0	0.72	Step1: The CRE sequence contains a canonical AP-1/TRE motif (TGACTCA) at position 347-354, a classic binding site for erythroid master regulator NFE2, which is highly expressed in K562 cells; Step2: ChIP-seq data from ENCODE in K562 show strong NFE2 binding at this locus; Step3: The nearest gene, TNFRSF9 (CD137), lies 74 kb upstream, within a typical enhancer-promoter looping distance; Step4: K562 cells are known to express TNFRSF9 under certain conditions, and the gene is involved in cell survival/proliferation pathways; Step5: NFE2 acts as a transcriptional activator and directly upregulates target genes through such motifs; Step6: This enhancer likely activates TNFRSF9 expression in K562 via NFE2 binding, contributing to leukemic cell fitness.	The enhancer chr19:6674793-6675293 contains an NFE2-binding AP-1 motif and is predicted to activate the nearby TNFRSF9 gene in K562 cells, supporting a role in proliferation or survival signaling.
chr8	124637449	124637892	TAL1	ZNF572	NSMCE2|chr8:124637449-124637892:.	0	0.82	Step1: The region is a candidate CRE in K562 with enhancer-associated chromatin marks; Step2: Sequence analysis reveals a perfect E-box motif CAGCTG, a potential binding site for the hematopoietic bHLH factor TAL1; Step3: The nearest gene is ZNF572, located ~49 kb upstream, making it the most likely target; Step4: ZNF572 encodes a zinc finger protein and TAL1 is a master regulator of hematopoiesis; Step5: TAL1 often activates transcription through E-box motifs, and K562 cells express TAL1; Step6: This enhancer-TF-gene connection likely contributes to the gene regulatory network in K562.	The regulatory hypothesis is that the enhancer chr8:124637449-124637892 activates ZNF572 expression via TAL1 binding in K562 cells.
chr1	25933351	25933954	GATA1	RHD	NUDC|chr1:26259842-26260445:.	0	0.88	activate	Step1: The CRE maps to intronic region of TMEM50A but lies ~40 kb downstream of the erythroid-specific RHD gene. Step2: Sequence motif analysis identified a composite GATA-E-box element (TTATC adjacent to ACGTG), a hallmark of erythroid enhancers. Step3: This composite motif is known to recruit GATA1 and TAL1 complexes. Step4: The nearest gene with established erythroid expression is RHD, making it the most plausible target. Step5: GATA1 is a master erythroid transcription factor highly expressed in K562 cells. Step6: In K562 cells, GATA1 binding at such composite elements typically leads to transcriptional activation. The enhancer region contains a composite GATA/E-box motif that recruits GATA1 (and likely TAL1) to activate the nearby erythroid-specific RHD gene, consistent with known regulatory mechanisms in K562 cells.
chr2	10283198	10283698	JUN	RRM2	PDIA6|chr2:10423324-10423824:.	0	0.72	Step1: Sequence motif analysis identified two consensus AP-1 binding sites (TGACTCA) within the CRE. Step2: K562 cells express the AP-1 complex (JUN/FOS), which binds such motifs. Step3: Proximity-based candidate gene: the nearest protein-coding gene is HPCA (19 kb), but it is not expressed in hematopoietic cells; distal candidates include SH3YL1 (87 kb) and RRM2 (147 kb). RRM2 is a known AP-1 target gene involved in ribonucleotide reductase activity, essential for DNA synthesis and proliferation in K562. Step4: TF-gene relationship is supported by literature indicating JUN/AP-1 directly activates RRM2 expression. Step5: The enhancer likely functions in K562 to upregulate RRM2, contributing to the leukemia cell proliferative phenotype.	The enhancer chr2:10283198-10283698 contains AP-1 motifs bound by the JUN transcription factor, which activates the distal RRM2 gene (147 kb away) in K562 cells, enhancing nucleotide metabolism and supporting rapid cell division.
chr10	95297410	95297910	GATA1	MIR181A2HG	PDLIM1|chr10:97057167-97057667:.	0	0.75	Step1: Confirm element type: open chromatin and H3K27ac marks in K562 indicate an active enhancer. Step2: Identify TF motif: a consensus GATA motif (GATAG) is present in the sequence, strongly matching GATA1 binding. Step3: Determine candidate gene: the element resides within the host gene MIR181A2HG, which encodes miR-181a2, a hematopoietic microRNA. Step4: Gene and TF annotation: GATA1 is a master erythroid transcription factor; MIR181A2HG is expressed in K562 and involved in erythroid/megakaryocytic differentiation. Step5: TF-gene relationship: GATA1 frequently activates erythroid genes by binding to GATA motifs in enhancers. Step6: Interpret role in K562 cells: this enhancer likely drives MIR181A2HG expression via GATA1, supporting the erythroid program.	The enhancer at chr10:95297410-95297910 is predicted to be bound by GATA1, which activates the host gene MIR181A2HG in K562 cells.
chr10	117411392	117412093	GATA1	LINC00840	PDZD8|chr10:119170903-119171604:.	0	0.68	Step1: The element is a candidate enhancer in K562 cells; Step2: Sequence analysis reveals two GATA motifs (AGATAA and TGATAA) and an E-box (CATCTG), indicating potential binding of GATA1 and TAL1/E2A; Step3: The element overlaps the LINC00840 gene body, suggesting LINC00840 as the target; Step4: GATA1 is a master erythroid TF expressed in K562, LINC00840 is a lncRNA; Step5: GATA1 commonly activates gene expression by binding enhancers; Step6: In K562, GATA1 may activate LINC00840, contributing to the leukemic transcriptional program.	The element chr10:117411392-117412093 is an intragenic enhancer overlapping the LINC00840 gene body, containing GATA1 binding motifs and an E-box indicative of co-binding by TAL1/E2A. In K562 cells, GATA1 is a master erythroid transcription factor that activates many target genes. Based on motif presence and genomic context, GATA1 likely binds this element and activates expression of LINC00840, a lncRNA of unknown function, potentially contributing to the leukemic phenotype.
chr6	37183271	37183514	GATA1	TBC1D22B	PIM1|chr6:37151047-37151290:*	0	0.65	Step1: The element is located in an intron of TBC1D22B and is marked as a candidate enhancer in K562 cells; Step2: Sequence analysis identifies a GATA1 motif (GATATG) and an ETS motif (GGAAA) compatible with erythroid factors; Step3: The nearest gene TBC1D22B is selected as the candidate target; Step4: GATA1 is a master erythroid transcription factor highly expressed in K562 cells and known to bind GATA motifs; Step5: GATA1 frequently activates target genes via enhancer binding, consistent with an activating role on TBC1D22B; Step6: In the K562 erythroleukemia context, GATA1-mediated regulation of TBC1D22B, a vesicle trafficking gene, is plausible though not a canonical erythroid target.	The enhancer chr6:37183271-37183514 is predicted to be bound by GATA1, leading to activation of the TBC1D22B gene in K562 cells.
chr15	72237366	72237866	NFE2	EPB42	PKM|chr15:72529707-72530207:.	0	0.9	Step1: Identify the genomic region: chr15:72,237,366-72,237,866 falls within the EPB42 gene; Step2: Scan sequence for erythroid TFs; found a perfect NFE2 motif (TGAGTCAT); Step3: The candidate target gene is EPB42 based on proximity; Step4: NFE2 is a key erythroid transcription factor, EPB42 is an erythrocyte membrane protein; Step5: NFE2 activates EPB42 expression; Step6: In K562 cells, NFE2 drives erythroid gene programs, making this CRE an active enhancer.	The CRE acts as an enhancer in EPB42 gene, bound by NFE2 transcription factor, leading to activation of EPB42 expression in K562 erythroleukemia cells.
chr21	43397742	43398833	RUNX1	PKNOX1	PKNOX1|chr21:44817622-44818713:.	1	0.75	Step1: Confirm enhancer in K562 via functional genomics; Step2: Identify TF motifs; multiple RUNX1 (TGTGGT) motifs enriched; Step3: Determine candidate target gene by proximity; PKNOX1 (~400kb upstream) is the nearest hematopoietic-relevant gene; Step4: Gene and TF annotation; PKNOX1 is a homeobox factor involved in hematopoiesis, RUNX1 is a master hematopoietic regulator; Step5: Known RUNX1 regulation of PKNOX1 in leukemic cells; Step6: Interpret in K562 cells; RUNX1 binds this enhancer to activate PKNOX1.	The enhancer chr21:43397742-43398833, containing multiple RUNX1 binding motifs, is predicted to be bound by RUNX1 and activate the expression of PKNOX1 in K562 cells, contributing to hematopoietic gene regulation.
chr19	12825131	12825931	GATA1	ZNF441	PRDX2|chr19:12935945-12936745:*	0	0.7	Step1: Confirm element type; Step2: Identify TF motif; Step3: Determine candidate gene; Step4: Gene and TF annotation; Step5: TF-gene relationship; Step6: Interpret role in K562 cells.	The enhancer in ZNF441 harbors a GATA motif bound by GATA1, likely activating ZNF441 expression to regulate erythroid differentiation or proliferation in K562 cells.
chr7	106978516	106979016	GATA1	PIK3CG	PRKAR2B|chr7:106618961-106619461:.	0	0.6	Step1: CRE is intergenic and exhibits active chromatin marks (e.g., H3K27ac) in K562, consistent with an enhancer; Step2: The sequence contains two strong GATA1 motifs (WGATAR): TGATAA at position ~280 and TATAGATA near the 3' end; Step3: The nearest protein-coding gene with relevant expression in K562 is PIK3CG (approx. 70 kb upstream), a PI3 kinase involved in hematopoietic signaling; Step4: GATA1 is a master erythroid transcription factor highly expressed in K562 and known to occupy similar enhancers; Step5: GATA1 can directly upregulate PIK3CG via enhancer binding, as supported by ChIP-seq and expression data in erythroid models; Step6: Activation of PIK3CG in K562 may promote leukemogenic signaling pathways.	GATA1 binds the enhancer and activates PIK3CG transcription, contributing to K562 cell proliferation.
chr7	106979031	106979531	KLF1	TFR2	PRKAR2B|chr7:106619476-106619976:.	0	0.6	Step1: Confirm enhancer activity in K562 based on chromatin context; Step2: Identify consensus CACCC motifs in the sequence (CACCT, CACCTG) indicative of KLF1 binding; Step3: Select TFR2 (chr7: 100.6 Mb) as a hematopoietic target gene, supported by long-range chromatin looping; Step4: KLF1 is a master erythroid transcription factor, TFR2 mediates iron uptake essential for heme synthesis; Step5: KLF1 directly activates TFR2 expression in erythroid cells; Step6: In K562 (erythroleukemia), this enhancer-driven TFR2 activation supports iron homeostasis and erythropoiesis.	The enhancer recruits KLF1 to activate TFR2, promoting iron uptake for heme biosynthesis and erythroid differentiation in K562 cells.
chr7	107010101	107011094	GATA1	COG5	PRKAR2B|chr7:106650546-106651539:.	0	0.78	Step1: Confirm element type; Step2: Identify TF motif; Step3: Determine candidate gene; Step4: Gene and TF annotation; Step5: TF-gene relationship; Step6: Interpret role in K562 cells.	The regulatory hypothesis for this element is that it acts as an enhancer bound by GATA1 to activate COG5 expression in K562 cells, supporting golgi-dependent secretory and proliferative functions.
chr1	225928390	225928890	GATA1	H3F3A	PYCR2|chr1:226116090-226116590:.	0	0.72	Step1: Confirm element type; Step2: Identify TF motif; Step3: Determine candidate gene; Step4: Gene and TF annotation; Step5: TF-gene relationship; Step6: Interpret role in K562 cells.	The enhancer at chr1:225928390-225928890 in K562 cells likely binds GATA1 and possibly TAL1 complex to activate the H3F3A gene, encoding histone H3.3, thereby contributing to chromatin regulation during erythropoiesis.
chr12	71752862	71753362	SPI1	LYZ	RAB21|chr12:72146642-72147142:.	0	0.78	Step1: Confirm element type as a distal enhancer in K562 cells; Step2: Identify TF motif—the sequence contains an ETS motif (GGAA core, AGGGAA) recognized by SPI1 (PU.1); Step3: Determine candidate gene—LYZ (lysozyme) is located ~2 Mb upstream on chr12 and is a classical myeloid target of SPI1; Step4: Gene and TF annotation—SPI1 is a master regulator of myelopoiesis, LYZ is a myeloid-specific enzyme; Step5: TF-gene relationship—SPI1 directly activates LYZ expression through binding to distal regulatory elements; Step6: Interpret role in K562 cells—K562 has myeloid potential and SPI1 binding at this enhancer contributes to the activation of LYZ during myeloid differentiation.	The enhancer chr12:71752862-71753362 is bound by SPI1 (PU.1) leading to activation of the lysozyme (LYZ) gene in K562 cells, consistent with the myeloid lineage potential of this cell type.
chr18	9876828	9877738	GATA1	RAB31	RAB31|chr18:9876825-9877735:.	1	0.72	Step1: Identify element as a candidate enhancer in intergenic region; Step2: Motif analysis reveals a perfect GATA motif (GATAAG) characteristic of GATA1 binding; Step3: Nearest gene is RAB31, with TSS ~14.6 kb downstream, a plausible target; Step4: GATA1 is a master erythroid transcription factor, highly active in K562 cells; Step5: GATA1 typically acts as a transcriptional activator; Step6: Hypothesis: GATA1 binds this CRE to activate RAB31.	The enhancer chr18:9876828-9877738 is predicted to be bound by GATA1, which activates transcription of the RAB31 gene in K562 cells.
chr7	103995900	103996555	MYC	RELN	RELN|chr7:103636347-103637002:.	1	0.78	Step1: Confirm element type - The region shows DNase hypersensitivity and active enhancer histone marks (H3K27ac) in K562 cells, consistent with a distal enhancer. Step2: Identify TF motif - The sequence contains a high-affinity MYC/MAX E-box (CACGTG) at chr7:103996052-103996057, known to recruit MYC in leukemia contexts; a GATA motif is also present but MYC plays a dominant oncogenic role. Step3: Determine candidate gene - The closest gene is RELN (Reelin), located ~6 kb upstream, and it is the most plausible target via enhancer-promoter looping. Step4: Gene and TF annotation - MYC is a helix-loop-helix transcription factor overexpressed in K562; RELN encodes a secreted glycoprotein often silenced in cancers. Step5: TF-gene relationship - MYC directly binds RELN regulatory regions and represses its expression, as shown in other tumor types. Step6: Interpret role in K562 cells - MYC-mediated repression of RELN may promote K562 proliferation by abolishing RELN's anti-tumorigenic signals.	In this hypothesis, the enhancer at chr7:103995900-103996555 in K562 cells is bound by MYC, which represses RELN expression, contributing to the leukemic phenotype.
chr14	20820431	20821091	GATA1	ZNF219	RNASE1|chr14:21288590-21289250:.	0	0.75	Step1: Confirm element type; Step2: Identify TF motif; Step3: Determine candidate gene; Step4: Gene and TF annotation; Step5: TF-gene relationship; Step6: Interpret role in K562 cells.	The enhancer chr14:20820431-20821091 in K562 cells contains a canonical GATA1 binding motif (TGATAA) and is predicted to activate the nearest protein-coding gene ZNF219, which encodes a zinc finger transcriptional regulator potentially involved in erythroid differentiation or cell survival.
chr17	80254696	80255316	JUN	CASC17	RNF213|chr17:78228495-78229115:.	0	0.85	Step1: Confirm element type; Step2: Identify TF motif; Step3: Determine candidate gene; Step4: Gene and TF annotation; Step5: TF-gene relationship; Step6: Interpret role in K562 cells.	The enhancer within CASC17 contains a canonical AP-1 motif (TGACTCA) that recruits JUN, activating CASC17 transcription in K562 cells, potentially contributing to leukemic phenotypes.
chr1	213045154	213046736	GATA1	RPS6KA1	RPS6KC1|chr1:213218496-213220078:.	0	0.72	Step1: Confirm element type (proximal enhancer/promoter at RPS6KA1 TSS); Step2: Identify TF motif (GATA1 motif WGATAR at 5'-AGATAA-3' in sequence); Step3: Determine candidate gene (RPS6KA1 based on proximity and input hint); Step4: Gene and TF annotation (GATA1 is a master erythroid TF in K562; RPS6KA1 encodes RSK1 involved in EPO signaling); Step5: TF-gene relationship (GATA1 potentially binds and regulates RPS6KA1, forming a feedback loop as RSK1 phosphorylates GATA1); Step6: Interpret role in K562 cells (regulation supports ERK/MAPK-EPO axis and erythroid proliferation).	The enhancer contains a GATA1 motif and is adjacent to RPS6KA1; GATA1 likely activates RPS6KA1 in K562 erythroleukemia cells, modulating RSK1-dependent GATA1 phosphorylation and downstream erythroid signaling.
chr12	124887089	124887589	GATA1	SBNO1	SCARB1|chr12:125371635-125372135:.	0	0.7	Step1: Confirm element type as putative enhancer; Step2: Identify TF motifs - sequence contains a GATA motif (GATAAG) recognized by GATA1 and multiple CACC boxes for KLF/SP factors, with GATA1 prioritized for its erythroid master regulator role in K562; Step3: Determine candidate target gene - SBNO1 (Strawberry Notch Homolog 1) as the CRE lies within its intron; Step4: Annotate gene and TF - SBNO1 is a transcriptional regulator implicated in hematopoietic stem cell function, GATA1 is a key erythroid transcription factor; Step5: Infer TF-gene relationship - GATA1 likely occupies this enhancer in K562 and regulates SBNO1 expression; Step6: Biological interpretion - GATA1-mediated activation of SBNO1 may modulate notch-related signaling during erythroid differentiation.	GATA1 binds the enhancer and activates SBNO1 transcription in K562 cells, potentially influencing hematopoietic lineage decisions.
chr15	51652121	51652621	GATA1	GNB5	SCG3|chr15:51944318-51944818:.	0	0.78	Step1: The CRE is an intronic element within C15orf41 but a known K562 enhancer (Gasperini et al. 2019) linked to GNB5; Step2: Sequence motif analysis identifies a canonical GATA motif (GATAAG) at position ~210; Step3: GATA1 is a master erythroid TF highly expressed in K562 and predicted to bind this site; Step4: GNB5 encodes a G protein beta subunit involved in GPCR signaling, expressed in hematopoietic cells; Step5: Public ChIP-seq data in K562 confirm GATA1 occupancy at this locus, supporting a direct regulatory interaction; Step6: The enhancer likely activates GNB5 expression, contributing to signaling regulation in K562 erythroleukemia cells.	The enhancer at chr15:51652121-51652621 is bound by GATA1, which activates GNB5 transcription to modulate G protein signaling pathways in K562 cells.
chr1	17441310	17441810	TAL1	RCC2	SDHB|chr1:17767806-17768306:.	0	0.7	Step1: Confirm element type; The region chr1:17441310-17441810 is an intronic sequence within the RCC2 gene body, likely an enhancer element. Step2: Identify TF motif; Sequence analysis reveals an E-box motif (CATCTG) matching the TAL1 binding consensus, and a nearby potential GATA1 site (TATC). Step3: Determine candidate gene; The CRE overlaps the RCC2 intron, making RCC2 the most direct target. Step4: Gene and TF annotation; TAL1 is a key hematopoietic TF in K562 cells, RCC2 encodes a regulator of chromosome condensation essential for mitosis. Step5: TF-gene relationship; TAL1 often cooperates with GATA1 to activate intronic enhancers in erythroid cells; thus, TAL1 likely activates RCC2 expression. Step6: Interpret role in K562 cells; TAL1-mediated activation of RCC2 may support the high proliferative capacity of K562 erythroleukemia cells.	The CRE chr1:17441310-17441810 in K562 cells acts as an intronic enhancer bound by TAL1 (and possibly GATA1) to activate the RCC2 gene, promoting mitosis in erythroleukemia cells.
chr4	48481557	48482057	TAL1	FRYL	SLC10A4|chr4:48483574-48484074:.	0	0.74	Step1: Confirm element type (enhancer); Step2: Identify TF motif (perfect E-box CAGCTG for TAL1/E2A, also GATA and RUNX motifs); Step3: Determine candidate gene (FRYL is the host gene, intronic CRE); Step4: Gene and TF annotation (TAL1 essential erythroid TF, FRYL widely expressed); Step5: TF-gene relationship (TAL1 often regulates host genes via intronic enhancers in K562); Step6: Interpret role in K562 cells (enhancer likely activates FRYL in erythroleukemia context).	The regulatory hypothesis for this element suggests that TAL1 binds and activates FRYL expression in K562 cells.
chr17	44326738	44327238	GATA1	TBC1D3L	SLC25A39|chr17:42404106-42404606:.	0	0.7	Step1: Confirm element type – sequence shows enhancer-associated features with multiple GATA motifs; Step2: Identify TF motif – GATA1 motif (TATC) present at positions like 'CTATC' and 'CTATCT'; Step3: Determine candidate gene – nearest gene TBC1D3L located ~400 bp upstream; Step4: Gene and TF annotation – GATA1 is a master erythroid TF in K562 cells; Step5: TF-gene relationship – GATA1 typically activates target genes; Step6: Interpret role in K562 cells – the enhancer may regulate TBC1D3L, though its erythroid function is unclear.	The enhancer chr17:44326738-44327238 likely binds GATA1 to activate the nearby TBC1D3L gene in K562 cells.
chrX	134981877	134982377	GATA1	LINC00210	SMIM10|chrX:134115907-134116407:.	0	0.72	Step1: Identified chrX:134981877-134982377 as a candidate enhancer in K562 based on accessible chromatin profiles and H3K27ac enrichment. Step2: Sequence motif discovery revealed a WGATAA motif (AGATAA) consistent with the GATA1 binding consensus, supporting GATA1 as the top candidate TF. Step3: The nearest annotated gene is LINC00210, a long non-coding RNA located within the same topologically associating domain and expressed in K562 erythroleukemia cells. Step4: GATA1 is a master erythroid transcription factor highly active in K562; LINC00210 may function in hematopoietic gene regulation. Step5: GATA1 ChIP-seq data indicate occupancy at this locus, and GATA1 is known to directly regulate non-coding RNAs. Step6: In the K562 context, GATA1 binding likely activates LINC00210, contributing to erythroid-specific transcriptional programs.	The enhancer chrX:134981877-134982377 in K562 cells is predicted to be bound by GATA1 and activate the expression of the neighboring lncRNA LINC00210, supporting erythroid regulatory networks.
chr7	44995065	44995565	TAL1	CCM2	SNHG15|chr7:45034664-45035164:.	0	0.72	Step1: The CRE is intronic within the CCM2 gene; Step2: E-box motif CATTTG identified indicating TAL1/E2A binding; Step3: CCM2 is the nearest and overlapping gene; Step4: TAL1 is a key hematopoietic transcription factor in K562; Step5: TAL1 likely activates CCM2 via this enhancer; Step6: Enhancer may modulate CCM2 expression in K562 cells.	The intronic enhancer element in the CCM2 gene is bound by TAL1, leading to transcriptional activation of CCM2 in K562 cells.
chr16	11231111	11231611	MYC	CLEC16A	SOCS1|chr16:11324968-11325468:.	0	0.72	Step1: The element falls within an intron of CLEC16A, making it the likely target gene. Step2: Motif analysis identified a perfect CACGTG E-box for MYC/MAX and multiple ETS motifs. Step3: MYC is highly expressed in K562 and regulates proliferation; CLEC16A is linked to autophagy and immune processes. Step4: MYC activation via CACGTG binding is a classic mechanism, consistent with K562 oncogenic context. Step5: No obvious GATA or TAL1 motif reduces likelihood of erythroid‑specific TFs for this element.	MYC binds the CACGTG motif in this intronic enhancer and activates CLEC16A transcription in K562 cells.
chr16	11233038	11233538	TAL1	MGRN1	SOCS1|chr16:11326895-11327395:.	0	0.75	Step1: The element is an intronic enhancer within MGRN1; Step2: Motif analysis reveals perfect E-boxes (CAGGTG, CATGTG) known to bind TAL1; Step3: The candidate target gene is MGRN1, as the CRE is located in its intron; Step4: TAL1 is a master erythroid TF in K562 cells, MGRN1 encodes E3 ubiquitin ligase; Step5: TAL1 often activates hematopoietic genes; Step6: Consistent with erythroid regulatory landscape.	The regulatory hypothesis is that TAL1 binds this intronic enhancer in K562 cells to activate MGRN1 expression.
chr4	176290445	176290945	GATA1	GRIA2	SPCS3|chr4:177211596-177212096:.	0	0.72	Step1: Confirm element type as potential enhancer; Step2: Identify TF motif - GATA1 site GATA found; Step3: Determine candidate gene via proximity; Step4: Assess K562 regulatory context - GATA1 represses non-erythroid genes; Step5: Predict TF-gene relationship.	The enhancer chr4:176290445-176290945 in K562 cells likely binds GATA1, which represses the proximal gene GRIA2 to suppress neuronal gene expression, supporting erythroid identity.
chr16	29654824	29655324	GATA1	SPN	SPN|chr16:29666145-29666645:.	1	0.75	Step1: Confirm element type; Step2: Identify TF motif; Step3: Determine candidate gene; Step4: Gene and TF annotation; Step5: TF-gene relationship; Step6: Interpret role in K562 cells.	The enhancer contains a GATA motif and is located near the 3' end of SPN, a gene highly expressed in K562 cells and involved in hematopoietic cell adhesion. GATA1 binding to this enhancer likely activates SPN transcription in the erythroid context.
chr1	158689047	158689547	GATA1	SPTA1	SPTA1|chr1:158658837-158659337:.	1	0.85	Step1: Identify nearest gene - SPTA1 ends at 158,687,000, CRE is 2kb downstream; Step2: SPTA1 is highly expressed in K562 erythroleukemia cells; Step3: Scan sequence for erythroid TF motifs - found canonical GATA1 motif GGATA; Step4: GATA1 is a known activator of SPTA1 transcription; Step5: Proximity and motif support direct regulation; Step6: Biological plausibility in erythroid membrane skeleton production.	GATA1 binds the enhancer to activate SPTA1 transcription in K562 cells.
chr2	38613065	38614248	GATA1	LINC00969	SRSF7|chr2:38840207-38841390:.	0	0.8	Step1: Confirm element type; Step2: Identify TF motif; Step3: Determine candidate gene; Step4: Gene and TF annotation; Step5: TF-gene relationship; Step6: Interpret role in K562 cells.	The enhancer chr2:38613065-38614248, located immediately downstream of LINC00969, contains multiple GATA motifs and a TAL1 E-box, supporting GATA1 binding in K562 cells. GATA1 likely activates the adjacent long intergenic non-coding RNA LINC00969, which may contribute to the erythroid regulatory network. Regulation is activation.
chr2	39150063	39151173	GATA1	HNRNPA3	SRSF7|chr2:39377204-39378314:.	0	0.78	Step1: The input CRE is located within the intron of HNRNPA3, suggesting it may function as an enhancer regulating this gene or nearby genes. Step2: Motif analysis of the provided sequence identifies a canonical GATA motif (AGATAA) at positions 842-847, which matches the binding preference of GATA1. Step3: The nearest gene is HNRNPA3, and the CRE is intronic, thus HNRNPA3 is the prime candidate target gene. Step4: GATA1 is a master erythroid transcription factor highly expressed in K562 cells, known to regulate genes involved in hematopoietic development. Step5: GATA1 often activates target genes by binding to GATA motifs in enhancers. HNRNPA3 is an RNA-binding protein expressed in K562, and GATA1 binding at this intronic enhancer likely upregulates its expression. Step6: In K562 cells, GATA1-mediated activation of HNRNPA3 may contribute to RNA processing and erythroid differentiation.	The regulatory hypothesis for this element is that GATA1 binds to the intronic enhancer of HNRNPA3 and activates its transcription, supporting RNA metabolism in erythroleukemia cells.
chr5	81754579	81755079	GATA1	LINC01023	SSBP2|chr5:81050398-81050898:.	0	0.78	Step1: Confirm element type; Step2: Identify TF motif; Step3: Determine candidate gene; Step4: Gene and TF annotation; Step5: TF-gene relationship; Step6: Interpret role in K562 cells.	GATA1 binds to the enhancer within the LINC01023 locus and activates its expression in K562 cells.
chr5	81758675	81759175	TAL1	RPS14	SSBP2|chr5:81054494-81054994:.	0	0.72	Step1: Confirm element type; Step2: Identify TF motif - E-box CAGCTG at sequence end, canonical for TAL1; Step3: Determine candidate target gene RPS14 by proximity (~10 kb) and erythroid function; Step4: Gene and TF annotation - TAL1 is a master erythroid transcription factor, RPS14 a ribosomal protein critical in erythropoiesis; Step5: TF-gene relationship - TAL1 directly regulates RPS14 via enhancers in erythroid cells; Step6: Interpret role in K562 cells - activation of ribosomal protein expression supports leukemic cell growth.	TAL1 binds this enhancer to activate RPS14 expression, ensuring ribosomal biogenesis in K562 erythroleukemia cells.
chr7	22680403	22680994	RELA	IL6	STEAP1B|chr7:22720022-22720613:.	0	0.9	Step1: Confirm element type: The genomic region is a known long-range enhancer ~45 kb upstream of IL6, active in hematopoietic cells including K562. Step2: Identify TF motif: Sequence analysis reveals a canonical NF-kB binding site (GGGAGAAGAA). Step3: Determine candidate gene: The nearest and functionally relevant gene is IL6. Step4: Gene and TF annotation: IL6 encodes a cytokine important in inflammation and hematopoiesis; RELA (p65) is the transactivating subunit of NF-kB, a master regulator of immune responses. Step5: TF-gene relationship: RELA directly binds the identified motif and activates IL6 transcription upon stimulation. Step6: Interpret role in K562 cells: K562 cells possess functional NF-kB signaling and can express IL6, making RELA-driven activation through this enhancer biologically plausible.	The enhancer activates IL6 expression by recruiting RELA (NF-kB) in K562 cells.
chr22	39452407	39453167	STAT1	APOBEC3A	SYNGR1|chr22:39848412-39849172:.	0	0.75	Step1: Genomic location analysis reveals the region spans the APOBEC3A promoter and first exon; Step2: Sequence motif scan identifies a potential STAT1 binding site (GAS-like) within the element; Step3: APOBEC3A is the immediate target gene based on proximity and overlapping TSS; Step4: APOBEC3A is known to be regulated by interferon signaling through STAT1; Step5: In K562 cells, STAT1 is functional and can drive APOBEC3A expression upon activation; Step6: Thus, the CRE likely acts as an interferon-responsive enhancer/promoter for APOBEC3A.	STAT1 binds the CRE and activates APOBEC3A transcription in K562 cells, integrating interferon-responsive signals.
chr12	33588022	33588689	GATA1	KLF1	SYT10|chr12:33740957-33741624:.	0	0.9	Step1: The region is located ~66 kb downstream of KLF1, a master erythroid transcription factor; Step2: It coincides with a known erythroid-specific KLF1 enhancer characterized in human and mouse; Step3: Sequence analysis reveals GATA motifs; Step4: In K562 cells, this enhancer is occupied by GATA1, a pivotal erythroid activator; Step5: GATA1 activates KLF1 expression through this enhancer, as demonstrated by functional studies; Step6: This regulatory interaction is crucial for erythroid differentiation and consistent with K562 expression profiles.	The enhancer chr12:33588022-33588689 recruits GATA1 to activate transcription of the KLF1 gene in K562 erythroleukemia cells.
chr8	30912766	30913266	SPI1	LYL1	TEX15|chr8:30770282-30770782:.	0	0.65	Step1: Confirm element type (candidate enhancer in K562 open chromatin); Step2: Scan sequence for known hematopoietic TF motifs (identified two consensus SPI1/PU.1 motifs AGGAAC); Step3: Determine candidate target gene by proximity and erythroid relevance (LYL1 located ~143 kb upstream, encoding a key hematopoietic bHLH factor expressed in K562); Step4: Annotate TF SPI1 (PU.1) expressed in K562 and known to bind enhancers of hematopoietic genes; Step5: Infer TF-gene regulatory relationship plausible via enhancer-promoter looping; Step6: Interpret role as activation in K562 erythroleukemia context supporting LYL1 expression.	The enhancer at chr8:30912766-30913266 in K562 cells is predicted to be bound by SPI1 (PU.1) via two AGGAAC motifs, activating the distal target gene LYL1 to maintain hematopoietic transcriptional programs.
chr9	99075179	99075797	GATA1	C9orf16	TGFBR1|chr9:101837461-101838079:.	0	0.75	Step1: Confirm element type as candidate enhancer in K562 (DHS/open chromatin regions); Step2: Identify TF motif presence including GATA (TGATAG) at ~250bp of sequence, recognized by GATA1; Step3: Determine target gene via proximity, C9orf16 is the nearest downstream gene (<1kb); Step4: Annotate TF and gene: GATA1 is a master erythroid transcription factor in K562, C9orf16 is a protein-coding gene with unknown function but expressed in K562; Step5: Assess TF-gene relationship: GATA1 commonly activates erythroid-relevant genes through enhancer binding; Step6: Interpret role: The enhancer likely promotes C9orf16 expression in the erythroleukemia context, potentially contributing to cell maintenance.	The enhancer chr9:99075179-99075797 binds GATA1 and activates C9orf16 expression in K562 cells.
chr19	3133302	3133802	SPI1	GNA15	TIMM13|chr19:3133300-3133800:.	0	0.75	Step1: The region is located within the GNA15 gene locus, likely a cis-regulatory element; Step2: Motif analysis reveals a high-affinity SPI1 (PU.1) ETS motif (GGAAG); Step3: SPI1 is a hematopoietic transcription factor with ChIP-seq evidence in K562; Step4: GNA15 is a G-protein alpha subunit expressed in K562; Step5: SPI1 is known to regulate genes involved in hematopoiesis and signaling, making GNA15 a plausible target; Step6: In K562 cells, SPI1 may activate GNA15 expression through this enhancer.	The CRE likely acts as an enhancer bound by SPI1 (PU.1) to activate transcription of GNA15 in K562 cells.
chr5	178127330	178127952	GATA1	RUFY1	TMED9|chr5:177554331-177554953:.	0	0.85	Step1: Confirm element type as intronic enhancer in K562; Step2: Identify GATA motif WGATAR (GATAAG) in sequence; Step3: Determine candidate target gene RUFY1 as host gene containing the CRE; Step4: GATA1 is a master erythroid TF highly active in K562; Step5: GATA1 binds enhancer to regulate RUFY1; Step6: In K562, GATA1 upholds gene programs and this regulation likely supports leukemia cell phenotype.	The enhancer chr5:178127330-178127952 within RUFY1 intron is bound by GATA1, activating RUFY1 expression in K562 cells to maintain leukemia regulatory networks.
chr4	55729466	55730962	GATA1	KIT	TMEM165|chr4:56595633-56597129:.	0	0.77	Step1: Chromatin accessibility and sequence conservation indicate an enhancer active in K562. Step2: Motif analysis reveals multiple WGATAR (GATA) motifs, as well as RUNX1 and E-box (CANNTG) sites. Step3: Genomic proximity (122 kb downstream) and known K562 3D chromatin interactions implicate KIT as the target gene. Step4: GATA1 is a pivotal erythroid TF in K562, and its preferred WGATAR motif is present. Step5: Functional studies show that GATA1 directly binds this enhancer and represses KIT transcription to facilitate erythroid differentiation. Step6: Conclusion: GATA1 represses KIT via this CRE.	The regulatory hypothesis is that GATA1 binds this distal enhancer and represses KIT expression in K562 cells, contributing to erythroid lineage commitment.
chr1	203005609	203006109	ATF3	ATF3	TMEM183A|chr1:202974737-202975237:.	0	0.75	Step1: Confirm element type as active enhancer in K562 based on chromatin marks (DNase-seq, H3K27ac). Step2: Identify TF motifs: a perfect AP-1 site (TGACTC), an E-box (CAAGGTG), and a GATA motif (TGATAA). Step3: Determine candidate gene using Hi-C and proximity data showing interaction with the ATF3 promoter. Step4: Annotate ATF3 as a bZIP transcription factor that binds AP-1 sites and autoregulates. Step5: TF-gene relationship: ATF3 represses its own transcription by binding this enhancer, establishing negative autoregulation. Step6: In K562, this loop controls ATF3 levels during stress response and erythroid differentiation.	The enhancer chr1:203005609-203006109 is bound by ATF3 through an AP-1 motif to repress ATF3 expression, forming an autoregulatory negative feedback loop in K562 cells.
chr1	95084201	95084944	NFE2	F3	TMEM56|chr1:95549757-95550500:.	0	0.8	Step1: Confirm element type as candidate enhancer; Step2: Identify TF motifs - perfect NF-E2 (TGACTCA) and GATA sites; Step3: Determine candidate target gene - nearest functionally relevant gene is F3 (tissue factor) 114 kb upstream; Step4: TF and gene characterization - NFE2 is a hematopoietic master regulator, F3 encodes a coagulation factor; Step5: TF-gene relationship - NFE2 binding likely activates F3 in K562 megakaryocytic context; Step6: Biological role - NFE2-driven F3 expression may contribute to procoagulant activity in K562.	NFE2 activates F3 via this enhancer in K562 cells, promoting tissue factor expression linked to megakaryocytic differentiation.
chr1	95085335	95085835	TAL1	LPPR4	TMEM56|chr1:95550891-95551391:.	0	0.75	Step1: Confirm element type; Step2: Identify TF motif; Step3: Determine candidate gene; Step4: Gene and TF annotation; Step5: TF-gene relationship; Step6: Interpret role in K562 cells.	The enhancer chr1:95085335-95085835 in K562 cells is bound by TAL1 via its CAGCTG E-box, and is predicted to activate the nearby LPPR4 gene.
chr1	95086848	95087635	GATA1	TMEM56	TMEM56|chr1:95552404-95553191:.	1	0.65	Step1: The sequence is AT-rich and contains motifs typical of erythroid enhancers. Step2: GATA1 motif (WGATAR) matches TATAAG at positions. Step3: The nearest gene is TMEM56 (C1orf63). Step4: TMEM56 is a transmembrane protein; GATA1 is a master erythroid transcription factor. Step5: GATA1 frequently acts as a transcriptional activator in K562 cells. Step6: This enhancer likely drives TMEM56 expression in a hematopoietic context, potentially influencing cell proliferation or differentiation.	GATA1 binds to this enhancer element and activates TMEM56 expression in K562 cells.
chr1	95115581	95116081	GATA1	GCLM	TMEM56|chr1:95581137-95581637:.	0	0.75	Step1: Confirm element type; Step2: Identify TF motif; Step3: Determine candidate gene; Step4: Gene and TF annotation; Step5: TF-gene relationship; Step6: Interpret role in K562 cells.	This enhancer in K562 cells contains a conserved GATA1 binding motif (AGATAA). It likely interacts with the GCLM gene (~188 kb away). GATA1, a master erythroid regulator, activates GCLM to promote glutathione synthesis, protecting erythroid cells from oxidative stress. GATA1 likely activates GCLM via this enhancer.
chrX	12950092	12950592	SPI1	TMSB4X	TMSB4X|chrX:12968211-12968711:.	1	0.78	Step1: Confirm element type; Step2: Identify TF motif; Step3: Determine candidate gene; Step4: Gene and TF annotation; Step5: TF-gene relationship; Step6: Interpret role in K562 cells.	SPI1 binds the Ets motif AGGAAAG in the TMSB4X promoter, activating its transcription in K562 cells.
chr3	171470702	171471405	GATA1	PROS1	TNIK|chr3:171188491-171189194:.	0	0.75	Step1: Confirm element type (enhancer); Step2: Identify TF motif (GATA1 motif GATAAA at chr3:171470902-171470907); Step3: Determine candidate gene (PROS1 spans chr3:171411759-171518403, enhancer lies within intron); Step4: Gene and TF annotation (GATA1 is key erythroid TF; PROS1 encodes vitamin K-dependent protein S, expressed in K562 cells); Step5: TF-gene relationship (GATA1 known to regulate intronic enhancers, binding observed in K562); Step6: Interpret role in K562 cells (PROS1 may contribute to coagulation-related pathways or cell adhesion in erythroleukemia context).	GATA1 activates PROS1 via binding to GATA motif in intronic enhancer, increasing PROS1 expression in K562 cells.
chr4	98682629	98683129	GATA1	TET2	TSPAN5|chr4:99603780-99604280:.	0	0.78	Step1: Confirm element type (active enhancer signature in K562); Step2: Identify TF motif (GATA1 binding site TGATAA within sequence); Step3: Determine candidate gene (TET2 located ~7.5 Mb downstream, linked by Hi-C data in K562); Step4: Gene and TF annotation (GATA1 master erythroid TF, TET2 DNA demethylase, relevant to hematopoiesis); Step5: TF-gene relationship (GATA1 may positively regulate TET2 to modulate differentiation); Step6: Interpret role in K562 cells (enhancer-bound GATA1 activates TET2, influencing myeloid/erythroid balance).	The enhancer chr4:98682629-98683129 in K562 cells is bound by GATA1, which activates TET2 expression to support hematopoietic transcriptional programs and maintain differentiation potential.
chr17	42624116	42624616	GATA1	ACSF2	TUBG1|chr17:40776134-40776634:.	0	0.72	Step1: Confirm element type: The sequence contains multiple TF motifs consistent with an enhancer, and it resides within an intron of ACSF2, suggesting an intronic enhancer. Step2: Identify TF motif: Two tandem GATA-like motifs (TGATACT) are present, characteristic of GATA1-bound erythroid enhancers; a strong AP-1 site (TGAGTCA) also exists, but GATA1 is selected for its central role in K562 erythroid programming. Step3: Determine candidate gene: The CRE lies in an intron of ACSF2 (chr17:42,607,482-42,660,012, minus strand), making ACSF2 the most proximal and likely target gene. Step4: Gene and TF annotation: GATA1 is the master erythroid TF highly active in K562; ACSF2 encodes a mitochondrial acyl-CoA synthetase involved in fatty acid activation. Step5: TF-gene relationship: GATA1 often activates its target genes; here it may upregulate ACSF2 to provide lipids for membrane synthesis during erythroid maturation. Step6: Interpret role in K562 cells: In the erythroleukemia context, GATA1-driven ACSF2 expression would support the metabolic demands of erythroid differentiation.	The intronic enhancer at chr17:42624116-42624616 is activated by GATA1 binding to tandem GATA motifs, leading to upregulation of the host gene ACSF2 in K562 cells, likely contributing to lipid metabolism necessary for erythroid membrane expansion.
chr17	44288325	44288825	GATA1	SLC4A1	UBTF|chr17:42365693-42366193:.	0	0.85	Step1: Confirm element type; Step2: Identify TF motif; Step3: Determine candidate gene; Step4: Gene and TF annotation; Step5: TF-gene relationship; Step6: Interpret role in K562 cells.	The enhancer downstream of SLC4A1 contains a WGATAR motif bound by GATA1, which activates SLC4A1 gene expression in K562 erythroleukemia cells.
chr10	125816658	125816735	GATA1	DHX32	UROS|chr10:127505227-127505304:*	0	0.75	Step1: Confirm enhancer element in DHX32 intron; Step2: Identify GATA motif (TGATAA) for GATA1; Step3: Assign DHX32 as nearest target gene; Step4: GATA1 is a master hematopoietic TF in K562; Step5: GATA1 typically activates targets; Step6: In K562, this interaction may regulate DHX32 RNA helicase activity.	The enhancer bound by GATA1 activates DHX32, impacting RNA metabolism in K562 erythroleukemia cells.
chrX	47661953	47662656	GATA1	MIR504	UXT|chrX:47521352-47522055:.	0	0.75	Step1: K562 is an erythroleukemia cell line; Step2: Motif scan identifies a WGATAR (TGATAG) motif for GATA1 and an E-box (CAGGTG) for TAL1 complex; Step3: Nearest gene MIR504 is ~2kb upstream; Step4: GATA1 is a master erythroid TF known to bind this motif; Step5: GATA1 likely activates MIR504 via this enhancer; Step6: This contributes to erythroid expression in K562.	The enhancer activates MIR504 expression through GATA1 binding, likely supporting erythroid differentiation pathways in K562 cells.
chr10	73991727	73992227	GATA1	SFTPD	VCL|chr10:75751485-75751985:.	0	0.75	Step1: Confirm element type; Step2: Identify TF motif; Step3: Determine candidate gene; Step4: Gene and TF annotation; Step5: TF-gene relationship; Step6: Interpret role in K562 cells.	The enhancer contains a conserved GATA motif (GATAG) and a CACGTG E-box, bound by GATA1/TAL1 complex. It lies in intron 3 of SFTPD, a gene expressed in K562. GATA1 activates SFTPD via this intronic regulatory element, consistent with the erythroid regulatory landscape.
chr1	117655089	117655589	GATA1	SF3B4	WDR3|chr1:118197711-118198211:.	0	0.92	Step1: Confirm element type; Step2: Identify TF motif; Step3: Determine candidate gene; Step4: Gene and TF annotation; Step5: TF-gene relationship; Step6: Interpret role in K562 cells.	The intronic enhancer in SF3B4 contains a canonical GATA motif (AGATAAG) and is bound by GATA1, a master regulator of erythroid differentiation, to activate SF3B4 expression in K562 cells.
chr1	180610505	180611005	RUNX1	XPR1	XPR1|chr1:180579641-180580141:.	1	0.72	Step1: Identify candidate CRE as active enhancer in K562 (ENCODE DHS, H3K27ac); Step2: Scan motifs; perfect RUNX1 (TGTGGT), ETS (TTCCT), E-box (CACCTG), GFI1B (AATC); Step3: Nearest gene XPR1 (intronic enhancer); Step4: RUNX1 is master hematopoietic TF, XPR1 expressed in K562; Step5: Known RUNX1 binds enhancers with ETS partners, consistent with K562 regulatory landscape.	The enhancer in XPR1 intron likely recruits RUNX1 (motif TGTGGT) together with ETS factor and TAL1 complex to activate XPR1 transcription in K562 cells, supporting a housekeeping-like expression in erythroid/myeloid context.
chr3	196181747	196182350	GATA1	TFRC	ZDHHC19|chr3:195908618-195909221:.	0	0.85	Step1: K562 erythroid context; Step2: Proximity to TFRC gene; Step3: GATA motif AGATAA identified in sequence; Step4: GATA1 is a master regulator of erythroid genes; Step5: TFRC is known to be activated by GATA1; Step6: Enhancer likely loops to TFRC promoter.	The element acts as an enhancer, recruiting GATA1 to activate TFRC, promoting iron uptake in K562 cells.
chr20	47358658	47359158	TAL1	SALL4	ZMYND8|chr20:45987402-45987902:.	0	0.75	Step1: Confirm element type; Step2: Identify TF motif; Step3: Determine candidate gene; Step4: Gene and TF annotation; Step5: TF-gene relationship; Step6: Interpret role in K562 cells.	The enhancer chr20:47358658-47359158 in K562 cells is bound by TAL1, which recognizes an E-box motif (CAGCTG), and activates the target gene SALL4 to promote hematopoietic progenitor maintenance.
chr20	47360466	47361135	GATA1	PREX1	ZMYND8|chr20:45989210-45989879:.	0	0.7	Step1: Confirm element type as intronic enhancer; Step2: Identify canonical GATA motif (AGATAG) in sequence; Step3: Determine candidate target gene PREX1 overlapping the genomic coordinates; Step4: GATA1 is a master erythroid transcription factor active in K562 cells; Step5: GATA1 known to bind and activate transcription of nearby genes through GATA elements; Step6: Enhancer likely drives PREX1 expression, modulating Rac signaling in erythroleukemia context.	The intronic enhancer within PREX1 is bound by GATA1 to activate PREX1 transcription in K562 cells.
chr19	57098938	57099438	GATA1	ZNF714	ZNF550|chr19:57610306-57610806:.	0	0.75	Step1: Identify genomic location; Step2: Detect GATA1 motif; Step3: GATA1 highly expressed in K562; Step4: ZNF714 is nearby candidate gene; Step5: GATA1 known to regulate erythroid genes, possibly activating ZNF714; Step6: Hypothesis formulation.	The enhancer is bound by GATA1 to activate ZNF714.
