Enhancer_id	enh_chr	enh_start	enh_end	Gene	gene_chr	TSS	score_enh_2kb	score_enh_2kb_norm	in_seq_window	label
SMIM1|chr1:4186851-4187351:.	chr1	4126791	4127291	SMIM1	chr1	3772536	0.0	0.0	0	0
UROS|chr10:127505227-127505304:*	chr10	125816658	125816735	UROS	chr10	125823518	282.7425537109375	10587.96923570173	1	1
HBE1|chr11:3283025-3283525:*	chr11	3261795	3262295	HBE1	chr11	5270393	0.0	0.0	0	0
HBE1|chr11:3283745-3284245:*	chr11	3262515	3263015	HBE1	chr11	5270393	0.0	0.0	0	0
HBE1|chr11:3328845-3329345:*	chr11	3307615	3308115	HBE1	chr11	5270393	0.0	0.0	0	0
HBE1|chr11:3345785-3346285:*	chr11	3324555	3325055	HBE1	chr11	5270393	0.0	0.0	0	0
HBE1|chr11:3361165-3361665:*	chr11	3339935	3340435	HBE1	chr11	5270393	0.0	0.0	0	0
HBE1|chr11:3362425-3362945:*	chr11	3341195	3341715	HBE1	chr11	5270393	0.0	0.0	0	0
HBE1|chr11:3366865-3367365:*	chr11	3345635	3346135	HBE1	chr11	5270393	0.0	0.0	0	0
HBE1|chr11:3425325-3426265:*	chr11	3404095	3405035	HBE1	chr11	5270393	0.0	0.0	0	0
HBE1|chr11:3429445-3430345:*	chr11	3408215	3409115	HBE1	chr11	5270393	0.0	0.0	0	0
HBE1|chr11:3438125-3438625:*	chr11	3416895	3417395	HBE1	chr11	5270393	0.0	0.0	0	0
HBE1|chr11:3443685-3444185:*	chr11	3422455	3422955	HBE1	chr11	5270393	0.0	0.0	0	0
HBE1|chr11:3527205-3527705:*	chr11	3505975	3506475	HBE1	chr11	5270393	0.0	0.0	0	0
HBE1|chr11:3600805-3601305:*	chr11	3579575	3580075	HBE1	chr11	5270393	0.0	0.0	0	0
HBE1|chr11:3630805-3631345:*	chr11	3609575	3610115	HBE1	chr11	5270393	0.0	0.0	0	0
HBE1|chr11:3635385-3636265:*	chr11	3614155	3615035	HBE1	chr11	5270393	0.0	0.0	0	0
HBE1|chr11:3823125-3823625:*	chr11	3801895	3802395	HBE1	chr11	5270393	0.0	0.0	0	0
HBE1|chr11:3845905-3846425:*	chr11	3824675	3825195	HBE1	chr11	5270393	0.0	0.0	0	0
HBE1|chr11:3846485-3846985:*	chr11	3825255	3825755	HBE1	chr11	5270393	0.0	0.0	0	0
HBE1|chr11:3847085-3847625:*	chr11	3825855	3826395	HBE1	chr11	5270393	0.0	0.0	0	0
HBE1|chr11:3852845-3853365:*	chr11	3831615	3832135	HBE1	chr11	5270393	0.0	0.0	0	0
HBE1|chr11:3855725-3856625:*	chr11	3834495	3835395	HBE1	chr11	5270393	0.0	0.0	0	0
HBE1|chr11:3858925-3859445:*	chr11	3837695	3838215	HBE1	chr11	5270393	0.0	0.0	0	0
HBE1|chr11:3860325-3860865:*	chr11	3839095	3839635	HBE1	chr11	5270393	0.0	0.0	0	0
HBE1|chr11:3870345-3870865:*	chr11	3849115	3849635	HBE1	chr11	5270393	0.0	0.0	0	0
HBE1|chr11:3880705-3881465:*	chr11	3859475	3860235	HBE1	chr11	5270393	0.0	0.0	0	0
HBE1|chr11:3882025-3882525:*	chr11	3860795	3861295	HBE1	chr11	5270393	0.0	0.0	0	0
HBE1|chr11:3886925-3887885:*	chr11	3865695	3866655	HBE1	chr11	5270393	0.0	0.0	0	0
HBE1|chr11:3888585-3889085:*	chr11	3867355	3867855	HBE1	chr11	5270393	0.0	0.0	0	0
HBE1|chr11:3892385-3892885:*	chr11	3871155	3871655	HBE1	chr11	5270393	0.0	0.0	0	0
HBE1|chr11:3899845-3900365:*	chr11	3878615	3879135	HBE1	chr11	5270393	0.0	0.0	0	0
HBE1|chr11:3915325-3915905:*	chr11	3894095	3894675	HBE1	chr11	5270393	0.0	0.0	0	0
HBE1|chr11:3924705-3925205:*	chr11	3903475	3903975	HBE1	chr11	5270393	0.0	0.0	0	0
HBE1|chr11:3926145-3926645:*	chr11	3904915	3905415	HBE1	chr11	5270393	0.0	0.0	0	0
HBE1|chr11:3975625-3976145:*	chr11	3954395	3954915	HBE1	chr11	5270393	0.0	0.0	0	0
HBE1|chr11:3979985-3980605:*	chr11	3958755	3959375	HBE1	chr11	5270393	0.0	0.0	0	0
HBE1|chr11:3992645-3993525:*	chr11	3971415	3972295	HBE1	chr11	5270393	0.0	0.0	0	0
HBE1|chr11:3998165-3998725:*	chr11	3976935	3977495	HBE1	chr11	5270393	0.0	0.0	0	0
HBE1|chr11:4006085-4006585:*	chr11	3984855	3985355	HBE1	chr11	5270393	0.0	0.0	0	0
HBE1|chr11:4015145-4015645:*	chr11	3993915	3994415	HBE1	chr11	5270393	0.0	0.0	0	0
HBE1|chr11:4017125-4017645:*	chr11	3995895	3996415	HBE1	chr11	5270393	0.0	0.0	0	0
HBE1|chr11:4065185-4065725:*	chr11	4043955	4044495	HBE1	chr11	5270393	0.0	0.0	0	0
HBE1|chr11:4093825-4094385:*	chr11	4072595	4073155	HBE1	chr11	5270393	0.0	0.0	0	0
HBE1|chr11:4113185-4113705:*	chr11	4091955	4092475	HBE1	chr11	5270393	0.0	0.0	0	0
HBE1|chr11:4166925-4168165:*	chr11	4145695	4146935	HBE1	chr11	5270393	0.0	0.0	0	0
HBE1|chr11:4203245-4203765:*	chr11	4182015	4182535	HBE1	chr11	5270393	0.0	0.0	0	0
HBE1|chr11:4205725-4206225:*	chr11	4184495	4184995	HBE1	chr11	5270393	0.0	0.0	0	0
HBE1|chr11:4216045-4216565:*	chr11	4194815	4195335	HBE1	chr11	5270393	0.0	0.0	0	0
HBE1|chr11:4514425-4514925:*	chr11	4493195	4493695	HBE1	chr11	5270393	0.0	0.0	0	0
HBE1|chr11:4560705-4561205:*	chr11	4539475	4539975	HBE1	chr11	5270393	0.0	0.0	0	0
HBE1|chr11:4647325-4647865:*	chr11	4626095	4626635	HBE1	chr11	5270393	0.0	0.0	0	0
HBE1|chr11:4658065-4658585:*	chr11	4636835	4637355	HBE1	chr11	5270393	0.0	0.0	0	0
HBE1|chr11:4679685-4680725:*	chr11	4658455	4659495	HBE1	chr11	5270393	0.0	0.0	0	0
HBE1|chr11:4911585-4912085:*	chr11	4890355	4890855	HBE1	chr11	5270393	0.0	0.0	0	0
HBE1|chr11:4913165-4913705:*	chr11	4891935	4892475	HBE1	chr11	5270393	0.0	0.0	0	0
HBE1|chr11:5012205-5012765:*	chr11	4990975	4991535	HBE1	chr11	5270393	0.0	0.0	0	0
HBE1|chr11:5145265-5145765:*	chr11	5124035	5124535	HBE1	chr11	5270393	0.0	0.0	1	0
HBE1|chr11:5150525-5151065:*	chr11	5129295	5129835	HBE1	chr11	5270393	0.0	0.0	1	0
HBE1|chr11:5193045-5193545:*	chr11	5171815	5172315	HBE1	chr11	5270393	1.2657008171081543	231.40592733458908	1	0
HBE1|chr11:5217265-5217765:*	chr11	5196035	5196535	HBE1	chr11	5270393	6.4707112312316895	1183.0291272140028	1	0
HBE1|chr11:5225965-5226485:*	chr11	5204735	5205255	HBE1	chr11	5270393	11.513566970825195	2105.00586378703	1	0
HBE1|chr11:5245665-5246505:*	chr11	5224435	5225275	HBE1	chr11	5270393	13.932068824768066	2547.17644368028	1	0
HBE1|chr11:5246645-5247185:*	chr11	5225415	5225955	HBE1	chr11	5270393	16.37574005126953	2993.9486971433225	1	0
HBE1|chr11:5279785-5280285:*	chr11	5258555	5259055	HBE1	chr11	5270393	42.38047409057617	7748.349985438374	1	0
HBE1|chr11:5312405-5312905:*	chr11	5291175	5291675	HBE1	chr11	5270393	29.554393768310547	5403.379538296612	1	0
HBE1|chr11:5356345-5356865:*	chr11	5335115	5335635	HBE1	chr11	5270393	12.431241989135742	2272.7828263468896	1	0
HBE1|chr11:5384865-5385865:*	chr11	5363635	5364635	HBE1	chr11	5270393	18.607175827026367	3401.918304176029	1	0
HBE1|chr11:5390985-5391525:*	chr11	5369755	5370295	HBE1	chr11	5270393	0.0	0.0	1	0
HBE1|chr11:5401905-5402405:*	chr11	5380675	5381175	HBE1	chr11	5270393	0.0	0.0	1	0
HBE1|chr11:5497365-5497905:*	chr11	5476135	5476675	HBE1	chr11	5270393	0.0	0.0	0	0
HBE1|chr11:5528225-5528845:*	chr11	5506995	5507615	HBE1	chr11	5270393	0.0	0.0	0	0
HBE1|chr11:5552225-5553025:*	chr11	5530995	5531795	HBE1	chr11	5270393	0.0	0.0	0	0
HBE1|chr11:5621485-5622005:*	chr11	5600255	5600775	HBE1	chr11	5270393	0.0	0.0	0	0
HBE1|chr11:5711465-5713165:*	chr11	5690235	5691935	HBE1	chr11	5270393	0.0	0.0	0	0
HBE1|chr11:5831105-5832125:*	chr11	5809875	5810895	HBE1	chr11	5270393	0.0	0.0	0	0
HBE1|chr11:6271005-6271525:*	chr11	6249775	6250295	HBE1	chr11	5270393	0.0	0.0	0	0
HBE1|chr11:6272285-6272825:*	chr11	6251055	6251595	HBE1	chr11	5270393	0.0	0.0	0	0
HBE1|chr11:6273045-6273565:*	chr11	6251815	6252335	HBE1	chr11	5270393	0.0	0.0	0	0
HBE1|chr11:6337005-6337505:*	chr11	6315775	6316275	HBE1	chr11	5270393	0.0	0.0	0	0
HBE1|chr11:6374525-6375085:*	chr11	6353295	6353855	HBE1	chr11	5270393	0.0	0.0	0	0
HBE1|chr11:6378385-6378885:*	chr11	6357155	6357655	HBE1	chr11	5270393	0.0	0.0	0	0
HBE1|chr11:6384205-6384725:*	chr11	6362975	6363495	HBE1	chr11	5270393	0.0	0.0	0	0
HBE1|chr11:6388465-6389005:*	chr11	6367235	6367775	HBE1	chr11	5270393	0.0	0.0	0	0
HBE1|chr11:6400385-6400905:*	chr11	6379155	6379675	HBE1	chr11	5270393	0.0	0.0	0	0
HBE1|chr11:6460125-6460645:*	chr11	6438895	6439415	HBE1	chr11	5270393	0.0	0.0	0	0
HBE1|chr11:6464565-6465065:*	chr11	6443335	6443835	HBE1	chr11	5270393	0.0	0.0	0	0
HBE1|chr11:6490225-6490765:*	chr11	6468995	6469535	HBE1	chr11	5270393	0.0	0.0	0	0
HBE1|chr11:6496445-6496945:*	chr11	6475215	6475715	HBE1	chr11	5270393	0.0	0.0	0	0
HBE1|chr11:6552465-6552965:*	chr11	6531235	6531735	HBE1	chr11	5270393	0.0	0.0	0	0
HBE1|chr11:6576005-6576965:*	chr11	6554775	6555735	HBE1	chr11	5270393	0.0	0.0	0	0
HBE1|chr11:6584445-6584965:*	chr11	6563215	6563735	HBE1	chr11	5270393	0.0	0.0	0	0
HBE1|chr11:6589645-6590185:*	chr11	6568415	6568955	HBE1	chr11	5270393	0.0	0.0	0	0
HBE1|chr11:6597805-6598305:*	chr11	6576575	6577075	HBE1	chr11	5270393	0.0	0.0	0	0
HBE1|chr11:6628085-6628585:*	chr11	6606855	6607355	HBE1	chr11	5270393	0.0	0.0	0	0
HBE1|chr11:6656445-6657245:*	chr11	6635214	6636014	HBE1	chr11	5270393	0.0	0.0	0	0
HBE1|chr11:6659125-6660125:*	chr11	6637894	6638894	HBE1	chr11	5270393	0.0	0.0	0	0
HBE1|chr11:6667265-6668705:*	chr11	6646034	6647474	HBE1	chr11	5270393	0.0	0.0	0	0
HBE1|chr11:6672125-6672645:*	chr11	6650894	6651414	HBE1	chr11	5270393	0.0	0.0	0	0
HBE1|chr11:6688965-6689465:*	chr11	6667734	6668234	HBE1	chr11	5270393	0.0	0.0	0	0
HBE1|chr11:6703145-6703645:*	chr11	6681914	6682414	HBE1	chr11	5270393	0.0	0.0	0	0
HBE1|chr11:6711465-6712465:*	chr11	6690234	6691234	HBE1	chr11	5270393	0.0	0.0	0	0
HBE1|chr11:6715125-6715645:*	chr11	6693894	6694414	HBE1	chr11	5270393	0.0	0.0	0	0
HBE1|chr11:6724625-6725145:*	chr11	6703394	6703914	HBE1	chr11	5270393	0.0	0.0	0	0
HBE1|chr11:6727065-6727585:*	chr11	6705834	6706354	HBE1	chr11	5270393	0.0	0.0	0	0
HBE1|chr11:6732685-6733185:*	chr11	6711454	6711954	HBE1	chr11	5270393	0.0	0.0	0	0
HBE1|chr11:6749385-6749925:*	chr11	6728154	6728694	HBE1	chr11	5270393	0.0	0.0	0	0
HBE1|chr11:6759025-6759525:*	chr11	6737794	6738294	HBE1	chr11	5270393	0.0	0.0	0	0
HBE1|chr11:6766205-6767325:*	chr11	6744974	6746094	HBE1	chr11	5270393	0.0	0.0	0	0
HBE1|chr11:6768425-6768925:*	chr11	6747194	6747694	HBE1	chr11	5270393	0.0	0.0	0	0
HBE1|chr11:6776485-6776985:*	chr11	6755254	6755754	HBE1	chr11	5270393	0.0	0.0	0	0
HBE1|chr11:6778565-6779065:*	chr11	6757334	6757834	HBE1	chr11	5270393	0.0	0.0	0	0
HBE1|chr11:6833525-6834065:*	chr11	6812294	6812834	HBE1	chr11	5270393	0.0	0.0	0	0
HBE1|chr11:7093745-7094245:*	chr11	7072514	7073014	HBE1	chr11	5270393	0.0	0.0	0	0
HBE1|chr11:7100885-7101425:*	chr11	7079654	7080194	HBE1	chr11	5270393	0.0	0.0	0	0
HBE1|chr11:7102005-7102505:*	chr11	7080774	7081274	HBE1	chr11	5270393	0.0	0.0	0	0
HBE1|chr11:7119385-7119885:*	chr11	7098154	7098654	HBE1	chr11	5270393	0.0	0.0	0	0
HBE1|chr11:7299525-7300065:*	chr11	7278294	7278834	HBE1	chr11	5270393	0.0	0.0	0	0
HBE1|chr11:7463705-7464285:*	chr11	7442474	7443054	HBE1	chr11	5270393	0.0	0.0	0	0
HBE1|chr11:5272749-5272943:.	chr11	5272749	5272943	HBE1	chr11	5270393	73.23112487792969	13388.721989490798	1	1
HBE1|chr11:5277927-5278054:.	chr11	5277927	5278054	HBE1	chr11	5270393	24.403657913208008	4461.679263717685	1	1
HBG2|chr11:5150559-5151059:.	chr11	5129329	5129829	HBG2	chr11	5255031	0.0	0.0	1	0
FADS1|chr11:61609256-61609274:*	chr11	61841784	61841802	FADS1	chr11	61817307	38.68535614013672	4847.38605536161	1	1
FADS1|chr11:60631223-60632067:.	chr11	60863750	60864594	FADS1	chr11	61817307	0.0	0.0	0	0
FADS1|chr11:61809348-61810280:.	chr11	62041876	62042808	FADS1	chr11	61817307	0.0	0.0	0	0
COPZ1|chr12:54089985-54090485:*	chr12	53696201	53696701	COPZ1	chr12	54324839	0.0	0.0	0	0
COPZ1|chr12:54095465-54096005:*	chr12	53701681	53702221	COPZ1	chr12	54324839	0.0	0.0	0	0
COPZ1|chr12:54113365-54113885:*	chr12	53719581	53720101	COPZ1	chr12	54324839	0.0	0.0	0	0
COPZ1|chr12:54120005-54120525:*	chr12	53726221	53726741	COPZ1	chr12	54324839	0.0	0.0	0	0
COPZ1|chr12:54137285-54137825:*	chr12	53743501	53744041	COPZ1	chr12	54324839	0.0	0.0	0	0
COPZ1|chr12:54140345-54140845:*	chr12	53746561	53747061	COPZ1	chr12	54324839	0.0	0.0	0	0
COPZ1|chr12:54161385-54161905:*	chr12	53767601	53768121	COPZ1	chr12	54324839	0.0	0.0	0	0
COPZ1|chr12:54185445-54185945:*	chr12	53791661	53792161	COPZ1	chr12	54324839	0.0	0.0	0	0
COPZ1|chr12:54202705-54203225:*	chr12	53808921	53809441	COPZ1	chr12	54324839	0.0	0.0	0	0
COPZ1|chr12:54335385-54335985:*	chr12	53941601	53942201	COPZ1	chr12	54324839	0.0	0.0	0	0
COPZ1|chr12:54338465-54338985:*	chr12	53944681	53945201	COPZ1	chr12	54324839	0.0	0.0	0	0
COPZ1|chr12:54342605-54343125:*	chr12	53948821	53949341	COPZ1	chr12	54324839	0.0	0.0	0	0
COPZ1|chr12:54343245-54343805:*	chr12	53949461	53950021	COPZ1	chr12	54324839	0.0	0.0	0	0
COPZ1|chr12:54344065-54344565:*	chr12	53950281	53950781	COPZ1	chr12	54324839	0.0	0.0	0	0
COPZ1|chr12:54357185-54357705:*	chr12	53963401	53963921	COPZ1	chr12	54324839	0.0	0.0	0	0
COPZ1|chr12:54357725-54358345:*	chr12	53963941	53964561	COPZ1	chr12	54324839	0.0	0.0	0	0
COPZ1|chr12:54381545-54382065:*	chr12	53987761	53988281	COPZ1	chr12	54324839	0.0	0.0	0	0
COPZ1|chr12:54382805-54383305:*	chr12	53989021	53989521	COPZ1	chr12	54324839	0.0	0.0	0	0
COPZ1|chr12:54389105-54389625:*	chr12	53995321	53995841	COPZ1	chr12	54324839	0.0	0.0	0	0
COPZ1|chr12:54397785-54398285:*	chr12	54004001	54004501	COPZ1	chr12	54324839	0.0	0.0	0	0
COPZ1|chr12:54399665-54400165:*	chr12	54005881	54006381	COPZ1	chr12	54324839	0.0	0.0	0	0
COPZ1|chr12:54411545-54412065:*	chr12	54017761	54018281	COPZ1	chr12	54324839	0.0	0.0	0	0
COPZ1|chr12:54412345-54412885:*	chr12	54018561	54019101	COPZ1	chr12	54324839	0.0	0.0	0	0
COPZ1|chr12:54433825-54434345:*	chr12	54040041	54040561	COPZ1	chr12	54324839	0.0	0.0	0	0
COPZ1|chr12:54476285-54476785:*	chr12	54082501	54083001	COPZ1	chr12	54324839	0.0	0.0	0	0
COPZ1|chr12:54477645-54478185:*	chr12	54083861	54084401	COPZ1	chr12	54324839	0.0	0.0	0	0
COPZ1|chr12:54486645-54487205:*	chr12	54092861	54093421	COPZ1	chr12	54324839	0.0	0.0	0	0
COPZ1|chr12:54532765-54533265:*	chr12	54138981	54139481	COPZ1	chr12	54324839	0.0	0.0	1	0
COPZ1|chr12:54552865-54553385:*	chr12	54159081	54159601	COPZ1	chr12	54324839	0.0	0.0	1	0
COPZ1|chr12:54555385-54555905:*	chr12	54161601	54162121	COPZ1	chr12	54324839	0.0	0.0	1	0
COPZ1|chr12:54562745-54563305:*	chr12	54168961	54169521	COPZ1	chr12	54324839	0.0	0.0	1	0
COPZ1|chr12:54569125-54569625:*	chr12	54175341	54175841	COPZ1	chr12	54324839	0.0	0.0	1	0
COPZ1|chr12:54585265-54585765:*	chr12	54191481	54191981	COPZ1	chr12	54324839	0.0	0.0	1	0
COPZ1|chr12:54589485-54589985:*	chr12	54195701	54196201	COPZ1	chr12	54324839	0.0	0.0	1	0
COPZ1|chr12:54591285-54591785:*	chr12	54197501	54198001	COPZ1	chr12	54324839	0.0	0.0	1	0
COPZ1|chr12:54595045-54595565:*	chr12	54201261	54201781	COPZ1	chr12	54324839	0.0	0.0	1	0
COPZ1|chr12:54601485-54602005:*	chr12	54207701	54208221	COPZ1	chr12	54324839	0.0	0.0	1	0
COPZ1|chr12:54603585-54604125:*	chr12	54209801	54210341	COPZ1	chr12	54324839	0.0	0.0	1	0
COPZ1|chr12:54655565-54656105:*	chr12	54261781	54262321	COPZ1	chr12	54324839	9.02186393737793	1052.7725168940965	1	0
COPZ1|chr12:54656205-54656725:*	chr12	54262421	54262941	COPZ1	chr12	54324839	7.765822887420654	906.2035255344088	1	0
COPZ1|chr12:54659645-54660145:*	chr12	54265861	54266361	COPZ1	chr12	54324839	7.603250503540039	887.2327519843467	1	0
COPZ1|chr12:54690425-54690925:*	chr12	54296641	54297141	COPZ1	chr12	54324839	25.3299503326416	2955.783389064037	1	0
COPZ1|chr12:54691565-54692125:*	chr12	54297781	54298341	COPZ1	chr12	54324839	23.714824676513672	2767.31236867352	1	0
COPZ1|chr12:54697345-54697845:*	chr12	54303561	54304061	COPZ1	chr12	54324839	64.34526062011719	7508.528441954674	1	0
COPZ1|chr12:54698025-54698545:*	chr12	54304241	54304761	COPZ1	chr12	54324839	58.38154602050781	6812.615172518517	1	0
COPZ1|chr12:54776885-54777385:*	chr12	54383101	54383601	COPZ1	chr12	54324839	9.770636558532717	1140.1477247697785	1	0
COPZ1|chr12:54782505-54783045:*	chr12	54388721	54389261	COPZ1	chr12	54324839	8.214828491210938	958.5985475479232	1	0
COPZ1|chr12:54787465-54788485:*	chr12	54393681	54394701	COPZ1	chr12	54324839	11.154154777526855	1301.5921854365856	1	0
COPZ1|chr12:54793025-54793545:*	chr12	54399241	54399761	COPZ1	chr12	54324839	10.543343544006348	1230.315863367882	1	0
COPZ1|chr12:54798085-54798625:*	chr12	54404301	54404841	COPZ1	chr12	54324839	5.220939636230469	609.2379357013407	1	0
COPZ1|chr12:54810925-54811465:*	chr12	54417141	54417681	COPZ1	chr12	54324839	7.529118061065674	878.5821451264997	1	0
COPZ1|chr12:54816905-54817445:*	chr12	54423121	54423661	COPZ1	chr12	54324839	0.89934241771698	104.94538459252148	1	0
COPZ1|chr12:54819145-54819885:*	chr12	54425361	54426101	COPZ1	chr12	54324839	0.0	0.0	1	0
COPZ1|chr12:54821185-54821825:*	chr12	54427401	54428041	COPZ1	chr12	54324839	0.0	0.0	1	0
COPZ1|chr12:54822445-54822965:*	chr12	54428661	54429181	COPZ1	chr12	54324839	0.0	0.0	1	0
COPZ1|chr12:54825905-54826665:*	chr12	54432121	54432881	COPZ1	chr12	54324839	0.0	0.0	1	0
COPZ1|chr12:54833265-54833765:*	chr12	54439481	54439981	COPZ1	chr12	54324839	0.0	0.0	1	0
COPZ1|chr12:54842025-54842525:*	chr12	54448241	54448741	COPZ1	chr12	54324839	0.0	0.0	1	0
COPZ1|chr12:54856705-54857265:*	chr12	54462921	54463481	COPZ1	chr12	54324839	0.0	0.0	1	0
COPZ1|chr12:54869225-54869725:*	chr12	54475441	54475941	COPZ1	chr12	54324839	0.0	0.0	1	0
COPZ1|chr12:54879405-54880445:*	chr12	54485621	54486661	COPZ1	chr12	54324839	0.0	0.0	1	0
COPZ1|chr12:54883625-54884165:*	chr12	54489841	54490381	COPZ1	chr12	54324839	0.0	0.0	1	0
COPZ1|chr12:54920785-54921305:*	chr12	54527001	54527521	COPZ1	chr12	54324839	0.0	0.0	0	0
COPZ1|chr12:54926925-54927565:*	chr12	54533141	54533781	COPZ1	chr12	54324839	0.0	0.0	0	0
COPZ1|chr12:54954065-54954585:*	chr12	54560281	54560801	COPZ1	chr12	54324839	0.0	0.0	0	0
COPZ1|chr12:54973425-54973925:*	chr12	54579641	54580141	COPZ1	chr12	54324839	0.0	0.0	0	0
COPZ1|chr12:54990145-54990645:*	chr12	54596361	54596861	COPZ1	chr12	54324839	0.0	0.0	0	0
COPZ1|chr12:54996865-54997385:*	chr12	54603081	54603601	COPZ1	chr12	54324839	0.0	0.0	0	0
COPZ1|chr12:55052345-55052925:*	chr12	54658561	54659141	COPZ1	chr12	54324839	0.0	0.0	0	0
COPZ1|chr12:55095945-55096445:*	chr12	54702161	54702661	COPZ1	chr12	54324839	0.0	0.0	0	0
COPZ1|chr12:55142965-55143485:*	chr12	54749181	54749701	COPZ1	chr12	54324839	0.0	0.0	0	0
COPZ1|chr12:55153425-55153925:*	chr12	54759641	54760141	COPZ1	chr12	54324839	0.0	0.0	0	0
COPZ1|chr12:53759601-53760101:.	chr12	53365817	53366317	COPZ1	chr12	54324839	0.0	0.0	0	0
COPZ1|chr12:53764438-53765834:.	chr12	53370654	53372050	COPZ1	chr12	54324839	0.0	0.0	0	0
HNRNPA1|chr12:54089985-54090485:*	chr12	53696201	53696701	HNRNPA1	chr12	54280439	0.0	0.0	0	0
HNRNPA1|chr12:54095465-54096005:*	chr12	53701681	53702221	HNRNPA1	chr12	54280439	0.0	0.0	0	0
HNRNPA1|chr12:54113365-54113885:*	chr12	53719581	53720101	HNRNPA1	chr12	54280439	0.0	0.0	0	0
HNRNPA1|chr12:54137285-54137825:*	chr12	53743501	53744041	HNRNPA1	chr12	54280439	0.0	0.0	0	0
HNRNPA1|chr12:54140345-54140845:*	chr12	53746561	53747061	HNRNPA1	chr12	54280439	0.0	0.0	0	0
HNRNPA1|chr12:54161385-54161905:*	chr12	53767601	53768121	HNRNPA1	chr12	54280439	0.0	0.0	0	0
HNRNPA1|chr12:54185445-54185945:*	chr12	53791661	53792161	HNRNPA1	chr12	54280439	0.0	0.0	0	0
HNRNPA1|chr12:54202705-54203225:*	chr12	53808921	53809441	HNRNPA1	chr12	54280439	0.0	0.0	0	0
HNRNPA1|chr12:54335385-54335985:*	chr12	53941601	53942201	HNRNPA1	chr12	54280439	0.0	0.0	0	0
HNRNPA1|chr12:54338465-54338985:*	chr12	53944681	53945201	HNRNPA1	chr12	54280439	0.0	0.0	0	0
HNRNPA1|chr12:54342605-54343125:*	chr12	53948821	53949341	HNRNPA1	chr12	54280439	0.0	0.0	0	0
HNRNPA1|chr12:54343245-54343805:*	chr12	53949461	53950021	HNRNPA1	chr12	54280439	0.0	0.0	0	0
HNRNPA1|chr12:54344065-54344565:*	chr12	53950281	53950781	HNRNPA1	chr12	54280439	0.0	0.0	0	0
HNRNPA1|chr12:54357185-54357705:*	chr12	53963401	53963921	HNRNPA1	chr12	54280439	0.0	0.0	0	0
HNRNPA1|chr12:54357725-54358345:*	chr12	53963941	53964561	HNRNPA1	chr12	54280439	0.0	0.0	0	0
HNRNPA1|chr12:54389105-54389625:*	chr12	53995321	53995841	HNRNPA1	chr12	54280439	0.0	0.0	0	0
HNRNPA1|chr12:54397785-54398285:*	chr12	54004001	54004501	HNRNPA1	chr12	54280439	0.0	0.0	0	0
HNRNPA1|chr12:54433825-54434345:*	chr12	54040041	54040561	HNRNPA1	chr12	54280439	0.0	0.0	0	0
HNRNPA1|chr12:54476285-54476785:*	chr12	54082501	54083001	HNRNPA1	chr12	54280439	0.0	0.0	0	0
HNRNPA1|chr12:54532765-54533265:*	chr12	54138981	54139481	HNRNPA1	chr12	54280439	0.0	0.0	1	0
HNRNPA1|chr12:54552865-54553385:*	chr12	54159081	54159601	HNRNPA1	chr12	54280439	0.0	0.0	1	0
HNRNPA1|chr12:54555385-54555905:*	chr12	54161601	54162121	HNRNPA1	chr12	54280439	0.0	0.0	1	0
HNRNPA1|chr12:54562745-54563305:*	chr12	54168961	54169521	HNRNPA1	chr12	54280439	0.0	0.0	1	0
HNRNPA1|chr12:54569125-54569625:*	chr12	54175341	54175841	HNRNPA1	chr12	54280439	0.0	0.0	1	0
HNRNPA1|chr12:54585265-54585765:*	chr12	54191481	54191981	HNRNPA1	chr12	54280439	18.25831413269043	791.277453917979	1	0
HNRNPA1|chr12:54589485-54589985:*	chr12	54195701	54196201	HNRNPA1	chr12	54280439	37.3408203125	1618.2736812037697	1	0
HNRNPA1|chr12:54591285-54591785:*	chr12	54197501	54198001	HNRNPA1	chr12	54280439	27.627195358276367	1197.305328581849	1	0
HNRNPA1|chr12:54595045-54595565:*	chr12	54201261	54201781	HNRNPA1	chr12	54280439	19.29386711120605	836.156171541197	1	0
HNRNPA1|chr12:54601485-54602005:*	chr12	54207701	54208221	HNRNPA1	chr12	54280439	25.658321380615234	1111.9784152202428	1	0
HNRNPA1|chr12:54603585-54604125:*	chr12	54209801	54210341	HNRNPA1	chr12	54280439	12.998483657836914	563.3273137278452	1	0
HNRNPA1|chr12:54681925-54682925:*	chr12	54288141	54289141	HNRNPA1	chr12	54280439	107.65316772460938	4665.464940753649	1	0
HNRNPA1|chr12:54687885-54688405:*	chr12	54294101	54294621	HNRNPA1	chr12	54280439	132.22288513183594	5730.265518297973	1	0
HNRNPA1|chr12:54688465-54688965:*	chr12	54294681	54295181	HNRNPA1	chr12	54280439	163.0799102783203	7067.54496896078	1	0
HNRNPA1|chr12:54690425-54690925:*	chr12	54296641	54297141	HNRNPA1	chr12	54280439	103.16494750976562	4470.954788369637	1	0
HNRNPA1|chr12:54691565-54692125:*	chr12	54297781	54298341	HNRNPA1	chr12	54280439	49.87139892578125	2161.322961064924	1	0
HNRNPA1|chr12:54697345-54697845:*	chr12	54303561	54304061	HNRNPA1	chr12	54280439	180.7794342041016	7834.605614635454	1	1
HNRNPA1|chr12:54698025-54698545:*	chr12	54304241	54304761	HNRNPA1	chr12	54280439	180.48223876953125	7821.725781093659	1	1
HNRNPA1|chr12:54700765-54701285:*	chr12	54306981	54307501	HNRNPA1	chr12	54280439	192.6258544921875	8348.004892108487	1	1
HNRNPA1|chr12:54724605-54725105:*	chr12	54330821	54331321	HNRNPA1	chr12	54280439	35.356258392333984	1532.266884961835	1	0
HNRNPA1|chr12:54763945-54764465:*	chr12	54370161	54370681	HNRNPA1	chr12	54280439	16.434118270874023	712.2205899328536	1	0
HNRNPA1|chr12:54770505-54771045:*	chr12	54376721	54377261	HNRNPA1	chr12	54280439	10.73102569580078	465.0603899567391	1	0
HNRNPA1|chr12:54772805-54773305:*	chr12	54379021	54379521	HNRNPA1	chr12	54280439	1.2793550491333008	55.44459354671753	1	0
HNRNPA1|chr12:54773325-54773865:*	chr12	54379541	54380081	HNRNPA1	chr12	54280439	0.0	0.0	1	0
HNRNPA1|chr12:54776885-54777385:*	chr12	54383101	54383601	HNRNPA1	chr12	54280439	0.0	0.0	1	0
HNRNPA1|chr12:54782505-54783045:*	chr12	54388721	54389261	HNRNPA1	chr12	54280439	0.0	0.0	1	0
HNRNPA1|chr12:54787465-54788485:*	chr12	54393681	54394701	HNRNPA1	chr12	54280439	0.0	0.0	1	0
HNRNPA1|chr12:54793025-54793545:*	chr12	54399241	54399761	HNRNPA1	chr12	54280439	0.0	0.0	1	0
HNRNPA1|chr12:54798085-54798625:*	chr12	54404301	54404841	HNRNPA1	chr12	54280439	0.0	0.0	1	0
HNRNPA1|chr12:54810925-54811465:*	chr12	54417141	54417681	HNRNPA1	chr12	54280439	0.0	0.0	1	0
HNRNPA1|chr12:54816905-54817445:*	chr12	54423121	54423661	HNRNPA1	chr12	54280439	0.0	0.0	1	0
HNRNPA1|chr12:54819145-54819885:*	chr12	54425361	54426101	HNRNPA1	chr12	54280439	0.0	0.0	1	0
HNRNPA1|chr12:54821185-54821825:*	chr12	54427401	54428041	HNRNPA1	chr12	54280439	0.0	0.0	1	0
HNRNPA1|chr12:54822445-54822965:*	chr12	54428661	54429181	HNRNPA1	chr12	54280439	0.0	0.0	1	0
HNRNPA1|chr12:54833265-54833765:*	chr12	54439481	54439981	HNRNPA1	chr12	54280439	0.0	0.0	1	0
HNRNPA1|chr12:54842025-54842525:*	chr12	54448241	54448741	HNRNPA1	chr12	54280439	0.0	0.0	1	0
HNRNPA1|chr12:54856705-54857265:*	chr12	54462921	54463481	HNRNPA1	chr12	54280439	0.0	0.0	1	0
HNRNPA1|chr12:54869225-54869725:*	chr12	54475441	54475941	HNRNPA1	chr12	54280439	0.0	0.0	1	0
HNRNPA1|chr12:54879405-54880445:*	chr12	54485621	54486661	HNRNPA1	chr12	54280439	0.0	0.0	0	0
HNRNPA1|chr12:54883625-54884165:*	chr12	54489841	54490381	HNRNPA1	chr12	54280439	0.0	0.0	0	0
HNRNPA1|chr12:54920785-54921305:*	chr12	54527001	54527521	HNRNPA1	chr12	54280439	0.0	0.0	0	0
HNRNPA1|chr12:54926925-54927565:*	chr12	54533141	54533781	HNRNPA1	chr12	54280439	0.0	0.0	0	0
HNRNPA1|chr12:54954065-54954585:*	chr12	54560281	54560801	HNRNPA1	chr12	54280439	0.0	0.0	0	0
HNRNPA1|chr12:54973425-54973925:*	chr12	54579641	54580141	HNRNPA1	chr12	54280439	0.0	0.0	0	0
HNRNPA1|chr12:54990145-54990645:*	chr12	54596361	54596861	HNRNPA1	chr12	54280439	0.0	0.0	0	0
HNRNPA1|chr12:54996865-54997385:*	chr12	54603081	54603601	HNRNPA1	chr12	54280439	0.0	0.0	0	0
HNRNPA1|chr12:55052345-55052925:*	chr12	54658561	54659141	HNRNPA1	chr12	54280439	0.0	0.0	0	0
HNRNPA1|chr12:55095945-55096445:*	chr12	54702161	54702661	HNRNPA1	chr12	54280439	0.0	0.0	0	0
HNRNPA1|chr12:55142965-55143485:*	chr12	54749181	54749701	HNRNPA1	chr12	54280439	0.0	0.0	0	0
HNRNPA1|chr12:55153425-55153925:*	chr12	54759641	54760141	HNRNPA1	chr12	54280439	0.0	0.0	0	0
HNRNPA1|chr12:53758941-53759441:.	chr12	53365157	53365657	HNRNPA1	chr12	54280439	0.0	0.0	0	0
HNRNPA1|chr12:53759601-53760101:.	chr12	53365817	53366317	HNRNPA1	chr12	54280439	0.0	0.0	0	0
HNRNPA1|chr12:53764438-53765834:.	chr12	53370654	53372050	HNRNPA1	chr12	54280439	0.0	0.0	0	0
HNRNPA1|chr12:53814995-53815787:.	chr12	53421211	53422003	HNRNPA1	chr12	54280439	0.0	0.0	0	0
HNRNPA1|chr12:55329034-55329681:.	chr12	54935250	54935897	HNRNPA1	chr12	54280439	0.0	0.0	0	0
ITGA5|chr12:54089985-54090485:*	chr12	53696201	53696701	ITGA5	chr12	54419516	0.0	0.0	0	0
ITGA5|chr12:54095465-54096005:*	chr12	53701681	53702221	ITGA5	chr12	54419516	0.0	0.0	0	0
ITGA5|chr12:54113365-54113885:*	chr12	53719581	53720101	ITGA5	chr12	54419516	0.0	0.0	0	0
ITGA5|chr12:54120005-54120525:*	chr12	53726221	53726741	ITGA5	chr12	54419516	0.0	0.0	0	0
ITGA5|chr12:54137285-54137825:*	chr12	53743501	53744041	ITGA5	chr12	54419516	0.0	0.0	0	0
ITGA5|chr12:54140345-54140845:*	chr12	53746561	53747061	ITGA5	chr12	54419516	0.0	0.0	0	0
ITGA5|chr12:54161385-54161905:*	chr12	53767601	53768121	ITGA5	chr12	54419516	0.0	0.0	0	0
ITGA5|chr12:54185445-54185945:*	chr12	53791661	53792161	ITGA5	chr12	54419516	0.0	0.0	0	0
ITGA5|chr12:54202705-54203225:*	chr12	53808921	53809441	ITGA5	chr12	54419516	0.0	0.0	0	0
ITGA5|chr12:54335385-54335985:*	chr12	53941601	53942201	ITGA5	chr12	54419516	0.0	0.0	0	0
ITGA5|chr12:54338465-54338985:*	chr12	53944681	53945201	ITGA5	chr12	54419516	0.0	0.0	0	0
ITGA5|chr12:54342605-54343125:*	chr12	53948821	53949341	ITGA5	chr12	54419516	0.0	0.0	0	0
ITGA5|chr12:54343245-54343805:*	chr12	53949461	53950021	ITGA5	chr12	54419516	0.0	0.0	0	0
ITGA5|chr12:54344065-54344565:*	chr12	53950281	53950781	ITGA5	chr12	54419516	0.0	0.0	0	0
ITGA5|chr12:54357185-54357705:*	chr12	53963401	53963921	ITGA5	chr12	54419516	0.0	0.0	0	0
ITGA5|chr12:54357725-54358345:*	chr12	53963941	53964561	ITGA5	chr12	54419516	0.0	0.0	0	0
ITGA5|chr12:54381545-54382065:*	chr12	53987761	53988281	ITGA5	chr12	54419516	0.0	0.0	0	0
ITGA5|chr12:54382805-54383305:*	chr12	53989021	53989521	ITGA5	chr12	54419516	0.0	0.0	0	0
ITGA5|chr12:54389105-54389625:*	chr12	53995321	53995841	ITGA5	chr12	54419516	0.0	0.0	0	0
ITGA5|chr12:54397785-54398285:*	chr12	54004001	54004501	ITGA5	chr12	54419516	0.0	0.0	0	0
ITGA5|chr12:54399665-54400165:*	chr12	54005881	54006381	ITGA5	chr12	54419516	0.0	0.0	0	0
ITGA5|chr12:54433825-54434345:*	chr12	54040041	54040561	ITGA5	chr12	54419516	0.0	0.0	0	0
ITGA5|chr12:54476285-54476785:*	chr12	54082501	54083001	ITGA5	chr12	54419516	0.0	0.0	0	0
ITGA5|chr12:54477645-54478185:*	chr12	54083861	54084401	ITGA5	chr12	54419516	0.0	0.0	0	0
ITGA5|chr12:54486645-54487205:*	chr12	54092861	54093421	ITGA5	chr12	54419516	0.0	0.0	0	0
ITGA5|chr12:54532765-54533265:*	chr12	54138981	54139481	ITGA5	chr12	54419516	0.0	0.0	0	0
ITGA5|chr12:54552865-54553385:*	chr12	54159081	54159601	ITGA5	chr12	54419516	0.0	0.0	0	0
ITGA5|chr12:54555385-54555905:*	chr12	54161601	54162121	ITGA5	chr12	54419516	0.0	0.0	0	0
ITGA5|chr12:54562745-54563305:*	chr12	54168961	54169521	ITGA5	chr12	54419516	0.0	0.0	0	0
ITGA5|chr12:54569125-54569625:*	chr12	54175341	54175841	ITGA5	chr12	54419516	0.0	0.0	0	0
ITGA5|chr12:54585265-54585765:*	chr12	54191481	54191981	ITGA5	chr12	54419516	0.0	0.0	0	0
ITGA5|chr12:54589485-54589985:*	chr12	54195701	54196201	ITGA5	chr12	54419516	0.0	0.0	0	0
ITGA5|chr12:54591285-54591785:*	chr12	54197501	54198001	ITGA5	chr12	54419516	0.0	0.0	0	0
ITGA5|chr12:54595045-54595565:*	chr12	54201261	54201781	ITGA5	chr12	54419516	0.0	0.0	0	0
ITGA5|chr12:54601485-54602005:*	chr12	54207701	54208221	ITGA5	chr12	54419516	0.0	0.0	0	0
ITGA5|chr12:54603585-54604125:*	chr12	54209801	54210341	ITGA5	chr12	54419516	0.0	0.0	0	0
ITGA5|chr12:54608405-54608905:*	chr12	54214621	54215121	ITGA5	chr12	54419516	0.0	0.0	0	0
ITGA5|chr12:54609345-54609845:*	chr12	54215561	54216061	ITGA5	chr12	54419516	0.0	0.0	0	0
ITGA5|chr12:54609905-54611245:*	chr12	54216121	54217461	ITGA5	chr12	54419516	0.0	0.0	0	0
ITGA5|chr12:54613765-54614305:*	chr12	54219981	54220521	ITGA5	chr12	54419516	0.0	0.0	0	0
ITGA5|chr12:54621105-54621625:*	chr12	54227321	54227841	ITGA5	chr12	54419516	0.0	0.0	1	0
ITGA5|chr12:54621725-54622225:*	chr12	54227941	54228441	ITGA5	chr12	54419516	0.0	0.0	1	0
ITGA5|chr12:54635065-54635585:*	chr12	54241281	54241801	ITGA5	chr12	54419516	0.0	0.0	1	0
ITGA5|chr12:54645365-54645945:*	chr12	54251581	54252161	ITGA5	chr12	54419516	0.0	0.0	1	0
ITGA5|chr12:54655565-54656105:*	chr12	54261781	54262321	ITGA5	chr12	54419516	0.0	0.0	1	0
ITGA5|chr12:54656205-54656725:*	chr12	54262421	54262941	ITGA5	chr12	54419516	0.0	0.0	1	0
ITGA5|chr12:54659645-54660145:*	chr12	54265861	54266361	ITGA5	chr12	54419516	0.0	0.0	1	0
ITGA5|chr12:54676805-54677305:*	chr12	54283021	54283521	ITGA5	chr12	54419516	0.0	0.0	1	0
ITGA5|chr12:54679625-54680125:*	chr12	54285841	54286341	ITGA5	chr12	54419516	0.0	0.0	1	0
ITGA5|chr12:54680325-54680885:*	chr12	54286541	54287101	ITGA5	chr12	54419516	0.0	0.0	1	0
ITGA5|chr12:54680945-54681885:*	chr12	54287161	54288101	ITGA5	chr12	54419516	0.0	0.0	1	0
ITGA5|chr12:54681925-54682925:*	chr12	54288141	54289141	ITGA5	chr12	54419516	0.0	0.0	1	0
ITGA5|chr12:54685785-54686585:*	chr12	54292001	54292801	ITGA5	chr12	54419516	0.0	0.0	1	0
ITGA5|chr12:54687885-54688405:*	chr12	54294101	54294621	ITGA5	chr12	54419516	0.0	0.0	1	0
ITGA5|chr12:54688465-54688965:*	chr12	54294681	54295181	ITGA5	chr12	54419516	0.0	0.0	1	0
ITGA5|chr12:54690425-54690925:*	chr12	54296641	54297141	ITGA5	chr12	54419516	0.0	0.0	1	0
ITGA5|chr12:54691565-54692125:*	chr12	54297781	54298341	ITGA5	chr12	54419516	0.0	0.0	1	0
ITGA5|chr12:54697345-54697845:*	chr12	54303561	54304061	ITGA5	chr12	54419516	0.0	0.0	1	0
ITGA5|chr12:54698025-54698545:*	chr12	54304241	54304761	ITGA5	chr12	54419516	0.0	0.0	1	0
ITGA5|chr12:54700765-54701285:*	chr12	54306981	54307501	ITGA5	chr12	54419516	0.0	0.0	1	0
ITGA5|chr12:54724605-54725105:*	chr12	54330821	54331321	ITGA5	chr12	54419516	8.667146682739258	1005.5248066799952	1	0
ITGA5|chr12:54731905-54732525:*	chr12	54338121	54338741	ITGA5	chr12	54419516	9.809144020080566	1138.0143899180473	1	0
ITGA5|chr12:54745785-54746285:*	chr12	54352001	54352501	ITGA5	chr12	54419516	27.567607879638672	3198.2744262316664	1	0
ITGA5|chr12:54751865-54752385:*	chr12	54358081	54358601	ITGA5	chr12	54419516	48.05120086669922	5574.6921369696765	1	0
ITGA5|chr12:54752805-54754045:*	chr12	54359021	54360261	ITGA5	chr12	54419516	61.242977142333984	7105.144865517602	1	0
ITGA5|chr12:54754545-54755045:*	chr12	54360761	54361261	ITGA5	chr12	54419516	21.108592987060547	2448.927502850629	1	0
ITGA5|chr12:54761265-54761785:*	chr12	54367481	54368001	ITGA5	chr12	54419516	13.316221237182615	1544.890293814001	1	0
ITGA5|chr12:54761905-54762405:*	chr12	54368121	54368621	ITGA5	chr12	54419516	22.94156837463379	2661.581365731401	1	0
ITGA5|chr12:54762425-54763385:*	chr12	54368641	54369601	ITGA5	chr12	54419516	43.75798416137695	5076.611735693933	1	0
ITGA5|chr12:54763945-54764465:*	chr12	54370161	54370681	ITGA5	chr12	54419516	42.72705459594727	4957.007754138639	1	0
ITGA5|chr12:54770505-54771045:*	chr12	54376721	54377261	ITGA5	chr12	54419516	22.869251251220703	2653.1914463956164	1	0
ITGA5|chr12:54772805-54773305:*	chr12	54379021	54379521	ITGA5	chr12	54419516	30.746597290039062	3567.0870042738247	1	0
ITGA5|chr12:54773325-54773865:*	chr12	54379541	54380081	ITGA5	chr12	54419516	26.047229766845703	3021.8867448057563	1	0
ITGA5|chr12:54776885-54777385:*	chr12	54383101	54383601	ITGA5	chr12	54419516	20.68223190307617	2399.46293714724	1	0
ITGA5|chr12:54782505-54783045:*	chr12	54388721	54389261	ITGA5	chr12	54419516	26.439611434936523	3067.409165897065	1	0
ITGA5|chr12:54816905-54817445:*	chr12	54423121	54423661	ITGA5	chr12	54419516	64.97557067871094	7538.184195699358	1	0
ITGA5|chr12:54819145-54819885:*	chr12	54425361	54426101	ITGA5	chr12	54419516	40.421043395996094	4689.474325790111	1	0
ITGA5|chr12:54821185-54821825:*	chr12	54427401	54428041	ITGA5	chr12	54419516	71.08390808105469	8246.847036015644	1	0
ITGA5|chr12:54842025-54842525:*	chr12	54448241	54448741	ITGA5	chr12	54419516	21.01492118835449	2438.060106609043	1	0
ITGA5|chr12:54856705-54857265:*	chr12	54462921	54463481	ITGA5	chr12	54419516	27.49311828613281	3189.6324663282053	1	0
ITGA5|chr12:54869225-54869725:*	chr12	54475441	54475941	ITGA5	chr12	54419516	19.31447410583496	2240.7816034858424	1	0
ITGA5|chr12:54883625-54884165:*	chr12	54489841	54490381	ITGA5	chr12	54419516	19.436092376708984	2254.891228346917	1	0
ITGA5|chr12:54920785-54921305:*	chr12	54527001	54527521	ITGA5	chr12	54419516	0.0	0.0	1	0
ITGA5|chr12:54926925-54927565:*	chr12	54533141	54533781	ITGA5	chr12	54419516	0.0	0.0	1	0
ITGA5|chr12:54954065-54954585:*	chr12	54560281	54560801	ITGA5	chr12	54419516	0.0	0.0	1	0
ITGA5|chr12:54973425-54973925:*	chr12	54579641	54580141	ITGA5	chr12	54419516	0.0	0.0	1	0
ITGA5|chr12:54990145-54990645:*	chr12	54596361	54596861	ITGA5	chr12	54419516	0.0	0.0	1	0
ITGA5|chr12:54996865-54997385:*	chr12	54603081	54603601	ITGA5	chr12	54419516	0.0	0.0	1	0
ITGA5|chr12:55052345-55052925:*	chr12	54658561	54659141	ITGA5	chr12	54419516	0.0	0.0	0	0
ITGA5|chr12:55095945-55096445:*	chr12	54702161	54702661	ITGA5	chr12	54419516	0.0	0.0	0	0
ITGA5|chr12:55142965-55143485:*	chr12	54749181	54749701	ITGA5	chr12	54419516	0.0	0.0	0	0
ITGA5|chr12:55153425-55153925:*	chr12	54759641	54760141	ITGA5	chr12	54419516	0.0	0.0	0	0
NFE2|chr12:54089985-54090485:*	chr12	53696201	53696701	NFE2	chr12	54301287	0.0	0.0	0	0
NFE2|chr12:54095465-54096005:*	chr12	53701681	53702221	NFE2	chr12	54301287	0.0	0.0	0	0
NFE2|chr12:54113365-54113885:*	chr12	53719581	53720101	NFE2	chr12	54301287	0.0	0.0	0	0
NFE2|chr12:54120005-54120525:*	chr12	53726221	53726741	NFE2	chr12	54301287	0.0	0.0	0	0
NFE2|chr12:54137285-54137825:*	chr12	53743501	53744041	NFE2	chr12	54301287	0.0	0.0	0	0
NFE2|chr12:54140345-54140845:*	chr12	53746561	53747061	NFE2	chr12	54301287	0.0	0.0	0	0
NFE2|chr12:54161385-54161905:*	chr12	53767601	53768121	NFE2	chr12	54301287	0.0	0.0	0	0
NFE2|chr12:54185445-54185945:*	chr12	53791661	53792161	NFE2	chr12	54301287	0.0	0.0	0	0
NFE2|chr12:54202705-54203225:*	chr12	53808921	53809441	NFE2	chr12	54301287	0.0	0.0	0	0
NFE2|chr12:54335385-54335985:*	chr12	53941601	53942201	NFE2	chr12	54301287	0.0	0.0	0	0
NFE2|chr12:54338465-54338985:*	chr12	53944681	53945201	NFE2	chr12	54301287	0.0	0.0	0	0
NFE2|chr12:54342605-54343125:*	chr12	53948821	53949341	NFE2	chr12	54301287	0.0	0.0	0	0
NFE2|chr12:54343245-54343805:*	chr12	53949461	53950021	NFE2	chr12	54301287	0.0	0.0	0	0
NFE2|chr12:54344065-54344565:*	chr12	53950281	53950781	NFE2	chr12	54301287	0.0	0.0	0	0
NFE2|chr12:54357185-54357705:*	chr12	53963401	53963921	NFE2	chr12	54301287	0.0	0.0	0	0
NFE2|chr12:54357725-54358345:*	chr12	53963941	53964561	NFE2	chr12	54301287	0.0	0.0	0	0
NFE2|chr12:54381545-54382065:*	chr12	53987761	53988281	NFE2	chr12	54301287	0.0	0.0	0	0
NFE2|chr12:54382805-54383305:*	chr12	53989021	53989521	NFE2	chr12	54301287	0.0	0.0	0	0
NFE2|chr12:54389105-54389625:*	chr12	53995321	53995841	NFE2	chr12	54301287	0.0	0.0	0	0
NFE2|chr12:54397785-54398285:*	chr12	54004001	54004501	NFE2	chr12	54301287	0.0	0.0	0	0
NFE2|chr12:54399665-54400165:*	chr12	54005881	54006381	NFE2	chr12	54301287	0.0	0.0	0	0
NFE2|chr12:54433825-54434345:*	chr12	54040041	54040561	NFE2	chr12	54301287	0.0	0.0	0	0
NFE2|chr12:54477645-54478185:*	chr12	54083861	54084401	NFE2	chr12	54301287	0.0	0.0	0	0
NFE2|chr12:54532765-54533265:*	chr12	54138981	54139481	NFE2	chr12	54301287	0.0	0.0	1	0
NFE2|chr12:54552865-54553385:*	chr12	54159081	54159601	NFE2	chr12	54301287	0.0	0.0	1	0
NFE2|chr12:54555385-54555905:*	chr12	54161601	54162121	NFE2	chr12	54301287	0.0	0.0	1	0
NFE2|chr12:54562745-54563305:*	chr12	54168961	54169521	NFE2	chr12	54301287	0.0	0.0	1	0
NFE2|chr12:54569125-54569625:*	chr12	54175341	54175841	NFE2	chr12	54301287	0.0	0.0	1	0
NFE2|chr12:54585265-54585765:*	chr12	54191481	54191981	NFE2	chr12	54301287	0.0	0.0	1	0
NFE2|chr12:54589485-54589985:*	chr12	54195701	54196201	NFE2	chr12	54301287	0.0	0.0	1	0
NFE2|chr12:54591285-54591785:*	chr12	54197501	54198001	NFE2	chr12	54301287	0.0	0.0	1	0
NFE2|chr12:54595045-54595565:*	chr12	54201261	54201781	NFE2	chr12	54301287	0.0	0.0	1	0
NFE2|chr12:54601485-54602005:*	chr12	54207701	54208221	NFE2	chr12	54301287	14.222673416137695	826.1743520549409	1	0
NFE2|chr12:54603585-54604125:*	chr12	54209801	54210341	NFE2	chr12	54301287	22.0563907623291	1281.2235656105156	1	0
NFE2|chr12:54608405-54608905:*	chr12	54214621	54215121	NFE2	chr12	54301287	12.17970848083496	707.5014990468985	1	0
NFE2|chr12:54609345-54609845:*	chr12	54215561	54216061	NFE2	chr12	54301287	21.777238845825195	1265.008037981172	1	0
NFE2|chr12:54609905-54611245:*	chr12	54216121	54217461	NFE2	chr12	54301287	27.691490173339844	1608.5582704469882	1	0
NFE2|chr12:54613765-54614305:*	chr12	54219981	54220521	NFE2	chr12	54301287	24.15620803833008	1403.1988881589104	1	0
NFE2|chr12:54621105-54621625:*	chr12	54227321	54227841	NFE2	chr12	54301287	12.473323822021484	724.5571859181816	1	0
NFE2|chr12:54621725-54622225:*	chr12	54227941	54228441	NFE2	chr12	54301287	16.068471908569336	933.3940940043284	1	0
NFE2|chr12:54645365-54645945:*	chr12	54251581	54252161	NFE2	chr12	54301287	23.849035263061523	1385.3556697181027	1	0
NFE2|chr12:54655565-54656105:*	chr12	54261781	54262321	NFE2	chr12	54301287	30.02741241455078	1744.2485860168756	1	0
NFE2|chr12:54656205-54656725:*	chr12	54262421	54262941	NFE2	chr12	54301287	27.85161399841309	1617.8596298720272	1	0
NFE2|chr12:54676805-54677305:*	chr12	54283021	54283521	NFE2	chr12	54301287	58.57996368408203	3402.824639507274	1	0
NFE2|chr12:54679625-54680125:*	chr12	54285841	54286341	NFE2	chr12	54301287	146.2156524658203	8493.453966198418	1	0
NFE2|chr12:54680325-54680885:*	chr12	54286541	54287101	NFE2	chr12	54301287	160.3590850830078	9315.025335831311	1	0
NFE2|chr12:54680945-54681885:*	chr12	54287161	54288101	NFE2	chr12	54301287	161.9664306640625	9408.393695991328	1	0
NFE2|chr12:54681925-54682925:*	chr12	54288141	54289141	NFE2	chr12	54301287	68.38568115234375	3972.424463586966	1	0
NFE2|chr12:54763945-54764465:*	chr12	54370161	54370681	NFE2	chr12	54301287	27.878395080566406	1619.4153038686084	1	0
NFE2|chr12:54770505-54771045:*	chr12	54376721	54377261	NFE2	chr12	54301287	30.74564552307129	1785.96969960042	1	0
NFE2|chr12:54772805-54773305:*	chr12	54379021	54379521	NFE2	chr12	54301287	25.370983123779297	1473.763400873851	1	0
NFE2|chr12:54773325-54773865:*	chr12	54379541	54380081	NFE2	chr12	54301287	23.22105026245117	1348.8769370776697	1	0
NFE2|chr12:54776885-54777385:*	chr12	54383101	54383601	NFE2	chr12	54301287	21.729473114013672	1262.2333962963648	1	0
NFE2|chr12:54782505-54783045:*	chr12	54388721	54389261	NFE2	chr12	54301287	10.357380867004396	601.6451461983534	1	0
NFE2|chr12:54787465-54788485:*	chr12	54393681	54394701	NFE2	chr12	54301287	13.091634750366213	760.4739658123244	1	0
NFE2|chr12:54793025-54793545:*	chr12	54399241	54399761	NFE2	chr12	54301287	3.9488697052001953	229.3840809380764	1	0
NFE2|chr12:54798085-54798625:*	chr12	54404301	54404841	NFE2	chr12	54301287	0.0	0.0	1	0
NFE2|chr12:54816905-54817445:*	chr12	54423121	54423661	NFE2	chr12	54301287	0.0	0.0	1	0
NFE2|chr12:54819145-54819885:*	chr12	54425361	54426101	NFE2	chr12	54301287	0.0	0.0	1	0
NFE2|chr12:54821185-54821825:*	chr12	54427401	54428041	NFE2	chr12	54301287	0.0	0.0	1	0
NFE2|chr12:54822445-54822965:*	chr12	54428661	54429181	NFE2	chr12	54301287	0.0	0.0	1	0
NFE2|chr12:54825905-54826665:*	chr12	54432121	54432881	NFE2	chr12	54301287	0.0	0.0	1	0
NFE2|chr12:54833265-54833765:*	chr12	54439481	54439981	NFE2	chr12	54301287	0.0	0.0	1	0
NFE2|chr12:54842025-54842525:*	chr12	54448241	54448741	NFE2	chr12	54301287	0.0	0.0	1	0
NFE2|chr12:54856705-54857265:*	chr12	54462921	54463481	NFE2	chr12	54301287	0.0	0.0	1	0
NFE2|chr12:54869225-54869725:*	chr12	54475441	54475941	NFE2	chr12	54301287	0.0	0.0	1	0
NFE2|chr12:54879405-54880445:*	chr12	54485621	54486661	NFE2	chr12	54301287	0.0	0.0	1	0
NFE2|chr12:54883625-54884165:*	chr12	54489841	54490381	NFE2	chr12	54301287	0.0	0.0	1	0
NFE2|chr12:54920785-54921305:*	chr12	54527001	54527521	NFE2	chr12	54301287	0.0	0.0	0	0
NFE2|chr12:54926925-54927565:*	chr12	54533141	54533781	NFE2	chr12	54301287	0.0	0.0	0	0
NFE2|chr12:54954065-54954585:*	chr12	54560281	54560801	NFE2	chr12	54301287	0.0	0.0	0	0
NFE2|chr12:54973425-54973925:*	chr12	54579641	54580141	NFE2	chr12	54301287	0.0	0.0	0	0
NFE2|chr12:54990145-54990645:*	chr12	54596361	54596861	NFE2	chr12	54301287	0.0	0.0	0	0
NFE2|chr12:54996865-54997385:*	chr12	54603081	54603601	NFE2	chr12	54301287	0.0	0.0	0	0
NFE2|chr12:55052345-55052925:*	chr12	54658561	54659141	NFE2	chr12	54301287	0.0	0.0	0	0
NFE2|chr12:55095945-55096445:*	chr12	54702161	54702661	NFE2	chr12	54301287	0.0	0.0	0	0
NFE2|chr12:55142965-55143485:*	chr12	54749181	54749701	NFE2	chr12	54301287	0.0	0.0	0	0
NFE2|chr12:55153425-55153925:*	chr12	54759641	54760141	NFE2	chr12	54301287	0.0	0.0	0	0
NFE2|chr12:53759601-53760101:.	chr12	53365817	53366317	NFE2	chr12	54301287	0.0	0.0	0	0
NFE2|chr12:53764438-53765834:.	chr12	53370654	53372050	NFE2	chr12	54301287	0.0	0.0	0	0
NFE2|chr12:55381626-55382619:.	chr12	54987842	54988835	NFE2	chr12	54301287	0.0	0.0	0	0
MYO1D|chr17:31224570-31224590:*	chr17	32897552	32897572	MYO1D	chr17	32877423	75.63121795654297	8480.788605724423	1	1
EZH1|chr17:40851240-40851334:*	chr17	42699222	42699316	EZH1	chr17	42745346	14.619621276855469	5820.71563017095	1	1
C19orf43|chr19:12313025-12313565:*	chr19	12202210	12202750	C19orf43	chr19	12735025	0.0	0.0	0	0
C19orf43|chr19:12404485-12405065:*	chr19	12293670	12294250	C19orf43	chr19	12735025	0.0	0.0	0	0
C19orf43|chr19:12441885-12442945:*	chr19	12331071	12332131	C19orf43	chr19	12735025	0.0	0.0	0	0
C19orf43|chr19:12522625-12523145:*	chr19	12411811	12412331	C19orf43	chr19	12735025	0.0	0.0	0	0
C19orf43|chr19:12605985-12606485:*	chr19	12495171	12495671	C19orf43	chr19	12735025	0.0	0.0	0	0
C19orf43|chr19:12632705-12633245:*	chr19	12521891	12522431	C19orf43	chr19	12735025	0.0	0.0	0	0
C19orf43|chr19:12654525-12655045:*	chr19	12543711	12544231	C19orf43	chr19	12735025	0.0	0.0	1	0
C19orf43|chr19:12655125-12655625:*	chr19	12544311	12544811	C19orf43	chr19	12735025	0.0	0.0	1	0
C19orf43|chr19:12674785-12675285:*	chr19	12563971	12564471	C19orf43	chr19	12735025	0.0	0.0	1	0
C19orf43|chr19:12750825-12751345:*	chr19	12640011	12640531	C19orf43	chr19	12735025	3.790308952331543	487.99799557628296	1	0
C19orf43|chr19:12758305-12758885:*	chr19	12647491	12648071	C19orf43	chr19	12735025	19.323001861572266	2487.814659848138	1	0
C19orf43|chr19:12782725-12783305:*	chr19	12671911	12672491	C19orf43	chr19	12735025	11.347116470336914	1460.9284263460431	1	0
C19orf43|chr19:12787065-12787585:*	chr19	12676251	12676771	C19orf43	chr19	12735025	9.164939880371094	1179.975655664446	1	0
C19orf43|chr19:12827685-12828205:*	chr19	12716871	12717391	C19orf43	chr19	12735025	14.136263847351074	1820.0280001452984	1	0
C19orf43|chr19:12868285-12868805:*	chr19	12757471	12757991	C19orf43	chr19	12735025	23.141185760498047	2979.4015233071877	1	0
C19orf43|chr19:12871305-12871845:*	chr19	12760491	12761031	C19orf43	chr19	12735025	8.924050331115723	1148.9613983386455	1	0
C19orf43|chr19:12876785-12877345:*	chr19	12765971	12766531	C19orf43	chr19	12735025	10.857429504394531	1397.881782696396	1	0
C19orf43|chr19:12888325-12888845:*	chr19	12777511	12778031	C19orf43	chr19	12735025	20.95537567138672	2697.980943715489	1	0
C19orf43|chr19:12889945-12890545:*	chr19	12779131	12779731	C19orf43	chr19	12735025	19.427852630615234	2501.314077909066	1	0
C19orf43|chr19:12893105-12893985:*	chr19	12782291	12783171	C19orf43	chr19	12735025	51.21467208862305	6593.831172514539	1	0
C19orf43|chr19:12895265-12895785:*	chr19	12784451	12784971	C19orf43	chr19	12735025	32.758995056152344	4217.6836045679065	1	0
C19orf43|chr19:12900645-12901165:*	chr19	12789831	12790351	C19orf43	chr19	12735025	17.9604434967041	2312.386809698259	1	0
C19orf43|chr19:12904165-12904665:*	chr19	12793351	12793851	C19orf43	chr19	12735025	13.576181411743164	1747.9180193042864	1	0
C19orf43|chr19:12906845-12907745:*	chr19	12796031	12796931	C19orf43	chr19	12735025	12.365312576293944	1592.0200246984575	1	0
C19orf43|chr19:12925705-12926305:*	chr19	12814891	12815491	C19orf43	chr19	12735025	8.60385513305664	1107.7366283235615	1	0
C19orf43|chr19:12935945-12936745:*	chr19	12825131	12825931	C19orf43	chr19	12735025	4.292481422424316	552.6521337800092	1	0
C19orf43|chr19:12939125-12939705:*	chr19	12828311	12828891	C19orf43	chr19	12735025	2.7776896953582764	357.6244102301788	1	0
C19orf43|chr19:12943165-12943725:*	chr19	12832351	12832911	C19orf43	chr19	12735025	6.942103385925293	893.7879682158798	1	0
C19orf43|chr19:12947025-12947525:*	chr19	12836211	12836711	C19orf43	chr19	12735025	0.0	0.0	1	0
C19orf43|chr19:12951265-12951825:*	chr19	12840451	12841011	C19orf43	chr19	12735025	0.0	0.0	1	0
C19orf43|chr19:12951925-12952425:*	chr19	12841111	12841611	C19orf43	chr19	12735025	0.0	0.0	1	0
C19orf43|chr19:12958325-12958825:*	chr19	12847511	12848011	C19orf43	chr19	12735025	0.0	0.0	1	0
C19orf43|chr19:12977965-12978745:*	chr19	12867151	12867931	C19orf43	chr19	12735025	0.0	0.0	1	0
C19orf43|chr19:12983025-12983525:*	chr19	12872211	12872711	C19orf43	chr19	12735025	0.0	0.0	1	0
C19orf43|chr19:12983645-12984185:*	chr19	12872831	12873371	C19orf43	chr19	12735025	0.0	0.0	1	0
C19orf43|chr19:12993385-12993885:*	chr19	12882571	12883071	C19orf43	chr19	12735025	0.0	0.0	1	0
C19orf43|chr19:12994425-12994945:*	chr19	12883611	12884131	C19orf43	chr19	12735025	0.0	0.0	1	0
C19orf43|chr19:12995825-12996325:*	chr19	12885011	12885511	C19orf43	chr19	12735025	0.0	0.0	1	0
C19orf43|chr19:12999705-13000205:*	chr19	12888891	12889391	C19orf43	chr19	12735025	0.0	0.0	1	0
C19orf43|chr19:13019305-13019805:*	chr19	12908491	12908991	C19orf43	chr19	12735025	0.0	0.0	1	0
C19orf43|chr19:13045805-13046305:*	chr19	12934991	12935491	C19orf43	chr19	12735025	0.0	0.0	0	0
C19orf43|chr19:13047265-13047765:*	chr19	12936451	12936951	C19orf43	chr19	12735025	0.0	0.0	0	0
C19orf43|chr19:13075665-13076805:*	chr19	12964851	12965991	C19orf43	chr19	12735025	0.0	0.0	0	0
C19orf43|chr19:13085005-13085525:*	chr19	12974191	12974711	C19orf43	chr19	12735025	0.0	0.0	0	0
C19orf43|chr19:13088545-13089065:*	chr19	12977731	12978251	C19orf43	chr19	12735025	0.0	0.0	0	0
C19orf43|chr19:13094325-13094825:*	chr19	12983511	12984011	C19orf43	chr19	12735025	0.0	0.0	0	0
C19orf43|chr19:13095965-13096465:*	chr19	12985151	12985651	C19orf43	chr19	12735025	0.0	0.0	0	0
C19orf43|chr19:13107305-13107805:*	chr19	12996491	12996991	C19orf43	chr19	12735025	0.0	0.0	0	0
C19orf43|chr19:13123985-13124525:*	chr19	13013171	13013711	C19orf43	chr19	12735025	0.0	0.0	0	0
C19orf43|chr19:13127205-13127805:*	chr19	13016391	13016991	C19orf43	chr19	12735025	0.0	0.0	0	0
C19orf43|chr19:13133545-13134045:*	chr19	13022731	13023231	C19orf43	chr19	12735025	0.0	0.0	0	0
C19orf43|chr19:13144765-13145325:*	chr19	13033951	13034511	C19orf43	chr19	12735025	0.0	0.0	0	0
C19orf43|chr19:13162305-13162805:*	chr19	13051491	13051991	C19orf43	chr19	12735025	0.0	0.0	0	0
C19orf43|chr19:13172085-13172605:*	chr19	13061271	13061791	C19orf43	chr19	12735025	0.0	0.0	0	0
C19orf43|chr19:13180365-13180865:*	chr19	13069551	13070051	C19orf43	chr19	12735025	0.0	0.0	0	0
C19orf43|chr19:13190225-13190725:*	chr19	13079411	13079911	C19orf43	chr19	12735025	0.0	0.0	0	0
C19orf43|chr19:13204505-13205025:*	chr19	13093691	13094211	C19orf43	chr19	12735025	0.0	0.0	0	0
C19orf43|chr19:13208405-13209625:*	chr19	13097591	13098811	C19orf43	chr19	12735025	0.0	0.0	0	0
C19orf43|chr19:13215145-13215725:*	chr19	13104331	13104911	C19orf43	chr19	12735025	0.0	0.0	0	0
C19orf43|chr19:13262245-13262985:*	chr19	13151431	13152171	C19orf43	chr19	12735025	0.0	0.0	0	0
C19orf43|chr19:13263605-13264105:*	chr19	13152791	13153291	C19orf43	chr19	12735025	0.0	0.0	0	0
C19orf43|chr19:13266245-13266765:*	chr19	13155431	13155951	C19orf43	chr19	12735025	0.0	0.0	0	0
C19orf43|chr19:13273605-13274145:*	chr19	13162791	13163331	C19orf43	chr19	12735025	0.0	0.0	0	0
C19orf43|chr19:13274445-13275785:*	chr19	13163631	13164971	C19orf43	chr19	12735025	0.0	0.0	0	0
C19orf43|chr19:13283085-13283605:*	chr19	13172271	13172791	C19orf43	chr19	12735025	0.0	0.0	0	0
C19orf43|chr19:13301925-13302425:*	chr19	13191111	13191611	C19orf43	chr19	12735025	0.0	0.0	0	0
C19orf43|chr19:13305225-13305845:*	chr19	13194411	13195031	C19orf43	chr19	12735025	0.0	0.0	0	0
C19orf43|chr19:13306445-13306985:*	chr19	13195631	13196171	C19orf43	chr19	12735025	0.0	0.0	0	0
C19orf43|chr19:13323585-13324085:*	chr19	13212771	13213271	C19orf43	chr19	12735025	0.0	0.0	0	0
C19orf43|chr19:13345245-13345765:*	chr19	13234431	13234951	C19orf43	chr19	12735025	0.0	0.0	0	0
C19orf43|chr19:13358545-13359065:*	chr19	13247731	13248251	C19orf43	chr19	12735025	0.0	0.0	0	0
C19orf43|chr19:13371805-13372345:*	chr19	13260991	13261531	C19orf43	chr19	12735025	0.0	0.0	0	0
C19orf43|chr19:13373145-13373685:*	chr19	13262331	13262871	C19orf43	chr19	12735025	0.0	0.0	0	0
C19orf43|chr19:13387865-13388365:*	chr19	13277051	13277551	C19orf43	chr19	12735025	0.0	0.0	0	0
C19orf43|chr19:13388705-13389265:*	chr19	13277891	13278451	C19orf43	chr19	12735025	0.0	0.0	0	0
C19orf43|chr19:13492665-13493165:*	chr19	13381851	13382351	C19orf43	chr19	12735025	0.0	0.0	0	0
C19orf43|chr19:13507325-13507905:*	chr19	13396511	13397091	C19orf43	chr19	12735025	0.0	0.0	0	0
C19orf43|chr19:13512165-13512685:*	chr19	13401351	13401871	C19orf43	chr19	12735025	0.0	0.0	0	0
C19orf43|chr19:13539145-13539665:*	chr19	13428331	13428851	C19orf43	chr19	12735025	0.0	0.0	0	0
C19orf43|chr19:13648285-13648785:*	chr19	13537471	13537971	C19orf43	chr19	12735025	0.0	0.0	0	0
C19orf43|chr19:13693805-13694345:*	chr19	13582991	13583531	C19orf43	chr19	12735025	0.0	0.0	0	0
C19orf43|chr19:13828053-13828630:.	chr19	13717239	13717816	C19orf43	chr19	12735025	0.0	0.0	0	0
CALR|chr19:12313025-12313565:*	chr19	12202210	12202750	CALR	chr19	12938349	0.0	0.0	0	0
CALR|chr19:12404485-12405065:*	chr19	12293670	12294250	CALR	chr19	12938349	0.0	0.0	0	0
CALR|chr19:12441885-12442945:*	chr19	12331071	12332131	CALR	chr19	12938349	0.0	0.0	0	0
CALR|chr19:12522625-12523145:*	chr19	12411811	12412331	CALR	chr19	12938349	0.0	0.0	0	0
CALR|chr19:12605985-12606485:*	chr19	12495171	12495671	CALR	chr19	12938349	0.0	0.0	0	0
CALR|chr19:12632705-12633245:*	chr19	12521891	12522431	CALR	chr19	12938349	0.0	0.0	0	0
CALR|chr19:12655125-12655625:*	chr19	12544311	12544811	CALR	chr19	12938349	0.0	0.0	0	0
CALR|chr19:12674785-12675285:*	chr19	12563971	12564471	CALR	chr19	12938349	0.0	0.0	0	0
CALR|chr19:12750825-12751345:*	chr19	12640011	12640531	CALR	chr19	12938349	0.0	0.0	0	0
CALR|chr19:12758305-12758885:*	chr19	12647491	12648071	CALR	chr19	12938349	0.0	0.0	0	0
CALR|chr19:12787065-12787585:*	chr19	12676251	12676771	CALR	chr19	12938349	0.0	0.0	0	0
CALR|chr19:12827685-12828205:*	chr19	12716871	12717391	CALR	chr19	12938349	0.0	0.0	0	0
CALR|chr19:12868285-12868805:*	chr19	12757471	12757991	CALR	chr19	12938349	0.0	0.0	1	0
CALR|chr19:12871305-12871845:*	chr19	12760491	12761031	CALR	chr19	12938349	0.0	0.0	1	0
CALR|chr19:12906845-12907745:*	chr19	12796031	12796931	CALR	chr19	12938349	0.0	0.0	1	0
CALR|chr19:12935945-12936745:*	chr19	12825131	12825931	CALR	chr19	12938349	0.0	0.0	1	0
CALR|chr19:12939125-12939705:*	chr19	12828311	12828891	CALR	chr19	12938349	0.0	0.0	1	0
CALR|chr19:12951265-12951825:*	chr19	12840451	12841011	CALR	chr19	12938349	15.484292984008787	826.1954738760572	1	0
CALR|chr19:12958325-12958825:*	chr19	12847511	12848011	CALR	chr19	12938349	8.829557418823242	471.1187254913275	1	0
CALR|chr19:12977965-12978745:*	chr19	12867151	12867931	CALR	chr19	12938349	15.595274925231934	832.1171376946917	1	0
CALR|chr19:12983025-12983525:*	chr19	12872211	12872711	CALR	chr19	12938349	168.55128479003906	8993.39148085998	1	0
CALR|chr19:12983645-12984185:*	chr19	12872831	12873371	CALR	chr19	12938349	168.10166931152344	8969.401346230141	1	0
CALR|chr19:13047265-13047765:*	chr19	12936451	12936951	CALR	chr19	12938349	220.58685302734372	11769.853473837564	1	0
CALR|chr19:13085005-13085525:*	chr19	12974191	12974711	CALR	chr19	12938349	27.98186492919922	1493.028463036117	1	0
CALR|chr19:13088545-13089065:*	chr19	12977731	12978251	CALR	chr19	12938349	26.47751235961914	1412.7607178194348	1	0
CALR|chr19:13094325-13094825:*	chr19	12983511	12984011	CALR	chr19	12938349	56.05780029296875	2991.0762425723683	1	0
CALR|chr19:13095965-13096465:*	chr19	12985151	12985651	CALR	chr19	12938349	38.07100677490234	2031.3548391142465	1	0
CALR|chr19:13107305-13107805:*	chr19	12996491	12996991	CALR	chr19	12938349	153.4338836669922	8186.772257268113	1	0
CALR|chr19:13127205-13127805:*	chr19	13016391	13016991	CALR	chr19	12938349	13.621379852294922	726.796011515342	1	0
CALR|chr19:13133545-13134045:*	chr19	13022731	13023231	CALR	chr19	12938349	18.40039825439453	981.7901127935048	1	0
CALR|chr19:13144765-13145325:*	chr19	13033951	13034511	CALR	chr19	12938349	10.32425594329834	550.8713597902191	1	0
CALR|chr19:13162305-13162805:*	chr19	13051491	13051991	CALR	chr19	12938349	0.0	0.0	1	0
CALR|chr19:13172085-13172605:*	chr19	13061271	13061791	CALR	chr19	12938349	0.0	0.0	1	0
CALR|chr19:13180365-13180865:*	chr19	13069551	13070051	CALR	chr19	12938349	0.0	0.0	1	0
CALR|chr19:13190225-13190725:*	chr19	13079411	13079911	CALR	chr19	12938349	0.0	0.0	1	0
CALR|chr19:13204505-13205025:*	chr19	13093691	13094211	CALR	chr19	12938349	0.0	0.0	1	0
CALR|chr19:13208405-13209625:*	chr19	13097591	13098811	CALR	chr19	12938349	0.0	0.0	1	0
CALR|chr19:13215145-13215725:*	chr19	13104331	13104911	CALR	chr19	12938349	0.0	0.0	1	0
CALR|chr19:13263605-13264105:*	chr19	13152791	13153291	CALR	chr19	12938349	0.0	0.0	0	0
CALR|chr19:13266245-13266765:*	chr19	13155431	13155951	CALR	chr19	12938349	0.0	0.0	0	0
CALR|chr19:13273605-13274145:*	chr19	13162791	13163331	CALR	chr19	12938349	0.0	0.0	0	0
CALR|chr19:13274445-13275785:*	chr19	13163631	13164971	CALR	chr19	12938349	0.0	0.0	0	0
CALR|chr19:13283085-13283605:*	chr19	13172271	13172791	CALR	chr19	12938349	0.0	0.0	0	0
CALR|chr19:13301925-13302425:*	chr19	13191111	13191611	CALR	chr19	12938349	0.0	0.0	0	0
CALR|chr19:13305225-13305845:*	chr19	13194411	13195031	CALR	chr19	12938349	0.0	0.0	0	0
CALR|chr19:13306445-13306985:*	chr19	13195631	13196171	CALR	chr19	12938349	0.0	0.0	0	0
CALR|chr19:13323585-13324085:*	chr19	13212771	13213271	CALR	chr19	12938349	0.0	0.0	0	0
CALR|chr19:13345245-13345765:*	chr19	13234431	13234951	CALR	chr19	12938349	0.0	0.0	0	0
CALR|chr19:13358545-13359065:*	chr19	13247731	13248251	CALR	chr19	12938349	0.0	0.0	0	0
CALR|chr19:13371805-13372345:*	chr19	13260991	13261531	CALR	chr19	12938349	0.0	0.0	0	0
CALR|chr19:13373145-13373685:*	chr19	13262331	13262871	CALR	chr19	12938349	0.0	0.0	0	0
CALR|chr19:13387865-13388365:*	chr19	13277051	13277551	CALR	chr19	12938349	0.0	0.0	0	0
CALR|chr19:13388705-13389265:*	chr19	13277891	13278451	CALR	chr19	12938349	0.0	0.0	0	0
CALR|chr19:13492665-13493165:*	chr19	13381851	13382351	CALR	chr19	12938349	0.0	0.0	0	0
CALR|chr19:13507325-13507905:*	chr19	13396511	13397091	CALR	chr19	12938349	0.0	0.0	0	0
CALR|chr19:13512165-13512685:*	chr19	13401351	13401871	CALR	chr19	12938349	0.0	0.0	0	0
CALR|chr19:13539145-13539665:*	chr19	13428331	13428851	CALR	chr19	12938349	0.0	0.0	0	0
CALR|chr19:13648285-13648785:*	chr19	13537471	13537971	CALR	chr19	12938349	0.0	0.0	0	0
CALR|chr19:13693805-13694345:*	chr19	13582991	13583531	CALR	chr19	12938349	0.0	0.0	0	0
DHPS|chr19:12313025-12313565:*	chr19	12202210	12202750	DHPS	chr19	12682137	0.0	0.0	0	0
DHPS|chr19:12404485-12405065:*	chr19	12293670	12294250	DHPS	chr19	12682137	0.0	0.0	0	0
DHPS|chr19:12441885-12442945:*	chr19	12331071	12332131	DHPS	chr19	12682137	0.0	0.0	0	0
DHPS|chr19:12522625-12523145:*	chr19	12411811	12412331	DHPS	chr19	12682137	0.0	0.0	0	0
DHPS|chr19:12632705-12633245:*	chr19	12521891	12522431	DHPS	chr19	12682137	0.0	0.0	1	0
DHPS|chr19:12654525-12655045:*	chr19	12543711	12544231	DHPS	chr19	12682137	0.0	0.0	1	0
DHPS|chr19:12655125-12655625:*	chr19	12544311	12544811	DHPS	chr19	12682137	0.0	0.0	1	0
DHPS|chr19:12674785-12675285:*	chr19	12563971	12564471	DHPS	chr19	12682137	0.0	0.0	1	0
DHPS|chr19:12750825-12751345:*	chr19	12640011	12640531	DHPS	chr19	12682137	33.20488739013672	2403.250870169669	1	0
DHPS|chr19:12868285-12868805:*	chr19	12757471	12757991	DHPS	chr19	12682137	9.284384727478027	671.9705269028977	1	0
DHPS|chr19:12871305-12871845:*	chr19	12760491	12761031	DHPS	chr19	12682137	3.7068734169006343	268.2902266797474	1	0
DHPS|chr19:12876785-12877345:*	chr19	12765971	12766531	DHPS	chr19	12682137	5.874527454376221	425.1772653431406	1	0
DHPS|chr19:12888325-12888845:*	chr19	12777511	12778031	DHPS	chr19	12682137	8.305984497070312	601.1574210647494	1	0
DHPS|chr19:12889945-12890545:*	chr19	12779131	12779731	DHPS	chr19	12682137	9.27895736694336	671.5777139782696	1	0
DHPS|chr19:12893105-12893985:*	chr19	12782291	12783171	DHPS	chr19	12682137	0.0	0.0	1	0
DHPS|chr19:12895265-12895785:*	chr19	12784451	12784971	DHPS	chr19	12682137	0.0	0.0	1	0
DHPS|chr19:12925705-12926305:*	chr19	12814891	12815491	DHPS	chr19	12682137	0.0	0.0	1	0
DHPS|chr19:12935945-12936745:*	chr19	12825131	12825931	DHPS	chr19	12682137	0.0	0.0	1	0
DHPS|chr19:12939125-12939705:*	chr19	12828311	12828891	DHPS	chr19	12682137	0.0	0.0	1	0
DHPS|chr19:12943165-12943725:*	chr19	12832351	12832911	DHPS	chr19	12682137	0.0	0.0	1	0
DHPS|chr19:12977965-12978745:*	chr19	12867151	12867931	DHPS	chr19	12682137	0.0	0.0	1	0
DHPS|chr19:12983025-12983525:*	chr19	12872211	12872711	DHPS	chr19	12682137	0.0	0.0	1	0
DHPS|chr19:12983645-12984185:*	chr19	12872831	12873371	DHPS	chr19	12682137	0.0	0.0	1	0
DHPS|chr19:12993385-12993885:*	chr19	12882571	12883071	DHPS	chr19	12682137	0.0	0.0	0	0
DHPS|chr19:12994425-12994945:*	chr19	12883611	12884131	DHPS	chr19	12682137	0.0	0.0	0	0
DHPS|chr19:12995825-12996325:*	chr19	12885011	12885511	DHPS	chr19	12682137	0.0	0.0	0	0
DHPS|chr19:12999705-13000205:*	chr19	12888891	12889391	DHPS	chr19	12682137	0.0	0.0	0	0
DHPS|chr19:13019305-13019805:*	chr19	12908491	12908991	DHPS	chr19	12682137	0.0	0.0	0	0
DHPS|chr19:13045805-13046305:*	chr19	12934991	12935491	DHPS	chr19	12682137	0.0	0.0	0	0
DHPS|chr19:13075665-13076805:*	chr19	12964851	12965991	DHPS	chr19	12682137	0.0	0.0	0	0
DHPS|chr19:13085005-13085525:*	chr19	12974191	12974711	DHPS	chr19	12682137	0.0	0.0	0	0
DHPS|chr19:13088545-13089065:*	chr19	12977731	12978251	DHPS	chr19	12682137	0.0	0.0	0	0
DHPS|chr19:13094325-13094825:*	chr19	12983511	12984011	DHPS	chr19	12682137	0.0	0.0	0	0
DHPS|chr19:13095965-13096465:*	chr19	12985151	12985651	DHPS	chr19	12682137	0.0	0.0	0	0
DHPS|chr19:13107305-13107805:*	chr19	12996491	12996991	DHPS	chr19	12682137	0.0	0.0	0	0
DHPS|chr19:13123985-13124525:*	chr19	13013171	13013711	DHPS	chr19	12682137	0.0	0.0	0	0
DHPS|chr19:13127205-13127805:*	chr19	13016391	13016991	DHPS	chr19	12682137	0.0	0.0	0	0
DHPS|chr19:13133545-13134045:*	chr19	13022731	13023231	DHPS	chr19	12682137	0.0	0.0	0	0
DHPS|chr19:13144765-13145325:*	chr19	13033951	13034511	DHPS	chr19	12682137	0.0	0.0	0	0
DHPS|chr19:13162305-13162805:*	chr19	13051491	13051991	DHPS	chr19	12682137	0.0	0.0	0	0
DHPS|chr19:13172085-13172605:*	chr19	13061271	13061791	DHPS	chr19	12682137	0.0	0.0	0	0
DHPS|chr19:13180365-13180865:*	chr19	13069551	13070051	DHPS	chr19	12682137	0.0	0.0	0	0
DHPS|chr19:13190225-13190725:*	chr19	13079411	13079911	DHPS	chr19	12682137	0.0	0.0	0	0
DHPS|chr19:13204505-13205025:*	chr19	13093691	13094211	DHPS	chr19	12682137	0.0	0.0	0	0
DHPS|chr19:13208405-13209625:*	chr19	13097591	13098811	DHPS	chr19	12682137	0.0	0.0	0	0
DHPS|chr19:13215145-13215725:*	chr19	13104331	13104911	DHPS	chr19	12682137	0.0	0.0	0	0
DHPS|chr19:13263605-13264105:*	chr19	13152791	13153291	DHPS	chr19	12682137	0.0	0.0	0	0
DHPS|chr19:13266245-13266765:*	chr19	13155431	13155951	DHPS	chr19	12682137	0.0	0.0	0	0
DHPS|chr19:13273605-13274145:*	chr19	13162791	13163331	DHPS	chr19	12682137	0.0	0.0	0	0
DHPS|chr19:13274445-13275785:*	chr19	13163631	13164971	DHPS	chr19	12682137	0.0	0.0	0	0
DHPS|chr19:13283085-13283605:*	chr19	13172271	13172791	DHPS	chr19	12682137	0.0	0.0	0	0
DHPS|chr19:13301925-13302425:*	chr19	13191111	13191611	DHPS	chr19	12682137	0.0	0.0	0	0
DHPS|chr19:13305225-13305845:*	chr19	13194411	13195031	DHPS	chr19	12682137	0.0	0.0	0	0
DHPS|chr19:13306445-13306985:*	chr19	13195631	13196171	DHPS	chr19	12682137	0.0	0.0	0	0
DHPS|chr19:13323585-13324085:*	chr19	13212771	13213271	DHPS	chr19	12682137	0.0	0.0	0	0
DHPS|chr19:13345245-13345765:*	chr19	13234431	13234951	DHPS	chr19	12682137	0.0	0.0	0	0
DHPS|chr19:13358545-13359065:*	chr19	13247731	13248251	DHPS	chr19	12682137	0.0	0.0	0	0
DHPS|chr19:13371805-13372345:*	chr19	13260991	13261531	DHPS	chr19	12682137	0.0	0.0	0	0
DHPS|chr19:13373145-13373685:*	chr19	13262331	13262871	DHPS	chr19	12682137	0.0	0.0	0	0
DHPS|chr19:13387865-13388365:*	chr19	13277051	13277551	DHPS	chr19	12682137	0.0	0.0	0	0
DHPS|chr19:13388705-13389265:*	chr19	13277891	13278451	DHPS	chr19	12682137	0.0	0.0	0	0
DHPS|chr19:13492665-13493165:*	chr19	13381851	13382351	DHPS	chr19	12682137	0.0	0.0	0	0
DHPS|chr19:13507325-13507905:*	chr19	13396511	13397091	DHPS	chr19	12682137	0.0	0.0	0	0
DHPS|chr19:13512165-13512685:*	chr19	13401351	13401871	DHPS	chr19	12682137	0.0	0.0	0	0
DHPS|chr19:13539145-13539665:*	chr19	13428331	13428851	DHPS	chr19	12682137	0.0	0.0	0	0
DHPS|chr19:13648285-13648785:*	chr19	13537471	13537971	DHPS	chr19	12682137	0.0	0.0	0	0
DHPS|chr19:13693805-13694345:*	chr19	13582991	13583531	DHPS	chr19	12682137	0.0	0.0	0	0
DHPS|chr19:12034380-12034880:.	chr19	11923565	11924065	DHPS	chr19	12682137	0.0	0.0	0	0
DNASE2|chr19:12313025-12313565:*	chr19	12202210	12202750	DNASE2	chr19	12881771	0.0	0.0	0	0
DNASE2|chr19:12404485-12405065:*	chr19	12293670	12294250	DNASE2	chr19	12881771	0.0	0.0	0	0
DNASE2|chr19:12441885-12442945:*	chr19	12331071	12332131	DNASE2	chr19	12881771	0.0	0.0	0	0
DNASE2|chr19:12522625-12523145:*	chr19	12411811	12412331	DNASE2	chr19	12881771	0.0	0.0	0	0
DNASE2|chr19:12605985-12606485:*	chr19	12495171	12495671	DNASE2	chr19	12881771	0.0	0.0	0	0
DNASE2|chr19:12632705-12633245:*	chr19	12521891	12522431	DNASE2	chr19	12881771	0.0	0.0	0	0
DNASE2|chr19:12654525-12655045:*	chr19	12543711	12544231	DNASE2	chr19	12881771	0.0	0.0	0	0
DNASE2|chr19:12655125-12655625:*	chr19	12544311	12544811	DNASE2	chr19	12881771	0.0	0.0	0	0
DNASE2|chr19:12674785-12675285:*	chr19	12563971	12564471	DNASE2	chr19	12881771	0.0	0.0	0	0
DNASE2|chr19:12750825-12751345:*	chr19	12640011	12640531	DNASE2	chr19	12881771	0.0	0.0	0	0
DNASE2|chr19:12758305-12758885:*	chr19	12647491	12648071	DNASE2	chr19	12881771	0.0	0.0	0	0
DNASE2|chr19:12782725-12783305:*	chr19	12671911	12672491	DNASE2	chr19	12881771	0.0	0.0	0	0
DNASE2|chr19:12787065-12787585:*	chr19	12676251	12676771	DNASE2	chr19	12881771	0.0	0.0	0	0
DNASE2|chr19:12827685-12828205:*	chr19	12716871	12717391	DNASE2	chr19	12881771	0.0	0.0	1	0
DNASE2|chr19:12868285-12868805:*	chr19	12757471	12757991	DNASE2	chr19	12881771	0.0	0.0	1	0
DNASE2|chr19:12871305-12871845:*	chr19	12760491	12761031	DNASE2	chr19	12881771	0.0	0.0	1	0
DNASE2|chr19:12876785-12877345:*	chr19	12765971	12766531	DNASE2	chr19	12881771	0.0	0.0	1	0
DNASE2|chr19:12888325-12888845:*	chr19	12777511	12778031	DNASE2	chr19	12881771	0.0	0.0	1	0
DNASE2|chr19:12893105-12893985:*	chr19	12782291	12783171	DNASE2	chr19	12881771	0.4097157418727875	57.73560693574496	1	0
DNASE2|chr19:12895265-12895785:*	chr19	12784451	12784971	DNASE2	chr19	12881771	6.489651679992676	914.4973947871634	1	0
DNASE2|chr19:12900645-12901165:*	chr19	12789831	12790351	DNASE2	chr19	12881771	9.769716262817385	1376.7118037629966	1	0
DNASE2|chr19:12925705-12926305:*	chr19	12814891	12815491	DNASE2	chr19	12881771	6.695123672485352	943.4517379633278	1	0
DNASE2|chr19:12939125-12939705:*	chr19	12828311	12828891	DNASE2	chr19	12881771	7.887063503265381	1111.4154321245865	1	0
DNASE2|chr19:12943165-12943725:*	chr19	12832351	12832911	DNASE2	chr19	12881771	23.78607177734375	3351.8440966042544	1	0
DNASE2|chr19:12951265-12951825:*	chr19	12840451	12841011	DNASE2	chr19	12881771	29.385570526123047	4140.904476171256	1	0
DNASE2|chr19:12995825-12996325:*	chr19	12885011	12885511	DNASE2	chr19	12881771	98.64509582519533	13900.69723137637	1	0
DNASE2|chr19:12999705-13000205:*	chr19	12888891	12889391	DNASE2	chr19	12881771	27.03469467163086	3809.627860659038	1	0
DNASE2|chr19:13019305-13019805:*	chr19	12908491	12908991	DNASE2	chr19	12881771	22.236141204833984	3133.433688688069	1	0
DNASE2|chr19:13085005-13085525:*	chr19	12974191	12974711	DNASE2	chr19	12881771	3.11233901977539	438.5791511821542	1	0
DNASE2|chr19:13088545-13089065:*	chr19	12977731	12978251	DNASE2	chr19	12881771	1.9028161764144895	268.13772478030535	1	0
DNASE2|chr19:13094325-13094825:*	chr19	12983511	12984011	DNASE2	chr19	12881771	0.0	0.0	1	0
DNASE2|chr19:13107305-13107805:*	chr19	12996491	12996991	DNASE2	chr19	12881771	0.0	0.0	1	0
DNASE2|chr19:13123985-13124525:*	chr19	13013171	13013711	DNASE2	chr19	12881771	0.0	0.0	1	0
DNASE2|chr19:13127205-13127805:*	chr19	13016391	13016991	DNASE2	chr19	12881771	0.0	0.0	1	0
DNASE2|chr19:13133545-13134045:*	chr19	13022731	13023231	DNASE2	chr19	12881771	0.0	0.0	1	0
DNASE2|chr19:13144765-13145325:*	chr19	13033951	13034511	DNASE2	chr19	12881771	0.0	0.0	1	0
DNASE2|chr19:13162305-13162805:*	chr19	13051491	13051991	DNASE2	chr19	12881771	0.0	0.0	1	0
DNASE2|chr19:13172085-13172605:*	chr19	13061271	13061791	DNASE2	chr19	12881771	0.0	0.0	1	0
DNASE2|chr19:13180365-13180865:*	chr19	13069551	13070051	DNASE2	chr19	12881771	0.0	0.0	1	0
DNASE2|chr19:13190225-13190725:*	chr19	13079411	13079911	DNASE2	chr19	12881771	0.0	0.0	0	0
DNASE2|chr19:13262245-13262985:*	chr19	13151431	13152171	DNASE2	chr19	12881771	0.0	0.0	0	0
DNASE2|chr19:13263605-13264105:*	chr19	13152791	13153291	DNASE2	chr19	12881771	0.0	0.0	0	0
DNASE2|chr19:13266245-13266765:*	chr19	13155431	13155951	DNASE2	chr19	12881771	0.0	0.0	0	0
DNASE2|chr19:13273605-13274145:*	chr19	13162791	13163331	DNASE2	chr19	12881771	0.0	0.0	0	0
DNASE2|chr19:13274445-13275785:*	chr19	13163631	13164971	DNASE2	chr19	12881771	0.0	0.0	0	0
DNASE2|chr19:13283085-13283605:*	chr19	13172271	13172791	DNASE2	chr19	12881771	0.0	0.0	0	0
DNASE2|chr19:13301925-13302425:*	chr19	13191111	13191611	DNASE2	chr19	12881771	0.0	0.0	0	0
DNASE2|chr19:13305225-13305845:*	chr19	13194411	13195031	DNASE2	chr19	12881771	0.0	0.0	0	0
DNASE2|chr19:13306445-13306985:*	chr19	13195631	13196171	DNASE2	chr19	12881771	0.0	0.0	0	0
DNASE2|chr19:13323585-13324085:*	chr19	13212771	13213271	DNASE2	chr19	12881771	0.0	0.0	0	0
DNASE2|chr19:13345245-13345765:*	chr19	13234431	13234951	DNASE2	chr19	12881771	0.0	0.0	0	0
DNASE2|chr19:13358545-13359065:*	chr19	13247731	13248251	DNASE2	chr19	12881771	0.0	0.0	0	0
DNASE2|chr19:13371805-13372345:*	chr19	13260991	13261531	DNASE2	chr19	12881771	0.0	0.0	0	0
DNASE2|chr19:13373145-13373685:*	chr19	13262331	13262871	DNASE2	chr19	12881771	0.0	0.0	0	0
DNASE2|chr19:13387865-13388365:*	chr19	13277051	13277551	DNASE2	chr19	12881771	0.0	0.0	0	0
DNASE2|chr19:13388705-13389265:*	chr19	13277891	13278451	DNASE2	chr19	12881771	0.0	0.0	0	0
DNASE2|chr19:13492665-13493165:*	chr19	13381851	13382351	DNASE2	chr19	12881771	0.0	0.0	0	0
DNASE2|chr19:13507325-13507905:*	chr19	13396511	13397091	DNASE2	chr19	12881771	0.0	0.0	0	0
DNASE2|chr19:13512165-13512685:*	chr19	13401351	13401871	DNASE2	chr19	12881771	0.0	0.0	0	0
DNASE2|chr19:13539145-13539665:*	chr19	13428331	13428851	DNASE2	chr19	12881771	0.0	0.0	0	0
DNASE2|chr19:13648285-13648785:*	chr19	13537471	13537971	DNASE2	chr19	12881771	0.0	0.0	0	0
DNASE2|chr19:13693805-13694345:*	chr19	13582991	13583531	DNASE2	chr19	12881771	0.0	0.0	0	0
JUNB|chr19:12313025-12313565:*	chr19	12202210	12202750	JUNB	chr19	12791245	0.0	0.0	0	0
JUNB|chr19:12404485-12405065:*	chr19	12293670	12294250	JUNB	chr19	12791245	0.0	0.0	0	0
JUNB|chr19:12441885-12442945:*	chr19	12331071	12332131	JUNB	chr19	12791245	0.0	0.0	0	0
JUNB|chr19:12522625-12523145:*	chr19	12411811	12412331	JUNB	chr19	12791245	0.0	0.0	0	0
JUNB|chr19:12605985-12606485:*	chr19	12495171	12495671	JUNB	chr19	12791245	0.0	0.0	0	0
JUNB|chr19:12655125-12655625:*	chr19	12544311	12544811	JUNB	chr19	12791245	0.0	0.0	0	0
JUNB|chr19:12750825-12751345:*	chr19	12640011	12640531	JUNB	chr19	12791245	0.0	0.0	1	0
JUNB|chr19:12758305-12758885:*	chr19	12647491	12648071	JUNB	chr19	12791245	0.0	0.0	1	0
JUNB|chr19:12868285-12868805:*	chr19	12757471	12757991	JUNB	chr19	12791245	17.42928695678711	2285.0071046361586	1	0
JUNB|chr19:12871305-12871845:*	chr19	12760491	12761031	JUNB	chr19	12791245	7.261514186859131	951.9960023911405	1	0
JUNB|chr19:12876785-12877345:*	chr19	12765971	12766531	JUNB	chr19	12791245	15.606489181518556	2046.035431432872	1	0
JUNB|chr19:12906845-12907745:*	chr19	12796031	12796931	JUNB	chr19	12791245	41.649600982666016	5460.328605903934	1	0
JUNB|chr19:12935945-12936745:*	chr19	12825131	12825931	JUNB	chr19	12791245	19.447938919067383	2549.6555717268875	1	0
JUNB|chr19:12939125-12939705:*	chr19	12828311	12828891	JUNB	chr19	12791245	9.184700965881348	1204.128832867997	1	0
JUNB|chr19:12943165-12943725:*	chr19	12832351	12832911	JUNB	chr19	12791245	14.502167701721191	1901.2571376681544	1	0
JUNB|chr19:12951265-12951825:*	chr19	12840451	12841011	JUNB	chr19	12791245	52.01966094970703	6819.859879841933	1	0
JUNB|chr19:12951925-12952425:*	chr19	12841111	12841611	JUNB	chr19	12791245	50.83833694458008	6664.986433137839	1	0
JUNB|chr19:12958325-12958825:*	chr19	12847511	12848011	JUNB	chr19	12791245	7.60597562789917	997.1554424761632	1	0
JUNB|chr19:12977965-12978745:*	chr19	12867151	12867931	JUNB	chr19	12791245	6.108630657196045	800.8511470319069	1	0
JUNB|chr19:12983025-12983525:*	chr19	12872211	12872711	JUNB	chr19	12791245	18.39149475097656	2411.1540693003103	1	0
JUNB|chr19:12983645-12984185:*	chr19	12872831	12873371	JUNB	chr19	12791245	22.406391143798828	2937.51334060742	1	0
JUNB|chr19:12995825-12996325:*	chr19	12885011	12885511	JUNB	chr19	12791245	5.334323883056641	699.338303479379	1	0
JUNB|chr19:13019305-13019805:*	chr19	12908491	12908991	JUNB	chr19	12791245	0.0	0.0	1	0
JUNB|chr19:13075665-13076805:*	chr19	12964851	12965991	JUNB	chr19	12791245	0.0	0.0	1	0
JUNB|chr19:13085005-13085525:*	chr19	12974191	12974711	JUNB	chr19	12791245	0.0	0.0	1	0
JUNB|chr19:13088545-13089065:*	chr19	12977731	12978251	JUNB	chr19	12791245	0.0	0.0	1	0
JUNB|chr19:13094325-13094825:*	chr19	12983511	12984011	JUNB	chr19	12791245	0.0	0.0	1	0
JUNB|chr19:13095965-13096465:*	chr19	12985151	12985651	JUNB	chr19	12791245	0.0	0.0	1	0
JUNB|chr19:13107305-13107805:*	chr19	12996491	12996991	JUNB	chr19	12791245	0.0	0.0	0	0
JUNB|chr19:13123985-13124525:*	chr19	13013171	13013711	JUNB	chr19	12791245	0.0	0.0	0	0
JUNB|chr19:13127205-13127805:*	chr19	13016391	13016991	JUNB	chr19	12791245	0.0	0.0	0	0
JUNB|chr19:13144765-13145325:*	chr19	13033951	13034511	JUNB	chr19	12791245	0.0	0.0	0	0
JUNB|chr19:13162305-13162805:*	chr19	13051491	13051991	JUNB	chr19	12791245	0.0	0.0	0	0
JUNB|chr19:13172085-13172605:*	chr19	13061271	13061791	JUNB	chr19	12791245	0.0	0.0	0	0
JUNB|chr19:13180365-13180865:*	chr19	13069551	13070051	JUNB	chr19	12791245	0.0	0.0	0	0
JUNB|chr19:13190225-13190725:*	chr19	13079411	13079911	JUNB	chr19	12791245	0.0	0.0	0	0
JUNB|chr19:13215145-13215725:*	chr19	13104331	13104911	JUNB	chr19	12791245	0.0	0.0	0	0
JUNB|chr19:13263605-13264105:*	chr19	13152791	13153291	JUNB	chr19	12791245	0.0	0.0	0	0
JUNB|chr19:13273605-13274145:*	chr19	13162791	13163331	JUNB	chr19	12791245	0.0	0.0	0	0
JUNB|chr19:13274445-13275785:*	chr19	13163631	13164971	JUNB	chr19	12791245	0.0	0.0	0	0
JUNB|chr19:13283085-13283605:*	chr19	13172271	13172791	JUNB	chr19	12791245	0.0	0.0	0	0
JUNB|chr19:13301925-13302425:*	chr19	13191111	13191611	JUNB	chr19	12791245	0.0	0.0	0	0
JUNB|chr19:13306445-13306985:*	chr19	13195631	13196171	JUNB	chr19	12791245	0.0	0.0	0	0
JUNB|chr19:13323585-13324085:*	chr19	13212771	13213271	JUNB	chr19	12791245	0.0	0.0	0	0
JUNB|chr19:13345245-13345765:*	chr19	13234431	13234951	JUNB	chr19	12791245	0.0	0.0	0	0
JUNB|chr19:13358545-13359065:*	chr19	13247731	13248251	JUNB	chr19	12791245	0.0	0.0	0	0
JUNB|chr19:13371805-13372345:*	chr19	13260991	13261531	JUNB	chr19	12791245	0.0	0.0	0	0
JUNB|chr19:13373145-13373685:*	chr19	13262331	13262871	JUNB	chr19	12791245	0.0	0.0	0	0
JUNB|chr19:13387865-13388365:*	chr19	13277051	13277551	JUNB	chr19	12791245	0.0	0.0	0	0
JUNB|chr19:13388705-13389265:*	chr19	13277891	13278451	JUNB	chr19	12791245	0.0	0.0	0	0
JUNB|chr19:13492665-13493165:*	chr19	13381851	13382351	JUNB	chr19	12791245	0.0	0.0	0	0
JUNB|chr19:13507325-13507905:*	chr19	13396511	13397091	JUNB	chr19	12791245	0.0	0.0	0	0
JUNB|chr19:13512165-13512685:*	chr19	13401351	13401871	JUNB	chr19	12791245	0.0	0.0	0	0
JUNB|chr19:13539145-13539665:*	chr19	13428331	13428851	JUNB	chr19	12791245	0.0	0.0	0	0
JUNB|chr19:13693805-13694345:*	chr19	13582991	13583531	JUNB	chr19	12791245	0.0	0.0	0	0
KLF1|chr19:12313025-12313565:*	chr19	12202210	12202750	KLF1	chr19	12887453	0.0	0.0	0	0
KLF1|chr19:12404485-12405065:*	chr19	12293670	12294250	KLF1	chr19	12887453	0.0	0.0	0	0
KLF1|chr19:12441885-12442945:*	chr19	12331071	12332131	KLF1	chr19	12887453	0.0	0.0	0	0
KLF1|chr19:12522625-12523145:*	chr19	12411811	12412331	KLF1	chr19	12887453	0.0	0.0	0	0
KLF1|chr19:12605985-12606485:*	chr19	12495171	12495671	KLF1	chr19	12887453	0.0	0.0	0	0
KLF1|chr19:12632705-12633245:*	chr19	12521891	12522431	KLF1	chr19	12887453	0.0	0.0	0	0
KLF1|chr19:12655125-12655625:*	chr19	12544311	12544811	KLF1	chr19	12887453	0.0	0.0	0	0
KLF1|chr19:12674785-12675285:*	chr19	12563971	12564471	KLF1	chr19	12887453	0.0	0.0	0	0
KLF1|chr19:12750825-12751345:*	chr19	12640011	12640531	KLF1	chr19	12887453	0.0	0.0	0	0
KLF1|chr19:12758305-12758885:*	chr19	12647491	12648071	KLF1	chr19	12887453	0.0	0.0	0	0
KLF1|chr19:12782725-12783305:*	chr19	12671911	12672491	KLF1	chr19	12887453	0.0	0.0	0	0
KLF1|chr19:12787065-12787585:*	chr19	12676251	12676771	KLF1	chr19	12887453	0.0	0.0	0	0
KLF1|chr19:12827685-12828205:*	chr19	12716871	12717391	KLF1	chr19	12887453	0.0	0.0	1	0
KLF1|chr19:12868285-12868805:*	chr19	12757471	12757991	KLF1	chr19	12887453	0.0	0.0	1	0
KLF1|chr19:12871305-12871845:*	chr19	12760491	12761031	KLF1	chr19	12887453	0.0	0.0	1	0
KLF1|chr19:12876785-12877345:*	chr19	12765971	12766531	KLF1	chr19	12887453	0.0	0.0	1	0
KLF1|chr19:12888325-12888845:*	chr19	12777511	12778031	KLF1	chr19	12887453	0.0	0.0	1	0
KLF1|chr19:12889945-12890545:*	chr19	12779131	12779731	KLF1	chr19	12887453	0.0	0.0	1	0
KLF1|chr19:12893105-12893985:*	chr19	12782291	12783171	KLF1	chr19	12887453	0.0	0.0	1	0
KLF1|chr19:12895265-12895785:*	chr19	12784451	12784971	KLF1	chr19	12887453	0.0	0.0	1	0
KLF1|chr19:12900645-12901165:*	chr19	12789831	12790351	KLF1	chr19	12887453	10.571624755859377	754.5990893107743	1	0
KLF1|chr19:12906845-12907745:*	chr19	12796031	12796931	KLF1	chr19	12887453	13.567510604858398	968.4444333843708	1	0
KLF1|chr19:12925705-12926305:*	chr19	12814891	12815491	KLF1	chr19	12887453	10.252449989318848	731.8164997160226	1	0
KLF1|chr19:12939125-12939705:*	chr19	12828311	12828891	KLF1	chr19	12887453	9.666156768798828	689.9670829526933	1	0
KLF1|chr19:12943165-12943725:*	chr19	12832351	12832911	KLF1	chr19	12887453	54.65930938720703	3901.563481344867	1	0
KLF1|chr19:12951265-12951825:*	chr19	12840451	12841011	KLF1	chr19	12887453	53.57059860229492	3823.851664496453	1	0
KLF1|chr19:12977965-12978745:*	chr19	12867151	12867931	KLF1	chr19	12887453	36.61727142333984	2613.72876045216	1	1
KLF1|chr19:12983645-12984185:*	chr19	12872831	12873371	KLF1	chr19	12887453	61.300811767578125	4375.63173136534	1	0
KLF1|chr19:12999705-13000205:*	chr19	12888891	12889391	KLF1	chr19	12887453	188.05943298339844	13423.62031786259	1	1
KLF1|chr19:13085005-13085525:*	chr19	12974191	12974711	KLF1	chr19	12887453	24.58280563354492	1754.7125604789603	1	0
KLF1|chr19:13088545-13089065:*	chr19	12977731	12978251	KLF1	chr19	12887453	5.061703681945801	361.3027398310072	1	0
KLF1|chr19:13094325-13094825:*	chr19	12983511	12984011	KLF1	chr19	12887453	13.823262214660645	986.6998989635453	1	0
KLF1|chr19:13095965-13096465:*	chr19	12985151	12985651	KLF1	chr19	12887453	5.297194480895996	378.1119954121223	1	0
KLF1|chr19:13107305-13107805:*	chr19	12996491	12996991	KLF1	chr19	12887453	0.0	0.0	1	0
KLF1|chr19:13123985-13124525:*	chr19	13013171	13013711	KLF1	chr19	12887453	0.0	0.0	1	0
KLF1|chr19:13127205-13127805:*	chr19	13016391	13016991	KLF1	chr19	12887453	0.0	0.0	1	0
KLF1|chr19:13133545-13134045:*	chr19	13022731	13023231	KLF1	chr19	12887453	0.0	0.0	1	0
KLF1|chr19:13162305-13162805:*	chr19	13051491	13051991	KLF1	chr19	12887453	0.0	0.0	1	0
KLF1|chr19:13172085-13172605:*	chr19	13061271	13061791	KLF1	chr19	12887453	0.0	0.0	1	0
KLF1|chr19:13180365-13180865:*	chr19	13069551	13070051	KLF1	chr19	12887453	0.0	0.0	1	0
KLF1|chr19:13190225-13190725:*	chr19	13079411	13079911	KLF1	chr19	12887453	0.0	0.0	1	0
KLF1|chr19:13262245-13262985:*	chr19	13151431	13152171	KLF1	chr19	12887453	0.0	0.0	0	0
KLF1|chr19:13263605-13264105:*	chr19	13152791	13153291	KLF1	chr19	12887453	0.0	0.0	0	0
KLF1|chr19:13266245-13266765:*	chr19	13155431	13155951	KLF1	chr19	12887453	0.0	0.0	0	0
KLF1|chr19:13273605-13274145:*	chr19	13162791	13163331	KLF1	chr19	12887453	0.0	0.0	0	0
KLF1|chr19:13274445-13275785:*	chr19	13163631	13164971	KLF1	chr19	12887453	0.0	0.0	0	0
KLF1|chr19:13283085-13283605:*	chr19	13172271	13172791	KLF1	chr19	12887453	0.0	0.0	0	0
KLF1|chr19:13301925-13302425:*	chr19	13191111	13191611	KLF1	chr19	12887453	0.0	0.0	0	0
KLF1|chr19:13305225-13305845:*	chr19	13194411	13195031	KLF1	chr19	12887453	0.0	0.0	0	0
KLF1|chr19:13306445-13306985:*	chr19	13195631	13196171	KLF1	chr19	12887453	0.0	0.0	0	0
KLF1|chr19:13323585-13324085:*	chr19	13212771	13213271	KLF1	chr19	12887453	0.0	0.0	0	0
KLF1|chr19:13345245-13345765:*	chr19	13234431	13234951	KLF1	chr19	12887453	0.0	0.0	0	0
KLF1|chr19:13358545-13359065:*	chr19	13247731	13248251	KLF1	chr19	12887453	0.0	0.0	0	0
KLF1|chr19:13371805-13372345:*	chr19	13260991	13261531	KLF1	chr19	12887453	0.0	0.0	0	0
KLF1|chr19:13373145-13373685:*	chr19	13262331	13262871	KLF1	chr19	12887453	0.0	0.0	0	0
KLF1|chr19:13387865-13388365:*	chr19	13277051	13277551	KLF1	chr19	12887453	0.0	0.0	0	0
KLF1|chr19:13388705-13389265:*	chr19	13277891	13278451	KLF1	chr19	12887453	0.0	0.0	0	0
KLF1|chr19:13492665-13493165:*	chr19	13381851	13382351	KLF1	chr19	12887453	0.0	0.0	0	0
KLF1|chr19:13507325-13507905:*	chr19	13396511	13397091	KLF1	chr19	12887453	0.0	0.0	0	0
KLF1|chr19:13512165-13512685:*	chr19	13401351	13401871	KLF1	chr19	12887453	0.0	0.0	0	0
KLF1|chr19:13539145-13539665:*	chr19	13428331	13428851	KLF1	chr19	12887453	0.0	0.0	0	0
KLF1|chr19:13648285-13648785:*	chr19	13537471	13537971	KLF1	chr19	12887453	0.0	0.0	0	0
KLF1|chr19:13693805-13694345:*	chr19	13582991	13583531	KLF1	chr19	12887453	0.0	0.0	0	0
KLF1|chr19:13828053-13828630:.	chr19	13717239	13717816	KLF1	chr19	12887453	0.0	0.0	0	0
KLF1|chr19:13957033-13958209:.	chr19	13846219	13847395	KLF1	chr19	12887453	0.0	0.0	0	0
KLF1|chr19:13960688-13961572:.	chr19	13849874	13850758	KLF1	chr19	12887453	0.0	0.0	0	0
KLF1|chr19:13961895-13962395:.	chr19	13851081	13851581	KLF1	chr19	12887453	0.0	0.0	0	0
LYL1|chr19:12313025-12313565:*	chr19	12202210	12202750	LYL1	chr19	13103410	0.0	0.0	0	0
LYL1|chr19:12404485-12405065:*	chr19	12293670	12294250	LYL1	chr19	13103410	0.0	0.0	0	0
LYL1|chr19:12441885-12442945:*	chr19	12331071	12332131	LYL1	chr19	13103410	0.0	0.0	0	0
LYL1|chr19:12522625-12523145:*	chr19	12411811	12412331	LYL1	chr19	13103410	0.0	0.0	0	0
LYL1|chr19:12605985-12606485:*	chr19	12495171	12495671	LYL1	chr19	13103410	0.0	0.0	0	0
LYL1|chr19:12632705-12633245:*	chr19	12521891	12522431	LYL1	chr19	13103410	0.0	0.0	0	0
LYL1|chr19:12654525-12655045:*	chr19	12543711	12544231	LYL1	chr19	13103410	0.0	0.0	0	0
LYL1|chr19:12655125-12655625:*	chr19	12544311	12544811	LYL1	chr19	13103410	0.0	0.0	0	0
LYL1|chr19:12674785-12675285:*	chr19	12563971	12564471	LYL1	chr19	13103410	0.0	0.0	0	0
LYL1|chr19:12750825-12751345:*	chr19	12640011	12640531	LYL1	chr19	13103410	0.0	0.0	0	0
LYL1|chr19:12758305-12758885:*	chr19	12647491	12648071	LYL1	chr19	13103410	0.0	0.0	0	0
LYL1|chr19:12782725-12783305:*	chr19	12671911	12672491	LYL1	chr19	13103410	0.0	0.0	0	0
LYL1|chr19:12787065-12787585:*	chr19	12676251	12676771	LYL1	chr19	13103410	0.0	0.0	0	0
LYL1|chr19:12827685-12828205:*	chr19	12716871	12717391	LYL1	chr19	13103410	0.0	0.0	0	0
LYL1|chr19:12868285-12868805:*	chr19	12757471	12757991	LYL1	chr19	13103410	0.0	0.0	0	0
LYL1|chr19:12871305-12871845:*	chr19	12760491	12761031	LYL1	chr19	13103410	0.0	0.0	0	0
LYL1|chr19:12876785-12877345:*	chr19	12765971	12766531	LYL1	chr19	13103410	0.0	0.0	0	0
LYL1|chr19:12888325-12888845:*	chr19	12777511	12778031	LYL1	chr19	13103410	0.0	0.0	0	0
LYL1|chr19:12889945-12890545:*	chr19	12779131	12779731	LYL1	chr19	13103410	0.0	0.0	0	0
LYL1|chr19:12904165-12904665:*	chr19	12793351	12793851	LYL1	chr19	13103410	0.0	0.0	0	0
LYL1|chr19:12906845-12907745:*	chr19	12796031	12796931	LYL1	chr19	13103410	0.0	0.0	0	0
LYL1|chr19:12925705-12926305:*	chr19	12814891	12815491	LYL1	chr19	13103410	0.0	0.0	0	0
LYL1|chr19:12935945-12936745:*	chr19	12825131	12825931	LYL1	chr19	13103410	0.0	0.0	0	0
LYL1|chr19:12939125-12939705:*	chr19	12828311	12828891	LYL1	chr19	13103410	0.0	0.0	0	0
LYL1|chr19:12943165-12943725:*	chr19	12832351	12832911	LYL1	chr19	13103410	0.0	0.0	0	0
LYL1|chr19:12947025-12947525:*	chr19	12836211	12836711	LYL1	chr19	13103410	0.0	0.0	0	0
LYL1|chr19:12951265-12951825:*	chr19	12840451	12841011	LYL1	chr19	13103410	0.0	0.0	0	0
LYL1|chr19:12951925-12952425:*	chr19	12841111	12841611	LYL1	chr19	13103410	0.0	0.0	0	0
LYL1|chr19:12958325-12958825:*	chr19	12847511	12848011	LYL1	chr19	13103410	0.0	0.0	0	0
LYL1|chr19:12977965-12978745:*	chr19	12867151	12867931	LYL1	chr19	13103410	0.0	0.0	0	0
LYL1|chr19:12983025-12983525:*	chr19	12872211	12872711	LYL1	chr19	13103410	0.0	0.0	0	0
LYL1|chr19:12983645-12984185:*	chr19	12872831	12873371	LYL1	chr19	13103410	0.0	0.0	0	0
LYL1|chr19:13019305-13019805:*	chr19	12908491	12908991	LYL1	chr19	13103410	0.0	0.0	1	0
LYL1|chr19:13045805-13046305:*	chr19	12934991	12935491	LYL1	chr19	13103410	0.0	0.0	1	0
LYL1|chr19:13047265-13047765:*	chr19	12936451	12936951	LYL1	chr19	13103410	0.0	0.0	1	0
LYL1|chr19:13075665-13076805:*	chr19	12964851	12965991	LYL1	chr19	13103410	0.0	0.0	1	0
LYL1|chr19:13085005-13085525:*	chr19	12974191	12974711	LYL1	chr19	13103410	0.0	0.0	1	0
LYL1|chr19:13088545-13089065:*	chr19	12977731	12978251	LYL1	chr19	13103410	0.0	0.0	1	0
LYL1|chr19:13094325-13094825:*	chr19	12983511	12984011	LYL1	chr19	13103410	0.0	0.0	1	0
LYL1|chr19:13095965-13096465:*	chr19	12985151	12985651	LYL1	chr19	13103410	0.0	0.0	1	0
LYL1|chr19:13107305-13107805:*	chr19	12996491	12996991	LYL1	chr19	13103410	0.0	0.0	1	0
LYL1|chr19:13123985-13124525:*	chr19	13013171	13013711	LYL1	chr19	13103410	0.6553950309753418	1458.7430709274165	1	0
LYL1|chr19:13127205-13127805:*	chr19	13016391	13016991	LYL1	chr19	13103410	0.2358448505401611	524.9308055134096	1	0
LYL1|chr19:13133545-13134045:*	chr19	13022731	13023231	LYL1	chr19	13103410	1.2176251411437988	2710.124663269473	1	0
LYL1|chr19:13144765-13145325:*	chr19	13033951	13034511	LYL1	chr19	13103410	0.4142514765262604	922.018694747884	1	0
LYL1|chr19:13162305-13162805:*	chr19	13051491	13051991	LYL1	chr19	13103410	0.7180558443069458	1598.210144899774	1	0
LYL1|chr19:13180365-13180865:*	chr19	13069551	13070051	LYL1	chr19	13103410	3.047943592071533	6783.949199149863	1	0
LYL1|chr19:13190225-13190725:*	chr19	13079411	13079911	LYL1	chr19	13103410	1.0308198928833008	2294.3435715096703	1	0
LYL1|chr19:13204505-13205025:*	chr19	13093691	13094211	LYL1	chr19	13103410	2.5924084186553955	5770.043468440239	1	0
LYL1|chr19:13263605-13264105:*	chr19	13152791	13153291	LYL1	chr19	13103410	1.922802448272705	4279.670451583893	1	0
LYL1|chr19:13266245-13266765:*	chr19	13155431	13155951	LYL1	chr19	13103410	2.1358413696289062	4753.841044399848	1	0
LYL1|chr19:13283085-13283605:*	chr19	13172271	13172791	LYL1	chr19	13103410	0.4046638011932373	900.6789617664856	1	0
LYL1|chr19:13301925-13302425:*	chr19	13191111	13191611	LYL1	chr19	13103410	0.3196949064731598	711.5597579897674	1	0
LYL1|chr19:13305225-13305845:*	chr19	13194411	13195031	LYL1	chr19	13103410	0.4478466212749481	996.7929641621964	1	0
LYL1|chr19:13306445-13306985:*	chr19	13195631	13196171	LYL1	chr19	13103410	0.2730082273483276	607.6470542626577	1	0
LYL1|chr19:13323585-13324085:*	chr19	13212771	13213271	LYL1	chr19	13103410	0.0	0.0	1	0
LYL1|chr19:13387865-13388365:*	chr19	13277051	13277551	LYL1	chr19	13103410	0.0	0.0	1	0
LYL1|chr19:13388705-13389265:*	chr19	13277891	13278451	LYL1	chr19	13103410	0.0	0.0	1	0
LYL1|chr19:13492665-13493165:*	chr19	13381851	13382351	LYL1	chr19	13103410	0.0	0.0	0	0
LYL1|chr19:13507325-13507905:*	chr19	13396511	13397091	LYL1	chr19	13103410	0.0	0.0	0	0
LYL1|chr19:13512165-13512685:*	chr19	13401351	13401871	LYL1	chr19	13103410	0.0	0.0	0	0
LYL1|chr19:13539145-13539665:*	chr19	13428331	13428851	LYL1	chr19	13103410	0.0	0.0	0	0
LYL1|chr19:13648285-13648785:*	chr19	13537471	13537971	LYL1	chr19	13103410	0.0	0.0	0	0
LYL1|chr19:13693805-13694345:*	chr19	13582991	13583531	LYL1	chr19	13103410	0.0	0.0	0	0
LYL1|chr19:13278293-13278959:.	chr19	13167479	13168145	LYL1	chr19	13103410	1.578455924987793	3513.2424484721173	1	0
PRDX2|chr19:12313025-12313565:*	chr19	12202210	12202750	PRDX2	chr19	12802160	0.0	0.0	0	0
PRDX2|chr19:12404485-12405065:*	chr19	12293670	12294250	PRDX2	chr19	12802160	0.0	0.0	0	0
PRDX2|chr19:12441885-12442945:*	chr19	12331071	12332131	PRDX2	chr19	12802160	0.0	0.0	0	0
PRDX2|chr19:12522625-12523145:*	chr19	12411811	12412331	PRDX2	chr19	12802160	0.0	0.0	0	0
PRDX2|chr19:12605985-12606485:*	chr19	12495171	12495671	PRDX2	chr19	12802160	0.0	0.0	0	0
PRDX2|chr19:12632705-12633245:*	chr19	12521891	12522431	PRDX2	chr19	12802160	0.0	0.0	0	0
PRDX2|chr19:12655125-12655625:*	chr19	12544311	12544811	PRDX2	chr19	12802160	0.0	0.0	0	0
PRDX2|chr19:12674785-12675285:*	chr19	12563971	12564471	PRDX2	chr19	12802160	0.0	0.0	0	0
PRDX2|chr19:12750825-12751345:*	chr19	12640011	12640531	PRDX2	chr19	12802160	0.0	0.0	1	0
PRDX2|chr19:12782725-12783305:*	chr19	12671911	12672491	PRDX2	chr19	12802160	0.0	0.0	1	0
PRDX2|chr19:12787065-12787585:*	chr19	12676251	12676771	PRDX2	chr19	12802160	0.0	0.0	1	0
PRDX2|chr19:12868285-12868805:*	chr19	12757471	12757991	PRDX2	chr19	12802160	22.16651725769043	1855.374183742478	1	0
PRDX2|chr19:12871305-12871845:*	chr19	12760491	12761031	PRDX2	chr19	12802160	12.014817237854004	1005.660089329751	1	0
PRDX2|chr19:12900645-12901165:*	chr19	12789831	12790351	PRDX2	chr19	12802160	79.0666732788086	6618.011421934464	1	0
PRDX2|chr19:12904165-12904665:*	chr19	12793351	12793851	PRDX2	chr19	12802160	236.1868896484375	19769.233592169763	1	0
PRDX2|chr19:12925705-12926305:*	chr19	12814891	12815491	PRDX2	chr19	12802160	18.713605880737305	1566.3597863487296	1	0
PRDX2|chr19:12935945-12936745:*	chr19	12825131	12825931	PRDX2	chr19	12802160	31.68424797058105	2652.0239978391683	1	1
PRDX2|chr19:12939125-12939705:*	chr19	12828311	12828891	PRDX2	chr19	12802160	13.621339797973633	1140.1286866738697	1	0
PRDX2|chr19:12977965-12978745:*	chr19	12867151	12867931	PRDX2	chr19	12802160	13.88616180419922	1162.2947269194285	1	0
PRDX2|chr19:12983025-12983525:*	chr19	12872211	12872711	PRDX2	chr19	12802160	32.59938049316406	2728.6221046759365	1	0
PRDX2|chr19:12983645-12984185:*	chr19	12872831	12873371	PRDX2	chr19	12802160	34.931095123291016	2923.7904785931905	1	0
PRDX2|chr19:12999705-13000205:*	chr19	12888891	12889391	PRDX2	chr19	12802160	3.001924991607666	251.2660904828373	1	0
PRDX2|chr19:13075665-13076805:*	chr19	12964851	12965991	PRDX2	chr19	12802160	0.0	0.0	1	0
PRDX2|chr19:13085005-13085525:*	chr19	12974191	12974711	PRDX2	chr19	12802160	0.0	0.0	1	0
PRDX2|chr19:13088545-13089065:*	chr19	12977731	12978251	PRDX2	chr19	12802160	0.0	0.0	1	0
PRDX2|chr19:13094325-13094825:*	chr19	12983511	12984011	PRDX2	chr19	12802160	0.0	0.0	1	0
PRDX2|chr19:13095965-13096465:*	chr19	12985151	12985651	PRDX2	chr19	12802160	0.0	0.0	1	0
PRDX2|chr19:13107305-13107805:*	chr19	12996491	12996991	PRDX2	chr19	12802160	0.0	0.0	1	0
PRDX2|chr19:13123985-13124525:*	chr19	13013171	13013711	PRDX2	chr19	12802160	0.0	0.0	0	0
PRDX2|chr19:13127205-13127805:*	chr19	13016391	13016991	PRDX2	chr19	12802160	0.0	0.0	0	0
PRDX2|chr19:13133545-13134045:*	chr19	13022731	13023231	PRDX2	chr19	12802160	0.0	0.0	0	0
PRDX2|chr19:13144765-13145325:*	chr19	13033951	13034511	PRDX2	chr19	12802160	0.0	0.0	0	0
PRDX2|chr19:13162305-13162805:*	chr19	13051491	13051991	PRDX2	chr19	12802160	0.0	0.0	0	0
PRDX2|chr19:13172085-13172605:*	chr19	13061271	13061791	PRDX2	chr19	12802160	0.0	0.0	0	0
PRDX2|chr19:13180365-13180865:*	chr19	13069551	13070051	PRDX2	chr19	12802160	0.0	0.0	0	0
PRDX2|chr19:13190225-13190725:*	chr19	13079411	13079911	PRDX2	chr19	12802160	0.0	0.0	0	0
PRDX2|chr19:13204505-13205025:*	chr19	13093691	13094211	PRDX2	chr19	12802160	0.0	0.0	0	0
PRDX2|chr19:13208405-13209625:*	chr19	13097591	13098811	PRDX2	chr19	12802160	0.0	0.0	0	0
PRDX2|chr19:13215145-13215725:*	chr19	13104331	13104911	PRDX2	chr19	12802160	0.0	0.0	0	0
PRDX2|chr19:13262245-13262985:*	chr19	13151431	13152171	PRDX2	chr19	12802160	0.0	0.0	0	0
PRDX2|chr19:13263605-13264105:*	chr19	13152791	13153291	PRDX2	chr19	12802160	0.0	0.0	0	0
PRDX2|chr19:13266245-13266765:*	chr19	13155431	13155951	PRDX2	chr19	12802160	0.0	0.0	0	0
PRDX2|chr19:13273605-13274145:*	chr19	13162791	13163331	PRDX2	chr19	12802160	0.0	0.0	0	0
PRDX2|chr19:13274445-13275785:*	chr19	13163631	13164971	PRDX2	chr19	12802160	0.0	0.0	0	0
PRDX2|chr19:13283085-13283605:*	chr19	13172271	13172791	PRDX2	chr19	12802160	0.0	0.0	0	0
PRDX2|chr19:13305225-13305845:*	chr19	13194411	13195031	PRDX2	chr19	12802160	0.0	0.0	0	0
PRDX2|chr19:13306445-13306985:*	chr19	13195631	13196171	PRDX2	chr19	12802160	0.0	0.0	0	0
PRDX2|chr19:13323585-13324085:*	chr19	13212771	13213271	PRDX2	chr19	12802160	0.0	0.0	0	0
PRDX2|chr19:13345245-13345765:*	chr19	13234431	13234951	PRDX2	chr19	12802160	0.0	0.0	0	0
PRDX2|chr19:13358545-13359065:*	chr19	13247731	13248251	PRDX2	chr19	12802160	0.0	0.0	0	0
PRDX2|chr19:13371805-13372345:*	chr19	13260991	13261531	PRDX2	chr19	12802160	0.0	0.0	0	0
PRDX2|chr19:13373145-13373685:*	chr19	13262331	13262871	PRDX2	chr19	12802160	0.0	0.0	0	0
PRDX2|chr19:13387865-13388365:*	chr19	13277051	13277551	PRDX2	chr19	12802160	0.0	0.0	0	0
PRDX2|chr19:13388705-13389265:*	chr19	13277891	13278451	PRDX2	chr19	12802160	0.0	0.0	0	0
PRDX2|chr19:13492665-13493165:*	chr19	13381851	13382351	PRDX2	chr19	12802160	0.0	0.0	0	0
PRDX2|chr19:13507325-13507905:*	chr19	13396511	13397091	PRDX2	chr19	12802160	0.0	0.0	0	0
PRDX2|chr19:13512165-13512685:*	chr19	13401351	13401871	PRDX2	chr19	12802160	0.0	0.0	0	0
PRDX2|chr19:13648285-13648785:*	chr19	13537471	13537971	PRDX2	chr19	12802160	0.0	0.0	0	0
PRDX2|chr19:13693805-13694345:*	chr19	13582991	13583531	PRDX2	chr19	12802160	0.0	0.0	0	0
PRDX2|chr19:12034380-12034880:.	chr19	11923565	11924065	PRDX2	chr19	12802160	0.0	0.0	0	0
PRDX2|chr19:13828053-13828630:.	chr19	13717239	13717816	PRDX2	chr19	12802160	0.0	0.0	0	0
RAD23A|chr19:12313025-12313565:*	chr19	12202210	12202750	RAD23A	chr19	12945563	0.0	0.0	0	0
RAD23A|chr19:12404485-12405065:*	chr19	12293670	12294250	RAD23A	chr19	12945563	0.0	0.0	0	0
RAD23A|chr19:12441885-12442945:*	chr19	12331071	12332131	RAD23A	chr19	12945563	0.0	0.0	0	0
RAD23A|chr19:12522625-12523145:*	chr19	12411811	12412331	RAD23A	chr19	12945563	0.0	0.0	0	0
RAD23A|chr19:12605985-12606485:*	chr19	12495171	12495671	RAD23A	chr19	12945563	0.0	0.0	0	0
RAD23A|chr19:12632705-12633245:*	chr19	12521891	12522431	RAD23A	chr19	12945563	0.0	0.0	0	0
RAD23A|chr19:12654525-12655045:*	chr19	12543711	12544231	RAD23A	chr19	12945563	0.0	0.0	0	0
RAD23A|chr19:12655125-12655625:*	chr19	12544311	12544811	RAD23A	chr19	12945563	0.0	0.0	0	0
RAD23A|chr19:12674785-12675285:*	chr19	12563971	12564471	RAD23A	chr19	12945563	0.0	0.0	0	0
RAD23A|chr19:12750825-12751345:*	chr19	12640011	12640531	RAD23A	chr19	12945563	0.0	0.0	0	0
RAD23A|chr19:12758305-12758885:*	chr19	12647491	12648071	RAD23A	chr19	12945563	0.0	0.0	0	0
RAD23A|chr19:12782725-12783305:*	chr19	12671911	12672491	RAD23A	chr19	12945563	0.0	0.0	0	0
RAD23A|chr19:12787065-12787585:*	chr19	12676251	12676771	RAD23A	chr19	12945563	0.0	0.0	0	0
RAD23A|chr19:12827685-12828205:*	chr19	12716871	12717391	RAD23A	chr19	12945563	0.0	0.0	0	0
RAD23A|chr19:12868285-12868805:*	chr19	12757471	12757991	RAD23A	chr19	12945563	0.0	0.0	1	0
RAD23A|chr19:12871305-12871845:*	chr19	12760491	12761031	RAD23A	chr19	12945563	0.0	0.0	1	0
RAD23A|chr19:12876785-12877345:*	chr19	12765971	12766531	RAD23A	chr19	12945563	0.0	0.0	1	0
RAD23A|chr19:12888325-12888845:*	chr19	12777511	12778031	RAD23A	chr19	12945563	0.0	0.0	1	0
RAD23A|chr19:12889945-12890545:*	chr19	12779131	12779731	RAD23A	chr19	12945563	0.0	0.0	1	0
RAD23A|chr19:12893105-12893985:*	chr19	12782291	12783171	RAD23A	chr19	12945563	0.0	0.0	1	0
RAD23A|chr19:12895265-12895785:*	chr19	12784451	12784971	RAD23A	chr19	12945563	0.0	0.0	1	0
RAD23A|chr19:12906845-12907745:*	chr19	12796031	12796931	RAD23A	chr19	12945563	0.0	0.0	1	0
RAD23A|chr19:12925705-12926305:*	chr19	12814891	12815491	RAD23A	chr19	12945563	0.0	0.0	1	0
RAD23A|chr19:12935945-12936745:*	chr19	12825131	12825931	RAD23A	chr19	12945563	0.0	0.0	1	0
RAD23A|chr19:12939125-12939705:*	chr19	12828311	12828891	RAD23A	chr19	12945563	0.0	0.0	1	0
RAD23A|chr19:12943165-12943725:*	chr19	12832351	12832911	RAD23A	chr19	12945563	0.0	0.0	1	0
RAD23A|chr19:12947025-12947525:*	chr19	12836211	12836711	RAD23A	chr19	12945563	0.0	0.0	1	0
RAD23A|chr19:12951265-12951825:*	chr19	12840451	12841011	RAD23A	chr19	12945563	0.0	0.0	1	0
RAD23A|chr19:12951925-12952425:*	chr19	12841111	12841611	RAD23A	chr19	12945563	0.0	0.0	1	0
RAD23A|chr19:12958325-12958825:*	chr19	12847511	12848011	RAD23A	chr19	12945563	3.2115228176116943	387.8871640223896	1	0
RAD23A|chr19:12977965-12978745:*	chr19	12867151	12867931	RAD23A	chr19	12945563	13.060566902160645	1577.4529853632548	1	0
RAD23A|chr19:12983025-12983525:*	chr19	12872211	12872711	RAD23A	chr19	12945563	41.75563049316406	5043.2377453899	1	0
RAD23A|chr19:12983645-12984185:*	chr19	12872831	12873371	RAD23A	chr19	12945563	48.1426887512207	5814.665524316839	1	0
RAD23A|chr19:13019305-13019805:*	chr19	12908491	12908991	RAD23A	chr19	12945563	12.12089729309082	1463.9598543846064	1	0
RAD23A|chr19:13045805-13046305:*	chr19	12934991	12935491	RAD23A	chr19	12945563	27.804386138916016	3358.2088931966555	1	0
RAD23A|chr19:13085005-13085525:*	chr19	12974191	12974711	RAD23A	chr19	12945563	28.29574966430664	3417.5556938242626	1	0
RAD23A|chr19:13088545-13089065:*	chr19	12977731	12978251	RAD23A	chr19	12945563	20.642454147338867	2493.1920003071914	1	0
RAD23A|chr19:13094325-13094825:*	chr19	12983511	12984011	RAD23A	chr19	12945563	91.74771118164062	11081.272504318476	1	0
RAD23A|chr19:13095965-13096465:*	chr19	12985151	12985651	RAD23A	chr19	12945563	46.59571838378906	5627.822713996728	1	0
RAD23A|chr19:13107305-13107805:*	chr19	12996491	12996991	RAD23A	chr19	12945563	33.57341003417969	4054.99058991689	1	0
RAD23A|chr19:13123985-13124525:*	chr19	13013171	13013711	RAD23A	chr19	12945563	22.636625289916992	2734.047642007148	1	0
RAD23A|chr19:13127205-13127805:*	chr19	13016391	13016991	RAD23A	chr19	12945563	6.770835876464844	817.7803725324637	1	0
RAD23A|chr19:13133545-13134045:*	chr19	13022731	13023231	RAD23A	chr19	12945563	17.788455963134766	2148.486598955181	1	0
RAD23A|chr19:13144765-13145325:*	chr19	13033951	13034511	RAD23A	chr19	12945563	3.3598709106445312	405.8046207438801	1	0
RAD23A|chr19:13162305-13162805:*	chr19	13051491	13051991	RAD23A	chr19	12945563	0.0	0.0	1	0
RAD23A|chr19:13172085-13172605:*	chr19	13061271	13061791	RAD23A	chr19	12945563	0.0	0.0	1	0
RAD23A|chr19:13180365-13180865:*	chr19	13069551	13070051	RAD23A	chr19	12945563	0.0	0.0	1	0
RAD23A|chr19:13190225-13190725:*	chr19	13079411	13079911	RAD23A	chr19	12945563	0.0	0.0	1	0
RAD23A|chr19:13204505-13205025:*	chr19	13093691	13094211	RAD23A	chr19	12945563	0.0	0.0	1	0
RAD23A|chr19:13208405-13209625:*	chr19	13097591	13098811	RAD23A	chr19	12945563	0.0	0.0	1	0
RAD23A|chr19:13215145-13215725:*	chr19	13104331	13104911	RAD23A	chr19	12945563	0.0	0.0	1	0
RAD23A|chr19:13263605-13264105:*	chr19	13152791	13153291	RAD23A	chr19	12945563	0.0	0.0	0	0
RAD23A|chr19:13266245-13266765:*	chr19	13155431	13155951	RAD23A	chr19	12945563	0.0	0.0	0	0
RAD23A|chr19:13273605-13274145:*	chr19	13162791	13163331	RAD23A	chr19	12945563	0.0	0.0	0	0
RAD23A|chr19:13283085-13283605:*	chr19	13172271	13172791	RAD23A	chr19	12945563	0.0	0.0	0	0
RAD23A|chr19:13301925-13302425:*	chr19	13191111	13191611	RAD23A	chr19	12945563	0.0	0.0	0	0
RAD23A|chr19:13305225-13305845:*	chr19	13194411	13195031	RAD23A	chr19	12945563	0.0	0.0	0	0
RAD23A|chr19:13306445-13306985:*	chr19	13195631	13196171	RAD23A	chr19	12945563	0.0	0.0	0	0
RAD23A|chr19:13323585-13324085:*	chr19	13212771	13213271	RAD23A	chr19	12945563	0.0	0.0	0	0
RAD23A|chr19:13345245-13345765:*	chr19	13234431	13234951	RAD23A	chr19	12945563	0.0	0.0	0	0
RAD23A|chr19:13358545-13359065:*	chr19	13247731	13248251	RAD23A	chr19	12945563	0.0	0.0	0	0
RAD23A|chr19:13371805-13372345:*	chr19	13260991	13261531	RAD23A	chr19	12945563	0.0	0.0	0	0
RAD23A|chr19:13373145-13373685:*	chr19	13262331	13262871	RAD23A	chr19	12945563	0.0	0.0	0	0
RAD23A|chr19:13387865-13388365:*	chr19	13277051	13277551	RAD23A	chr19	12945563	0.0	0.0	0	0
RAD23A|chr19:13388705-13389265:*	chr19	13277891	13278451	RAD23A	chr19	12945563	0.0	0.0	0	0
RAD23A|chr19:13492665-13493165:*	chr19	13381851	13382351	RAD23A	chr19	12945563	0.0	0.0	0	0
RAD23A|chr19:13507325-13507905:*	chr19	13396511	13397091	RAD23A	chr19	12945563	0.0	0.0	0	0
RAD23A|chr19:13512165-13512685:*	chr19	13401351	13401871	RAD23A	chr19	12945563	0.0	0.0	0	0
RAD23A|chr19:13539145-13539665:*	chr19	13428331	13428851	RAD23A	chr19	12945563	0.0	0.0	0	0
RAD23A|chr19:13648285-13648785:*	chr19	13537471	13537971	RAD23A	chr19	12945563	0.0	0.0	0	0
RAD23A|chr19:13693805-13694345:*	chr19	13582991	13583531	RAD23A	chr19	12945563	0.0	0.0	0	0
RAD23A|chr19:13274437-13275805:.	chr19	13163623	13164991	RAD23A	chr19	12945563	0.0	0.0	0	0
RAD23A|chr19:13278293-13278959:.	chr19	13167479	13168145	RAD23A	chr19	12945563	0.0	0.0	0	0
RAD23A|chr19:13828053-13828630:.	chr19	13717239	13717816	RAD23A	chr19	12945563	0.0	0.0	0	0
RAD23A|chr19:13961895-13962395:.	chr19	13851081	13851581	RAD23A	chr19	12945563	0.0	0.0	0	0
RNASEH2A|chr19:12313025-12313565:*	chr19	12202210	12202750	RNASEH2A	chr19	12806363	0.0	0.0	0	0
RNASEH2A|chr19:12404485-12405065:*	chr19	12293670	12294250	RNASEH2A	chr19	12806363	0.0	0.0	0	0
RNASEH2A|chr19:12441885-12442945:*	chr19	12331071	12332131	RNASEH2A	chr19	12806363	0.0	0.0	0	0
RNASEH2A|chr19:12522625-12523145:*	chr19	12411811	12412331	RNASEH2A	chr19	12806363	0.0	0.0	0	0
RNASEH2A|chr19:12605985-12606485:*	chr19	12495171	12495671	RNASEH2A	chr19	12806363	0.0	0.0	0	0
RNASEH2A|chr19:12632705-12633245:*	chr19	12521891	12522431	RNASEH2A	chr19	12806363	0.0	0.0	0	0
RNASEH2A|chr19:12654525-12655045:*	chr19	12543711	12544231	RNASEH2A	chr19	12806363	0.0	0.0	0	0
RNASEH2A|chr19:12655125-12655625:*	chr19	12544311	12544811	RNASEH2A	chr19	12806363	0.0	0.0	0	0
RNASEH2A|chr19:12674785-12675285:*	chr19	12563971	12564471	RNASEH2A	chr19	12806363	0.0	0.0	0	0
RNASEH2A|chr19:12750825-12751345:*	chr19	12640011	12640531	RNASEH2A	chr19	12806363	0.0	0.0	1	0
RNASEH2A|chr19:12758305-12758885:*	chr19	12647491	12648071	RNASEH2A	chr19	12806363	0.0	0.0	1	0
RNASEH2A|chr19:12782725-12783305:*	chr19	12671911	12672491	RNASEH2A	chr19	12806363	0.0	0.0	1	0
RNASEH2A|chr19:12787065-12787585:*	chr19	12676251	12676771	RNASEH2A	chr19	12806363	0.0	0.0	1	0
RNASEH2A|chr19:12868285-12868805:*	chr19	12757471	12757991	RNASEH2A	chr19	12806363	39.51675415039063	2396.656045291188	1	0
RNASEH2A|chr19:12871305-12871845:*	chr19	12760491	12761031	RNASEH2A	chr19	12806363	12.687235832214355	769.4695859784053	1	0
RNASEH2A|chr19:12888325-12888845:*	chr19	12777511	12778031	RNASEH2A	chr19	12806363	43.18521118164063	2619.144706363301	1	0
RNASEH2A|chr19:12893105-12893985:*	chr19	12782291	12783171	RNASEH2A	chr19	12806363	156.34158325195312	9481.97818082903	1	0
RNASEH2A|chr19:12895265-12895785:*	chr19	12784451	12784971	RNASEH2A	chr19	12806363	109.16615295410156	6620.830228690321	1	0
RNASEH2A|chr19:12900645-12901165:*	chr19	12789831	12790351	RNASEH2A	chr19	12806363	94.12442016601562	5708.562493313465	1	0
RNASEH2A|chr19:12977965-12978745:*	chr19	12867151	12867931	RNASEH2A	chr19	12806363	47.34447860717773	2871.400581971386	1	0
RNASEH2A|chr19:12983025-12983525:*	chr19	12872211	12872711	RNASEH2A	chr19	12806363	76.70619201660156	4652.162424783503	1	0
RNASEH2A|chr19:12993385-12993885:*	chr19	12882571	12883071	RNASEH2A	chr19	12806363	22.261289596557617	1350.1274442865708	1	0
RNASEH2A|chr19:12994425-12994945:*	chr19	12883611	12884131	RNASEH2A	chr19	12806363	26.61053466796875	1613.9052954020922	1	0
RNASEH2A|chr19:12999705-13000205:*	chr19	12888891	12889391	RNASEH2A	chr19	12806363	8.98713207244873	545.061578926559	1	0
RNASEH2A|chr19:13019305-13019805:*	chr19	12908491	12908991	RNASEH2A	chr19	12806363	0.0	0.0	1	0
RNASEH2A|chr19:13075665-13076805:*	chr19	12964851	12965991	RNASEH2A	chr19	12806363	0.0	0.0	1	0
RNASEH2A|chr19:13085005-13085525:*	chr19	12974191	12974711	RNASEH2A	chr19	12806363	0.0	0.0	1	0
RNASEH2A|chr19:13088545-13089065:*	chr19	12977731	12978251	RNASEH2A	chr19	12806363	0.0	0.0	1	0
RNASEH2A|chr19:13094325-13094825:*	chr19	12983511	12984011	RNASEH2A	chr19	12806363	0.0	0.0	1	0
RNASEH2A|chr19:13095965-13096465:*	chr19	12985151	12985651	RNASEH2A	chr19	12806363	0.0	0.0	1	0
RNASEH2A|chr19:13107305-13107805:*	chr19	12996491	12996991	RNASEH2A	chr19	12806363	0.0	0.0	1	0
RNASEH2A|chr19:13123985-13124525:*	chr19	13013171	13013711	RNASEH2A	chr19	12806363	0.0	0.0	0	0
RNASEH2A|chr19:13127205-13127805:*	chr19	13016391	13016991	RNASEH2A	chr19	12806363	0.0	0.0	0	0
RNASEH2A|chr19:13133545-13134045:*	chr19	13022731	13023231	RNASEH2A	chr19	12806363	0.0	0.0	0	0
RNASEH2A|chr19:13144765-13145325:*	chr19	13033951	13034511	RNASEH2A	chr19	12806363	0.0	0.0	0	0
RNASEH2A|chr19:13162305-13162805:*	chr19	13051491	13051991	RNASEH2A	chr19	12806363	0.0	0.0	0	0
RNASEH2A|chr19:13172085-13172605:*	chr19	13061271	13061791	RNASEH2A	chr19	12806363	0.0	0.0	0	0
RNASEH2A|chr19:13180365-13180865:*	chr19	13069551	13070051	RNASEH2A	chr19	12806363	0.0	0.0	0	0
RNASEH2A|chr19:13190225-13190725:*	chr19	13079411	13079911	RNASEH2A	chr19	12806363	0.0	0.0	0	0
RNASEH2A|chr19:13204505-13205025:*	chr19	13093691	13094211	RNASEH2A	chr19	12806363	0.0	0.0	0	0
RNASEH2A|chr19:13208405-13209625:*	chr19	13097591	13098811	RNASEH2A	chr19	12806363	0.0	0.0	0	0
RNASEH2A|chr19:13215145-13215725:*	chr19	13104331	13104911	RNASEH2A	chr19	12806363	0.0	0.0	0	0
RNASEH2A|chr19:13262245-13262985:*	chr19	13151431	13152171	RNASEH2A	chr19	12806363	0.0	0.0	0	0
RNASEH2A|chr19:13263605-13264105:*	chr19	13152791	13153291	RNASEH2A	chr19	12806363	0.0	0.0	0	0
RNASEH2A|chr19:13266245-13266765:*	chr19	13155431	13155951	RNASEH2A	chr19	12806363	0.0	0.0	0	0
RNASEH2A|chr19:13273605-13274145:*	chr19	13162791	13163331	RNASEH2A	chr19	12806363	0.0	0.0	0	0
RNASEH2A|chr19:13274445-13275785:*	chr19	13163631	13164971	RNASEH2A	chr19	12806363	0.0	0.0	0	0
RNASEH2A|chr19:13283085-13283605:*	chr19	13172271	13172791	RNASEH2A	chr19	12806363	0.0	0.0	0	0
RNASEH2A|chr19:13301925-13302425:*	chr19	13191111	13191611	RNASEH2A	chr19	12806363	0.0	0.0	0	0
RNASEH2A|chr19:13305225-13305845:*	chr19	13194411	13195031	RNASEH2A	chr19	12806363	0.0	0.0	0	0
RNASEH2A|chr19:13306445-13306985:*	chr19	13195631	13196171	RNASEH2A	chr19	12806363	0.0	0.0	0	0
RNASEH2A|chr19:13323585-13324085:*	chr19	13212771	13213271	RNASEH2A	chr19	12806363	0.0	0.0	0	0
RNASEH2A|chr19:13345245-13345765:*	chr19	13234431	13234951	RNASEH2A	chr19	12806363	0.0	0.0	0	0
RNASEH2A|chr19:13358545-13359065:*	chr19	13247731	13248251	RNASEH2A	chr19	12806363	0.0	0.0	0	0
RNASEH2A|chr19:13371805-13372345:*	chr19	13260991	13261531	RNASEH2A	chr19	12806363	0.0	0.0	0	0
RNASEH2A|chr19:13373145-13373685:*	chr19	13262331	13262871	RNASEH2A	chr19	12806363	0.0	0.0	0	0
RNASEH2A|chr19:13387865-13388365:*	chr19	13277051	13277551	RNASEH2A	chr19	12806363	0.0	0.0	0	0
RNASEH2A|chr19:13388705-13389265:*	chr19	13277891	13278451	RNASEH2A	chr19	12806363	0.0	0.0	0	0
RNASEH2A|chr19:13492665-13493165:*	chr19	13381851	13382351	RNASEH2A	chr19	12806363	0.0	0.0	0	0
RNASEH2A|chr19:13507325-13507905:*	chr19	13396511	13397091	RNASEH2A	chr19	12806363	0.0	0.0	0	0
RNASEH2A|chr19:13512165-13512685:*	chr19	13401351	13401871	RNASEH2A	chr19	12806363	0.0	0.0	0	0
RNASEH2A|chr19:13539145-13539665:*	chr19	13428331	13428851	RNASEH2A	chr19	12806363	0.0	0.0	0	0
RNASEH2A|chr19:13648285-13648785:*	chr19	13537471	13537971	RNASEH2A	chr19	12806363	0.0	0.0	0	0
RNASEH2A|chr19:13693805-13694345:*	chr19	13582991	13583531	RNASEH2A	chr19	12806363	0.0	0.0	0	0
RNASEH2A|chr19:13278293-13278959:.	chr19	13167479	13168145	RNASEH2A	chr19	12806363	0.0	0.0	0	0
WDR83OS|chr19:12313025-12313565:*	chr19	12202210	12202750	WDR83OS	chr19	12669901	0.0	0.0	0	0
WDR83OS|chr19:12522625-12523145:*	chr19	12411811	12412331	WDR83OS	chr19	12669901	0.0	0.0	0	0
WDR83OS|chr19:12632705-12633245:*	chr19	12521891	12522431	WDR83OS	chr19	12669901	0.0	0.0	1	0
WDR83OS|chr19:12654525-12655045:*	chr19	12543711	12544231	WDR83OS	chr19	12669901	0.0	0.0	1	0
WDR83OS|chr19:12655125-12655625:*	chr19	12544311	12544811	WDR83OS	chr19	12669901	0.0	0.0	1	0
WDR83OS|chr19:12758305-12758885:*	chr19	12647491	12648071	WDR83OS	chr19	12669901	12.069276809692385	7862.449490991553	1	0
WDR83OS|chr19:12827685-12828205:*	chr19	12716871	12717391	WDR83OS	chr19	12669901	1.179080843925476	768.1043137327822	1	0
WDR83OS|chr19:12868285-12868805:*	chr19	12757471	12757991	WDR83OS	chr19	12669901	0.8278159499168396	539.2751526612998	1	0
WDR83OS|chr19:12871305-12871845:*	chr19	12760491	12761031	WDR83OS	chr19	12669901	0.7815088629722595	509.10871121517016	1	0
WDR83OS|chr19:12876785-12877345:*	chr19	12765971	12766531	WDR83OS	chr19	12669901	1.0494884252548218	683.6822011008804	1	0
WDR83OS|chr19:12888325-12888845:*	chr19	12777511	12778031	WDR83OS	chr19	12669901	0.0	0.0	1	0
WDR83OS|chr19:12889945-12890545:*	chr19	12779131	12779731	WDR83OS	chr19	12669901	0.0	0.0	1	0
WDR83OS|chr19:12893105-12893985:*	chr19	12782291	12783171	WDR83OS	chr19	12669901	0.0	0.0	1	0
WDR83OS|chr19:12895265-12895785:*	chr19	12784451	12784971	WDR83OS	chr19	12669901	0.0	0.0	1	0
WDR83OS|chr19:12906845-12907745:*	chr19	12796031	12796931	WDR83OS	chr19	12669901	0.0	0.0	1	0
WDR83OS|chr19:12935945-12936745:*	chr19	12825131	12825931	WDR83OS	chr19	12669901	0.0	0.0	1	0
WDR83OS|chr19:12939125-12939705:*	chr19	12828311	12828891	WDR83OS	chr19	12669901	0.0	0.0	1	0
WDR83OS|chr19:12943165-12943725:*	chr19	12832351	12832911	WDR83OS	chr19	12669901	0.0	0.0	1	0
WDR83OS|chr19:12947025-12947525:*	chr19	12836211	12836711	WDR83OS	chr19	12669901	0.0	0.0	1	0
WDR83OS|chr19:12951265-12951825:*	chr19	12840451	12841011	WDR83OS	chr19	12669901	0.0	0.0	1	0
WDR83OS|chr19:12951925-12952425:*	chr19	12841111	12841611	WDR83OS	chr19	12669901	0.0	0.0	1	0
WDR83OS|chr19:12958325-12958825:*	chr19	12847511	12848011	WDR83OS	chr19	12669901	0.0	0.0	1	0
WDR83OS|chr19:12983025-12983525:*	chr19	12872211	12872711	WDR83OS	chr19	12669901	0.0	0.0	0	0
WDR83OS|chr19:12983645-12984185:*	chr19	12872831	12873371	WDR83OS	chr19	12669901	0.0	0.0	0	0
WDR83OS|chr19:12993385-12993885:*	chr19	12882571	12883071	WDR83OS	chr19	12669901	0.0	0.0	0	0
WDR83OS|chr19:12994425-12994945:*	chr19	12883611	12884131	WDR83OS	chr19	12669901	0.0	0.0	0	0
WDR83OS|chr19:12995825-12996325:*	chr19	12885011	12885511	WDR83OS	chr19	12669901	0.0	0.0	0	0
WDR83OS|chr19:12999705-13000205:*	chr19	12888891	12889391	WDR83OS	chr19	12669901	0.0	0.0	0	0
WDR83OS|chr19:13019305-13019805:*	chr19	12908491	12908991	WDR83OS	chr19	12669901	0.0	0.0	0	0
WDR83OS|chr19:13047265-13047765:*	chr19	12936451	12936951	WDR83OS	chr19	12669901	0.0	0.0	0	0
WDR83OS|chr19:13075665-13076805:*	chr19	12964851	12965991	WDR83OS	chr19	12669901	0.0	0.0	0	0
WDR83OS|chr19:13085005-13085525:*	chr19	12974191	12974711	WDR83OS	chr19	12669901	0.0	0.0	0	0
WDR83OS|chr19:13088545-13089065:*	chr19	12977731	12978251	WDR83OS	chr19	12669901	0.0	0.0	0	0
WDR83OS|chr19:13094325-13094825:*	chr19	12983511	12984011	WDR83OS	chr19	12669901	0.0	0.0	0	0
WDR83OS|chr19:13095965-13096465:*	chr19	12985151	12985651	WDR83OS	chr19	12669901	0.0	0.0	0	0
WDR83OS|chr19:13107305-13107805:*	chr19	12996491	12996991	WDR83OS	chr19	12669901	0.0	0.0	0	0
WDR83OS|chr19:13123985-13124525:*	chr19	13013171	13013711	WDR83OS	chr19	12669901	0.0	0.0	0	0
WDR83OS|chr19:13127205-13127805:*	chr19	13016391	13016991	WDR83OS	chr19	12669901	0.0	0.0	0	0
WDR83OS|chr19:13133545-13134045:*	chr19	13022731	13023231	WDR83OS	chr19	12669901	0.0	0.0	0	0
WDR83OS|chr19:13144765-13145325:*	chr19	13033951	13034511	WDR83OS	chr19	12669901	0.0	0.0	0	0
WDR83OS|chr19:13162305-13162805:*	chr19	13051491	13051991	WDR83OS	chr19	12669901	0.0	0.0	0	0
WDR83OS|chr19:13172085-13172605:*	chr19	13061271	13061791	WDR83OS	chr19	12669901	0.0	0.0	0	0
WDR83OS|chr19:13180365-13180865:*	chr19	13069551	13070051	WDR83OS	chr19	12669901	0.0	0.0	0	0
WDR83OS|chr19:13190225-13190725:*	chr19	13079411	13079911	WDR83OS	chr19	12669901	0.0	0.0	0	0
WDR83OS|chr19:13204505-13205025:*	chr19	13093691	13094211	WDR83OS	chr19	12669901	0.0	0.0	0	0
WDR83OS|chr19:13208405-13209625:*	chr19	13097591	13098811	WDR83OS	chr19	12669901	0.0	0.0	0	0
WDR83OS|chr19:13215145-13215725:*	chr19	13104331	13104911	WDR83OS	chr19	12669901	0.0	0.0	0	0
WDR83OS|chr19:13262245-13262985:*	chr19	13151431	13152171	WDR83OS	chr19	12669901	0.0	0.0	0	0
WDR83OS|chr19:13263605-13264105:*	chr19	13152791	13153291	WDR83OS	chr19	12669901	0.0	0.0	0	0
WDR83OS|chr19:13266245-13266765:*	chr19	13155431	13155951	WDR83OS	chr19	12669901	0.0	0.0	0	0
WDR83OS|chr19:13273605-13274145:*	chr19	13162791	13163331	WDR83OS	chr19	12669901	0.0	0.0	0	0
WDR83OS|chr19:13301925-13302425:*	chr19	13191111	13191611	WDR83OS	chr19	12669901	0.0	0.0	0	0
WDR83OS|chr19:13305225-13305845:*	chr19	13194411	13195031	WDR83OS	chr19	12669901	0.0	0.0	0	0
WDR83OS|chr19:13306445-13306985:*	chr19	13195631	13196171	WDR83OS	chr19	12669901	0.0	0.0	0	0
WDR83OS|chr19:13323585-13324085:*	chr19	13212771	13213271	WDR83OS	chr19	12669901	0.0	0.0	0	0
WDR83OS|chr19:13345245-13345765:*	chr19	13234431	13234951	WDR83OS	chr19	12669901	0.0	0.0	0	0
WDR83OS|chr19:13358545-13359065:*	chr19	13247731	13248251	WDR83OS	chr19	12669901	0.0	0.0	0	0
WDR83OS|chr19:13371805-13372345:*	chr19	13260991	13261531	WDR83OS	chr19	12669901	0.0	0.0	0	0
WDR83OS|chr19:13373145-13373685:*	chr19	13262331	13262871	WDR83OS	chr19	12669901	0.0	0.0	0	0
WDR83OS|chr19:13387865-13388365:*	chr19	13277051	13277551	WDR83OS	chr19	12669901	0.0	0.0	0	0
WDR83OS|chr19:13388705-13389265:*	chr19	13277891	13278451	WDR83OS	chr19	12669901	0.0	0.0	0	0
WDR83OS|chr19:13507325-13507905:*	chr19	13396511	13397091	WDR83OS	chr19	12669901	0.0	0.0	0	0
WDR83OS|chr19:13539145-13539665:*	chr19	13428331	13428851	WDR83OS	chr19	12669901	0.0	0.0	0	0
WDR83OS|chr19:13648285-13648785:*	chr19	13537471	13537971	WDR83OS	chr19	12669901	0.0	0.0	0	0
WDR83OS|chr19:13693805-13694345:*	chr19	13582991	13583531	WDR83OS	chr19	12669901	0.0	0.0	0	0
WDR83OS|chr19:11804627-11805127:.	chr19	11693812	11694312	WDR83OS	chr19	12669901	0.0	0.0	0	0
WDR83OS|chr19:13278293-13278959:.	chr19	13167479	13168145	WDR83OS	chr19	12669901	0.0	0.0	0	0
KCNN4|chr19:44278759-44278798:*	chr19	43774607	43774646	KCNN4	chr19	43781507	1.8711724281311035	23893.47338900593	1	1
BAX|chr19:48812505-48813005:*	chr19	48309248	48309748	BAX	chr19	48954609	0.0	0.0	0	0
BAX|chr19:48817545-48818085:*	chr19	48314288	48314828	BAX	chr19	48954609	0.0	0.0	0	0
BAX|chr19:48824385-48824925:*	chr19	48321128	48321668	BAX	chr19	48954609	0.0	0.0	0	0
BAX|chr19:48824985-48825585:*	chr19	48321728	48322328	BAX	chr19	48954609	0.0	0.0	0	0
BAX|chr19:48835885-48836625:*	chr19	48332628	48333368	BAX	chr19	48954609	0.0	0.0	0	0
BAX|chr19:48837085-48837585:*	chr19	48333828	48334328	BAX	chr19	48954609	0.0	0.0	0	0
BAX|chr19:48842585-48843105:*	chr19	48339328	48339848	BAX	chr19	48954609	0.0	0.0	0	0
BAX|chr19:48848065-48848565:*	chr19	48344808	48345308	BAX	chr19	48954609	0.0	0.0	0	0
BAX|chr19:48854445-48854985:*	chr19	48351188	48351728	BAX	chr19	48954609	0.0	0.0	0	0
BAX|chr19:48857765-48858285:*	chr19	48354508	48355028	BAX	chr19	48954609	0.0	0.0	0	0
BAX|chr19:48860245-48860765:*	chr19	48356988	48357508	BAX	chr19	48954609	0.0	0.0	0	0
BAX|chr19:48866225-48866745:*	chr19	48362968	48363488	BAX	chr19	48954609	0.0	0.0	0	0
BAX|chr19:48882305-48882825:*	chr19	48379048	48379568	BAX	chr19	48954609	0.0	0.0	0	0
BAX|chr19:48888265-48888845:*	chr19	48385008	48385588	BAX	chr19	48954609	0.0	0.0	0	0
BAX|chr19:48893765-48894265:*	chr19	48390508	48391008	BAX	chr19	48954609	0.0	0.0	0	0
BAX|chr19:48901785-48902565:*	chr19	48398528	48399308	BAX	chr19	48954609	0.0	0.0	0	0
BAX|chr19:48902785-48903825:*	chr19	48399528	48400568	BAX	chr19	48954609	0.0	0.0	0	0
BAX|chr19:48906765-48907285:*	chr19	48403508	48404028	BAX	chr19	48954609	0.0	0.0	0	0
BAX|chr19:48918625-48919125:*	chr19	48415368	48415868	BAX	chr19	48954609	0.0	0.0	0	0
BAX|chr19:48921865-48922365:*	chr19	48418608	48419108	BAX	chr19	48954609	0.0	0.0	0	0
BAX|chr19:48926705-48927225:*	chr19	48423448	48423968	BAX	chr19	48954609	0.0	0.0	0	0
BAX|chr19:48927925-48928445:*	chr19	48424668	48425188	BAX	chr19	48954609	0.0	0.0	0	0
BAX|chr19:48965525-48966045:*	chr19	48462268	48462788	BAX	chr19	48954609	0.0	0.0	0	0
BAX|chr19:48994265-48995185:*	chr19	48491008	48491928	BAX	chr19	48954609	0.0	0.0	0	0
BAX|chr19:48995945-48996445:*	chr19	48492688	48493188	BAX	chr19	48954609	0.0	0.0	0	0
BAX|chr19:48996485-48997025:*	chr19	48493228	48493768	BAX	chr19	48954609	0.0	0.0	0	0
BAX|chr19:49004845-49005805:*	chr19	48501588	48502548	BAX	chr19	48954609	0.0	0.0	0	0
BAX|chr19:49013725-49014245:*	chr19	48510468	48510988	BAX	chr19	48954609	0.0	0.0	0	0
BAX|chr19:49016965-49017545:*	chr19	48513708	48514288	BAX	chr19	48954609	0.0	0.0	0	0
BAX|chr19:49057025-49057525:*	chr19	48553768	48554268	BAX	chr19	48954609	0.0	0.0	0	0
BAX|chr19:49061365-49061885:*	chr19	48558108	48558628	BAX	chr19	48954609	0.0	0.0	0	0
BAX|chr19:49066245-49067065:*	chr19	48562988	48563808	BAX	chr19	48954609	0.0	0.0	0	0
BAX|chr19:49068145-49068725:*	chr19	48564888	48565468	BAX	chr19	48954609	0.0	0.0	0	0
BAX|chr19:49071505-49072065:*	chr19	48568248	48568808	BAX	chr19	48954609	0.0	0.0	0	0
BAX|chr19:49077845-49078345:*	chr19	48574588	48575088	BAX	chr19	48954609	0.0	0.0	0	0
BAX|chr19:49087405-49087905:*	chr19	48584148	48584648	BAX	chr19	48954609	0.0	0.0	0	0
BAX|chr19:49092065-49092605:*	chr19	48588808	48589348	BAX	chr19	48954609	0.0	0.0	0	0
BAX|chr19:49104805-49105305:*	chr19	48601548	48602048	BAX	chr19	48954609	0.0	0.0	0	0
BAX|chr19:49111965-49112605:*	chr19	48608708	48609348	BAX	chr19	48954609	0.0	0.0	0	0
BAX|chr19:49136565-49137065:*	chr19	48633308	48633808	BAX	chr19	48954609	0.0	0.0	0	0
BAX|chr19:49137625-49138125:*	chr19	48634368	48634868	BAX	chr19	48954609	0.0	0.0	0	0
BAX|chr19:49138385-49139005:*	chr19	48635128	48635748	BAX	chr19	48954609	0.0	0.0	0	0
BAX|chr19:49142125-49142625:*	chr19	48638868	48639368	BAX	chr19	48954609	0.0	0.0	0	0
BAX|chr19:49155845-49156345:*	chr19	48652588	48653088	BAX	chr19	48954609	0.0	0.0	0	0
BAX|chr19:49164145-49164725:*	chr19	48660888	48661468	BAX	chr19	48954609	0.0	0.0	0	0
BAX|chr19:49178545-49179065:*	chr19	48675288	48675808	BAX	chr19	48954609	0.0	0.0	0	0
BAX|chr19:49181385-49181885:*	chr19	48678128	48678628	BAX	chr19	48954609	0.0	0.0	0	0
BAX|chr19:49184245-49184745:*	chr19	48680988	48681488	BAX	chr19	48954609	0.0	0.0	0	0
BAX|chr19:49188705-49189225:*	chr19	48685448	48685968	BAX	chr19	48954609	0.0	0.0	0	0
BAX|chr19:49201245-49201785:*	chr19	48697988	48698528	BAX	chr19	48954609	0.0	0.0	0	0
BAX|chr19:49217245-49217905:*	chr19	48713988	48714648	BAX	chr19	48954609	0.0	0.0	0	0
BAX|chr19:49228065-49228565:*	chr19	48724808	48725308	BAX	chr19	48954609	0.0	0.0	0	0
BAX|chr19:49240545-49241065:*	chr19	48737288	48737808	BAX	chr19	48954609	0.0	0.0	0	0
BAX|chr19:49241785-49242285:*	chr19	48738528	48739028	BAX	chr19	48954609	0.0	0.0	0	0
BAX|chr19:49251085-49251625:*	chr19	48747828	48748368	BAX	chr19	48954609	0.0	0.0	0	0
BAX|chr19:49269005-49269505:*	chr19	48765748	48766248	BAX	chr19	48954609	0.0	0.0	1	0
BAX|chr19:49277645-49278145:*	chr19	48774388	48774888	BAX	chr19	48954609	0.0	0.0	1	0
BAX|chr19:49284045-49284685:*	chr19	48780788	48781428	BAX	chr19	48954609	0.0	0.0	1	0
BAX|chr19:49287765-49288285:*	chr19	48784508	48785028	BAX	chr19	48954609	0.0	0.0	1	0
BAX|chr19:49291305-49291865:*	chr19	48788048	48788608	BAX	chr19	48954609	0.0	0.0	1	0
BAX|chr19:49309805-49310825:*	chr19	48806548	48807568	BAX	chr19	48954609	0.0	0.0	1	0
BAX|chr19:49315365-49315905:*	chr19	48812108	48812648	BAX	chr19	48954609	0.0	0.0	1	0
BAX|chr19:49319185-49319685:*	chr19	48815928	48816428	BAX	chr19	48954609	0.0	0.0	1	0
BAX|chr19:49322685-49323205:*	chr19	48819428	48819948	BAX	chr19	48954609	0.0	0.0	1	0
BAX|chr19:49333325-49333845:*	chr19	48830068	48830588	BAX	chr19	48954609	0.0	0.0	1	0
BAX|chr19:49338885-49339405:*	chr19	48835628	48836148	BAX	chr19	48954609	0.0	0.0	1	0
BAX|chr19:49345685-49346405:*	chr19	48842428	48843148	BAX	chr19	48954609	0.0	0.0	1	0
BAX|chr19:49347645-49348165:*	chr19	48844388	48844908	BAX	chr19	48954609	0.0	0.0	1	0
BAX|chr19:49357245-49357765:*	chr19	48853988	48854508	BAX	chr19	48954609	0.0	0.0	1	0
BAX|chr19:49363225-49363765:*	chr19	48859968	48860508	BAX	chr19	48954609	0.551295280456543	356.3650984949231	1	0
BAX|chr19:49370285-49370805:*	chr19	48867028	48867548	BAX	chr19	48954609	0.7287731170654297	471.08929252650495	1	0
BAX|chr19:49391365-49391905:*	chr19	48888108	48888648	BAX	chr19	48954609	0.912115216255188	589.6042291715585	1	0
BAX|chr19:49446285-49446805:*	chr19	48943028	48943548	BAX	chr19	48954609	4.493658065795898	2904.764390316767	1	0
BAX|chr19:49479345-49479885:*	chr19	48976088	48976628	BAX	chr19	48954609	6.774613380432129	4379.206298634415	1	0
BAX|chr19:49486785-49487285:*	chr19	48983528	48984028	BAX	chr19	48954609	13.66147232055664	8830.969721106838	1	0
BAX|chr19:49520885-49521385:*	chr19	49017628	49018128	BAX	chr19	48954609	3.628818988800049	2345.720128953498	1	0
BAX|chr19:49541805-49542325:*	chr19	49038548	49039068	BAX	chr19	48954609	1.6285271644592283	1052.7030865991935	1	0
BAX|chr19:49574965-49575505:*	chr19	49071708	49072248	BAX	chr19	48954609	0.0	0.0	1	0
BAX|chr19:49577085-49577585:*	chr19	49073828	49074328	BAX	chr19	48954609	0.0	0.0	1	0
BAX|chr19:49578045-49578565:*	chr19	49074788	49075308	BAX	chr19	48954609	0.0	0.0	1	0
BAX|chr19:49584465-49584965:*	chr19	49081208	49081708	BAX	chr19	48954609	0.0	0.0	1	0
BAX|chr19:49600945-49601505:*	chr19	49097688	49098248	BAX	chr19	48954609	0.0	0.0	1	0
BAX|chr19:49609745-49610265:*	chr19	49106488	49107008	BAX	chr19	48954609	0.0	0.0	1	0
BAX|chr19:49613725-49614245:*	chr19	49110468	49110988	BAX	chr19	48954609	0.0	0.0	1	0
BAX|chr19:49619745-49620265:*	chr19	49116488	49117008	BAX	chr19	48954609	0.0	0.0	1	0
BAX|chr19:49631065-49631765:*	chr19	49127808	49128508	BAX	chr19	48954609	0.0	0.0	1	0
BAX|chr19:49632465-49632985:*	chr19	49129208	49129728	BAX	chr19	48954609	0.0	0.0	1	0
BAX|chr19:49636645-49637145:*	chr19	49133388	49133888	BAX	chr19	48954609	0.0	0.0	1	0
BAX|chr19:49639205-49639745:*	chr19	49135948	49136488	BAX	chr19	48954609	0.0	0.0	1	0
BAX|chr19:49646085-49646585:*	chr19	49142828	49143328	BAX	chr19	48954609	0.0	0.0	1	0
BAX|chr19:49650945-49651825:*	chr19	49147688	49148568	BAX	chr19	48954609	0.0	0.0	1	0
BAX|chr19:49652425-49653365:*	chr19	49149168	49150108	BAX	chr19	48954609	0.0	0.0	1	0
BAX|chr19:49653525-49654085:*	chr19	49150268	49150828	BAX	chr19	48954609	0.0	0.0	1	0
BAX|chr19:49654785-49655285:*	chr19	49151528	49152028	BAX	chr19	48954609	0.0	0.0	1	0
BAX|chr19:49665225-49665725:*	chr19	49161968	49162468	BAX	chr19	48954609	0.0	0.0	0	0
BAX|chr19:49680225-49680725:*	chr19	49176968	49177468	BAX	chr19	48954609	0.0	0.0	0	0
BAX|chr19:49702045-49702565:*	chr19	49198788	49199308	BAX	chr19	48954609	0.0	0.0	0	0
BAX|chr19:49703485-49704025:*	chr19	49200228	49200768	BAX	chr19	48954609	0.0	0.0	0	0
BAX|chr19:49710985-49711965:*	chr19	49207728	49208708	BAX	chr19	48954609	0.0	0.0	0	0
BAX|chr19:49713185-49714125:*	chr19	49209928	49210868	BAX	chr19	48954609	0.0	0.0	0	0
BAX|chr19:49716965-49717525:*	chr19	49213708	49214268	BAX	chr19	48954609	0.0	0.0	0	0
BAX|chr19:49728025-49728545:*	chr19	49224768	49225288	BAX	chr19	48954609	0.0	0.0	0	0
BAX|chr19:49729185-49729685:*	chr19	49225928	49226428	BAX	chr19	48954609	0.0	0.0	0	0
BAX|chr19:49770065-49770625:*	chr19	49266808	49267368	BAX	chr19	48954609	0.0	0.0	0	0
BAX|chr19:49804405-49804965:*	chr19	49301148	49301708	BAX	chr19	48954609	0.0	0.0	0	0
BAX|chr19:49831025-49831585:*	chr19	49327768	49328328	BAX	chr19	48954609	0.0	0.0	0	0
BAX|chr19:49831645-49832165:*	chr19	49328388	49328908	BAX	chr19	48954609	0.0	0.0	0	0
BAX|chr19:49834705-49835265:*	chr19	49331448	49332008	BAX	chr19	48954609	0.0	0.0	0	0
BAX|chr19:49842065-49842605:*	chr19	49338808	49339348	BAX	chr19	48954609	0.0	0.0	0	0
BAX|chr19:49843445-49843945:*	chr19	49340188	49340688	BAX	chr19	48954609	0.0	0.0	0	0
BAX|chr19:49851005-49851525:*	chr19	49347748	49348268	BAX	chr19	48954609	0.0	0.0	0	0
BAX|chr19:49895045-49895585:*	chr19	49391788	49392328	BAX	chr19	48954609	0.0	0.0	0	0
BCAT2|chr19:48812505-48813005:*	chr19	48309248	48309748	BCAT2	chr19	48811313	0.0	0.0	0	0
BCAT2|chr19:48817545-48818085:*	chr19	48314288	48314828	BCAT2	chr19	48811313	0.0	0.0	0	0
BCAT2|chr19:48824385-48824925:*	chr19	48321128	48321668	BCAT2	chr19	48811313	0.0	0.0	0	0
BCAT2|chr19:48824985-48825585:*	chr19	48321728	48322328	BCAT2	chr19	48811313	0.0	0.0	0	0
BCAT2|chr19:48835885-48836625:*	chr19	48332628	48333368	BCAT2	chr19	48811313	0.0	0.0	0	0
BCAT2|chr19:48837085-48837585:*	chr19	48333828	48334328	BCAT2	chr19	48811313	0.0	0.0	0	0
BCAT2|chr19:48842585-48843105:*	chr19	48339328	48339848	BCAT2	chr19	48811313	0.0	0.0	0	0
BCAT2|chr19:48848065-48848565:*	chr19	48344808	48345308	BCAT2	chr19	48811313	0.0	0.0	0	0
BCAT2|chr19:48854445-48854985:*	chr19	48351188	48351728	BCAT2	chr19	48811313	0.0	0.0	0	0
BCAT2|chr19:48857765-48858285:*	chr19	48354508	48355028	BCAT2	chr19	48811313	0.0	0.0	0	0
BCAT2|chr19:48860245-48860765:*	chr19	48356988	48357508	BCAT2	chr19	48811313	0.0	0.0	0	0
BCAT2|chr19:48866225-48866745:*	chr19	48362968	48363488	BCAT2	chr19	48811313	0.0	0.0	0	0
BCAT2|chr19:48882305-48882825:*	chr19	48379048	48379568	BCAT2	chr19	48811313	0.0	0.0	0	0
BCAT2|chr19:48888265-48888845:*	chr19	48385008	48385588	BCAT2	chr19	48811313	0.0	0.0	0	0
BCAT2|chr19:48893765-48894265:*	chr19	48390508	48391008	BCAT2	chr19	48811313	0.0	0.0	0	0
BCAT2|chr19:48901785-48902565:*	chr19	48398528	48399308	BCAT2	chr19	48811313	0.0	0.0	0	0
BCAT2|chr19:48902785-48903825:*	chr19	48399528	48400568	BCAT2	chr19	48811313	0.0	0.0	0	0
BCAT2|chr19:48906765-48907285:*	chr19	48403508	48404028	BCAT2	chr19	48811313	0.0	0.0	0	0
BCAT2|chr19:48918625-48919125:*	chr19	48415368	48415868	BCAT2	chr19	48811313	0.0	0.0	0	0
BCAT2|chr19:48921865-48922365:*	chr19	48418608	48419108	BCAT2	chr19	48811313	0.0	0.0	0	0
BCAT2|chr19:48926705-48927225:*	chr19	48423448	48423968	BCAT2	chr19	48811313	0.0	0.0	0	0
BCAT2|chr19:48927925-48928445:*	chr19	48424668	48425188	BCAT2	chr19	48811313	0.0	0.0	0	0
BCAT2|chr19:48965525-48966045:*	chr19	48462268	48462788	BCAT2	chr19	48811313	0.0	0.0	0	0
BCAT2|chr19:48994265-48995185:*	chr19	48491008	48491928	BCAT2	chr19	48811313	0.0	0.0	0	0
BCAT2|chr19:48995945-48996445:*	chr19	48492688	48493188	BCAT2	chr19	48811313	0.0	0.0	0	0
BCAT2|chr19:48996485-48997025:*	chr19	48493228	48493768	BCAT2	chr19	48811313	0.0	0.0	0	0
BCAT2|chr19:49004845-49005805:*	chr19	48501588	48502548	BCAT2	chr19	48811313	0.0	0.0	0	0
BCAT2|chr19:49013725-49014245:*	chr19	48510468	48510988	BCAT2	chr19	48811313	0.0	0.0	0	0
BCAT2|chr19:49016965-49017545:*	chr19	48513708	48514288	BCAT2	chr19	48811313	0.0	0.0	0	0
BCAT2|chr19:49057025-49057525:*	chr19	48553768	48554268	BCAT2	chr19	48811313	0.0	0.0	0	0
BCAT2|chr19:49061365-49061885:*	chr19	48558108	48558628	BCAT2	chr19	48811313	0.0	0.0	0	0
BCAT2|chr19:49066245-49067065:*	chr19	48562988	48563808	BCAT2	chr19	48811313	0.0	0.0	0	0
BCAT2|chr19:49068145-49068725:*	chr19	48564888	48565468	BCAT2	chr19	48811313	0.0	0.0	0	0
BCAT2|chr19:49071505-49072065:*	chr19	48568248	48568808	BCAT2	chr19	48811313	0.0	0.0	0	0
BCAT2|chr19:49077845-49078345:*	chr19	48574588	48575088	BCAT2	chr19	48811313	0.0	0.0	0	0
BCAT2|chr19:49087405-49087905:*	chr19	48584148	48584648	BCAT2	chr19	48811313	0.0	0.0	0	0
BCAT2|chr19:49092065-49092605:*	chr19	48588808	48589348	BCAT2	chr19	48811313	0.0	0.0	0	0
BCAT2|chr19:49111965-49112605:*	chr19	48608708	48609348	BCAT2	chr19	48811313	0.0	0.0	0	0
BCAT2|chr19:49136565-49137065:*	chr19	48633308	48633808	BCAT2	chr19	48811313	0.0	0.0	1	0
BCAT2|chr19:49137625-49138125:*	chr19	48634368	48634868	BCAT2	chr19	48811313	0.0	0.0	1	0
BCAT2|chr19:49138385-49139005:*	chr19	48635128	48635748	BCAT2	chr19	48811313	0.0	0.0	1	0
BCAT2|chr19:49142125-49142625:*	chr19	48638868	48639368	BCAT2	chr19	48811313	0.0	0.0	1	0
BCAT2|chr19:49164145-49164725:*	chr19	48660888	48661468	BCAT2	chr19	48811313	0.0	0.0	1	0
BCAT2|chr19:49178545-49179065:*	chr19	48675288	48675808	BCAT2	chr19	48811313	0.0	0.0	1	0
BCAT2|chr19:49181385-49181885:*	chr19	48678128	48678628	BCAT2	chr19	48811313	0.0	0.0	1	0
BCAT2|chr19:49184245-49184745:*	chr19	48680988	48681488	BCAT2	chr19	48811313	0.0	0.0	1	0
BCAT2|chr19:49188705-49189225:*	chr19	48685448	48685968	BCAT2	chr19	48811313	0.0	0.0	1	0
BCAT2|chr19:49201245-49201785:*	chr19	48697988	48698528	BCAT2	chr19	48811313	0.0	0.0	1	0
BCAT2|chr19:49217245-49217905:*	chr19	48713988	48714648	BCAT2	chr19	48811313	7.0281758308410645	758.8395745707045	1	0
BCAT2|chr19:49223765-49224305:*	chr19	48720508	48721048	BCAT2	chr19	48811313	11.918807983398438	1286.886298408051	1	0
BCAT2|chr19:49228065-49228565:*	chr19	48724808	48725308	BCAT2	chr19	48811313	47.45067596435547	5123.299648235299	1	0
BCAT2|chr19:49240545-49241065:*	chr19	48737288	48737808	BCAT2	chr19	48811313	12.492271423339844	1348.803752278142	1	0
BCAT2|chr19:49251085-49251625:*	chr19	48747828	48748368	BCAT2	chr19	48811313	13.251619338989258	1430.7913495055716	1	0
BCAT2|chr19:49269005-49269505:*	chr19	48765748	48766248	BCAT2	chr19	48811313	11.43923568725586	1235.1063705946658	1	0
BCAT2|chr19:49277645-49278145:*	chr19	48774388	48774888	BCAT2	chr19	48811313	12.303528785705566	1328.4250101560049	1	0
BCAT2|chr19:49284045-49284685:*	chr19	48780788	48781428	BCAT2	chr19	48811313	111.31890869140624	12019.220256610011	1	0
BCAT2|chr19:49287765-49288285:*	chr19	48784508	48785028	BCAT2	chr19	48811313	20.95483016967773	2262.515166649821	1	0
BCAT2|chr19:49291305-49291865:*	chr19	48788048	48788608	BCAT2	chr19	48811313	57.83999633789063	6245.04555244793	1	0
BCAT2|chr19:49315365-49315905:*	chr19	48812108	48812648	BCAT2	chr19	48811313	323.6744384765625	34947.47130758299	1	1
BCAT2|chr19:49319185-49319685:*	chr19	48815928	48816428	BCAT2	chr19	48811313	55.95964050292969	6042.021545054458	1	0
BCAT2|chr19:49333325-49333845:*	chr19	48830068	48830588	BCAT2	chr19	48811313	49.49207305908203	5343.71145069682	1	0
BCAT2|chr19:49345685-49346405:*	chr19	48842428	48843148	BCAT2	chr19	48811313	6.088871955871582	657.4219421679082	1	0
BCAT2|chr19:49347645-49348165:*	chr19	48844388	48844908	BCAT2	chr19	48811313	7.625163555145264	823.2969702930762	1	0
BCAT2|chr19:49357245-49357765:*	chr19	48853988	48854508	BCAT2	chr19	48811313	45.38494873046875	4900.260894927084	1	0
BCAT2|chr19:49362425-49362945:*	chr19	48859168	48859688	BCAT2	chr19	48811313	16.382251739501953	1768.8090394611206	1	0
BCAT2|chr19:49363225-49363765:*	chr19	48859968	48860508	BCAT2	chr19	48811313	15.119108200073242	1632.4260961267175	1	0
BCAT2|chr19:49381225-49382185:*	chr19	48877968	48878928	BCAT2	chr19	48811313	9.20715618133545	994.1063866090722	1	0
BCAT2|chr19:49391365-49391905:*	chr19	48888108	48888648	BCAT2	chr19	48811313	3.190464496612549	344.4778246253232	1	0
BCAT2|chr19:49393745-49394245:*	chr19	48890488	48890988	BCAT2	chr19	48811313	6.644408226013184	717.4037805622958	1	0
BCAT2|chr19:49430065-49430565:*	chr19	48926808	48927308	BCAT2	chr19	48811313	0.0	0.0	1	0
BCAT2|chr19:49446285-49446805:*	chr19	48943028	48943548	BCAT2	chr19	48811313	0.0	0.0	1	0
BCAT2|chr19:49454265-49454865:*	chr19	48951008	48951608	BCAT2	chr19	48811313	0.0	0.0	1	0
BCAT2|chr19:49465505-49466025:*	chr19	48962248	48962768	BCAT2	chr19	48811313	0.0	0.0	1	0
BCAT2|chr19:49466965-49467465:*	chr19	48963708	48964208	BCAT2	chr19	48811313	0.0	0.0	1	0
BCAT2|chr19:49470805-49471705:*	chr19	48967548	48968448	BCAT2	chr19	48811313	0.0	0.0	1	0
BCAT2|chr19:49473045-49473565:*	chr19	48969788	48970308	BCAT2	chr19	48811313	0.0	0.0	1	0
BCAT2|chr19:49474085-49474605:*	chr19	48970828	48971348	BCAT2	chr19	48811313	0.0	0.0	1	0
BCAT2|chr19:49479345-49479885:*	chr19	48976088	48976628	BCAT2	chr19	48811313	0.0	0.0	1	0
BCAT2|chr19:49482085-49482585:*	chr19	48978828	48979328	BCAT2	chr19	48811313	0.0	0.0	1	0
BCAT2|chr19:49486785-49487285:*	chr19	48983528	48984028	BCAT2	chr19	48811313	0.0	0.0	1	0
BCAT2|chr19:49495365-49495905:*	chr19	48992108	48992648	BCAT2	chr19	48811313	0.0	0.0	1	0
BCAT2|chr19:49520885-49521385:*	chr19	49017628	49018128	BCAT2	chr19	48811313	0.0	0.0	0	0
BCAT2|chr19:49541805-49542325:*	chr19	49038548	49039068	BCAT2	chr19	48811313	0.0	0.0	0	0
BCAT2|chr19:49574965-49575505:*	chr19	49071708	49072248	BCAT2	chr19	48811313	0.0	0.0	0	0
BCAT2|chr19:49577085-49577585:*	chr19	49073828	49074328	BCAT2	chr19	48811313	0.0	0.0	0	0
BCAT2|chr19:49584465-49584965:*	chr19	49081208	49081708	BCAT2	chr19	48811313	0.0	0.0	0	0
BCAT2|chr19:49600945-49601505:*	chr19	49097688	49098248	BCAT2	chr19	48811313	0.0	0.0	0	0
BCAT2|chr19:49609745-49610265:*	chr19	49106488	49107008	BCAT2	chr19	48811313	0.0	0.0	0	0
BCAT2|chr19:49613725-49614245:*	chr19	49110468	49110988	BCAT2	chr19	48811313	0.0	0.0	0	0
BCAT2|chr19:49619745-49620265:*	chr19	49116488	49117008	BCAT2	chr19	48811313	0.0	0.0	0	0
BCAT2|chr19:49631065-49631765:*	chr19	49127808	49128508	BCAT2	chr19	48811313	0.0	0.0	0	0
BCAT2|chr19:49632465-49632985:*	chr19	49129208	49129728	BCAT2	chr19	48811313	0.0	0.0	0	0
BCAT2|chr19:49636645-49637145:*	chr19	49133388	49133888	BCAT2	chr19	48811313	0.0	0.0	0	0
BCAT2|chr19:49639205-49639745:*	chr19	49135948	49136488	BCAT2	chr19	48811313	0.0	0.0	0	0
BCAT2|chr19:49646085-49646585:*	chr19	49142828	49143328	BCAT2	chr19	48811313	0.0	0.0	0	0
BCAT2|chr19:49650945-49651825:*	chr19	49147688	49148568	BCAT2	chr19	48811313	0.0	0.0	0	0
BCAT2|chr19:49652425-49653365:*	chr19	49149168	49150108	BCAT2	chr19	48811313	0.0	0.0	0	0
BCAT2|chr19:49653525-49654085:*	chr19	49150268	49150828	BCAT2	chr19	48811313	0.0	0.0	0	0
BCAT2|chr19:49654785-49655285:*	chr19	49151528	49152028	BCAT2	chr19	48811313	0.0	0.0	0	0
BCAT2|chr19:49665225-49665725:*	chr19	49161968	49162468	BCAT2	chr19	48811313	0.0	0.0	0	0
BCAT2|chr19:49680225-49680725:*	chr19	49176968	49177468	BCAT2	chr19	48811313	0.0	0.0	0	0
BCAT2|chr19:49702045-49702565:*	chr19	49198788	49199308	BCAT2	chr19	48811313	0.0	0.0	0	0
BCAT2|chr19:49703485-49704025:*	chr19	49200228	49200768	BCAT2	chr19	48811313	0.0	0.0	0	0
BCAT2|chr19:49710985-49711965:*	chr19	49207728	49208708	BCAT2	chr19	48811313	0.0	0.0	0	0
BCAT2|chr19:49713185-49714125:*	chr19	49209928	49210868	BCAT2	chr19	48811313	0.0	0.0	0	0
BCAT2|chr19:49716965-49717525:*	chr19	49213708	49214268	BCAT2	chr19	48811313	0.0	0.0	0	0
BCAT2|chr19:49728025-49728545:*	chr19	49224768	49225288	BCAT2	chr19	48811313	0.0	0.0	0	0
BCAT2|chr19:49729185-49729685:*	chr19	49225928	49226428	BCAT2	chr19	48811313	0.0	0.0	0	0
BCAT2|chr19:49770065-49770625:*	chr19	49266808	49267368	BCAT2	chr19	48811313	0.0	0.0	0	0
BCAT2|chr19:49804405-49804965:*	chr19	49301148	49301708	BCAT2	chr19	48811313	0.0	0.0	0	0
BCAT2|chr19:49831025-49831585:*	chr19	49327768	49328328	BCAT2	chr19	48811313	0.0	0.0	0	0
BCAT2|chr19:49831645-49832165:*	chr19	49328388	49328908	BCAT2	chr19	48811313	0.0	0.0	0	0
BCAT2|chr19:49834705-49835265:*	chr19	49331448	49332008	BCAT2	chr19	48811313	0.0	0.0	0	0
BCAT2|chr19:49842065-49842605:*	chr19	49338808	49339348	BCAT2	chr19	48811313	0.0	0.0	0	0
BCAT2|chr19:49843445-49843945:*	chr19	49340188	49340688	BCAT2	chr19	48811313	0.0	0.0	0	0
BCAT2|chr19:49851005-49851525:*	chr19	49347748	49348268	BCAT2	chr19	48811313	0.0	0.0	0	0
BCAT2|chr19:49895045-49895585:*	chr19	49391788	49392328	BCAT2	chr19	48811313	0.0	0.0	0	0
FTL|chr19:48812505-48813005:*	chr19	48309248	48309748	FTL	chr19	48965058	0.0	0.0	0	0
FTL|chr19:48817545-48818085:*	chr19	48314288	48314828	FTL	chr19	48965058	0.0	0.0	0	0
FTL|chr19:48824385-48824925:*	chr19	48321128	48321668	FTL	chr19	48965058	0.0	0.0	0	0
FTL|chr19:48824985-48825585:*	chr19	48321728	48322328	FTL	chr19	48965058	0.0	0.0	0	0
FTL|chr19:48842585-48843105:*	chr19	48339328	48339848	FTL	chr19	48965058	0.0	0.0	0	0
FTL|chr19:48848065-48848565:*	chr19	48344808	48345308	FTL	chr19	48965058	0.0	0.0	0	0
FTL|chr19:48854445-48854985:*	chr19	48351188	48351728	FTL	chr19	48965058	0.0	0.0	0	0
FTL|chr19:48857765-48858285:*	chr19	48354508	48355028	FTL	chr19	48965058	0.0	0.0	0	0
FTL|chr19:48860245-48860765:*	chr19	48356988	48357508	FTL	chr19	48965058	0.0	0.0	0	0
FTL|chr19:48866225-48866745:*	chr19	48362968	48363488	FTL	chr19	48965058	0.0	0.0	0	0
FTL|chr19:48882305-48882825:*	chr19	48379048	48379568	FTL	chr19	48965058	0.0	0.0	0	0
FTL|chr19:48888265-48888845:*	chr19	48385008	48385588	FTL	chr19	48965058	0.0	0.0	0	0
FTL|chr19:48893765-48894265:*	chr19	48390508	48391008	FTL	chr19	48965058	0.0	0.0	0	0
FTL|chr19:48901785-48902565:*	chr19	48398528	48399308	FTL	chr19	48965058	0.0	0.0	0	0
FTL|chr19:48902785-48903825:*	chr19	48399528	48400568	FTL	chr19	48965058	0.0	0.0	0	0
FTL|chr19:48906765-48907285:*	chr19	48403508	48404028	FTL	chr19	48965058	0.0	0.0	0	0
FTL|chr19:48918625-48919125:*	chr19	48415368	48415868	FTL	chr19	48965058	0.0	0.0	0	0
FTL|chr19:48921865-48922365:*	chr19	48418608	48419108	FTL	chr19	48965058	0.0	0.0	0	0
FTL|chr19:48926705-48927225:*	chr19	48423448	48423968	FTL	chr19	48965058	0.0	0.0	0	0
FTL|chr19:48927925-48928445:*	chr19	48424668	48425188	FTL	chr19	48965058	0.0	0.0	0	0
FTL|chr19:48965525-48966045:*	chr19	48462268	48462788	FTL	chr19	48965058	0.0	0.0	0	0
FTL|chr19:49004845-49005805:*	chr19	48501588	48502548	FTL	chr19	48965058	0.0	0.0	0	0
FTL|chr19:49016965-49017545:*	chr19	48513708	48514288	FTL	chr19	48965058	0.0	0.0	0	0
FTL|chr19:49057025-49057525:*	chr19	48553768	48554268	FTL	chr19	48965058	0.0	0.0	0	0
FTL|chr19:49061365-49061885:*	chr19	48558108	48558628	FTL	chr19	48965058	0.0	0.0	0	0
FTL|chr19:49066245-49067065:*	chr19	48562988	48563808	FTL	chr19	48965058	0.0	0.0	0	0
FTL|chr19:49068145-49068725:*	chr19	48564888	48565468	FTL	chr19	48965058	0.0	0.0	0	0
FTL|chr19:49071505-49072065:*	chr19	48568248	48568808	FTL	chr19	48965058	0.0	0.0	0	0
FTL|chr19:49077845-49078345:*	chr19	48574588	48575088	FTL	chr19	48965058	0.0	0.0	0	0
FTL|chr19:49087405-49087905:*	chr19	48584148	48584648	FTL	chr19	48965058	0.0	0.0	0	0
FTL|chr19:49092065-49092605:*	chr19	48588808	48589348	FTL	chr19	48965058	0.0	0.0	0	0
FTL|chr19:49111965-49112605:*	chr19	48608708	48609348	FTL	chr19	48965058	0.0	0.0	0	0
FTL|chr19:49137625-49138125:*	chr19	48634368	48634868	FTL	chr19	48965058	0.0	0.0	0	0
FTL|chr19:49154505-49155005:*	chr19	48651248	48651748	FTL	chr19	48965058	0.0	0.0	0	0
FTL|chr19:49155845-49156345:*	chr19	48652588	48653088	FTL	chr19	48965058	0.0	0.0	0	0
FTL|chr19:49164145-49164725:*	chr19	48660888	48661468	FTL	chr19	48965058	0.0	0.0	0	0
FTL|chr19:49178545-49179065:*	chr19	48675288	48675808	FTL	chr19	48965058	0.0	0.0	0	0
FTL|chr19:49181385-49181885:*	chr19	48678128	48678628	FTL	chr19	48965058	0.0	0.0	0	0
FTL|chr19:49184245-49184745:*	chr19	48680988	48681488	FTL	chr19	48965058	0.0	0.0	0	0
FTL|chr19:49188705-49189225:*	chr19	48685448	48685968	FTL	chr19	48965058	0.0	0.0	0	0
FTL|chr19:49201245-49201785:*	chr19	48697988	48698528	FTL	chr19	48965058	0.0	0.0	0	0
FTL|chr19:49217245-49217905:*	chr19	48713988	48714648	FTL	chr19	48965058	0.0	0.0	0	0
FTL|chr19:49223765-49224305:*	chr19	48720508	48721048	FTL	chr19	48965058	0.0	0.0	0	0
FTL|chr19:49228065-49228565:*	chr19	48724808	48725308	FTL	chr19	48965058	0.0	0.0	0	0
FTL|chr19:49240545-49241065:*	chr19	48737288	48737808	FTL	chr19	48965058	0.0	0.0	0	0
FTL|chr19:49241785-49242285:*	chr19	48738528	48739028	FTL	chr19	48965058	0.0	0.0	0	0
FTL|chr19:49251085-49251625:*	chr19	48747828	48748368	FTL	chr19	48965058	0.0	0.0	0	0
FTL|chr19:49269005-49269505:*	chr19	48765748	48766248	FTL	chr19	48965058	0.0	0.0	0	0
FTL|chr19:49277645-49278145:*	chr19	48774388	48774888	FTL	chr19	48965058	0.0	0.0	1	0
FTL|chr19:49309805-49310825:*	chr19	48806548	48807568	FTL	chr19	48965058	0.0	0.0	1	0
FTL|chr19:49315365-49315905:*	chr19	48812108	48812648	FTL	chr19	48965058	0.0	0.0	1	0
FTL|chr19:49319185-49319685:*	chr19	48815928	48816428	FTL	chr19	48965058	0.0	0.0	1	0
FTL|chr19:49322685-49323205:*	chr19	48819428	48819948	FTL	chr19	48965058	0.0	0.0	1	0
FTL|chr19:49333325-49333845:*	chr19	48830068	48830588	FTL	chr19	48965058	0.0	0.0	1	0
FTL|chr19:49357245-49357765:*	chr19	48853988	48854508	FTL	chr19	48965058	0.0	0.0	1	0
FTL|chr19:49363225-49363765:*	chr19	48859968	48860508	FTL	chr19	48965058	0.0	0.0	1	0
FTL|chr19:49370285-49370805:*	chr19	48867028	48867548	FTL	chr19	48965058	4.920623779296875	345.4708070074353	1	0
FTL|chr19:49391365-49391905:*	chr19	48888108	48888648	FTL	chr19	48965058	3.5143136978149414	246.73554486518736	1	0
FTL|chr19:49446285-49446805:*	chr19	48943028	48943548	FTL	chr19	48965058	28.853967666625977	2025.800781009946	1	0
FTL|chr19:49454265-49454865:*	chr19	48951008	48951608	FTL	chr19	48965058	86.80736541748047	6094.635950658191	1	0
FTL|chr19:49465505-49466025:*	chr19	48962248	48962768	FTL	chr19	48965058	145.8780517578125	10241.91454698966	1	1
FTL|chr19:49466965-49467465:*	chr19	48963708	48964208	FTL	chr19	48965058	407.5242919921875	28611.768008362626	1	1
FTL|chr19:49473045-49473565:*	chr19	48969788	48970308	FTL	chr19	48965058	143.1436767578125	10049.937517190006	1	0
FTL|chr19:49474085-49474605:*	chr19	48970828	48971348	FTL	chr19	48965058	110.52806854248048	7760.036684170178	1	1
FTL|chr19:49479345-49479885:*	chr19	48976088	48976628	FTL	chr19	48965058	52.29367065429688	3671.4728482864175	1	0
FTL|chr19:49482085-49482585:*	chr19	48978828	48979328	FTL	chr19	48965058	83.00393676757812	5827.602008619094	1	0
FTL|chr19:49486785-49487285:*	chr19	48983528	48984028	FTL	chr19	48965058	39.60553741455078	2780.6549710498653	1	0
FTL|chr19:49541805-49542325:*	chr19	49038548	49039068	FTL	chr19	48965058	15.618332862854004	1096.543507541218	1	0
FTL|chr19:49574965-49575505:*	chr19	49071708	49072248	FTL	chr19	48965058	0.0	0.0	1	0
FTL|chr19:49577085-49577585:*	chr19	49073828	49074328	FTL	chr19	48965058	0.0	0.0	1	0
FTL|chr19:49584465-49584965:*	chr19	49081208	49081708	FTL	chr19	48965058	0.0	0.0	1	0
FTL|chr19:49600945-49601505:*	chr19	49097688	49098248	FTL	chr19	48965058	0.0	0.0	1	0
FTL|chr19:49609745-49610265:*	chr19	49106488	49107008	FTL	chr19	48965058	0.0	0.0	1	0
FTL|chr19:49613725-49614245:*	chr19	49110468	49110988	FTL	chr19	48965058	0.0	0.0	1	0
FTL|chr19:49619745-49620265:*	chr19	49116488	49117008	FTL	chr19	48965058	0.0	0.0	1	0
FTL|chr19:49631065-49631765:*	chr19	49127808	49128508	FTL	chr19	48965058	0.0	0.0	1	0
FTL|chr19:49632465-49632985:*	chr19	49129208	49129728	FTL	chr19	48965058	0.0	0.0	1	0
FTL|chr19:49636645-49637145:*	chr19	49133388	49133888	FTL	chr19	48965058	0.0	0.0	1	0
FTL|chr19:49639205-49639745:*	chr19	49135948	49136488	FTL	chr19	48965058	0.0	0.0	1	0
FTL|chr19:49646085-49646585:*	chr19	49142828	49143328	FTL	chr19	48965058	0.0	0.0	1	0
FTL|chr19:49650945-49651825:*	chr19	49147688	49148568	FTL	chr19	48965058	0.0	0.0	1	0
FTL|chr19:49652425-49653365:*	chr19	49149168	49150108	FTL	chr19	48965058	0.0	0.0	1	0
FTL|chr19:49653525-49654085:*	chr19	49150268	49150828	FTL	chr19	48965058	0.0	0.0	1	0
FTL|chr19:49654785-49655285:*	chr19	49151528	49152028	FTL	chr19	48965058	0.0	0.0	1	0
FTL|chr19:49665225-49665725:*	chr19	49161968	49162468	FTL	chr19	48965058	0.0	0.0	1	0
FTL|chr19:49680225-49680725:*	chr19	49176968	49177468	FTL	chr19	48965058	0.0	0.0	0	0
FTL|chr19:49702045-49702565:*	chr19	49198788	49199308	FTL	chr19	48965058	0.0	0.0	0	0
FTL|chr19:49703485-49704025:*	chr19	49200228	49200768	FTL	chr19	48965058	0.0	0.0	0	0
FTL|chr19:49710985-49711965:*	chr19	49207728	49208708	FTL	chr19	48965058	0.0	0.0	0	0
FTL|chr19:49713185-49714125:*	chr19	49209928	49210868	FTL	chr19	48965058	0.0	0.0	0	0
FTL|chr19:49716965-49717525:*	chr19	49213708	49214268	FTL	chr19	48965058	0.0	0.0	0	0
FTL|chr19:49728025-49728545:*	chr19	49224768	49225288	FTL	chr19	48965058	0.0	0.0	0	0
FTL|chr19:49729185-49729685:*	chr19	49225928	49226428	FTL	chr19	48965058	0.0	0.0	0	0
FTL|chr19:49770065-49770625:*	chr19	49266808	49267368	FTL	chr19	48965058	0.0	0.0	0	0
FTL|chr19:49804405-49804965:*	chr19	49301148	49301708	FTL	chr19	48965058	0.0	0.0	0	0
FTL|chr19:49831025-49831585:*	chr19	49327768	49328328	FTL	chr19	48965058	0.0	0.0	0	0
FTL|chr19:49831645-49832165:*	chr19	49328388	49328908	FTL	chr19	48965058	0.0	0.0	0	0
FTL|chr19:49834705-49835265:*	chr19	49331448	49332008	FTL	chr19	48965058	0.0	0.0	0	0
FTL|chr19:49842065-49842605:*	chr19	49338808	49339348	FTL	chr19	48965058	0.0	0.0	0	0
FTL|chr19:49843445-49843945:*	chr19	49340188	49340688	FTL	chr19	48965058	0.0	0.0	0	0
FTL|chr19:49851005-49851525:*	chr19	49347748	49348268	FTL	chr19	48965058	0.0	0.0	0	0
FTL|chr19:49895045-49895585:*	chr19	49391788	49392328	FTL	chr19	48965058	0.0	0.0	0	0
FTL|chr19:48762863-48763819:.	chr19	48259606	48260562	FTL	chr19	48965058	0.0	0.0	0	0
FTL|chr19:50220671-50221171:.	chr19	49717414	49717914	FTL	chr19	48965058	0.0	0.0	0	0
FUT1|chr19:48812505-48813005:*	chr19	48309248	48309748	FUT1	chr19	48755640	0.0	0.0	0	0
FUT1|chr19:48817545-48818085:*	chr19	48314288	48314828	FUT1	chr19	48755640	0.0	0.0	0	0
FUT1|chr19:48824385-48824925:*	chr19	48321128	48321668	FUT1	chr19	48755640	0.0	0.0	0	0
FUT1|chr19:48824985-48825585:*	chr19	48321728	48322328	FUT1	chr19	48755640	0.0	0.0	0	0
FUT1|chr19:48835885-48836625:*	chr19	48332628	48333368	FUT1	chr19	48755640	0.0	0.0	0	0
FUT1|chr19:48837085-48837585:*	chr19	48333828	48334328	FUT1	chr19	48755640	0.0	0.0	0	0
FUT1|chr19:48842585-48843105:*	chr19	48339328	48339848	FUT1	chr19	48755640	0.0	0.0	0	0
FUT1|chr19:48848065-48848565:*	chr19	48344808	48345308	FUT1	chr19	48755640	0.0	0.0	0	0
FUT1|chr19:48854445-48854985:*	chr19	48351188	48351728	FUT1	chr19	48755640	0.0	0.0	0	0
FUT1|chr19:48857765-48858285:*	chr19	48354508	48355028	FUT1	chr19	48755640	0.0	0.0	0	0
FUT1|chr19:48866225-48866745:*	chr19	48362968	48363488	FUT1	chr19	48755640	0.0	0.0	0	0
FUT1|chr19:48882305-48882825:*	chr19	48379048	48379568	FUT1	chr19	48755640	0.0	0.0	0	0
FUT1|chr19:48888265-48888845:*	chr19	48385008	48385588	FUT1	chr19	48755640	0.0	0.0	0	0
FUT1|chr19:48893765-48894265:*	chr19	48390508	48391008	FUT1	chr19	48755640	0.0	0.0	0	0
FUT1|chr19:48901785-48902565:*	chr19	48398528	48399308	FUT1	chr19	48755640	0.0	0.0	0	0
FUT1|chr19:48902785-48903825:*	chr19	48399528	48400568	FUT1	chr19	48755640	0.0	0.0	0	0
FUT1|chr19:48906765-48907285:*	chr19	48403508	48404028	FUT1	chr19	48755640	0.0	0.0	0	0
FUT1|chr19:48918625-48919125:*	chr19	48415368	48415868	FUT1	chr19	48755640	0.0	0.0	0	0
FUT1|chr19:48921865-48922365:*	chr19	48418608	48419108	FUT1	chr19	48755640	0.0	0.0	0	0
FUT1|chr19:48926705-48927225:*	chr19	48423448	48423968	FUT1	chr19	48755640	0.0	0.0	0	0
FUT1|chr19:48927925-48928445:*	chr19	48424668	48425188	FUT1	chr19	48755640	0.0	0.0	0	0
FUT1|chr19:48965525-48966045:*	chr19	48462268	48462788	FUT1	chr19	48755640	0.0	0.0	0	0
FUT1|chr19:48994265-48995185:*	chr19	48491008	48491928	FUT1	chr19	48755640	0.0	0.0	0	0
FUT1|chr19:48995945-48996445:*	chr19	48492688	48493188	FUT1	chr19	48755640	0.0	0.0	0	0
FUT1|chr19:48996485-48997025:*	chr19	48493228	48493768	FUT1	chr19	48755640	0.0	0.0	0	0
FUT1|chr19:49004845-49005805:*	chr19	48501588	48502548	FUT1	chr19	48755640	0.0	0.0	0	0
FUT1|chr19:49013725-49014245:*	chr19	48510468	48510988	FUT1	chr19	48755640	0.0	0.0	0	0
FUT1|chr19:49016965-49017545:*	chr19	48513708	48514288	FUT1	chr19	48755640	0.0	0.0	0	0
FUT1|chr19:49057025-49057525:*	chr19	48553768	48554268	FUT1	chr19	48755640	0.0	0.0	0	0
FUT1|chr19:49061365-49061885:*	chr19	48558108	48558628	FUT1	chr19	48755640	0.0	0.0	1	0
FUT1|chr19:49066245-49067065:*	chr19	48562988	48563808	FUT1	chr19	48755640	0.0	0.0	1	0
FUT1|chr19:49071505-49072065:*	chr19	48568248	48568808	FUT1	chr19	48755640	0.0	0.0	1	0
FUT1|chr19:49077845-49078345:*	chr19	48574588	48575088	FUT1	chr19	48755640	0.0	0.0	1	0
FUT1|chr19:49087405-49087905:*	chr19	48584148	48584648	FUT1	chr19	48755640	0.0	0.0	1	0
FUT1|chr19:49092065-49092605:*	chr19	48588808	48589348	FUT1	chr19	48755640	0.0	0.0	1	0
FUT1|chr19:49111965-49112605:*	chr19	48608708	48609348	FUT1	chr19	48755640	0.0	0.0	1	0
FUT1|chr19:49136565-49137065:*	chr19	48633308	48633808	FUT1	chr19	48755640	0.0	0.0	1	0
FUT1|chr19:49137625-49138125:*	chr19	48634368	48634868	FUT1	chr19	48755640	0.0	0.0	1	0
FUT1|chr19:49138385-49139005:*	chr19	48635128	48635748	FUT1	chr19	48755640	0.0	0.0	1	0
FUT1|chr19:49142125-49142625:*	chr19	48638868	48639368	FUT1	chr19	48755640	0.0	0.0	1	0
FUT1|chr19:49164145-49164725:*	chr19	48660888	48661468	FUT1	chr19	48755640	0.302342027425766	757.2108473262812	1	0
FUT1|chr19:49181385-49181885:*	chr19	48678128	48678628	FUT1	chr19	48755640	0.1089048683643341	272.7505281162471	1	0
FUT1|chr19:49184245-49184745:*	chr19	48680988	48681488	FUT1	chr19	48755640	0.4032531380653381	1009.9411350822156	1	0
FUT1|chr19:49188705-49189225:*	chr19	48685448	48685968	FUT1	chr19	48755640	0.2669399678707123	668.5469465744759	1	0
FUT1|chr19:49201245-49201785:*	chr19	48697988	48698528	FUT1	chr19	48755640	0.4545372724533081	1138.3814421905097	1	0
FUT1|chr19:49223765-49224305:*	chr19	48720508	48721048	FUT1	chr19	48755640	2.7829034328460693	6969.737830874275	1	1
FUT1|chr19:49240545-49241065:*	chr19	48737288	48737808	FUT1	chr19	48755640	0.7550264596939087	1890.951880445929	1	0
FUT1|chr19:49277645-49278145:*	chr19	48774388	48774888	FUT1	chr19	48755640	1.1889632940292358	2977.739849722922	1	0
FUT1|chr19:49284045-49284685:*	chr19	48780788	48781428	FUT1	chr19	48755640	2.024913787841797	5071.364699473758	1	1
FUT1|chr19:49287765-49288285:*	chr19	48784508	48785028	FUT1	chr19	48755640	1.6971542835235596	4250.496181467307	1	0
FUT1|chr19:49291305-49291865:*	chr19	48788048	48788608	FUT1	chr19	48755640	1.2486838102340698	3127.308942261101	1	0
FUT1|chr19:49298545-49299065:*	chr19	48795288	48795808	FUT1	chr19	48755640	1.3459093570709229	3370.8087935021617	1	0
FUT1|chr19:49309805-49310825:*	chr19	48806548	48807568	FUT1	chr19	48755640	1.7474514245986938	4376.464579363769	1	0
FUT1|chr19:49315365-49315905:*	chr19	48812108	48812648	FUT1	chr19	48755640	0.6091283559799194	1525.5523768532885	1	0
FUT1|chr19:49319185-49319685:*	chr19	48815928	48816428	FUT1	chr19	48755640	0.3903981447219848	977.7460066550764	1	0
FUT1|chr19:49322685-49323205:*	chr19	48819428	48819948	FUT1	chr19	48755640	0.7460699081420898	1868.520338104898	1	0
FUT1|chr19:49333325-49333845:*	chr19	48830068	48830588	FUT1	chr19	48755640	0.2517992556095123	630.6272711061305	1	0
FUT1|chr19:49338885-49339405:*	chr19	48835628	48836148	FUT1	chr19	48755640	0.4045486450195312	1013.185711851294	1	0
FUT1|chr19:49345685-49346405:*	chr19	48842428	48843148	FUT1	chr19	48755640	0.1944300234317779	486.9469323929612	1	0
FUT1|chr19:49347645-49348165:*	chr19	48844388	48844908	FUT1	chr19	48755640	0.1879799664020538	470.79286611787336	1	0
FUT1|chr19:49357245-49357765:*	chr19	48853988	48854508	FUT1	chr19	48755640	0.0750330463051796	187.91908307940125	1	0
FUT1|chr19:49361765-49362265:*	chr19	48858508	48859008	FUT1	chr19	48755640	0.0	0.0	1	0
FUT1|chr19:49362425-49362945:*	chr19	48859168	48859688	FUT1	chr19	48755640	0.0	0.0	1	0
FUT1|chr19:49363225-49363765:*	chr19	48859968	48860508	FUT1	chr19	48755640	0.0	0.0	1	0
FUT1|chr19:49370285-49370805:*	chr19	48867028	48867548	FUT1	chr19	48755640	0.0	0.0	1	0
FUT1|chr19:49376745-49377245:*	chr19	48873488	48873988	FUT1	chr19	48755640	0.0	0.0	1	0
FUT1|chr19:49377625-49378145:*	chr19	48874368	48874888	FUT1	chr19	48755640	0.0	0.0	1	0
FUT1|chr19:49378405-49379925:*	chr19	48875148	48876668	FUT1	chr19	48755640	0.0	0.0	1	0
FUT1|chr19:49381225-49382185:*	chr19	48877968	48878928	FUT1	chr19	48755640	0.0	0.0	1	0
FUT1|chr19:49391365-49391905:*	chr19	48888108	48888648	FUT1	chr19	48755640	0.0	0.0	1	0
FUT1|chr19:49393745-49394245:*	chr19	48890488	48890988	FUT1	chr19	48755640	0.0	0.0	1	0
FUT1|chr19:49395065-49395625:*	chr19	48891808	48892368	FUT1	chr19	48755640	0.0	0.0	1	0
FUT1|chr19:49399345-49399905:*	chr19	48896088	48896648	FUT1	chr19	48755640	0.0	0.0	1	0
FUT1|chr19:49430065-49430565:*	chr19	48926808	48927308	FUT1	chr19	48755640	0.0	0.0	1	0
FUT1|chr19:49446285-49446805:*	chr19	48943028	48943548	FUT1	chr19	48755640	0.0	0.0	1	0
FUT1|chr19:49454265-49454865:*	chr19	48951008	48951608	FUT1	chr19	48755640	0.0	0.0	1	0
FUT1|chr19:49465505-49466025:*	chr19	48962248	48962768	FUT1	chr19	48755640	0.0	0.0	0	0
FUT1|chr19:49466965-49467465:*	chr19	48963708	48964208	FUT1	chr19	48755640	0.0	0.0	0	0
FUT1|chr19:49470805-49471705:*	chr19	48967548	48968448	FUT1	chr19	48755640	0.0	0.0	0	0
FUT1|chr19:49473045-49473565:*	chr19	48969788	48970308	FUT1	chr19	48755640	0.0	0.0	0	0
FUT1|chr19:49474085-49474605:*	chr19	48970828	48971348	FUT1	chr19	48755640	0.0	0.0	0	0
FUT1|chr19:49479345-49479885:*	chr19	48976088	48976628	FUT1	chr19	48755640	0.0	0.0	0	0
FUT1|chr19:49482085-49482585:*	chr19	48978828	48979328	FUT1	chr19	48755640	0.0	0.0	0	0
FUT1|chr19:49486785-49487285:*	chr19	48983528	48984028	FUT1	chr19	48755640	0.0	0.0	0	0
FUT1|chr19:49495365-49495905:*	chr19	48992108	48992648	FUT1	chr19	48755640	0.0	0.0	0	0
FUT1|chr19:49520885-49521385:*	chr19	49017628	49018128	FUT1	chr19	48755640	0.0	0.0	0	0
FUT1|chr19:49541805-49542325:*	chr19	49038548	49039068	FUT1	chr19	48755640	0.0	0.0	0	0
FUT1|chr19:49574965-49575505:*	chr19	49071708	49072248	FUT1	chr19	48755640	0.0	0.0	0	0
FUT1|chr19:49577085-49577585:*	chr19	49073828	49074328	FUT1	chr19	48755640	0.0	0.0	0	0
FUT1|chr19:49584465-49584965:*	chr19	49081208	49081708	FUT1	chr19	48755640	0.0	0.0	0	0
FUT1|chr19:49600945-49601505:*	chr19	49097688	49098248	FUT1	chr19	48755640	0.0	0.0	0	0
FUT1|chr19:49609745-49610265:*	chr19	49106488	49107008	FUT1	chr19	48755640	0.0	0.0	0	0
FUT1|chr19:49613725-49614245:*	chr19	49110468	49110988	FUT1	chr19	48755640	0.0	0.0	0	0
FUT1|chr19:49619745-49620265:*	chr19	49116488	49117008	FUT1	chr19	48755640	0.0	0.0	0	0
FUT1|chr19:49631065-49631765:*	chr19	49127808	49128508	FUT1	chr19	48755640	0.0	0.0	0	0
FUT1|chr19:49632465-49632985:*	chr19	49129208	49129728	FUT1	chr19	48755640	0.0	0.0	0	0
FUT1|chr19:49636645-49637145:*	chr19	49133388	49133888	FUT1	chr19	48755640	0.0	0.0	0	0
FUT1|chr19:49639205-49639745:*	chr19	49135948	49136488	FUT1	chr19	48755640	0.0	0.0	0	0
FUT1|chr19:49646085-49646585:*	chr19	49142828	49143328	FUT1	chr19	48755640	0.0	0.0	0	0
FUT1|chr19:49653525-49654085:*	chr19	49150268	49150828	FUT1	chr19	48755640	0.0	0.0	0	0
FUT1|chr19:49654785-49655285:*	chr19	49151528	49152028	FUT1	chr19	48755640	0.0	0.0	0	0
FUT1|chr19:49665225-49665725:*	chr19	49161968	49162468	FUT1	chr19	48755640	0.0	0.0	0	0
FUT1|chr19:49680225-49680725:*	chr19	49176968	49177468	FUT1	chr19	48755640	0.0	0.0	0	0
FUT1|chr19:49702045-49702565:*	chr19	49198788	49199308	FUT1	chr19	48755640	0.0	0.0	0	0
FUT1|chr19:49703485-49704025:*	chr19	49200228	49200768	FUT1	chr19	48755640	0.0	0.0	0	0
FUT1|chr19:49710985-49711965:*	chr19	49207728	49208708	FUT1	chr19	48755640	0.0	0.0	0	0
FUT1|chr19:49713185-49714125:*	chr19	49209928	49210868	FUT1	chr19	48755640	0.0	0.0	0	0
FUT1|chr19:49716965-49717525:*	chr19	49213708	49214268	FUT1	chr19	48755640	0.0	0.0	0	0
FUT1|chr19:49728025-49728545:*	chr19	49224768	49225288	FUT1	chr19	48755640	0.0	0.0	0	0
FUT1|chr19:49729185-49729685:*	chr19	49225928	49226428	FUT1	chr19	48755640	0.0	0.0	0	0
FUT1|chr19:49804405-49804965:*	chr19	49301148	49301708	FUT1	chr19	48755640	0.0	0.0	0	0
FUT1|chr19:49831025-49831585:*	chr19	49327768	49328328	FUT1	chr19	48755640	0.0	0.0	0	0
FUT1|chr19:49831645-49832165:*	chr19	49328388	49328908	FUT1	chr19	48755640	0.0	0.0	0	0
FUT1|chr19:49834705-49835265:*	chr19	49331448	49332008	FUT1	chr19	48755640	0.0	0.0	0	0
FUT1|chr19:49842065-49842605:*	chr19	49338808	49339348	FUT1	chr19	48755640	0.0	0.0	0	0
FUT1|chr19:49843445-49843945:*	chr19	49340188	49340688	FUT1	chr19	48755640	0.0	0.0	0	0
FUT1|chr19:49851005-49851525:*	chr19	49347748	49348268	FUT1	chr19	48755640	0.0	0.0	0	0
FUT1|chr19:49895045-49895585:*	chr19	49391788	49392328	FUT1	chr19	48755640	0.0	0.0	0	0
NUCB1|chr19:48812505-48813005:*	chr19	48309248	48309748	NUCB1	chr19	48899799	0.0	0.0	0	0
NUCB1|chr19:48817545-48818085:*	chr19	48314288	48314828	NUCB1	chr19	48899799	0.0	0.0	0	0
NUCB1|chr19:48824385-48824925:*	chr19	48321128	48321668	NUCB1	chr19	48899799	0.0	0.0	0	0
NUCB1|chr19:48824985-48825585:*	chr19	48321728	48322328	NUCB1	chr19	48899799	0.0	0.0	0	0
NUCB1|chr19:48835885-48836625:*	chr19	48332628	48333368	NUCB1	chr19	48899799	0.0	0.0	0	0
NUCB1|chr19:48837085-48837585:*	chr19	48333828	48334328	NUCB1	chr19	48899799	0.0	0.0	0	0
NUCB1|chr19:48842585-48843105:*	chr19	48339328	48339848	NUCB1	chr19	48899799	0.0	0.0	0	0
NUCB1|chr19:48848065-48848565:*	chr19	48344808	48345308	NUCB1	chr19	48899799	0.0	0.0	0	0
NUCB1|chr19:48854445-48854985:*	chr19	48351188	48351728	NUCB1	chr19	48899799	0.0	0.0	0	0
NUCB1|chr19:48857765-48858285:*	chr19	48354508	48355028	NUCB1	chr19	48899799	0.0	0.0	0	0
NUCB1|chr19:48860245-48860765:*	chr19	48356988	48357508	NUCB1	chr19	48899799	0.0	0.0	0	0
NUCB1|chr19:48866225-48866745:*	chr19	48362968	48363488	NUCB1	chr19	48899799	0.0	0.0	0	0
NUCB1|chr19:48882305-48882825:*	chr19	48379048	48379568	NUCB1	chr19	48899799	0.0	0.0	0	0
NUCB1|chr19:48888265-48888845:*	chr19	48385008	48385588	NUCB1	chr19	48899799	0.0	0.0	0	0
NUCB1|chr19:48893765-48894265:*	chr19	48390508	48391008	NUCB1	chr19	48899799	0.0	0.0	0	0
NUCB1|chr19:48901785-48902565:*	chr19	48398528	48399308	NUCB1	chr19	48899799	0.0	0.0	0	0
NUCB1|chr19:48902785-48903825:*	chr19	48399528	48400568	NUCB1	chr19	48899799	0.0	0.0	0	0
NUCB1|chr19:48906765-48907285:*	chr19	48403508	48404028	NUCB1	chr19	48899799	0.0	0.0	0	0
NUCB1|chr19:48918625-48919125:*	chr19	48415368	48415868	NUCB1	chr19	48899799	0.0	0.0	0	0
NUCB1|chr19:48921865-48922365:*	chr19	48418608	48419108	NUCB1	chr19	48899799	0.0	0.0	0	0
NUCB1|chr19:48926705-48927225:*	chr19	48423448	48423968	NUCB1	chr19	48899799	0.0	0.0	0	0
NUCB1|chr19:48927925-48928445:*	chr19	48424668	48425188	NUCB1	chr19	48899799	0.0	0.0	0	0
NUCB1|chr19:48965525-48966045:*	chr19	48462268	48462788	NUCB1	chr19	48899799	0.0	0.0	0	0
NUCB1|chr19:48994265-48995185:*	chr19	48491008	48491928	NUCB1	chr19	48899799	0.0	0.0	0	0
NUCB1|chr19:48995945-48996445:*	chr19	48492688	48493188	NUCB1	chr19	48899799	0.0	0.0	0	0
NUCB1|chr19:48996485-48997025:*	chr19	48493228	48493768	NUCB1	chr19	48899799	0.0	0.0	0	0
NUCB1|chr19:49004845-49005805:*	chr19	48501588	48502548	NUCB1	chr19	48899799	0.0	0.0	0	0
NUCB1|chr19:49013725-49014245:*	chr19	48510468	48510988	NUCB1	chr19	48899799	0.0	0.0	0	0
NUCB1|chr19:49016965-49017545:*	chr19	48513708	48514288	NUCB1	chr19	48899799	0.0	0.0	0	0
NUCB1|chr19:49057025-49057525:*	chr19	48553768	48554268	NUCB1	chr19	48899799	0.0	0.0	0	0
NUCB1|chr19:49061365-49061885:*	chr19	48558108	48558628	NUCB1	chr19	48899799	0.0	0.0	0	0
NUCB1|chr19:49066245-49067065:*	chr19	48562988	48563808	NUCB1	chr19	48899799	0.0	0.0	0	0
NUCB1|chr19:49068145-49068725:*	chr19	48564888	48565468	NUCB1	chr19	48899799	0.0	0.0	0	0
NUCB1|chr19:49071505-49072065:*	chr19	48568248	48568808	NUCB1	chr19	48899799	0.0	0.0	0	0
NUCB1|chr19:49077845-49078345:*	chr19	48574588	48575088	NUCB1	chr19	48899799	0.0	0.0	0	0
NUCB1|chr19:49087405-49087905:*	chr19	48584148	48584648	NUCB1	chr19	48899799	0.0	0.0	0	0
NUCB1|chr19:49092065-49092605:*	chr19	48588808	48589348	NUCB1	chr19	48899799	0.0	0.0	0	0
NUCB1|chr19:49111965-49112605:*	chr19	48608708	48609348	NUCB1	chr19	48899799	0.0	0.0	0	0
NUCB1|chr19:49136565-49137065:*	chr19	48633308	48633808	NUCB1	chr19	48899799	0.0	0.0	0	0
NUCB1|chr19:49137625-49138125:*	chr19	48634368	48634868	NUCB1	chr19	48899799	0.0	0.0	0	0
NUCB1|chr19:49138385-49139005:*	chr19	48635128	48635748	NUCB1	chr19	48899799	0.0	0.0	0	0
NUCB1|chr19:49142125-49142625:*	chr19	48638868	48639368	NUCB1	chr19	48899799	0.0	0.0	0	0
NUCB1|chr19:49147965-49148465:*	chr19	48644708	48645208	NUCB1	chr19	48899799	0.0	0.0	0	0
NUCB1|chr19:49154505-49155005:*	chr19	48651248	48651748	NUCB1	chr19	48899799	0.0	0.0	0	0
NUCB1|chr19:49155845-49156345:*	chr19	48652588	48653088	NUCB1	chr19	48899799	0.0	0.0	0	0
NUCB1|chr19:49164145-49164725:*	chr19	48660888	48661468	NUCB1	chr19	48899799	0.0	0.0	0	0
NUCB1|chr19:49178545-49179065:*	chr19	48675288	48675808	NUCB1	chr19	48899799	0.0	0.0	0	0
NUCB1|chr19:49181385-49181885:*	chr19	48678128	48678628	NUCB1	chr19	48899799	0.0	0.0	0	0
NUCB1|chr19:49184245-49184745:*	chr19	48680988	48681488	NUCB1	chr19	48899799	0.0	0.0	0	0
NUCB1|chr19:49188705-49189225:*	chr19	48685448	48685968	NUCB1	chr19	48899799	0.0	0.0	0	0
NUCB1|chr19:49201245-49201785:*	chr19	48697988	48698528	NUCB1	chr19	48899799	0.0	0.0	0	0
NUCB1|chr19:49228065-49228565:*	chr19	48724808	48725308	NUCB1	chr19	48899799	0.0	0.0	1	0
NUCB1|chr19:49241785-49242285:*	chr19	48738528	48739028	NUCB1	chr19	48899799	0.0	0.0	1	0
NUCB1|chr19:49251085-49251625:*	chr19	48747828	48748368	NUCB1	chr19	48899799	0.0	0.0	1	0
NUCB1|chr19:49269005-49269505:*	chr19	48765748	48766248	NUCB1	chr19	48899799	0.0	0.0	1	0
NUCB1|chr19:49277645-49278145:*	chr19	48774388	48774888	NUCB1	chr19	48899799	0.0	0.0	1	0
NUCB1|chr19:49284045-49284685:*	chr19	48780788	48781428	NUCB1	chr19	48899799	0.0	0.0	1	0
NUCB1|chr19:49287765-49288285:*	chr19	48784508	48785028	NUCB1	chr19	48899799	0.0	0.0	1	0
NUCB1|chr19:49291305-49291865:*	chr19	48788048	48788608	NUCB1	chr19	48899799	0.0	0.0	1	0
NUCB1|chr19:49309805-49310825:*	chr19	48806548	48807568	NUCB1	chr19	48899799	2.330774307250977	488.1510939490447	1	0
NUCB1|chr19:49315365-49315905:*	chr19	48812108	48812648	NUCB1	chr19	48899799	3.2707791328430176	685.0231731128748	1	0
NUCB1|chr19:49319185-49319685:*	chr19	48815928	48816428	NUCB1	chr19	48899799	2.1023426055908203	440.3089735381817	1	0
NUCB1|chr19:49322685-49323205:*	chr19	48819428	48819948	NUCB1	chr19	48899799	3.704510927200317	775.8627920486603	1	0
NUCB1|chr19:49333325-49333845:*	chr19	48830068	48830588	NUCB1	chr19	48899799	1.772662878036499	371.2617392530752	1	0
NUCB1|chr19:49345685-49346405:*	chr19	48842428	48843148	NUCB1	chr19	48899799	3.4464690685272217	721.819200095528	1	0
NUCB1|chr19:49347645-49348165:*	chr19	48844388	48844908	NUCB1	chr19	48899799	2.7498061656951904	575.9119978952963	1	0
NUCB1|chr19:49357245-49357765:*	chr19	48853988	48854508	NUCB1	chr19	48899799	9.529560089111328	1995.845401196084	1	0
NUCB1|chr19:49363225-49363765:*	chr19	48859968	48860508	NUCB1	chr19	48899799	8.50383472442627	1781.0202431768791	1	0
NUCB1|chr19:49446285-49446805:*	chr19	48943028	48943548	NUCB1	chr19	48899799	6.451043128967285	1351.0890997558763	1	0
NUCB1|chr19:49479345-49479885:*	chr19	48976088	48976628	NUCB1	chr19	48899799	5.3005475997924805	1110.1324145019696	1	0
NUCB1|chr19:49482085-49482585:*	chr19	48978828	48979328	NUCB1	chr19	48899799	3.858966827392578	808.2116198228364	1	0
NUCB1|chr19:49486785-49487285:*	chr19	48983528	48984028	NUCB1	chr19	48899799	5.3408050537109375	1118.5638272341089	1	0
NUCB1|chr19:49495365-49495905:*	chr19	48992108	48992648	NUCB1	chr19	48899799	4.856623649597168	1017.1581778957616	1	0
NUCB1|chr19:49520885-49521385:*	chr19	49017628	49018128	NUCB1	chr19	48899799	0.0	0.0	1	0
NUCB1|chr19:49541805-49542325:*	chr19	49038548	49039068	NUCB1	chr19	48899799	0.0	0.0	1	0
NUCB1|chr19:49574965-49575505:*	chr19	49071708	49072248	NUCB1	chr19	48899799	0.0	0.0	1	0
NUCB1|chr19:49577085-49577585:*	chr19	49073828	49074328	NUCB1	chr19	48899799	0.0	0.0	1	0
NUCB1|chr19:49584465-49584965:*	chr19	49081208	49081708	NUCB1	chr19	48899799	0.0	0.0	1	0
NUCB1|chr19:49600945-49601505:*	chr19	49097688	49098248	NUCB1	chr19	48899799	0.0	0.0	0	0
NUCB1|chr19:49609745-49610265:*	chr19	49106488	49107008	NUCB1	chr19	48899799	0.0	0.0	0	0
NUCB1|chr19:49613725-49614245:*	chr19	49110468	49110988	NUCB1	chr19	48899799	0.0	0.0	0	0
NUCB1|chr19:49619745-49620265:*	chr19	49116488	49117008	NUCB1	chr19	48899799	0.0	0.0	0	0
NUCB1|chr19:49631065-49631765:*	chr19	49127808	49128508	NUCB1	chr19	48899799	0.0	0.0	0	0
NUCB1|chr19:49632465-49632985:*	chr19	49129208	49129728	NUCB1	chr19	48899799	0.0	0.0	0	0
NUCB1|chr19:49636645-49637145:*	chr19	49133388	49133888	NUCB1	chr19	48899799	0.0	0.0	0	0
NUCB1|chr19:49639205-49639745:*	chr19	49135948	49136488	NUCB1	chr19	48899799	0.0	0.0	0	0
NUCB1|chr19:49646085-49646585:*	chr19	49142828	49143328	NUCB1	chr19	48899799	0.0	0.0	0	0
NUCB1|chr19:49650945-49651825:*	chr19	49147688	49148568	NUCB1	chr19	48899799	0.0	0.0	0	0
NUCB1|chr19:49652425-49653365:*	chr19	49149168	49150108	NUCB1	chr19	48899799	0.0	0.0	0	0
NUCB1|chr19:49653525-49654085:*	chr19	49150268	49150828	NUCB1	chr19	48899799	0.0	0.0	0	0
NUCB1|chr19:49654785-49655285:*	chr19	49151528	49152028	NUCB1	chr19	48899799	0.0	0.0	0	0
NUCB1|chr19:49665225-49665725:*	chr19	49161968	49162468	NUCB1	chr19	48899799	0.0	0.0	0	0
NUCB1|chr19:49680225-49680725:*	chr19	49176968	49177468	NUCB1	chr19	48899799	0.0	0.0	0	0
NUCB1|chr19:49702045-49702565:*	chr19	49198788	49199308	NUCB1	chr19	48899799	0.0	0.0	0	0
NUCB1|chr19:49703485-49704025:*	chr19	49200228	49200768	NUCB1	chr19	48899799	0.0	0.0	0	0
NUCB1|chr19:49710985-49711965:*	chr19	49207728	49208708	NUCB1	chr19	48899799	0.0	0.0	0	0
NUCB1|chr19:49713185-49714125:*	chr19	49209928	49210868	NUCB1	chr19	48899799	0.0	0.0	0	0
NUCB1|chr19:49716965-49717525:*	chr19	49213708	49214268	NUCB1	chr19	48899799	0.0	0.0	0	0
NUCB1|chr19:49728025-49728545:*	chr19	49224768	49225288	NUCB1	chr19	48899799	0.0	0.0	0	0
NUCB1|chr19:49729185-49729685:*	chr19	49225928	49226428	NUCB1	chr19	48899799	0.0	0.0	0	0
NUCB1|chr19:49770065-49770625:*	chr19	49266808	49267368	NUCB1	chr19	48899799	0.0	0.0	0	0
NUCB1|chr19:49804405-49804965:*	chr19	49301148	49301708	NUCB1	chr19	48899799	0.0	0.0	0	0
NUCB1|chr19:49831025-49831585:*	chr19	49327768	49328328	NUCB1	chr19	48899799	0.0	0.0	0	0
NUCB1|chr19:49834705-49835265:*	chr19	49331448	49332008	NUCB1	chr19	48899799	0.0	0.0	0	0
NUCB1|chr19:49842065-49842605:*	chr19	49338808	49339348	NUCB1	chr19	48899799	0.0	0.0	0	0
NUCB1|chr19:49843445-49843945:*	chr19	49340188	49340688	NUCB1	chr19	48899799	0.0	0.0	0	0
NUCB1|chr19:49851005-49851525:*	chr19	49347748	49348268	NUCB1	chr19	48899799	0.0	0.0	0	0
NUCB1|chr19:49895045-49895585:*	chr19	49391788	49392328	NUCB1	chr19	48899799	0.0	0.0	0	0
PPP1R15A|chr19:48812505-48813005:*	chr19	48309248	48309748	PPP1R15A	chr19	48872141	0.0	0.0	0	0
PPP1R15A|chr19:48842585-48843105:*	chr19	48339328	48339848	PPP1R15A	chr19	48872141	0.0	0.0	0	0
PPP1R15A|chr19:48848065-48848565:*	chr19	48344808	48345308	PPP1R15A	chr19	48872141	0.0	0.0	0	0
PPP1R15A|chr19:48854445-48854985:*	chr19	48351188	48351728	PPP1R15A	chr19	48872141	0.0	0.0	0	0
PPP1R15A|chr19:48857765-48858285:*	chr19	48354508	48355028	PPP1R15A	chr19	48872141	0.0	0.0	0	0
PPP1R15A|chr19:48866225-48866745:*	chr19	48362968	48363488	PPP1R15A	chr19	48872141	0.0	0.0	0	0
PPP1R15A|chr19:48882305-48882825:*	chr19	48379048	48379568	PPP1R15A	chr19	48872141	0.0	0.0	0	0
PPP1R15A|chr19:48888265-48888845:*	chr19	48385008	48385588	PPP1R15A	chr19	48872141	0.0	0.0	0	0
PPP1R15A|chr19:48893765-48894265:*	chr19	48390508	48391008	PPP1R15A	chr19	48872141	0.0	0.0	0	0
PPP1R15A|chr19:48901785-48902565:*	chr19	48398528	48399308	PPP1R15A	chr19	48872141	0.0	0.0	0	0
PPP1R15A|chr19:48902785-48903825:*	chr19	48399528	48400568	PPP1R15A	chr19	48872141	0.0	0.0	0	0
PPP1R15A|chr19:48906765-48907285:*	chr19	48403508	48404028	PPP1R15A	chr19	48872141	0.0	0.0	0	0
PPP1R15A|chr19:48918625-48919125:*	chr19	48415368	48415868	PPP1R15A	chr19	48872141	0.0	0.0	0	0
PPP1R15A|chr19:48921865-48922365:*	chr19	48418608	48419108	PPP1R15A	chr19	48872141	0.0	0.0	0	0
PPP1R15A|chr19:48926705-48927225:*	chr19	48423448	48423968	PPP1R15A	chr19	48872141	0.0	0.0	0	0
PPP1R15A|chr19:48927925-48928445:*	chr19	48424668	48425188	PPP1R15A	chr19	48872141	0.0	0.0	0	0
PPP1R15A|chr19:48965525-48966045:*	chr19	48462268	48462788	PPP1R15A	chr19	48872141	0.0	0.0	0	0
PPP1R15A|chr19:48994265-48995185:*	chr19	48491008	48491928	PPP1R15A	chr19	48872141	0.0	0.0	0	0
PPP1R15A|chr19:48995945-48996445:*	chr19	48492688	48493188	PPP1R15A	chr19	48872141	0.0	0.0	0	0
PPP1R15A|chr19:48996485-48997025:*	chr19	48493228	48493768	PPP1R15A	chr19	48872141	0.0	0.0	0	0
PPP1R15A|chr19:49004845-49005805:*	chr19	48501588	48502548	PPP1R15A	chr19	48872141	0.0	0.0	0	0
PPP1R15A|chr19:49013725-49014245:*	chr19	48510468	48510988	PPP1R15A	chr19	48872141	0.0	0.0	0	0
PPP1R15A|chr19:49016965-49017545:*	chr19	48513708	48514288	PPP1R15A	chr19	48872141	0.0	0.0	0	0
PPP1R15A|chr19:49057025-49057525:*	chr19	48553768	48554268	PPP1R15A	chr19	48872141	0.0	0.0	0	0
PPP1R15A|chr19:49061365-49061885:*	chr19	48558108	48558628	PPP1R15A	chr19	48872141	0.0	0.0	0	0
PPP1R15A|chr19:49066245-49067065:*	chr19	48562988	48563808	PPP1R15A	chr19	48872141	0.0	0.0	0	0
PPP1R15A|chr19:49071505-49072065:*	chr19	48568248	48568808	PPP1R15A	chr19	48872141	0.0	0.0	0	0
PPP1R15A|chr19:49077845-49078345:*	chr19	48574588	48575088	PPP1R15A	chr19	48872141	0.0	0.0	0	0
PPP1R15A|chr19:49087405-49087905:*	chr19	48584148	48584648	PPP1R15A	chr19	48872141	0.0	0.0	0	0
PPP1R15A|chr19:49092065-49092605:*	chr19	48588808	48589348	PPP1R15A	chr19	48872141	0.0	0.0	0	0
PPP1R15A|chr19:49111965-49112605:*	chr19	48608708	48609348	PPP1R15A	chr19	48872141	0.0	0.0	0	0
PPP1R15A|chr19:49137625-49138125:*	chr19	48634368	48634868	PPP1R15A	chr19	48872141	0.0	0.0	0	0
PPP1R15A|chr19:49164145-49164725:*	chr19	48660888	48661468	PPP1R15A	chr19	48872141	0.0	0.0	0	0
PPP1R15A|chr19:49178545-49179065:*	chr19	48675288	48675808	PPP1R15A	chr19	48872141	0.0	0.0	1	0
PPP1R15A|chr19:49181385-49181885:*	chr19	48678128	48678628	PPP1R15A	chr19	48872141	0.0	0.0	1	0
PPP1R15A|chr19:49184245-49184745:*	chr19	48680988	48681488	PPP1R15A	chr19	48872141	0.0	0.0	1	0
PPP1R15A|chr19:49188705-49189225:*	chr19	48685448	48685968	PPP1R15A	chr19	48872141	0.0	0.0	1	0
PPP1R15A|chr19:49201245-49201785:*	chr19	48697988	48698528	PPP1R15A	chr19	48872141	0.0	0.0	1	0
PPP1R15A|chr19:49228065-49228565:*	chr19	48724808	48725308	PPP1R15A	chr19	48872141	0.0	0.0	1	0
PPP1R15A|chr19:49240545-49241065:*	chr19	48737288	48737808	PPP1R15A	chr19	48872141	0.0	0.0	1	0
PPP1R15A|chr19:49241785-49242285:*	chr19	48738528	48739028	PPP1R15A	chr19	48872141	0.0	0.0	1	0
PPP1R15A|chr19:49251085-49251625:*	chr19	48747828	48748368	PPP1R15A	chr19	48872141	0.0	0.0	1	0
PPP1R15A|chr19:49284045-49284685:*	chr19	48780788	48781428	PPP1R15A	chr19	48872141	7.084274768829346	1324.8155374731452	1	0
PPP1R15A|chr19:49287765-49288285:*	chr19	48784508	48785028	PPP1R15A	chr19	48872141	2.1113815307617188	394.84508277326256	1	0
PPP1R15A|chr19:49291305-49291865:*	chr19	48788048	48788608	PPP1R15A	chr19	48872141	2.568568706512451	480.34270867465375	1	0
PPP1R15A|chr19:49309805-49310825:*	chr19	48806548	48807568	PPP1R15A	chr19	48872141	6.523591995239258	1219.963414385826	1	0
PPP1R15A|chr19:49315365-49315905:*	chr19	48812108	48812648	PPP1R15A	chr19	48872141	12.343466758728027	2308.326128201324	1	0
PPP1R15A|chr19:49319185-49319685:*	chr19	48815928	48816428	PPP1R15A	chr19	48872141	8.950095176696777	1673.738743748743	1	0
PPP1R15A|chr19:49322685-49323205:*	chr19	48819428	48819948	PPP1R15A	chr19	48872141	10.457085609436035	1955.557900298237	1	0
PPP1R15A|chr19:49333325-49333845:*	chr19	48830068	48830588	PPP1R15A	chr19	48872141	8.184085845947266	1530.4889268879474	1	0
PPP1R15A|chr19:49345685-49346405:*	chr19	48842428	48843148	PPP1R15A	chr19	48872141	6.674056053161621	1248.1013859173488	1	0
PPP1R15A|chr19:49347645-49348165:*	chr19	48844388	48844908	PPP1R15A	chr19	48872141	9.187902450561523	1718.2105890145936	1	0
PPP1R15A|chr19:49357245-49357765:*	chr19	48853988	48854508	PPP1R15A	chr19	48872141	16.46560287475586	3079.198257289465	1	0
PPP1R15A|chr19:49363225-49363765:*	chr19	48859968	48860508	PPP1R15A	chr19	48872141	20.797941207885746	3889.3798672087846	1	0
PPP1R15A|chr19:49391365-49391905:*	chr19	48888108	48888648	PPP1R15A	chr19	48872141	6.660586357116699	1245.582445985223	1	0
PPP1R15A|chr19:49393745-49394245:*	chr19	48890488	48890988	PPP1R15A	chr19	48872141	18.79146957397461	3514.1537667474304	1	0
PPP1R15A|chr19:49446285-49446805:*	chr19	48943028	48943548	PPP1R15A	chr19	48872141	3.70294189453125	692.4794867952163	1	0
PPP1R15A|chr19:49479345-49479885:*	chr19	48976088	48976628	PPP1R15A	chr19	48872141	0.0	0.0	1	0
PPP1R15A|chr19:49482085-49482585:*	chr19	48978828	48979328	PPP1R15A	chr19	48872141	0.0	0.0	1	0
PPP1R15A|chr19:49486785-49487285:*	chr19	48983528	48984028	PPP1R15A	chr19	48872141	0.0	0.0	1	0
PPP1R15A|chr19:49495365-49495905:*	chr19	48992108	48992648	PPP1R15A	chr19	48872141	0.0	0.0	1	0
PPP1R15A|chr19:49520885-49521385:*	chr19	49017628	49018128	PPP1R15A	chr19	48872141	0.0	0.0	1	0
PPP1R15A|chr19:49541805-49542325:*	chr19	49038548	49039068	PPP1R15A	chr19	48872141	0.0	0.0	1	0
PPP1R15A|chr19:49574965-49575505:*	chr19	49071708	49072248	PPP1R15A	chr19	48872141	0.0	0.0	0	0
PPP1R15A|chr19:49577085-49577585:*	chr19	49073828	49074328	PPP1R15A	chr19	48872141	0.0	0.0	0	0
PPP1R15A|chr19:49584465-49584965:*	chr19	49081208	49081708	PPP1R15A	chr19	48872141	0.0	0.0	0	0
PPP1R15A|chr19:49600945-49601505:*	chr19	49097688	49098248	PPP1R15A	chr19	48872141	0.0	0.0	0	0
PPP1R15A|chr19:49609745-49610265:*	chr19	49106488	49107008	PPP1R15A	chr19	48872141	0.0	0.0	0	0
PPP1R15A|chr19:49631065-49631765:*	chr19	49127808	49128508	PPP1R15A	chr19	48872141	0.0	0.0	0	0
PPP1R15A|chr19:49632465-49632985:*	chr19	49129208	49129728	PPP1R15A	chr19	48872141	0.0	0.0	0	0
PPP1R15A|chr19:49636645-49637145:*	chr19	49133388	49133888	PPP1R15A	chr19	48872141	0.0	0.0	0	0
PPP1R15A|chr19:49639205-49639745:*	chr19	49135948	49136488	PPP1R15A	chr19	48872141	0.0	0.0	0	0
PPP1R15A|chr19:49646085-49646585:*	chr19	49142828	49143328	PPP1R15A	chr19	48872141	0.0	0.0	0	0
PPP1R15A|chr19:49650945-49651825:*	chr19	49147688	49148568	PPP1R15A	chr19	48872141	0.0	0.0	0	0
PPP1R15A|chr19:49665225-49665725:*	chr19	49161968	49162468	PPP1R15A	chr19	48872141	0.0	0.0	0	0
PPP1R15A|chr19:49680225-49680725:*	chr19	49176968	49177468	PPP1R15A	chr19	48872141	0.0	0.0	0	0
PPP1R15A|chr19:49702045-49702565:*	chr19	49198788	49199308	PPP1R15A	chr19	48872141	0.0	0.0	0	0
PPP1R15A|chr19:49703485-49704025:*	chr19	49200228	49200768	PPP1R15A	chr19	48872141	0.0	0.0	0	0
PPP1R15A|chr19:49713185-49714125:*	chr19	49209928	49210868	PPP1R15A	chr19	48872141	0.0	0.0	0	0
PPP1R15A|chr19:49716965-49717525:*	chr19	49213708	49214268	PPP1R15A	chr19	48872141	0.0	0.0	0	0
PPP1R15A|chr19:49728025-49728545:*	chr19	49224768	49225288	PPP1R15A	chr19	48872141	0.0	0.0	0	0
PPP1R15A|chr19:49729185-49729685:*	chr19	49225928	49226428	PPP1R15A	chr19	48872141	0.0	0.0	0	0
PPP1R15A|chr19:49804405-49804965:*	chr19	49301148	49301708	PPP1R15A	chr19	48872141	0.0	0.0	0	0
PPP1R15A|chr19:49831025-49831585:*	chr19	49327768	49328328	PPP1R15A	chr19	48872141	0.0	0.0	0	0
PPP1R15A|chr19:49831645-49832165:*	chr19	49328388	49328908	PPP1R15A	chr19	48872141	0.0	0.0	0	0
PPP1R15A|chr19:49834705-49835265:*	chr19	49331448	49332008	PPP1R15A	chr19	48872141	0.0	0.0	0	0
PPP1R15A|chr19:49842065-49842605:*	chr19	49338808	49339348	PPP1R15A	chr19	48872141	0.0	0.0	0	0
PPP1R15A|chr19:49843445-49843945:*	chr19	49340188	49340688	PPP1R15A	chr19	48872141	0.0	0.0	0	0
PPP1R15A|chr19:49851005-49851525:*	chr19	49347748	49348268	PPP1R15A	chr19	48872141	0.0	0.0	0	0
PPP1R15A|chr19:49895045-49895585:*	chr19	49391788	49392328	PPP1R15A	chr19	48872141	0.0	0.0	0	0
CNBP|chr3:127292685-127293205:*	chr3	127573842	127574362	CNBP	chr3	129184217	0.0	0.0	0	0
CNBP|chr3:127314125-127314645:*	chr3	127595282	127595802	CNBP	chr3	129184217	0.0	0.0	0	0
CNBP|chr3:127348905-127349405:*	chr3	127630062	127630562	CNBP	chr3	129184217	0.0	0.0	0	0
CNBP|chr3:127353445-127353945:*	chr3	127634602	127635102	CNBP	chr3	129184217	0.0	0.0	0	0
CNBP|chr3:127402465-127403005:*	chr3	127683622	127684162	CNBP	chr3	129184217	0.0	0.0	0	0
CNBP|chr3:127414885-127415485:*	chr3	127696042	127696642	CNBP	chr3	129184217	0.0	0.0	0	0
CNBP|chr3:127416205-127416705:*	chr3	127697362	127697862	CNBP	chr3	129184217	0.0	0.0	0	0
CNBP|chr3:127419965-127420485:*	chr3	127701122	127701642	CNBP	chr3	129184217	0.0	0.0	0	0
CNBP|chr3:127420905-127421445:*	chr3	127702062	127702602	CNBP	chr3	129184217	0.0	0.0	0	0
CNBP|chr3:127425785-127426285:*	chr3	127706942	127707442	CNBP	chr3	129184217	0.0	0.0	0	0
CNBP|chr3:127448265-127448765:*	chr3	127729422	127729922	CNBP	chr3	129184217	0.0	0.0	0	0
CNBP|chr3:127609345-127609845:*	chr3	127890502	127891002	CNBP	chr3	129184217	0.0	0.0	0	0
CNBP|chr3:127729945-127730485:*	chr3	128011102	128011642	CNBP	chr3	129184217	0.0	0.0	0	0
CNBP|chr3:127786325-127786825:*	chr3	128067482	128067982	CNBP	chr3	129184217	0.0	0.0	0	0
CNBP|chr3:127786865-127787365:*	chr3	128068022	128068522	CNBP	chr3	129184217	0.0	0.0	0	0
CNBP|chr3:127795605-127796485:*	chr3	128076762	128077642	CNBP	chr3	129184217	0.0	0.0	0	0
CNBP|chr3:127799065-127799585:*	chr3	128080222	128080742	CNBP	chr3	129184217	0.0	0.0	0	0
CNBP|chr3:127847065-127847565:*	chr3	128128222	128128722	CNBP	chr3	129184217	0.0	0.0	0	0
CNBP|chr3:127852385-127852885:*	chr3	128133542	128134042	CNBP	chr3	129184217	0.0	0.0	0	0
CNBP|chr3:127864025-127865005:*	chr3	128145182	128146162	CNBP	chr3	129184217	0.0	0.0	0	0
CNBP|chr3:127889705-127890205:*	chr3	128170862	128171362	CNBP	chr3	129184217	0.0	0.0	0	0
CNBP|chr3:127909265-127909825:*	chr3	128190422	128190982	CNBP	chr3	129184217	0.0	0.0	0	0
CNBP|chr3:127912465-127912965:*	chr3	128193622	128194122	CNBP	chr3	129184217	0.0	0.0	0	0
CNBP|chr3:127914145-127914685:*	chr3	128195302	128195842	CNBP	chr3	129184217	0.0	0.0	0	0
CNBP|chr3:127945565-127946125:*	chr3	128226722	128227282	CNBP	chr3	129184217	0.0	0.0	0	0
CNBP|chr3:127985205-127985705:*	chr3	128266362	128266862	CNBP	chr3	129184217	0.0	0.0	0	0
CNBP|chr3:128058225-128059225:*	chr3	128339382	128340382	CNBP	chr3	129184217	0.0	0.0	0	0
CNBP|chr3:128062345-128062845:*	chr3	128343502	128344002	CNBP	chr3	129184217	0.0	0.0	0	0
CNBP|chr3:128063965-128064505:*	chr3	128345122	128345662	CNBP	chr3	129184217	0.0	0.0	0	0
CNBP|chr3:128072825-128073345:*	chr3	128353982	128354502	CNBP	chr3	129184217	0.0	0.0	0	0
CNBP|chr3:128099505-128100005:*	chr3	128380662	128381162	CNBP	chr3	129184217	0.0	0.0	0	0
CNBP|chr3:128102265-128102785:*	chr3	128383422	128383942	CNBP	chr3	129184217	0.0	0.0	0	0
CNBP|chr3:128128845-128129365:*	chr3	128410002	128410522	CNBP	chr3	129184217	0.0	0.0	0	0
CNBP|chr3:128131325-128132705:*	chr3	128412482	128413862	CNBP	chr3	129184217	0.0	0.0	0	0
CNBP|chr3:128134685-128136105:*	chr3	128415842	128417262	CNBP	chr3	129184217	0.0	0.0	0	0
CNBP|chr3:128143185-128143945:*	chr3	128424342	128425102	CNBP	chr3	129184217	0.0	0.0	0	0
CNBP|chr3:128145125-128145805:*	chr3	128426282	128426962	CNBP	chr3	129184217	0.0	0.0	0	0
CNBP|chr3:128175865-128176365:*	chr3	128457022	128457522	CNBP	chr3	129184217	0.0	0.0	0	0
CNBP|chr3:128201605-128202445:*	chr3	128482762	128483602	CNBP	chr3	129184217	0.0	0.0	0	0
CNBP|chr3:128214185-128214725:*	chr3	128495342	128495882	CNBP	chr3	129184217	0.0	0.0	0	0
CNBP|chr3:128215225-128216165:*	chr3	128496382	128497322	CNBP	chr3	129184217	0.0	0.0	0	0
CNBP|chr3:128216385-128216885:*	chr3	128497542	128498042	CNBP	chr3	129184217	0.0	0.0	0	0
CNBP|chr3:128223685-128224185:*	chr3	128504842	128505342	CNBP	chr3	129184217	0.0	0.0	0	0
CNBP|chr3:128267505-128268525:*	chr3	128548662	128549682	CNBP	chr3	129184217	0.0	0.0	0	0
CNBP|chr3:128272805-128273385:*	chr3	128553962	128554542	CNBP	chr3	129184217	0.0	0.0	0	0
CNBP|chr3:128292545-128293145:*	chr3	128573702	128574302	CNBP	chr3	129184217	0.0	0.0	0	0
CNBP|chr3:128296625-128297185:*	chr3	128577782	128578342	CNBP	chr3	129184217	0.0	0.0	0	0
CNBP|chr3:128303145-128303645:*	chr3	128584302	128584802	CNBP	chr3	129184217	0.0	0.0	0	0
CNBP|chr3:128303965-128304565:*	chr3	128585122	128585722	CNBP	chr3	129184217	0.0	0.0	0	0
CNBP|chr3:128309725-128310305:*	chr3	128590882	128591462	CNBP	chr3	129184217	0.0	0.0	0	0
CNBP|chr3:128399345-128399845:*	chr3	128680502	128681002	CNBP	chr3	129184217	0.0	0.0	0	0
CNBP|chr3:128442065-128442605:*	chr3	128723222	128723762	CNBP	chr3	129184217	0.0	0.0	0	0
CNBP|chr3:128482725-128483225:*	chr3	128763882	128764382	CNBP	chr3	129184217	0.0	0.0	0	0
CNBP|chr3:128503085-128503585:*	chr3	128784242	128784742	CNBP	chr3	129184217	0.0	0.0	0	0
CNBP|chr3:128506685-128507185:*	chr3	128787842	128788342	CNBP	chr3	129184217	0.0	0.0	0	0
CNBP|chr3:128513125-128513645:*	chr3	128794282	128794802	CNBP	chr3	129184217	0.0	0.0	0	0
CNBP|chr3:128513785-128514285:*	chr3	128794942	128795442	CNBP	chr3	129184217	0.0	0.0	0	0
CNBP|chr3:128524565-128525145:*	chr3	128805722	128806302	CNBP	chr3	129184217	0.0	0.0	0	0
CNBP|chr3:128560985-128561525:*	chr3	128842142	128842682	CNBP	chr3	129184217	0.0	0.0	0	0
CNBP|chr3:128564565-128565085:*	chr3	128845722	128846242	CNBP	chr3	129184217	0.0	0.0	0	0
CNBP|chr3:128583705-128584685:*	chr3	128864862	128865842	CNBP	chr3	129184217	0.0	0.0	0	0
CNBP|chr3:128732225-128732725:*	chr3	129013382	129013882	CNBP	chr3	129184217	0.0	0.0	1	0
CNBP|chr3:128734545-128735105:*	chr3	129015702	129016262	CNBP	chr3	129184217	0.0	0.0	1	0
CNBP|chr3:128735365-128736285:*	chr3	129016522	129017442	CNBP	chr3	129184217	0.0	0.0	1	0
CNBP|chr3:128741085-128741585:*	chr3	129022242	129022742	CNBP	chr3	129184217	0.0	0.0	1	0
CNBP|chr3:128775585-128776145:*	chr3	129056742	129057302	CNBP	chr3	129184217	0.0	0.0	1	0
CNBP|chr3:128820445-128820965:*	chr3	129101602	129102122	CNBP	chr3	129184217	3.2754175662994385	568.2341892031734	1	0
CNBP|chr3:128823345-128823885:*	chr3	129104502	129105042	CNBP	chr3	129184217	5.095439910888672	883.9798614344419	1	0
CNBP|chr3:128825105-128825625:*	chr3	129106262	129106782	CNBP	chr3	129184217	6.833004474639893	1185.4203865235345	1	0
CNBP|chr3:128831125-128831645:*	chr3	129112282	129112802	CNBP	chr3	129184217	12.556604385375977	2178.376273450333	1	0
CNBP|chr3:128998365-128998905:*	chr3	129279522	129280062	CNBP	chr3	129184217	5.9279303550720215	1028.4040525473831	1	0
CNBP|chr3:129046285-129046785:*	chr3	129327442	129327942	CNBP	chr3	129184217	0.0	0.0	1	0
CNBP|chr3:129047445-129047945:*	chr3	129328602	129329102	CNBP	chr3	129184217	0.0	0.0	1	0
CNBP|chr3:129063325-129063825:*	chr3	129344482	129344982	CNBP	chr3	129184217	0.0	0.0	1	0
CNBP|chr3:129102085-129102585:*	chr3	129383242	129383742	CNBP	chr3	129184217	0.0	0.0	0	0
CNBP|chr3:129104285-129104945:*	chr3	129385442	129386102	CNBP	chr3	129184217	0.0	0.0	0	0
CNBP|chr3:129132045-129133425:*	chr3	129413202	129414582	CNBP	chr3	129184217	0.0	0.0	0	0
CNBP|chr3:129143005-129143505:*	chr3	129424162	129424662	CNBP	chr3	129184217	0.0	0.0	0	0
CNBP|chr3:129166985-129167525:*	chr3	129448142	129448682	CNBP	chr3	129184217	0.0	0.0	0	0
CNBP|chr3:129168525-129169705:*	chr3	129449682	129450862	CNBP	chr3	129184217	0.0	0.0	0	0
CNBP|chr3:129180305-129181665:*	chr3	129461462	129462822	CNBP	chr3	129184217	0.0	0.0	0	0
CNBP|chr3:129187685-129188305:*	chr3	129468842	129469462	CNBP	chr3	129184217	0.0	0.0	0	0
CNBP|chr3:129199985-129200865:*	chr3	129481142	129482022	CNBP	chr3	129184217	0.0	0.0	0	0
CNBP|chr3:129209005-129209505:*	chr3	129490162	129490662	CNBP	chr3	129184217	0.0	0.0	0	0
CNBP|chr3:129254745-129255245:*	chr3	129535902	129536402	CNBP	chr3	129184217	0.0	0.0	0	0
CNBP|chr3:129305045-129305565:*	chr3	129586202	129586722	CNBP	chr3	129184217	0.0	0.0	0	0
CNBP|chr3:129315565-129316065:*	chr3	129596722	129597222	CNBP	chr3	129184217	0.0	0.0	0	0
CNBP|chr3:129318325-129318865:*	chr3	129599482	129600022	CNBP	chr3	129184217	0.0	0.0	0	0
CNBP|chr3:129321905-129322905:*	chr3	129603062	129604062	CNBP	chr3	129184217	0.0	0.0	0	0
CNBP|chr3:129327385-129327945:*	chr3	129608542	129609102	CNBP	chr3	129184217	0.0	0.0	0	0
CNBP|chr3:129331285-129331785:*	chr3	129612442	129612942	CNBP	chr3	129184217	0.0	0.0	0	0
CNBP|chr3:129331825-129332325:*	chr3	129612982	129613482	CNBP	chr3	129184217	0.0	0.0	0	0
CNBP|chr3:129333625-129334165:*	chr3	129614782	129615322	CNBP	chr3	129184217	0.0	0.0	0	0
CNBP|chr3:129345465-129345965:*	chr3	129626622	129627122	CNBP	chr3	129184217	0.0	0.0	0	0
CNBP|chr3:129346665-129347165:*	chr3	129627822	129628322	CNBP	chr3	129184217	0.0	0.0	0	0
CNBP|chr3:129369025-129369525:*	chr3	129650182	129650682	CNBP	chr3	129184217	0.0	0.0	0	0
CNBP|chr3:129376505-129377645:*	chr3	129657662	129658802	CNBP	chr3	129184217	0.0	0.0	0	0
CNBP|chr3:129391845-129392345:*	chr3	129673002	129673502	CNBP	chr3	129184217	0.0	0.0	0	0
CNBP|chr3:129405805-129406325:*	chr3	129686962	129687482	CNBP	chr3	129184217	0.0	0.0	0	0
CNBP|chr3:129409145-129409665:*	chr3	129690302	129690822	CNBP	chr3	129184217	0.0	0.0	0	0
CNBP|chr3:129487485-129488045:*	chr3	129768642	129769202	CNBP	chr3	129184217	0.0	0.0	0	0
CNBP|chr3:129492705-129493305:*	chr3	129773862	129774462	CNBP	chr3	129184217	0.0	0.0	0	0
CNBP|chr3:129512725-129513245:*	chr3	129793882	129794402	CNBP	chr3	129184217	0.0	0.0	0	0
CNBP|chr3:129539405-129539905:*	chr3	129820562	129821062	CNBP	chr3	129184217	0.0	0.0	0	0
CNBP|chr3:129543725-129544225:*	chr3	129824882	129825382	CNBP	chr3	129184217	0.0	0.0	0	0
CNBP|chr3:129548265-129548865:*	chr3	129829422	129830022	CNBP	chr3	129184217	0.0	0.0	0	0
CNBP|chr3:129550745-129551245:*	chr3	129831902	129832402	CNBP	chr3	129184217	0.0	0.0	0	0
CNBP|chr3:129555465-129556005:*	chr3	129836622	129837162	CNBP	chr3	129184217	0.0	0.0	0	0
CNBP|chr3:129607505-129608025:*	chr3	129888662	129889182	CNBP	chr3	129184217	0.0	0.0	0	0
CNBP|chr3:129645845-129646385:*	chr3	129927002	129927542	CNBP	chr3	129184217	0.0	0.0	0	0
CNBP|chr3:129655605-129656125:*	chr3	129936762	129937282	CNBP	chr3	129184217	0.0	0.0	0	0
CNBP|chr3:129660945-129661485:*	chr3	129942102	129942642	CNBP	chr3	129184217	0.0	0.0	0	0
CNBP|chr3:129767545-129768045:*	chr3	130048702	130049202	CNBP	chr3	129184217	0.0	0.0	0	0
CNBP|chr3:129796425-129796945:*	chr3	130077582	130078102	CNBP	chr3	129184217	0.0	0.0	0	0
CNBP|chr3:129803365-129803905:*	chr3	130084522	130085062	CNBP	chr3	129184217	0.0	0.0	0	0
CNBP|chr3:129812345-129813405:*	chr3	130093502	130094562	CNBP	chr3	129184217	0.0	0.0	0	0
CNBP|chr3:128130309-128130809:.	chr3	128411466	128411966	CNBP	chr3	129184217	0.0	0.0	0	0
CNBP|chr3:128134094-128134594:.	chr3	128415251	128415751	CNBP	chr3	129184217	0.0	0.0	0	0
CNBP|chr3:128224601-128225101:.	chr3	128505758	128506258	CNBP	chr3	129184217	0.0	0.0	0	0
CNBP|chr3:128251475-128252246:.	chr3	128532632	128533403	CNBP	chr3	129184217	0.0	0.0	0	0
CNBP|chr3:128266178-128266678:.	chr3	128547335	128547835	CNBP	chr3	129184217	0.0	0.0	0	0
CNBP|chr3:128914500-128915000:.	chr3	129195657	129196157	CNBP	chr3	129184217	67.17613983154297	11654.019244362247	1	0
H1FX|chr3:127292685-127293205:*	chr3	127573842	127574362	H1FX	chr3	129316527	0.0	0.0	0	0
H1FX|chr3:127303265-127303845:*	chr3	127584422	127585002	H1FX	chr3	129316527	0.0	0.0	0	0
H1FX|chr3:127314125-127314645:*	chr3	127595282	127595802	H1FX	chr3	129316527	0.0	0.0	0	0
H1FX|chr3:127348905-127349405:*	chr3	127630062	127630562	H1FX	chr3	129316527	0.0	0.0	0	0
H1FX|chr3:127353445-127353945:*	chr3	127634602	127635102	H1FX	chr3	129316527	0.0	0.0	0	0
H1FX|chr3:127402465-127403005:*	chr3	127683622	127684162	H1FX	chr3	129316527	0.0	0.0	0	0
H1FX|chr3:127414885-127415485:*	chr3	127696042	127696642	H1FX	chr3	129316527	0.0	0.0	0	0
H1FX|chr3:127416205-127416705:*	chr3	127697362	127697862	H1FX	chr3	129316527	0.0	0.0	0	0
H1FX|chr3:127419965-127420485:*	chr3	127701122	127701642	H1FX	chr3	129316527	0.0	0.0	0	0
H1FX|chr3:127420905-127421445:*	chr3	127702062	127702602	H1FX	chr3	129316527	0.0	0.0	0	0
H1FX|chr3:127425785-127426285:*	chr3	127706942	127707442	H1FX	chr3	129316527	0.0	0.0	0	0
H1FX|chr3:127448265-127448765:*	chr3	127729422	127729922	H1FX	chr3	129316527	0.0	0.0	0	0
H1FX|chr3:127609345-127609845:*	chr3	127890502	127891002	H1FX	chr3	129316527	0.0	0.0	0	0
H1FX|chr3:127729945-127730485:*	chr3	128011102	128011642	H1FX	chr3	129316527	0.0	0.0	0	0
H1FX|chr3:127786325-127786825:*	chr3	128067482	128067982	H1FX	chr3	129316527	0.0	0.0	0	0
H1FX|chr3:127786865-127787365:*	chr3	128068022	128068522	H1FX	chr3	129316527	0.0	0.0	0	0
H1FX|chr3:127795605-127796485:*	chr3	128076762	128077642	H1FX	chr3	129316527	0.0	0.0	0	0
H1FX|chr3:127799065-127799585:*	chr3	128080222	128080742	H1FX	chr3	129316527	0.0	0.0	0	0
H1FX|chr3:127847065-127847565:*	chr3	128128222	128128722	H1FX	chr3	129316527	0.0	0.0	0	0
H1FX|chr3:127852385-127852885:*	chr3	128133542	128134042	H1FX	chr3	129316527	0.0	0.0	0	0
H1FX|chr3:127864025-127865005:*	chr3	128145182	128146162	H1FX	chr3	129316527	0.0	0.0	0	0
H1FX|chr3:127889705-127890205:*	chr3	128170862	128171362	H1FX	chr3	129316527	0.0	0.0	0	0
H1FX|chr3:127909265-127909825:*	chr3	128190422	128190982	H1FX	chr3	129316527	0.0	0.0	0	0
H1FX|chr3:127912465-127912965:*	chr3	128193622	128194122	H1FX	chr3	129316527	0.0	0.0	0	0
H1FX|chr3:127914145-127914685:*	chr3	128195302	128195842	H1FX	chr3	129316527	0.0	0.0	0	0
H1FX|chr3:127945565-127946125:*	chr3	128226722	128227282	H1FX	chr3	129316527	0.0	0.0	0	0
H1FX|chr3:127985205-127985705:*	chr3	128266362	128266862	H1FX	chr3	129316527	0.0	0.0	0	0
H1FX|chr3:128058225-128059225:*	chr3	128339382	128340382	H1FX	chr3	129316527	0.0	0.0	0	0
H1FX|chr3:128062345-128062845:*	chr3	128343502	128344002	H1FX	chr3	129316527	0.0	0.0	0	0
H1FX|chr3:128063965-128064505:*	chr3	128345122	128345662	H1FX	chr3	129316527	0.0	0.0	0	0
H1FX|chr3:128072825-128073345:*	chr3	128353982	128354502	H1FX	chr3	129316527	0.0	0.0	0	0
H1FX|chr3:128099505-128100005:*	chr3	128380662	128381162	H1FX	chr3	129316527	0.0	0.0	0	0
H1FX|chr3:128102265-128102785:*	chr3	128383422	128383942	H1FX	chr3	129316527	0.0	0.0	0	0
H1FX|chr3:128128845-128129365:*	chr3	128410002	128410522	H1FX	chr3	129316527	0.0	0.0	0	0
H1FX|chr3:128131325-128132705:*	chr3	128412482	128413862	H1FX	chr3	129316527	0.0	0.0	0	0
H1FX|chr3:128134065-128134565:*	chr3	128415222	128415722	H1FX	chr3	129316527	0.0	0.0	0	0
H1FX|chr3:128134685-128136105:*	chr3	128415842	128417262	H1FX	chr3	129316527	0.0	0.0	0	0
H1FX|chr3:128143185-128143945:*	chr3	128424342	128425102	H1FX	chr3	129316527	0.0	0.0	0	0
H1FX|chr3:128145125-128145805:*	chr3	128426282	128426962	H1FX	chr3	129316527	0.0	0.0	0	0
H1FX|chr3:128175865-128176365:*	chr3	128457022	128457522	H1FX	chr3	129316527	0.0	0.0	0	0
H1FX|chr3:128201605-128202445:*	chr3	128482762	128483602	H1FX	chr3	129316527	0.0	0.0	0	0
H1FX|chr3:128214185-128214725:*	chr3	128495342	128495882	H1FX	chr3	129316527	0.0	0.0	0	0
H1FX|chr3:128215225-128216165:*	chr3	128496382	128497322	H1FX	chr3	129316527	0.0	0.0	0	0
H1FX|chr3:128216385-128216885:*	chr3	128497542	128498042	H1FX	chr3	129316527	0.0	0.0	0	0
H1FX|chr3:128223685-128224185:*	chr3	128504842	128505342	H1FX	chr3	129316527	0.0	0.0	0	0
H1FX|chr3:128251705-128252205:*	chr3	128532862	128533362	H1FX	chr3	129316527	0.0	0.0	0	0
H1FX|chr3:128266145-128266645:*	chr3	128547302	128547802	H1FX	chr3	129316527	0.0	0.0	0	0
H1FX|chr3:128267505-128268525:*	chr3	128548662	128549682	H1FX	chr3	129316527	0.0	0.0	0	0
H1FX|chr3:128272805-128273385:*	chr3	128553962	128554542	H1FX	chr3	129316527	0.0	0.0	0	0
H1FX|chr3:128292545-128293145:*	chr3	128573702	128574302	H1FX	chr3	129316527	0.0	0.0	0	0
H1FX|chr3:128296625-128297185:*	chr3	128577782	128578342	H1FX	chr3	129316527	0.0	0.0	0	0
H1FX|chr3:128303145-128303645:*	chr3	128584302	128584802	H1FX	chr3	129316527	0.0	0.0	0	0
H1FX|chr3:128303965-128304565:*	chr3	128585122	128585722	H1FX	chr3	129316527	0.0	0.0	0	0
H1FX|chr3:128309725-128310305:*	chr3	128590882	128591462	H1FX	chr3	129316527	0.0	0.0	0	0
H1FX|chr3:128324925-128325425:*	chr3	128606082	128606582	H1FX	chr3	129316527	0.0	0.0	0	0
H1FX|chr3:128399345-128399845:*	chr3	128680502	128681002	H1FX	chr3	129316527	0.0	0.0	0	0
H1FX|chr3:128442065-128442605:*	chr3	128723222	128723762	H1FX	chr3	129316527	0.0	0.0	0	0
H1FX|chr3:128482725-128483225:*	chr3	128763882	128764382	H1FX	chr3	129316527	0.0	0.0	0	0
H1FX|chr3:128503085-128503585:*	chr3	128784242	128784742	H1FX	chr3	129316527	0.0	0.0	0	0
H1FX|chr3:128506685-128507185:*	chr3	128787842	128788342	H1FX	chr3	129316527	0.0	0.0	0	0
H1FX|chr3:128513125-128513645:*	chr3	128794282	128794802	H1FX	chr3	129316527	0.0	0.0	0	0
H1FX|chr3:128513785-128514285:*	chr3	128794942	128795442	H1FX	chr3	129316527	0.0	0.0	0	0
H1FX|chr3:128522905-128523405:*	chr3	128804062	128804562	H1FX	chr3	129316527	0.0	0.0	0	0
H1FX|chr3:128524565-128525145:*	chr3	128805722	128806302	H1FX	chr3	129316527	0.0	0.0	0	0
H1FX|chr3:128560985-128561525:*	chr3	128842142	128842682	H1FX	chr3	129316527	0.0	0.0	0	0
H1FX|chr3:128564565-128565085:*	chr3	128845722	128846242	H1FX	chr3	129316527	0.0	0.0	0	0
H1FX|chr3:128583705-128584685:*	chr3	128864862	128865842	H1FX	chr3	129316527	0.0	0.0	0	0
H1FX|chr3:128594325-128594845:*	chr3	128875482	128876002	H1FX	chr3	129316527	0.0	0.0	0	0
H1FX|chr3:128732225-128732725:*	chr3	129013382	129013882	H1FX	chr3	129316527	0.0	0.0	0	0
H1FX|chr3:128734545-128735105:*	chr3	129015702	129016262	H1FX	chr3	129316527	0.0	0.0	0	0
H1FX|chr3:128735365-128736285:*	chr3	129016522	129017442	H1FX	chr3	129316527	0.0	0.0	0	0
H1FX|chr3:128741085-128741585:*	chr3	129022242	129022742	H1FX	chr3	129316527	0.0	0.0	0	0
H1FX|chr3:128745765-128746265:*	chr3	129026922	129027422	H1FX	chr3	129316527	0.0	0.0	0	0
H1FX|chr3:128772125-128772685:*	chr3	129053282	129053842	H1FX	chr3	129316527	0.0	0.0	0	0
H1FX|chr3:128773385-128773905:*	chr3	129054542	129055062	H1FX	chr3	129316527	0.0	0.0	0	0
H1FX|chr3:128775585-128776145:*	chr3	129056742	129057302	H1FX	chr3	129316527	0.0	0.0	0	0
H1FX|chr3:128820445-128820965:*	chr3	129101602	129102122	H1FX	chr3	129316527	0.0	0.0	0	0
H1FX|chr3:128823345-128823885:*	chr3	129104502	129105042	H1FX	chr3	129316527	0.0	0.0	0	0
H1FX|chr3:128825105-128825625:*	chr3	129106262	129106782	H1FX	chr3	129316527	0.0	0.0	0	0
H1FX|chr3:128831125-128831645:*	chr3	129112282	129112802	H1FX	chr3	129316527	0.0	0.0	0	0
H1FX|chr3:128838345-128838865:*	chr3	129119502	129120022	H1FX	chr3	129316527	0.0	0.0	1	0
H1FX|chr3:128839305-128839805:*	chr3	129120462	129120962	H1FX	chr3	129316527	0.0	0.0	1	0
H1FX|chr3:128914485-128915005:*	chr3	129195642	129196162	H1FX	chr3	129316527	0.0	0.0	1	0
H1FX|chr3:128930565-128931065:*	chr3	129211722	129212222	H1FX	chr3	129316527	0.0	0.0	1	0
H1FX|chr3:128945145-128945685:*	chr3	129226302	129226842	H1FX	chr3	129316527	18.10800170898437	717.3615012208095	1	0
H1FX|chr3:128947965-128948485:*	chr3	129229122	129229642	H1FX	chr3	129316527	25.44253158569336	1007.9241733291468	1	0
H1FX|chr3:128949025-128949945:*	chr3	129230182	129231102	H1FX	chr3	129316527	42.57061004638672	1686.4653108360276	1	0
H1FX|chr3:128957705-128958225:*	chr3	129238862	129239382	H1FX	chr3	129316527	33.44059371948242	1324.7731526566415	1	0
H1FX|chr3:128964465-128965005:*	chr3	129245622	129246162	H1FX	chr3	129316527	22.710634231567383	899.6980963366409	1	1
H1FX|chr3:128998365-128998905:*	chr3	129279522	129280062	H1FX	chr3	129316527	200.87001037597656	7957.609818539832	1	0
H1FX|chr3:129024465-129024965:*	chr3	129305622	129306122	H1FX	chr3	129316527	180.8856201171875	7165.913836430744	1	1
H1FX|chr3:129046285-129046785:*	chr3	129327442	129327942	H1FX	chr3	129316527	110.84945678710938	4391.380893832046	1	0
H1FX|chr3:129047445-129047945:*	chr3	129328602	129329102	H1FX	chr3	129316527	76.03192138671875	3012.059206931578	1	0
H1FX|chr3:129063325-129063825:*	chr3	129344482	129344982	H1FX	chr3	129316527	148.85707092285156	5897.079842419483	1	0
H1FX|chr3:129079865-129080365:*	chr3	129361022	129361522	H1FX	chr3	129316527	66.85467529296875	2648.4960075963954	1	0
H1FX|chr3:129102085-129102585:*	chr3	129383242	129383742	H1FX	chr3	129316527	20.28485107421875	803.5989532418853	1	0
H1FX|chr3:129104285-129104945:*	chr3	129385442	129386102	H1FX	chr3	129316527	13.535630226135254	536.2237189414731	1	0
H1FX|chr3:129132045-129133425:*	chr3	129413202	129414582	H1FX	chr3	129316527	31.74475860595703	1257.5914259033273	1	0
H1FX|chr3:129143005-129143505:*	chr3	129424162	129424662	H1FX	chr3	129316527	0.0	0.0	1	0
H1FX|chr3:129150825-129151345:*	chr3	129431982	129432502	H1FX	chr3	129316527	0.0	0.0	1	0
H1FX|chr3:129162925-129163465:*	chr3	129444082	129444622	H1FX	chr3	129316527	0.0	0.0	1	0
H1FX|chr3:129166985-129167525:*	chr3	129448142	129448682	H1FX	chr3	129316527	0.0	0.0	1	0
H1FX|chr3:129168525-129169705:*	chr3	129449682	129450862	H1FX	chr3	129316527	0.0	0.0	1	0
H1FX|chr3:129180305-129181665:*	chr3	129461462	129462822	H1FX	chr3	129316527	0.0	0.0	1	0
H1FX|chr3:129187685-129188305:*	chr3	129468842	129469462	H1FX	chr3	129316527	0.0	0.0	1	0
H1FX|chr3:129199985-129200865:*	chr3	129481142	129482022	H1FX	chr3	129316527	0.0	0.0	1	0
H1FX|chr3:129209005-129209505:*	chr3	129490162	129490662	H1FX	chr3	129316527	0.0	0.0	1	0
H1FX|chr3:129254745-129255245:*	chr3	129535902	129536402	H1FX	chr3	129316527	0.0	0.0	0	0
H1FX|chr3:129305045-129305565:*	chr3	129586202	129586722	H1FX	chr3	129316527	0.0	0.0	0	0
H1FX|chr3:129315565-129316065:*	chr3	129596722	129597222	H1FX	chr3	129316527	0.0	0.0	0	0
H1FX|chr3:129318325-129318865:*	chr3	129599482	129600022	H1FX	chr3	129316527	0.0	0.0	0	0
H1FX|chr3:129321905-129322905:*	chr3	129603062	129604062	H1FX	chr3	129316527	0.0	0.0	0	0
H1FX|chr3:129327385-129327945:*	chr3	129608542	129609102	H1FX	chr3	129316527	0.0	0.0	0	0
H1FX|chr3:129331285-129331785:*	chr3	129612442	129612942	H1FX	chr3	129316527	0.0	0.0	0	0
H1FX|chr3:129331825-129332325:*	chr3	129612982	129613482	H1FX	chr3	129316527	0.0	0.0	0	0
H1FX|chr3:129333625-129334165:*	chr3	129614782	129615322	H1FX	chr3	129316527	0.0	0.0	0	0
H1FX|chr3:129345465-129345965:*	chr3	129626622	129627122	H1FX	chr3	129316527	0.0	0.0	0	0
H1FX|chr3:129346665-129347165:*	chr3	129627822	129628322	H1FX	chr3	129316527	0.0	0.0	0	0
H1FX|chr3:129369025-129369525:*	chr3	129650182	129650682	H1FX	chr3	129316527	0.0	0.0	0	0
H1FX|chr3:129376505-129377645:*	chr3	129657662	129658802	H1FX	chr3	129316527	0.0	0.0	0	0
H1FX|chr3:129391845-129392345:*	chr3	129673002	129673502	H1FX	chr3	129316527	0.0	0.0	0	0
H1FX|chr3:129405805-129406325:*	chr3	129686962	129687482	H1FX	chr3	129316527	0.0	0.0	0	0
H1FX|chr3:129409145-129409665:*	chr3	129690302	129690822	H1FX	chr3	129316527	0.0	0.0	0	0
H1FX|chr3:129418005-129418505:*	chr3	129699162	129699662	H1FX	chr3	129316527	0.0	0.0	0	0
H1FX|chr3:129487485-129488045:*	chr3	129768642	129769202	H1FX	chr3	129316527	0.0	0.0	0	0
H1FX|chr3:129492705-129493305:*	chr3	129773862	129774462	H1FX	chr3	129316527	0.0	0.0	0	0
H1FX|chr3:129512725-129513245:*	chr3	129793882	129794402	H1FX	chr3	129316527	0.0	0.0	0	0
H1FX|chr3:129539405-129539905:*	chr3	129820562	129821062	H1FX	chr3	129316527	0.0	0.0	0	0
H1FX|chr3:129543725-129544225:*	chr3	129824882	129825382	H1FX	chr3	129316527	0.0	0.0	0	0
H1FX|chr3:129548265-129548865:*	chr3	129829422	129830022	H1FX	chr3	129316527	0.0	0.0	0	0
H1FX|chr3:129550745-129551245:*	chr3	129831902	129832402	H1FX	chr3	129316527	0.0	0.0	0	0
H1FX|chr3:129555465-129556005:*	chr3	129836622	129837162	H1FX	chr3	129316527	0.0	0.0	0	0
H1FX|chr3:129607505-129608025:*	chr3	129888662	129889182	H1FX	chr3	129316527	0.0	0.0	0	0
H1FX|chr3:129645845-129646385:*	chr3	129927002	129927542	H1FX	chr3	129316527	0.0	0.0	0	0
H1FX|chr3:129655605-129656125:*	chr3	129936762	129937282	H1FX	chr3	129316527	0.0	0.0	0	0
H1FX|chr3:129660945-129661485:*	chr3	129942102	129942642	H1FX	chr3	129316527	0.0	0.0	0	0
H1FX|chr3:129767545-129768045:*	chr3	130048702	130049202	H1FX	chr3	129316527	0.0	0.0	0	0
H1FX|chr3:129776345-129776865:*	chr3	130057502	130058022	H1FX	chr3	129316527	0.0	0.0	0	0
H1FX|chr3:129796425-129796945:*	chr3	130077582	130078102	H1FX	chr3	129316527	0.0	0.0	0	0
H1FX|chr3:129803365-129803905:*	chr3	130084522	130085062	H1FX	chr3	129316527	0.0	0.0	0	0
H1FX|chr3:129812345-129813405:*	chr3	130093502	130094562	H1FX	chr3	129316527	0.0	0.0	0	0
RAB7A|chr3:127292685-127293205:*	chr3	127573842	127574362	RAB7A	chr3	128725885	0.0	0.0	0	0
RAB7A|chr3:127303265-127303845:*	chr3	127584422	127585002	RAB7A	chr3	128725885	0.0	0.0	0	0
RAB7A|chr3:127348905-127349405:*	chr3	127630062	127630562	RAB7A	chr3	128725885	0.0	0.0	0	0
RAB7A|chr3:127353445-127353945:*	chr3	127634602	127635102	RAB7A	chr3	128725885	0.0	0.0	0	0
RAB7A|chr3:127402465-127403005:*	chr3	127683622	127684162	RAB7A	chr3	128725885	0.0	0.0	0	0
RAB7A|chr3:127414885-127415485:*	chr3	127696042	127696642	RAB7A	chr3	128725885	0.0	0.0	0	0
RAB7A|chr3:127416205-127416705:*	chr3	127697362	127697862	RAB7A	chr3	128725885	0.0	0.0	0	0
RAB7A|chr3:127419965-127420485:*	chr3	127701122	127701642	RAB7A	chr3	128725885	0.0	0.0	0	0
RAB7A|chr3:127420905-127421445:*	chr3	127702062	127702602	RAB7A	chr3	128725885	0.0	0.0	0	0
RAB7A|chr3:127425785-127426285:*	chr3	127706942	127707442	RAB7A	chr3	128725885	0.0	0.0	0	0
RAB7A|chr3:127448265-127448765:*	chr3	127729422	127729922	RAB7A	chr3	128725885	0.0	0.0	0	0
RAB7A|chr3:127729945-127730485:*	chr3	128011102	128011642	RAB7A	chr3	128725885	0.0	0.0	0	0
RAB7A|chr3:127786325-127786825:*	chr3	128067482	128067982	RAB7A	chr3	128725885	0.0	0.0	0	0
RAB7A|chr3:127786865-127787365:*	chr3	128068022	128068522	RAB7A	chr3	128725885	0.0	0.0	0	0
RAB7A|chr3:127795605-127796485:*	chr3	128076762	128077642	RAB7A	chr3	128725885	0.0	0.0	0	0
RAB7A|chr3:127847065-127847565:*	chr3	128128222	128128722	RAB7A	chr3	128725885	0.0	0.0	0	0
RAB7A|chr3:127864025-127865005:*	chr3	128145182	128146162	RAB7A	chr3	128725885	0.0	0.0	0	0
RAB7A|chr3:127889705-127890205:*	chr3	128170862	128171362	RAB7A	chr3	128725885	0.0	0.0	0	0
RAB7A|chr3:127912465-127912965:*	chr3	128193622	128194122	RAB7A	chr3	128725885	0.0	0.0	0	0
RAB7A|chr3:127914145-127914685:*	chr3	128195302	128195842	RAB7A	chr3	128725885	0.0	0.0	0	0
RAB7A|chr3:127945565-127946125:*	chr3	128226722	128227282	RAB7A	chr3	128725885	0.0	0.0	0	0
RAB7A|chr3:127985205-127985705:*	chr3	128266362	128266862	RAB7A	chr3	128725885	0.0	0.0	0	0
RAB7A|chr3:128062345-128062845:*	chr3	128343502	128344002	RAB7A	chr3	128725885	0.0	0.0	0	0
RAB7A|chr3:128063965-128064505:*	chr3	128345122	128345662	RAB7A	chr3	128725885	0.0	0.0	0	0
RAB7A|chr3:128072825-128073345:*	chr3	128353982	128354502	RAB7A	chr3	128725885	0.0	0.0	0	0
RAB7A|chr3:128128845-128129365:*	chr3	128410002	128410522	RAB7A	chr3	128725885	0.0	0.0	0	0
RAB7A|chr3:128131325-128132705:*	chr3	128412482	128413862	RAB7A	chr3	128725885	0.0	0.0	0	0
RAB7A|chr3:128134065-128134565:*	chr3	128415222	128415722	RAB7A	chr3	128725885	0.0	0.0	0	0
RAB7A|chr3:128134685-128136105:*	chr3	128415842	128417262	RAB7A	chr3	128725885	0.0	0.0	0	0
RAB7A|chr3:128145125-128145805:*	chr3	128426282	128426962	RAB7A	chr3	128725885	0.0	0.0	0	0
RAB7A|chr3:128175865-128176365:*	chr3	128457022	128457522	RAB7A	chr3	128725885	0.0	0.0	0	0
RAB7A|chr3:128201605-128202445:*	chr3	128482762	128483602	RAB7A	chr3	128725885	0.0	0.0	0	0
RAB7A|chr3:128214185-128214725:*	chr3	128495342	128495882	RAB7A	chr3	128725885	0.0	0.0	0	0
RAB7A|chr3:128215225-128216165:*	chr3	128496382	128497322	RAB7A	chr3	128725885	0.0	0.0	0	0
RAB7A|chr3:128216385-128216885:*	chr3	128497542	128498042	RAB7A	chr3	128725885	0.0	0.0	0	0
RAB7A|chr3:128223685-128224185:*	chr3	128504842	128505342	RAB7A	chr3	128725885	0.0	0.0	0	0
RAB7A|chr3:128266145-128266645:*	chr3	128547302	128547802	RAB7A	chr3	128725885	0.0	0.0	1	0
RAB7A|chr3:128272805-128273385:*	chr3	128553962	128554542	RAB7A	chr3	128725885	0.0	0.0	1	0
RAB7A|chr3:128296625-128297185:*	chr3	128577782	128578342	RAB7A	chr3	128725885	0.0	0.0	1	0
RAB7A|chr3:128303145-128303645:*	chr3	128584302	128584802	RAB7A	chr3	128725885	0.0	0.0	1	0
RAB7A|chr3:128303965-128304565:*	chr3	128585122	128585722	RAB7A	chr3	128725885	0.0	0.0	1	0
RAB7A|chr3:128560985-128561525:*	chr3	128842142	128842682	RAB7A	chr3	128725885	0.0	0.0	1	0
RAB7A|chr3:128583705-128584685:*	chr3	128864862	128865842	RAB7A	chr3	128725885	0.0	0.0	1	0
RAB7A|chr3:128734545-128735105:*	chr3	129015702	129016262	RAB7A	chr3	128725885	0.0	0.0	0	0
RAB7A|chr3:128735365-128736285:*	chr3	129016522	129017442	RAB7A	chr3	128725885	0.0	0.0	0	0
RAB7A|chr3:128741085-128741585:*	chr3	129022242	129022742	RAB7A	chr3	128725885	0.0	0.0	0	0
RAB7A|chr3:128745765-128746265:*	chr3	129026922	129027422	RAB7A	chr3	128725885	0.0	0.0	0	0
RAB7A|chr3:128772125-128772685:*	chr3	129053282	129053842	RAB7A	chr3	128725885	0.0	0.0	0	0
RAB7A|chr3:128775585-128776145:*	chr3	129056742	129057302	RAB7A	chr3	128725885	0.0	0.0	0	0
RAB7A|chr3:128820445-128820965:*	chr3	129101602	129102122	RAB7A	chr3	128725885	0.0	0.0	0	0
RAB7A|chr3:128823345-128823885:*	chr3	129104502	129105042	RAB7A	chr3	128725885	0.0	0.0	0	0
RAB7A|chr3:128825105-128825625:*	chr3	129106262	129106782	RAB7A	chr3	128725885	0.0	0.0	0	0
RAB7A|chr3:128914485-128915005:*	chr3	129195642	129196162	RAB7A	chr3	128725885	0.0	0.0	0	0
RAB7A|chr3:128930565-128931065:*	chr3	129211722	129212222	RAB7A	chr3	128725885	0.0	0.0	0	0
RAB7A|chr3:128947965-128948485:*	chr3	129229122	129229642	RAB7A	chr3	128725885	0.0	0.0	0	0
RAB7A|chr3:128964465-128965005:*	chr3	129245622	129246162	RAB7A	chr3	128725885	0.0	0.0	0	0
RAB7A|chr3:129024465-129024965:*	chr3	129305622	129306122	RAB7A	chr3	128725885	0.0	0.0	0	0
RAB7A|chr3:129033625-129034125:*	chr3	129314782	129315282	RAB7A	chr3	128725885	0.0	0.0	0	0
RAB7A|chr3:129046285-129046785:*	chr3	129327442	129327942	RAB7A	chr3	128725885	0.0	0.0	0	0
RAB7A|chr3:129047445-129047945:*	chr3	129328602	129329102	RAB7A	chr3	128725885	0.0	0.0	0	0
RAB7A|chr3:129063325-129063825:*	chr3	129344482	129344982	RAB7A	chr3	128725885	0.0	0.0	0	0
RAB7A|chr3:129102085-129102585:*	chr3	129383242	129383742	RAB7A	chr3	128725885	0.0	0.0	0	0
RAB7A|chr3:129104285-129104945:*	chr3	129385442	129386102	RAB7A	chr3	128725885	0.0	0.0	0	0
RAB7A|chr3:129132045-129133425:*	chr3	129413202	129414582	RAB7A	chr3	128725885	0.0	0.0	0	0
RAB7A|chr3:129150825-129151345:*	chr3	129431982	129432502	RAB7A	chr3	128725885	0.0	0.0	0	0
RAB7A|chr3:129180305-129181665:*	chr3	129461462	129462822	RAB7A	chr3	128725885	0.0	0.0	0	0
RAB7A|chr3:129187685-129188305:*	chr3	129468842	129469462	RAB7A	chr3	128725885	0.0	0.0	0	0
RAB7A|chr3:129199985-129200865:*	chr3	129481142	129482022	RAB7A	chr3	128725885	0.0	0.0	0	0
RAB7A|chr3:129209005-129209505:*	chr3	129490162	129490662	RAB7A	chr3	128725885	0.0	0.0	0	0
RAB7A|chr3:129254745-129255245:*	chr3	129535902	129536402	RAB7A	chr3	128725885	0.0	0.0	0	0
RAB7A|chr3:129305045-129305565:*	chr3	129586202	129586722	RAB7A	chr3	128725885	0.0	0.0	0	0
RAB7A|chr3:129315565-129316065:*	chr3	129596722	129597222	RAB7A	chr3	128725885	0.0	0.0	0	0
RAB7A|chr3:129318325-129318865:*	chr3	129599482	129600022	RAB7A	chr3	128725885	0.0	0.0	0	0
RAB7A|chr3:129321905-129322905:*	chr3	129603062	129604062	RAB7A	chr3	128725885	0.0	0.0	0	0
RAB7A|chr3:129327385-129327945:*	chr3	129608542	129609102	RAB7A	chr3	128725885	0.0	0.0	0	0
RAB7A|chr3:129331825-129332325:*	chr3	129612982	129613482	RAB7A	chr3	128725885	0.0	0.0	0	0
RAB7A|chr3:129333625-129334165:*	chr3	129614782	129615322	RAB7A	chr3	128725885	0.0	0.0	0	0
RAB7A|chr3:129345465-129345965:*	chr3	129626622	129627122	RAB7A	chr3	128725885	0.0	0.0	0	0
RAB7A|chr3:129346665-129347165:*	chr3	129627822	129628322	RAB7A	chr3	128725885	0.0	0.0	0	0
RAB7A|chr3:129369025-129369525:*	chr3	129650182	129650682	RAB7A	chr3	128725885	0.0	0.0	0	0
RAB7A|chr3:129376505-129377645:*	chr3	129657662	129658802	RAB7A	chr3	128725885	0.0	0.0	0	0
RAB7A|chr3:129405805-129406325:*	chr3	129686962	129687482	RAB7A	chr3	128725885	0.0	0.0	0	0
RAB7A|chr3:129409145-129409665:*	chr3	129690302	129690822	RAB7A	chr3	128725885	0.0	0.0	0	0
RAB7A|chr3:129487485-129488045:*	chr3	129768642	129769202	RAB7A	chr3	128725885	0.0	0.0	0	0
RAB7A|chr3:129512725-129513245:*	chr3	129793882	129794402	RAB7A	chr3	128725885	0.0	0.0	0	0
RAB7A|chr3:129543725-129544225:*	chr3	129824882	129825382	RAB7A	chr3	128725885	0.0	0.0	0	0
RAB7A|chr3:129548265-129548865:*	chr3	129829422	129830022	RAB7A	chr3	128725885	0.0	0.0	0	0
RAB7A|chr3:129555465-129556005:*	chr3	129836622	129837162	RAB7A	chr3	128725885	0.0	0.0	0	0
RAB7A|chr3:129645845-129646385:*	chr3	129927002	129927542	RAB7A	chr3	128725885	0.0	0.0	0	0
RAB7A|chr3:129660945-129661485:*	chr3	129942102	129942642	RAB7A	chr3	128725885	0.0	0.0	0	0
RAB7A|chr3:129803365-129803905:*	chr3	130084522	130085062	RAB7A	chr3	128725885	0.0	0.0	0	0
RAB7A|chr3:129812345-129813405:*	chr3	130093502	130094562	RAB7A	chr3	128725885	0.0	0.0	0	0
RAB7A|chr3:128224601-128225101:.	chr3	128505758	128506258	RAB7A	chr3	128725885	0.0	0.0	0	0
RAB7A|chr3:128251475-128252246:.	chr3	128532632	128533403	RAB7A	chr3	128725885	0.0	0.0	1	0
RAB7A|chr3:128268039-128268539:.	chr3	128549196	128549696	RAB7A	chr3	128725885	0.0	0.0	1	0
RAB7A|chr3:128945156-128945856:.	chr3	129226313	129227013	RAB7A	chr3	128725885	0.0	0.0	0	0
RPN1|chr3:127292685-127293205:*	chr3	127573842	127574362	RPN1	chr3	128651126	0.0	0.0	0	0
RPN1|chr3:127303265-127303845:*	chr3	127584422	127585002	RPN1	chr3	128651126	0.0	0.0	0	0
RPN1|chr3:127314125-127314645:*	chr3	127595282	127595802	RPN1	chr3	128651126	0.0	0.0	0	0
RPN1|chr3:127348905-127349405:*	chr3	127630062	127630562	RPN1	chr3	128651126	0.0	0.0	0	0
RPN1|chr3:127353445-127353945:*	chr3	127634602	127635102	RPN1	chr3	128651126	0.0	0.0	0	0
RPN1|chr3:127402465-127403005:*	chr3	127683622	127684162	RPN1	chr3	128651126	0.0	0.0	0	0
RPN1|chr3:127414885-127415485:*	chr3	127696042	127696642	RPN1	chr3	128651126	0.0	0.0	0	0
RPN1|chr3:127416205-127416705:*	chr3	127697362	127697862	RPN1	chr3	128651126	0.0	0.0	0	0
RPN1|chr3:127419965-127420485:*	chr3	127701122	127701642	RPN1	chr3	128651126	0.0	0.0	0	0
RPN1|chr3:127420905-127421445:*	chr3	127702062	127702602	RPN1	chr3	128651126	0.0	0.0	0	0
RPN1|chr3:127425785-127426285:*	chr3	127706942	127707442	RPN1	chr3	128651126	0.0	0.0	0	0
RPN1|chr3:127448265-127448765:*	chr3	127729422	127729922	RPN1	chr3	128651126	0.0	0.0	0	0
RPN1|chr3:127609345-127609845:*	chr3	127890502	127891002	RPN1	chr3	128651126	0.0	0.0	0	0
RPN1|chr3:127729945-127730485:*	chr3	128011102	128011642	RPN1	chr3	128651126	0.0	0.0	0	0
RPN1|chr3:127786325-127786825:*	chr3	128067482	128067982	RPN1	chr3	128651126	0.0	0.0	0	0
RPN1|chr3:127786865-127787365:*	chr3	128068022	128068522	RPN1	chr3	128651126	0.0	0.0	0	0
RPN1|chr3:127795605-127796485:*	chr3	128076762	128077642	RPN1	chr3	128651126	0.0	0.0	0	0
RPN1|chr3:127799065-127799585:*	chr3	128080222	128080742	RPN1	chr3	128651126	0.0	0.0	0	0
RPN1|chr3:127847065-127847565:*	chr3	128128222	128128722	RPN1	chr3	128651126	0.0	0.0	0	0
RPN1|chr3:127852385-127852885:*	chr3	128133542	128134042	RPN1	chr3	128651126	0.0	0.0	0	0
RPN1|chr3:127864025-127865005:*	chr3	128145182	128146162	RPN1	chr3	128651126	0.0	0.0	0	0
RPN1|chr3:127889705-127890205:*	chr3	128170862	128171362	RPN1	chr3	128651126	0.0	0.0	0	0
RPN1|chr3:127909265-127909825:*	chr3	128190422	128190982	RPN1	chr3	128651126	0.0	0.0	0	0
RPN1|chr3:127912465-127912965:*	chr3	128193622	128194122	RPN1	chr3	128651126	0.0	0.0	0	0
RPN1|chr3:127914145-127914685:*	chr3	128195302	128195842	RPN1	chr3	128651126	0.0	0.0	0	0
RPN1|chr3:127945565-127946125:*	chr3	128226722	128227282	RPN1	chr3	128651126	0.0	0.0	0	0
RPN1|chr3:127985205-127985705:*	chr3	128266362	128266862	RPN1	chr3	128651126	0.0	0.0	0	0
RPN1|chr3:128058225-128059225:*	chr3	128339382	128340382	RPN1	chr3	128651126	0.0	0.0	0	0
RPN1|chr3:128062345-128062845:*	chr3	128343502	128344002	RPN1	chr3	128651126	0.0	0.0	0	0
RPN1|chr3:128063965-128064505:*	chr3	128345122	128345662	RPN1	chr3	128651126	0.0	0.0	0	0
RPN1|chr3:128072825-128073345:*	chr3	128353982	128354502	RPN1	chr3	128651126	0.0	0.0	0	0
RPN1|chr3:128099505-128100005:*	chr3	128380662	128381162	RPN1	chr3	128651126	0.0	0.0	0	0
RPN1|chr3:128102265-128102785:*	chr3	128383422	128383942	RPN1	chr3	128651126	0.0	0.0	0	0
RPN1|chr3:128128845-128129365:*	chr3	128410002	128410522	RPN1	chr3	128651126	0.0	0.0	0	0
RPN1|chr3:128131325-128132705:*	chr3	128412482	128413862	RPN1	chr3	128651126	0.0	0.0	0	0
RPN1|chr3:128134065-128134565:*	chr3	128415222	128415722	RPN1	chr3	128651126	0.0	0.0	0	0
RPN1|chr3:128134685-128136105:*	chr3	128415842	128417262	RPN1	chr3	128651126	0.0	0.0	0	0
RPN1|chr3:128143185-128143945:*	chr3	128424342	128425102	RPN1	chr3	128651126	0.0	0.0	0	0
RPN1|chr3:128175865-128176365:*	chr3	128457022	128457522	RPN1	chr3	128651126	0.0	0.0	1	0
RPN1|chr3:128201605-128202445:*	chr3	128482762	128483602	RPN1	chr3	128651126	0.0	0.0	1	0
RPN1|chr3:128214185-128214725:*	chr3	128495342	128495882	RPN1	chr3	128651126	0.0	0.0	1	0
RPN1|chr3:128215225-128216165:*	chr3	128496382	128497322	RPN1	chr3	128651126	0.0	0.0	1	0
RPN1|chr3:128216385-128216885:*	chr3	128497542	128498042	RPN1	chr3	128651126	0.0	0.0	1	0
RPN1|chr3:128223685-128224185:*	chr3	128504842	128505342	RPN1	chr3	128651126	0.0	0.0	1	0
RPN1|chr3:128266145-128266645:*	chr3	128547302	128547802	RPN1	chr3	128651126	0.0	0.0	1	0
RPN1|chr3:128267505-128268525:*	chr3	128548662	128549682	RPN1	chr3	128651126	0.0	0.0	1	0
RPN1|chr3:128272805-128273385:*	chr3	128553962	128554542	RPN1	chr3	128651126	9.33244800567627	908.8895279050352	1	0
RPN1|chr3:128482725-128483225:*	chr3	128763882	128764382	RPN1	chr3	128651126	0.0	0.0	1	0
RPN1|chr3:128513785-128514285:*	chr3	128794942	128795442	RPN1	chr3	128651126	0.0	0.0	1	0
RPN1|chr3:128560985-128561525:*	chr3	128842142	128842682	RPN1	chr3	128651126	0.0	0.0	1	0
RPN1|chr3:128732225-128732725:*	chr3	129013382	129013882	RPN1	chr3	128651126	0.0	0.0	0	0
RPN1|chr3:128741085-128741585:*	chr3	129022242	129022742	RPN1	chr3	128651126	0.0	0.0	0	0
RPN1|chr3:128745765-128746265:*	chr3	129026922	129027422	RPN1	chr3	128651126	0.0	0.0	0	0
RPN1|chr3:128772125-128772685:*	chr3	129053282	129053842	RPN1	chr3	128651126	0.0	0.0	0	0
RPN1|chr3:128773385-128773905:*	chr3	129054542	129055062	RPN1	chr3	128651126	0.0	0.0	0	0
RPN1|chr3:128775585-128776145:*	chr3	129056742	129057302	RPN1	chr3	128651126	0.0	0.0	0	0
RPN1|chr3:128820445-128820965:*	chr3	129101602	129102122	RPN1	chr3	128651126	0.0	0.0	0	0
RPN1|chr3:128823345-128823885:*	chr3	129104502	129105042	RPN1	chr3	128651126	0.0	0.0	0	0
RPN1|chr3:128825105-128825625:*	chr3	129106262	129106782	RPN1	chr3	128651126	0.0	0.0	0	0
RPN1|chr3:128831125-128831645:*	chr3	129112282	129112802	RPN1	chr3	128651126	0.0	0.0	0	0
RPN1|chr3:128914485-128915005:*	chr3	129195642	129196162	RPN1	chr3	128651126	0.0	0.0	0	0
RPN1|chr3:128930565-128931065:*	chr3	129211722	129212222	RPN1	chr3	128651126	0.0	0.0	0	0
RPN1|chr3:128945145-128945685:*	chr3	129226302	129226842	RPN1	chr3	128651126	0.0	0.0	0	0
RPN1|chr3:128947965-128948485:*	chr3	129229122	129229642	RPN1	chr3	128651126	0.0	0.0	0	0
RPN1|chr3:128949025-128949945:*	chr3	129230182	129231102	RPN1	chr3	128651126	0.0	0.0	0	0
RPN1|chr3:128957705-128958225:*	chr3	129238862	129239382	RPN1	chr3	128651126	0.0	0.0	0	0
RPN1|chr3:128964465-128965005:*	chr3	129245622	129246162	RPN1	chr3	128651126	0.0	0.0	0	0
RPN1|chr3:129024465-129024965:*	chr3	129305622	129306122	RPN1	chr3	128651126	0.0	0.0	0	0
RPN1|chr3:129046285-129046785:*	chr3	129327442	129327942	RPN1	chr3	128651126	0.0	0.0	0	0
RPN1|chr3:129047445-129047945:*	chr3	129328602	129329102	RPN1	chr3	128651126	0.0	0.0	0	0
RPN1|chr3:129063325-129063825:*	chr3	129344482	129344982	RPN1	chr3	128651126	0.0	0.0	0	0
RPN1|chr3:129079865-129080365:*	chr3	129361022	129361522	RPN1	chr3	128651126	0.0	0.0	0	0
RPN1|chr3:129102085-129102585:*	chr3	129383242	129383742	RPN1	chr3	128651126	0.0	0.0	0	0
RPN1|chr3:129104285-129104945:*	chr3	129385442	129386102	RPN1	chr3	128651126	0.0	0.0	0	0
RPN1|chr3:129143005-129143505:*	chr3	129424162	129424662	RPN1	chr3	128651126	0.0	0.0	0	0
RPN1|chr3:129150825-129151345:*	chr3	129431982	129432502	RPN1	chr3	128651126	0.0	0.0	0	0
RPN1|chr3:129162925-129163465:*	chr3	129444082	129444622	RPN1	chr3	128651126	0.0	0.0	0	0
RPN1|chr3:129166985-129167525:*	chr3	129448142	129448682	RPN1	chr3	128651126	0.0	0.0	0	0
RPN1|chr3:129168525-129169705:*	chr3	129449682	129450862	RPN1	chr3	128651126	0.0	0.0	0	0
RPN1|chr3:129180305-129181665:*	chr3	129461462	129462822	RPN1	chr3	128651126	0.0	0.0	0	0
RPN1|chr3:129187685-129188305:*	chr3	129468842	129469462	RPN1	chr3	128651126	0.0	0.0	0	0
RPN1|chr3:129199985-129200865:*	chr3	129481142	129482022	RPN1	chr3	128651126	0.0	0.0	0	0
RPN1|chr3:129209005-129209505:*	chr3	129490162	129490662	RPN1	chr3	128651126	0.0	0.0	0	0
RPN1|chr3:129254745-129255245:*	chr3	129535902	129536402	RPN1	chr3	128651126	0.0	0.0	0	0
RPN1|chr3:129305045-129305565:*	chr3	129586202	129586722	RPN1	chr3	128651126	0.0	0.0	0	0
RPN1|chr3:129315565-129316065:*	chr3	129596722	129597222	RPN1	chr3	128651126	0.0	0.0	0	0
RPN1|chr3:129318325-129318865:*	chr3	129599482	129600022	RPN1	chr3	128651126	0.0	0.0	0	0
RPN1|chr3:129321905-129322905:*	chr3	129603062	129604062	RPN1	chr3	128651126	0.0	0.0	0	0
RPN1|chr3:129327385-129327945:*	chr3	129608542	129609102	RPN1	chr3	128651126	0.0	0.0	0	0
RPN1|chr3:129331285-129331785:*	chr3	129612442	129612942	RPN1	chr3	128651126	0.0	0.0	0	0
RPN1|chr3:129331825-129332325:*	chr3	129612982	129613482	RPN1	chr3	128651126	0.0	0.0	0	0
RPN1|chr3:129333625-129334165:*	chr3	129614782	129615322	RPN1	chr3	128651126	0.0	0.0	0	0
RPN1|chr3:129345465-129345965:*	chr3	129626622	129627122	RPN1	chr3	128651126	0.0	0.0	0	0
RPN1|chr3:129346665-129347165:*	chr3	129627822	129628322	RPN1	chr3	128651126	0.0	0.0	0	0
RPN1|chr3:129369025-129369525:*	chr3	129650182	129650682	RPN1	chr3	128651126	0.0	0.0	0	0
RPN1|chr3:129376505-129377645:*	chr3	129657662	129658802	RPN1	chr3	128651126	0.0	0.0	0	0
RPN1|chr3:129391845-129392345:*	chr3	129673002	129673502	RPN1	chr3	128651126	0.0	0.0	0	0
RPN1|chr3:129405805-129406325:*	chr3	129686962	129687482	RPN1	chr3	128651126	0.0	0.0	0	0
RPN1|chr3:129409145-129409665:*	chr3	129690302	129690822	RPN1	chr3	128651126	0.0	0.0	0	0
RPN1|chr3:129418005-129418505:*	chr3	129699162	129699662	RPN1	chr3	128651126	0.0	0.0	0	0
RPN1|chr3:129487485-129488045:*	chr3	129768642	129769202	RPN1	chr3	128651126	0.0	0.0	0	0
RPN1|chr3:129492705-129493305:*	chr3	129773862	129774462	RPN1	chr3	128651126	0.0	0.0	0	0
RPN1|chr3:129512725-129513245:*	chr3	129793882	129794402	RPN1	chr3	128651126	0.0	0.0	0	0
RPN1|chr3:129539405-129539905:*	chr3	129820562	129821062	RPN1	chr3	128651126	0.0	0.0	0	0
RPN1|chr3:129543725-129544225:*	chr3	129824882	129825382	RPN1	chr3	128651126	0.0	0.0	0	0
RPN1|chr3:129548265-129548865:*	chr3	129829422	129830022	RPN1	chr3	128651126	0.0	0.0	0	0
RPN1|chr3:129550745-129551245:*	chr3	129831902	129832402	RPN1	chr3	128651126	0.0	0.0	0	0
RPN1|chr3:129555465-129556005:*	chr3	129836622	129837162	RPN1	chr3	128651126	0.0	0.0	0	0
RPN1|chr3:129607505-129608025:*	chr3	129888662	129889182	RPN1	chr3	128651126	0.0	0.0	0	0
RPN1|chr3:129645845-129646385:*	chr3	129927002	129927542	RPN1	chr3	128651126	0.0	0.0	0	0
RPN1|chr3:129655605-129656125:*	chr3	129936762	129937282	RPN1	chr3	128651126	0.0	0.0	0	0
RPN1|chr3:129660945-129661485:*	chr3	129942102	129942642	RPN1	chr3	128651126	0.0	0.0	0	0
RPN1|chr3:129767545-129768045:*	chr3	130048702	130049202	RPN1	chr3	128651126	0.0	0.0	0	0
RPN1|chr3:129776345-129776865:*	chr3	130057502	130058022	RPN1	chr3	128651126	0.0	0.0	0	0
RPN1|chr3:129796425-129796945:*	chr3	130077582	130078102	RPN1	chr3	128651126	0.0	0.0	0	0
RPN1|chr3:129803365-129803905:*	chr3	130084522	130085062	RPN1	chr3	128651126	0.0	0.0	0	0
RPN1|chr3:129812345-129813405:*	chr3	130093502	130094562	RPN1	chr3	128651126	0.0	0.0	0	0
SEC61A1|chr3:127292685-127293205:*	chr3	127573842	127574362	SEC61A1	chr3	128052118	0.0	0.0	0	0
SEC61A1|chr3:127348905-127349405:*	chr3	127630062	127630562	SEC61A1	chr3	128052118	0.0	0.0	0	0
SEC61A1|chr3:127353445-127353945:*	chr3	127634602	127635102	SEC61A1	chr3	128052118	0.0	0.0	0	0
SEC61A1|chr3:127402465-127403005:*	chr3	127683622	127684162	SEC61A1	chr3	128052118	0.0	0.0	0	0
SEC61A1|chr3:127419965-127420485:*	chr3	127701122	127701642	SEC61A1	chr3	128052118	0.0	0.0	0	0
SEC61A1|chr3:127420905-127421445:*	chr3	127702062	127702602	SEC61A1	chr3	128052118	0.0	0.0	0	0
SEC61A1|chr3:127425785-127426285:*	chr3	127706942	127707442	SEC61A1	chr3	128052118	0.0	0.0	0	0
SEC61A1|chr3:127609345-127609845:*	chr3	127890502	127891002	SEC61A1	chr3	128052118	0.0	0.0	1	0
SEC61A1|chr3:127795605-127796485:*	chr3	128076762	128077642	SEC61A1	chr3	128052118	155.22805786132812	13115.467118366128	1	0
SEC61A1|chr3:127852385-127852885:*	chr3	128133542	128134042	SEC61A1	chr3	128052118	8.640583992004395	730.0567744772837	1	0
SEC61A1|chr3:127864025-127865005:*	chr3	128145182	128146162	SEC61A1	chr3	128052118	13.178598403930664	1113.4808771962698	1	0
SEC61A1|chr3:127889705-127890205:*	chr3	128170862	128171362	SEC61A1	chr3	128052118	0.0	0.0	1	0
SEC61A1|chr3:127912465-127912965:*	chr3	128193622	128194122	SEC61A1	chr3	128052118	0.0	0.0	1	0
SEC61A1|chr3:127945565-127946125:*	chr3	128226722	128227282	SEC61A1	chr3	128052118	0.0	0.0	1	0
SEC61A1|chr3:128062345-128062845:*	chr3	128343502	128344002	SEC61A1	chr3	128052118	0.0	0.0	0	0
SEC61A1|chr3:128072825-128073345:*	chr3	128353982	128354502	SEC61A1	chr3	128052118	0.0	0.0	0	0
SEC61A1|chr3:128099505-128100005:*	chr3	128380662	128381162	SEC61A1	chr3	128052118	0.0	0.0	0	0
SEC61A1|chr3:128102265-128102785:*	chr3	128383422	128383942	SEC61A1	chr3	128052118	0.0	0.0	0	0
SEC61A1|chr3:128128845-128129365:*	chr3	128410002	128410522	SEC61A1	chr3	128052118	0.0	0.0	0	0
SEC61A1|chr3:128134065-128134565:*	chr3	128415222	128415722	SEC61A1	chr3	128052118	0.0	0.0	0	0
SEC61A1|chr3:128143185-128143945:*	chr3	128424342	128425102	SEC61A1	chr3	128052118	0.0	0.0	0	0
SEC61A1|chr3:128145125-128145805:*	chr3	128426282	128426962	SEC61A1	chr3	128052118	0.0	0.0	0	0
SEC61A1|chr3:128175865-128176365:*	chr3	128457022	128457522	SEC61A1	chr3	128052118	0.0	0.0	0	0
SEC61A1|chr3:128201605-128202445:*	chr3	128482762	128483602	SEC61A1	chr3	128052118	0.0	0.0	0	0
SEC61A1|chr3:128214185-128214725:*	chr3	128495342	128495882	SEC61A1	chr3	128052118	0.0	0.0	0	0
SEC61A1|chr3:128215225-128216165:*	chr3	128496382	128497322	SEC61A1	chr3	128052118	0.0	0.0	0	0
SEC61A1|chr3:128216385-128216885:*	chr3	128497542	128498042	SEC61A1	chr3	128052118	0.0	0.0	0	0
SEC61A1|chr3:128223685-128224185:*	chr3	128504842	128505342	SEC61A1	chr3	128052118	0.0	0.0	0	0
SEC61A1|chr3:128251705-128252205:*	chr3	128532862	128533362	SEC61A1	chr3	128052118	0.0	0.0	0	0
SEC61A1|chr3:128266145-128266645:*	chr3	128547302	128547802	SEC61A1	chr3	128052118	0.0	0.0	0	0
SEC61A1|chr3:128267505-128268525:*	chr3	128548662	128549682	SEC61A1	chr3	128052118	0.0	0.0	0	0
SEC61A1|chr3:128272805-128273385:*	chr3	128553962	128554542	SEC61A1	chr3	128052118	0.0	0.0	0	0
SEC61A1|chr3:128292545-128293145:*	chr3	128573702	128574302	SEC61A1	chr3	128052118	0.0	0.0	0	0
SEC61A1|chr3:128296625-128297185:*	chr3	128577782	128578342	SEC61A1	chr3	128052118	0.0	0.0	0	0
SEC61A1|chr3:128303145-128303645:*	chr3	128584302	128584802	SEC61A1	chr3	128052118	0.0	0.0	0	0
SEC61A1|chr3:128303965-128304565:*	chr3	128585122	128585722	SEC61A1	chr3	128052118	0.0	0.0	0	0
SEC61A1|chr3:128309725-128310305:*	chr3	128590882	128591462	SEC61A1	chr3	128052118	0.0	0.0	0	0
SEC61A1|chr3:128442065-128442605:*	chr3	128723222	128723762	SEC61A1	chr3	128052118	0.0	0.0	0	0
SEC61A1|chr3:128482725-128483225:*	chr3	128763882	128764382	SEC61A1	chr3	128052118	0.0	0.0	0	0
SEC61A1|chr3:128503085-128503585:*	chr3	128784242	128784742	SEC61A1	chr3	128052118	0.0	0.0	0	0
SEC61A1|chr3:128513785-128514285:*	chr3	128794942	128795442	SEC61A1	chr3	128052118	0.0	0.0	0	0
SEC61A1|chr3:128560985-128561525:*	chr3	128842142	128842682	SEC61A1	chr3	128052118	0.0	0.0	0	0
SEC61A1|chr3:128564565-128565085:*	chr3	128845722	128846242	SEC61A1	chr3	128052118	0.0	0.0	0	0
SEC61A1|chr3:128583705-128584685:*	chr3	128864862	128865842	SEC61A1	chr3	128052118	0.0	0.0	0	0
SEC61A1|chr3:128732225-128732725:*	chr3	129013382	129013882	SEC61A1	chr3	128052118	0.0	0.0	0	0
SEC61A1|chr3:128734545-128735105:*	chr3	129015702	129016262	SEC61A1	chr3	128052118	0.0	0.0	0	0
SEC61A1|chr3:128735365-128736285:*	chr3	129016522	129017442	SEC61A1	chr3	128052118	0.0	0.0	0	0
SEC61A1|chr3:128741085-128741585:*	chr3	129022242	129022742	SEC61A1	chr3	128052118	0.0	0.0	0	0
SEC61A1|chr3:128745765-128746265:*	chr3	129026922	129027422	SEC61A1	chr3	128052118	0.0	0.0	0	0
SEC61A1|chr3:128772125-128772685:*	chr3	129053282	129053842	SEC61A1	chr3	128052118	0.0	0.0	0	0
SEC61A1|chr3:128773385-128773905:*	chr3	129054542	129055062	SEC61A1	chr3	128052118	0.0	0.0	0	0
SEC61A1|chr3:128775585-128776145:*	chr3	129056742	129057302	SEC61A1	chr3	128052118	0.0	0.0	0	0
SEC61A1|chr3:128820445-128820965:*	chr3	129101602	129102122	SEC61A1	chr3	128052118	0.0	0.0	0	0
SEC61A1|chr3:128823345-128823885:*	chr3	129104502	129105042	SEC61A1	chr3	128052118	0.0	0.0	0	0
SEC61A1|chr3:128825105-128825625:*	chr3	129106262	129106782	SEC61A1	chr3	128052118	0.0	0.0	0	0
SEC61A1|chr3:128831125-128831645:*	chr3	129112282	129112802	SEC61A1	chr3	128052118	0.0	0.0	0	0
SEC61A1|chr3:128838345-128838865:*	chr3	129119502	129120022	SEC61A1	chr3	128052118	0.0	0.0	0	0
SEC61A1|chr3:128839305-128839805:*	chr3	129120462	129120962	SEC61A1	chr3	128052118	0.0	0.0	0	0
SEC61A1|chr3:128914485-128915005:*	chr3	129195642	129196162	SEC61A1	chr3	128052118	0.0	0.0	0	0
SEC61A1|chr3:128930565-128931065:*	chr3	129211722	129212222	SEC61A1	chr3	128052118	0.0	0.0	0	0
SEC61A1|chr3:128945145-128945685:*	chr3	129226302	129226842	SEC61A1	chr3	128052118	0.0	0.0	0	0
SEC61A1|chr3:128947965-128948485:*	chr3	129229122	129229642	SEC61A1	chr3	128052118	0.0	0.0	0	0
SEC61A1|chr3:128949025-128949945:*	chr3	129230182	129231102	SEC61A1	chr3	128052118	0.0	0.0	0	0
SEC61A1|chr3:128957705-128958225:*	chr3	129238862	129239382	SEC61A1	chr3	128052118	0.0	0.0	0	0
SEC61A1|chr3:128964465-128965005:*	chr3	129245622	129246162	SEC61A1	chr3	128052118	0.0	0.0	0	0
SEC61A1|chr3:129024465-129024965:*	chr3	129305622	129306122	SEC61A1	chr3	128052118	0.0	0.0	0	0
SEC61A1|chr3:129046285-129046785:*	chr3	129327442	129327942	SEC61A1	chr3	128052118	0.0	0.0	0	0
SEC61A1|chr3:129047445-129047945:*	chr3	129328602	129329102	SEC61A1	chr3	128052118	0.0	0.0	0	0
SEC61A1|chr3:129063325-129063825:*	chr3	129344482	129344982	SEC61A1	chr3	128052118	0.0	0.0	0	0
SEC61A1|chr3:129102085-129102585:*	chr3	129383242	129383742	SEC61A1	chr3	128052118	0.0	0.0	0	0
SEC61A1|chr3:129104285-129104945:*	chr3	129385442	129386102	SEC61A1	chr3	128052118	0.0	0.0	0	0
SEC61A1|chr3:129132045-129133425:*	chr3	129413202	129414582	SEC61A1	chr3	128052118	0.0	0.0	0	0
SEC61A1|chr3:129150825-129151345:*	chr3	129431982	129432502	SEC61A1	chr3	128052118	0.0	0.0	0	0
SEC61A1|chr3:129180305-129181665:*	chr3	129461462	129462822	SEC61A1	chr3	128052118	0.0	0.0	0	0
SEC61A1|chr3:129187685-129188305:*	chr3	129468842	129469462	SEC61A1	chr3	128052118	0.0	0.0	0	0
SEC61A1|chr3:129199985-129200865:*	chr3	129481142	129482022	SEC61A1	chr3	128052118	0.0	0.0	0	0
SEC61A1|chr3:129209005-129209505:*	chr3	129490162	129490662	SEC61A1	chr3	128052118	0.0	0.0	0	0
SEC61A1|chr3:129254745-129255245:*	chr3	129535902	129536402	SEC61A1	chr3	128052118	0.0	0.0	0	0
SEC61A1|chr3:129305045-129305565:*	chr3	129586202	129586722	SEC61A1	chr3	128052118	0.0	0.0	0	0
SEC61A1|chr3:129315565-129316065:*	chr3	129596722	129597222	SEC61A1	chr3	128052118	0.0	0.0	0	0
SEC61A1|chr3:129318325-129318865:*	chr3	129599482	129600022	SEC61A1	chr3	128052118	0.0	0.0	0	0
SEC61A1|chr3:129321905-129322905:*	chr3	129603062	129604062	SEC61A1	chr3	128052118	0.0	0.0	0	0
SEC61A1|chr3:129327385-129327945:*	chr3	129608542	129609102	SEC61A1	chr3	128052118	0.0	0.0	0	0
SEC61A1|chr3:129331285-129331785:*	chr3	129612442	129612942	SEC61A1	chr3	128052118	0.0	0.0	0	0
SEC61A1|chr3:129331825-129332325:*	chr3	129612982	129613482	SEC61A1	chr3	128052118	0.0	0.0	0	0
SEC61A1|chr3:129333625-129334165:*	chr3	129614782	129615322	SEC61A1	chr3	128052118	0.0	0.0	0	0
SEC61A1|chr3:129345465-129345965:*	chr3	129626622	129627122	SEC61A1	chr3	128052118	0.0	0.0	0	0
SEC61A1|chr3:129346665-129347165:*	chr3	129627822	129628322	SEC61A1	chr3	128052118	0.0	0.0	0	0
SEC61A1|chr3:129369025-129369525:*	chr3	129650182	129650682	SEC61A1	chr3	128052118	0.0	0.0	0	0
SEC61A1|chr3:129376505-129377645:*	chr3	129657662	129658802	SEC61A1	chr3	128052118	0.0	0.0	0	0
SEC61A1|chr3:129391845-129392345:*	chr3	129673002	129673502	SEC61A1	chr3	128052118	0.0	0.0	0	0
SEC61A1|chr3:129405805-129406325:*	chr3	129686962	129687482	SEC61A1	chr3	128052118	0.0	0.0	0	0
SEC61A1|chr3:129487485-129488045:*	chr3	129768642	129769202	SEC61A1	chr3	128052118	0.0	0.0	0	0
SEC61A1|chr3:129492705-129493305:*	chr3	129773862	129774462	SEC61A1	chr3	128052118	0.0	0.0	0	0
SEC61A1|chr3:129512725-129513245:*	chr3	129793882	129794402	SEC61A1	chr3	128052118	0.0	0.0	0	0
SEC61A1|chr3:129539405-129539905:*	chr3	129820562	129821062	SEC61A1	chr3	128052118	0.0	0.0	0	0
SEC61A1|chr3:129543725-129544225:*	chr3	129824882	129825382	SEC61A1	chr3	128052118	0.0	0.0	0	0
SEC61A1|chr3:129548265-129548865:*	chr3	129829422	129830022	SEC61A1	chr3	128052118	0.0	0.0	0	0
SEC61A1|chr3:129550745-129551245:*	chr3	129831902	129832402	SEC61A1	chr3	128052118	0.0	0.0	0	0
SEC61A1|chr3:129555465-129556005:*	chr3	129836622	129837162	SEC61A1	chr3	128052118	0.0	0.0	0	0
SEC61A1|chr3:129607505-129608025:*	chr3	129888662	129889182	SEC61A1	chr3	128052118	0.0	0.0	0	0
SEC61A1|chr3:129645845-129646385:*	chr3	129927002	129927542	SEC61A1	chr3	128052118	0.0	0.0	0	0
SEC61A1|chr3:129655605-129656125:*	chr3	129936762	129937282	SEC61A1	chr3	128052118	0.0	0.0	0	0
SEC61A1|chr3:129660945-129661485:*	chr3	129942102	129942642	SEC61A1	chr3	128052118	0.0	0.0	0	0
SEC61A1|chr3:129767545-129768045:*	chr3	130048702	130049202	SEC61A1	chr3	128052118	0.0	0.0	0	0
SEC61A1|chr3:129803365-129803905:*	chr3	130084522	130085062	SEC61A1	chr3	128052118	0.0	0.0	0	0
SEC61A1|chr3:129812345-129813405:*	chr3	130093502	130094562	SEC61A1	chr3	128052118	0.0	0.0	0	0
PIM1|chr6:37151047-37151290:*	chr6	37183271	37183514	PIM1	chr6	37169895	131.72457885742188	14254.522427344677	1	1
PIM1|chr6:37143441-37146132:.	chr6	37175665	37178356	PIM1	chr6	37169895	84.716064453125	9167.514910110543	1	0
PIM1|chr6:37159476-37159976:.	chr6	37191700	37192200	PIM1	chr6	37169895	24.54925537109375	2656.587816011459	1	0
PIM1|chr6:37393577-37395623:.	chr6	37425801	37427847	PIM1	chr6	37169895	0.0	0.0	0	0
PIM1|chr6:37681373-37682095:.	chr6	37713597	37714319	PIM1	chr6	37169895	0.0	0.0	0	0
FIG4|chr6:109625629-109626129:*	chr6	109304426	109304926	FIG4	chr6	109690970	0.0	0.0	0	1
MYC|chr8:128627285-128629785:*	chr8	127615040	127617540	MYC	chr8	127735818	0.0	0.0	1	0
MYC|chr8:128736885-128739385:*	chr8	127724639	127727139	MYC	chr8	127735818	80.2486801147461	2652.2997137461507	1	0
MYC|chr8:128739945-128742485:*	chr8	127727699	127730239	MYC	chr8	127735818	90.48838806152344	2990.732376031037	1	0
MYC|chr8:128757345-128759905:*	chr8	127745099	127747659	MYC	chr8	127735818	96.35381317138672	3184.5905842613206	1	0
MYC|chr8:128770725-128773225:*	chr8	127758479	127760979	MYC	chr8	127735818	432.03271484375	14279.11641999068	1	0
MYC|chr8:128787805-128790305:*	chr8	127775559	127778059	MYC	chr8	127735818	63.59371948242188	2101.8364880033296	1	0
MYC|chr8:128956665-128959265:*	chr8	127944419	127947019	MYC	chr8	127735818	0.0	0.0	0	0
MYC|chr8:128972637-128972748:*	chr8	127960391	127960502	MYC	chr8	127735818	0.0	0.0	0	1
MYC|chr8:128998905-129001425:*	chr8	127986659	127989179	MYC	chr8	127735818	0.0	0.0	0	0
MYC|chr8:129068085-129070585:*	chr8	128055839	128058339	MYC	chr8	127735818	0.0	0.0	0	0
MYC|chr8:129072645-129075145:*	chr8	128060399	128062899	MYC	chr8	127735818	0.0	0.0	0	0
MYC|chr8:129149525-129152025:*	chr8	128137279	128139779	MYC	chr8	127735818	0.0	0.0	0	0
MYC|chr8:129294305-129296805:*	chr8	128282059	128284559	MYC	chr8	127735818	0.0	0.0	0	0
MYC|chr8:129352625-129355125:*	chr8	128340379	128342879	MYC	chr8	127735818	0.0	0.0	0	0
MYC|chr8:129364785-129367325:*	chr8	128352539	128355079	MYC	chr8	127735818	0.0	0.0	0	0
MYC|chr8:129459225-129461725:*	chr8	128446979	128449479	MYC	chr8	127735818	0.0	0.0	0	0
MYC|chr8:130321225-130323725:*	chr8	129308979	129311479	MYC	chr8	127735818	0.0	0.0	0	0
MYC|chr8:130327845-130330385:*	chr8	129315599	129318139	MYC	chr8	127735818	0.0	0.0	0	0
MYC|chr8:130425745-130428265:*	chr8	129413499	129416019	MYC	chr8	127735818	0.0	0.0	0	0
MYC|chr8:130436725-130439225:*	chr8	129424479	129426979	MYC	chr8	127735818	0.0	0.0	0	0
MYC|chr8:130451245-130453765:*	chr8	129438999	129441519	MYC	chr8	127735818	0.0	0.0	0	0
MYC|chr8:130457745-130460305:*	chr8	129445499	129448059	MYC	chr8	127735818	0.0	0.0	0	0
MYC|chr8:130465465-130467985:*	chr8	129453219	129455739	MYC	chr8	127735818	0.0	0.0	0	0
MYC|chr8:130479585-130482165:*	chr8	129467339	129469919	MYC	chr8	127735818	0.0	0.0	0	0
MYC|chr8:130488685-130491225:*	chr8	129476439	129478979	MYC	chr8	127735818	0.0	0.0	0	0
MYC|chr8:130491285-130493805:*	chr8	129479039	129481559	MYC	chr8	127735818	0.0	0.0	0	0
MYC|chr8:130496905-130499405:*	chr8	129484659	129487159	MYC	chr8	127735818	0.0	0.0	0	0
MYC|chr8:130501585-130504125:*	chr8	129489339	129491879	MYC	chr8	127735818	0.0	0.0	0	0
MYC|chr8:130511745-130514265:*	chr8	129499499	129502019	MYC	chr8	127735818	0.0	0.0	0	0
MYC|chr8:130525525-130528025:*	chr8	129513279	129515779	MYC	chr8	127735818	0.0	0.0	0	0
MYC|chr8:130537145-130539685:*	chr8	129524899	129527439	MYC	chr8	127735818	0.0	0.0	0	0
MYC|chr8:130572285-130574805:*	chr8	129560039	129562559	MYC	chr8	127735818	0.0	0.0	0	0
MYC|chr8:130575865-130578365:*	chr8	129563619	129566119	MYC	chr8	127735818	0.0	0.0	0	0
MYC|chr8:130598205-130600705:*	chr8	129585959	129588459	MYC	chr8	127735818	0.0	0.0	0	0
MYC|chr8:130602645-130605165:*	chr8	129590399	129592919	MYC	chr8	127735818	0.0	0.0	0	0
MYC|chr8:130684705-130687345:*	chr8	129672459	129675099	MYC	chr8	127735818	0.0	0.0	0	0
MYC|chr8:130687965-130690485:*	chr8	129675719	129678239	MYC	chr8	127735818	0.0	0.0	0	0
MYC|chr8:130712745-130715285:*	chr8	129700499	129703039	MYC	chr8	127735818	0.0	0.0	0	0
MYC|chr8:130742925-130745425:*	chr8	129730679	129733179	MYC	chr8	127735818	0.0	0.0	0	0
GATA1|chrX:46655945-46656445:*	chrX	46796510	46797010	GATA1	chrX	48786323	0.0	0.0	0	0
GATA1|chrX:46697525-46698025:*	chrX	46838090	46838590	GATA1	chrX	48786323	0.0	0.0	0	0
GATA1|chrX:46773165-46773765:*	chrX	46913730	46914330	GATA1	chrX	48786323	0.0	0.0	0	0
GATA1|chrX:46824385-46824885:*	chrX	46957223	46957723	GATA1	chrX	48786323	0.0	0.0	0	0
GATA1|chrX:46837945-46838445:*	chrX	46978554	46979054	GATA1	chrX	48786323	0.0	0.0	0	0
GATA1|chrX:46870105-46870645:*	chrX	47010703	47011243	GATA1	chrX	48786323	0.0	0.0	0	0
GATA1|chrX:46889645-46890165:*	chrX	47030243	47030763	GATA1	chrX	48786323	0.0	0.0	0	0
GATA1|chrX:46907325-46907845:*	chrX	47047923	47048443	GATA1	chrX	48786323	0.0	0.0	0	0
GATA1|chrX:46918825-46919345:*	chrX	47059423	47059947	GATA1	chrX	48786323	0.0	0.0	0	0
GATA1|chrX:46936185-46936705:*	chrX	47076786	47077306	GATA1	chrX	48786323	0.0	0.0	0	0
GATA1|chrX:46952565-46953065:*	chrX	47093166	47093666	GATA1	chrX	48786323	0.0	0.0	0	0
GATA1|chrX:46988405-46988905:*	chrX	47129006	47129506	GATA1	chrX	48786323	0.0	0.0	0	0
GATA1|chrX:46994945-46995465:*	chrX	47135546	47136066	GATA1	chrX	48786323	0.0	0.0	0	0
GATA1|chrX:47050785-47051285:*	chrX	47191386	47191886	GATA1	chrX	48786323	0.0	0.0	0	0
GATA1|chrX:47056545-47057085:*	chrX	47197146	47197686	GATA1	chrX	48786323	0.0	0.0	0	0
GATA1|chrX:47124105-47124625:*	chrX	47264706	47265226	GATA1	chrX	48786323	0.0	0.0	0	0
GATA1|chrX:47144785-47145285:*	chrX	47285386	47285886	GATA1	chrX	48786323	0.0	0.0	0	0
GATA1|chrX:47171685-47172205:*	chrX	47312286	47312806	GATA1	chrX	48786323	0.0	0.0	0	0
GATA1|chrX:47180665-47181185:*	chrX	47321266	47321786	GATA1	chrX	48786323	0.0	0.0	0	0
GATA1|chrX:47221385-47221925:*	chrX	47361986	47362526	GATA1	chrX	48786323	0.0	0.0	0	0
GATA1|chrX:47225545-47226065:*	chrX	47366146	47366666	GATA1	chrX	48786323	0.0	0.0	0	0
GATA1|chrX:47239665-47240165:*	chrX	47380266	47380766	GATA1	chrX	48786323	0.0	0.0	0	0
GATA1|chrX:47243805-47244325:*	chrX	47384406	47384926	GATA1	chrX	48786323	0.0	0.0	0	0
GATA1|chrX:47343205-47343725:*	chrX	47483806	47484326	GATA1	chrX	48786323	0.0	0.0	0	0
GATA1|chrX:47382685-47383225:*	chrX	47523286	47523826	GATA1	chrX	48786323	0.0	0.0	0	0
GATA1|chrX:47400485-47400985:*	chrX	47541086	47541586	GATA1	chrX	48786323	0.0	0.0	0	0
GATA1|chrX:47401485-47402065:*	chrX	47542086	47542666	GATA1	chrX	48786323	0.0	0.0	0	0
GATA1|chrX:47419285-47419945:*	chrX	47559886	47560546	GATA1	chrX	48786323	0.0	0.0	0	0
GATA1|chrX:47421905-47422425:*	chrX	47562506	47563026	GATA1	chrX	48786323	0.0	0.0	0	0
GATA1|chrX:47422665-47423645:*	chrX	47563266	47564246	GATA1	chrX	48786323	0.0	0.0	0	0
GATA1|chrX:47432085-47432625:*	chrX	47572686	47573226	GATA1	chrX	48786323	0.0	0.0	0	0
GATA1|chrX:47434105-47434605:*	chrX	47574706	47575206	GATA1	chrX	48786323	0.0	0.0	0	0
GATA1|chrX:47436745-47437245:*	chrX	47577346	47577846	GATA1	chrX	48786323	0.0	0.0	0	0
GATA1|chrX:47438845-47439365:*	chrX	47579446	47579966	GATA1	chrX	48786323	0.0	0.0	0	0
GATA1|chrX:47454985-47455485:*	chrX	47595586	47596086	GATA1	chrX	48786323	0.0	0.0	0	0
GATA1|chrX:47467865-47468365:*	chrX	47608466	47608966	GATA1	chrX	48786323	0.0	0.0	0	0
GATA1|chrX:47488305-47488805:*	chrX	47628906	47629406	GATA1	chrX	48786323	0.0	0.0	0	0
GATA1|chrX:47493305-47493805:*	chrX	47633906	47634406	GATA1	chrX	48786323	0.0	0.0	0	0
GATA1|chrX:47507005-47507505:*	chrX	47647606	47648106	GATA1	chrX	48786323	0.0	0.0	0	0
GATA1|chrX:47508545-47509125:*	chrX	47649146	47649726	GATA1	chrX	48786323	0.0	0.0	0	0
GATA1|chrX:47521565-47522065:*	chrX	47662166	47662666	GATA1	chrX	48786323	0.0	0.0	0	0
GATA1|chrX:47522405-47522905:*	chrX	47663006	47663506	GATA1	chrX	48786323	0.0	0.0	0	0
GATA1|chrX:47524065-47524605:*	chrX	47664666	47665206	GATA1	chrX	48786323	0.0	0.0	0	0
GATA1|chrX:47535285-47536065:*	chrX	47675886	47676666	GATA1	chrX	48786323	0.0	0.0	0	0
GATA1|chrX:47542805-47543305:*	chrX	47683406	47683906	GATA1	chrX	48786323	0.0	0.0	0	0
GATA1|chrX:47544885-47545405:*	chrX	47685486	47686006	GATA1	chrX	48786323	0.0	0.0	0	0
GATA1|chrX:47570625-47571185:*	chrX	47711226	47711786	GATA1	chrX	48786323	0.0	0.0	0	0
GATA1|chrX:47571945-47572585:*	chrX	47712546	47713186	GATA1	chrX	48786323	0.0	0.0	0	0
GATA1|chrX:47612005-47612505:*	chrX	47752606	47753106	GATA1	chrX	48786323	0.0	0.0	0	0
GATA1|chrX:47632105-47632605:*	chrX	47772706	47773206	GATA1	chrX	48786323	0.0	0.0	0	0
GATA1|chrX:47655645-47656365:*	chrX	47796246	47796966	GATA1	chrX	48786323	0.0	0.0	0	0
GATA1|chrX:47661905-47662425:*	chrX	47802506	47803026	GATA1	chrX	48786323	0.0	0.0	0	0
GATA1|chrX:47674165-47674665:*	chrX	47814766	47815266	GATA1	chrX	48786323	0.0	0.0	0	0
GATA1|chrX:47676765-47677285:*	chrX	47817366	47817886	GATA1	chrX	48786323	0.0	0.0	0	0
GATA1|chrX:47691105-47691705:*	chrX	47831706	47832306	GATA1	chrX	48786323	0.0	0.0	0	0
GATA1|chrX:47696825-47697325:*	chrX	47837426	47837926	GATA1	chrX	48786323	0.0	0.0	0	0
GATA1|chrX:47740185-47740725:*	chrX	47880786	47881326	GATA1	chrX	48786323	0.0	0.0	0	0
GATA1|chrX:47795865-47796365:*	chrX	47936466	47936966	GATA1	chrX	48786323	0.0	0.0	0	0
GATA1|chrX:47799825-47800345:*	chrX	47940426	47940946	GATA1	chrX	48786323	0.0	0.0	0	0
GATA1|chrX:47818245-47818745:*	chrX	47958846	47959346	GATA1	chrX	48786323	0.0	0.0	0	0
GATA1|chrX:47884985-47885485:*	chrX	48025591	48026091	GATA1	chrX	48786323	0.0	0.0	0	0
GATA1|chrX:47885945-47886505:*	chrX	48026551	48027111	GATA1	chrX	48786323	0.0	0.0	0	0
GATA1|chrX:47942525-47943025:*	chrX	48083156	48083656	GATA1	chrX	48786323	0.0	0.0	0	0
GATA1|chrX:48310005-48310525:*	chrX	48451629	48452150	GATA1	chrX	48786323	0.0	0.0	0	0
GATA1|chrX:48325705-48326225:*	chrX	48467318	48467838	GATA1	chrX	48786323	0.0	0.0	0	0
GATA1|chrX:48326465-48327005:*	chrX	48468078	48468618	GATA1	chrX	48786323	0.0	0.0	0	0
GATA1|chrX:48331265-48331765:*	chrX	48472877	48473377	GATA1	chrX	48786323	0.0	0.0	0	0
GATA1|chrX:48332405-48332905:*	chrX	48474017	48474517	GATA1	chrX	48786323	0.0	0.0	0	0
GATA1|chrX:48345785-48346285:*	chrX	48487397	48487897	GATA1	chrX	48786323	0.0	0.0	0	0
GATA1|chrX:48350605-48351345:*	chrX	48492217	48492957	GATA1	chrX	48786323	0.0	0.0	0	0
GATA1|chrX:48352405-48352925:*	chrX	48494017	48494537	GATA1	chrX	48786323	0.0	0.0	0	0
GATA1|chrX:48354985-48355505:*	chrX	48496597	48497117	GATA1	chrX	48786323	0.0	0.0	0	0
GATA1|chrX:48356645-48357245:*	chrX	48498257	48498857	GATA1	chrX	48786323	0.0	0.0	0	0
GATA1|chrX:48364025-48364525:*	chrX	48505637	48506137	GATA1	chrX	48786323	0.0	0.0	0	0
GATA1|chrX:48369845-48370345:*	chrX	48511457	48511957	GATA1	chrX	48786323	0.0	0.0	0	0
GATA1|chrX:48371925-48372445:*	chrX	48513537	48514057	GATA1	chrX	48786323	0.0	0.0	0	0
GATA1|chrX:48372685-48373245:*	chrX	48514297	48514857	GATA1	chrX	48786323	0.0	0.0	0	0
GATA1|chrX:48389085-48389585:*	chrX	48530697	48531197	GATA1	chrX	48786323	0.0	0.0	0	0
GATA1|chrX:48389965-48390465:*	chrX	48531577	48532077	GATA1	chrX	48786323	0.0	0.0	0	0
GATA1|chrX:48390485-48390985:*	chrX	48532097	48532597	GATA1	chrX	48786323	0.0	0.0	0	0
GATA1|chrX:48405705-48406205:*	chrX	48547317	48547817	GATA1	chrX	48786323	0.0	0.0	0	0
GATA1|chrX:48414025-48414525:*	chrX	48555637	48556137	GATA1	chrX	48786323	0.0	0.0	0	0
GATA1|chrX:48428185-48428765:*	chrX	48569797	48570377	GATA1	chrX	48786323	0.0	0.0	0	0
GATA1|chrX:48431145-48431645:*	chrX	48572757	48573257	GATA1	chrX	48786323	0.0	0.0	0	0
GATA1|chrX:48438965-48439465:*	chrX	48580577	48581077	GATA1	chrX	48786323	0.0	0.0	0	0
GATA1|chrX:48448065-48448605:*	chrX	48589677	48590217	GATA1	chrX	48786323	0.0	0.0	1	0
GATA1|chrX:48449085-48449585:*	chrX	48590697	48591197	GATA1	chrX	48786323	0.0	0.0	1	0
GATA1|chrX:48449665-48450385:*	chrX	48591277	48591997	GATA1	chrX	48786323	0.0	0.0	1	0
GATA1|chrX:48450485-48450985:*	chrX	48592097	48592597	GATA1	chrX	48786323	0.0	0.0	1	0
GATA1|chrX:48451105-48451605:*	chrX	48592717	48593217	GATA1	chrX	48786323	0.0	0.0	1	0
GATA1|chrX:48454285-48454805:*	chrX	48595897	48596417	GATA1	chrX	48786323	0.0	0.0	1	0
GATA1|chrX:48470045-48470565:*	chrX	48611657	48612177	GATA1	chrX	48786323	0.0	0.0	1	0
GATA1|chrX:48487645-48488205:*	chrX	48629257	48629817	GATA1	chrX	48786323	0.0	0.0	1	0
GATA1|chrX:48489685-48490205:*	chrX	48631297	48631817	GATA1	chrX	48786323	0.0	0.0	1	0
GATA1|chrX:48490385-48490885:*	chrX	48631997	48632497	GATA1	chrX	48786323	0.0	0.0	1	0
GATA1|chrX:48495065-48495645:*	chrX	48636677	48637257	GATA1	chrX	48786323	0.0	0.0	1	0
GATA1|chrX:48506625-48507125:*	chrX	48648237	48648737	GATA1	chrX	48786323	0.0	0.0	1	0
GATA1|chrX:48507425-48507925:*	chrX	48649037	48649537	GATA1	chrX	48786323	0.0	0.0	1	0
GATA1|chrX:48534565-48535105:*	chrX	48676176	48676716	GATA1	chrX	48786323	0.0	0.0	1	0
GATA1|chrX:48538765-48539265:*	chrX	48680376	48680876	GATA1	chrX	48786323	0.0	0.0	1	0
GATA1|chrX:48559305-48559825:*	chrX	48700914	48701434	GATA1	chrX	48786323	11.708406448364258	639.5414081133531	1	0
GATA1|chrX:48560285-48560825:*	chrX	48701894	48702434	GATA1	chrX	48786323	13.512781143188477	738.100707210217	1	0
GATA1|chrX:48570385-48570885:*	chrX	48711994	48712494	GATA1	chrX	48786323	7.334780693054199	400.64341747325216	1	0
GATA1|chrX:48573385-48573925:*	chrX	48714980	48715520	GATA1	chrX	48786323	10.385456085205078	567.2786675046943	1	0
GATA1|chrX:48597445-48597945:*	chrX	48739038	48739538	GATA1	chrX	48786323	16.040996551513672	876.1979324291162	1	0
GATA1|chrX:48610905-48611405:*	chrX	48752502	48753002	GATA1	chrX	48786323	46.16041564941406	2521.39327018736	1	0
GATA1|chrX:48623325-48623865:*	chrX	48764921	48765461	GATA1	chrX	48786323	40.70610046386719	2223.4654155777325	1	0
GATA1|chrX:48623905-48624465:*	chrX	48765501	48766060	GATA1	chrX	48786323	43.04529571533203	2351.237903795623	1	0
GATA1|chrX:48628605-48629585:*	chrX	48770189	48771169	GATA1	chrX	48786323	80.27171325683594	4384.634643010732	1	0
GATA1|chrX:48635365-48635885:*	chrX	48776950	48777470	GATA1	chrX	48786323	130.51364135742188	7128.969970408561	1	0
GATA1|chrX:48637765-48638265:*	chrX	48779350	48779850	GATA1	chrX	48786323	71.03948211669922	3880.3479042960994	1	0
GATA1|chrX:48643025-48643685:*	chrX	48784617	48785277	GATA1	chrX	48786323	321.45263671875	17558.51855976359	1	1
GATA1|chrX:48656645-48657145:*	chrX	48798238	48798738	GATA1	chrX	48786323	131.92269897460938	7205.936096976095	1	0
GATA1|chrX:48659028-48659074:*	chrX	48800621	48800667	GATA1	chrX	48786323	210.35565185546875	11490.133212025934	1	1
GATA1|chrX:48670685-48671185:*	chrX	48812278	48812778	GATA1	chrX	48786323	39.15819549560547	2138.915111709006	1	0
GATA1|chrX:48692065-48692625:*	chrX	48833655	48834215	GATA1	chrX	48786323	37.5135498046875	2049.0805961704564	1	0
GATA1|chrX:48700065-48700565:*	chrX	48841664	48842164	GATA1	chrX	48786323	15.855772018432615	866.0805215563203	1	0
GATA1|chrX:48713165-48713665:*	chrX	48854765	48855265	GATA1	chrX	48786323	28.150787353515625	1537.6639223249872	1	0
GATA1|chrX:48722545-48723045:*	chrX	48864144	48864644	GATA1	chrX	48786323	16.187814712524414	884.217494599555	1	0
GATA1|chrX:48735285-48735785:*	chrX	48876886	48877386	GATA1	chrX	48786323	15.788985252380373	862.4324672636408	1	0
GATA1|chrX:48742005-48742525:*	chrX	48883606	48884126	GATA1	chrX	48786323	8.826133728027344	482.10471830758536	1	0
GATA1|chrX:48747605-48748145:*	chrX	48890322	48890862	GATA1	chrX	48786323	0.0	0.0	1	0
GATA1|chrX:48748805-48749325:*	chrX	48891522	48892042	GATA1	chrX	48786323	0.0	0.0	1	0
GATA1|chrX:48774465-48774965:*	chrX	48917188	48917688	GATA1	chrX	48786323	0.0	0.0	1	0
GATA1|chrX:48777085-48777985:*	chrX	48919808	48920708	GATA1	chrX	48786323	0.0	0.0	1	0
GATA1|chrX:48794265-48795305:*	chrX	48936994	48938034	GATA1	chrX	48786323	0.0	0.0	1	0
GATA1|chrX:48797725-48798225:*	chrX	48940454	48940954	GATA1	chrX	48786323	0.0	0.0	1	0
GATA1|chrX:48798965-48799505:*	chrX	48941708	48942244	GATA1	chrX	48786323	0.0	0.0	1	0
GATA1|chrX:48800185-48800685:*	chrX	48942924	48943424	GATA1	chrX	48786323	0.0	0.0	1	0
GATA1|chrX:48800985-48801485:*	chrX	48943724	48944224	GATA1	chrX	48786323	0.0	0.0	1	0
GATA1|chrX:48802945-48803465:*	chrX	48945685	48946205	GATA1	chrX	48786323	0.0	0.0	1	0
GATA1|chrX:48805845-48806345:*	chrX	48948585	48949085	GATA1	chrX	48786323	0.0	0.0	1	0
GATA1|chrX:48813165-48813685:*	chrX	48955905	48956423	GATA1	chrX	48786323	0.0	0.0	1	0
GATA1|chrX:48818745-48819245:*	chrX	48961484	48961984	GATA1	chrX	48786323	0.0	0.0	1	0
GATA1|chrX:48819285-48819785:*	chrX	48962024	48962524	GATA1	chrX	48786323	0.0	0.0	1	0
GATA1|chrX:48836685-48837185:*	chrX	48980272	48980772	GATA1	chrX	48786323	0.0	0.0	1	0
GATA1|chrX:48860065-48860565:*	chrX	49003655	49004155	GATA1	chrX	48786323	0.0	0.0	0	0
GATA1|chrX:48895325-48895825:*	chrX	49037800	49038300	GATA1	chrX	48786323	0.0	0.0	0	0
GATA1|chrX:48897325-48897825:*	chrX	49039800	49040300	GATA1	chrX	48786323	0.0	0.0	0	0
GATA1|chrX:48899145-48899645:*	chrX	49041618	49042119	GATA1	chrX	48786323	0.0	0.0	0	0
GATA1|chrX:48899705-48900305:*	chrX	49042179	49042779	GATA1	chrX	48786323	0.0	0.0	0	0
GATA1|chrX:48904685-48905265:*	chrX	49047157	49047736	GATA1	chrX	48786323	0.0	0.0	0	0
GATA1|chrX:48917305-48917805:*	chrX	49059774	49060274	GATA1	chrX	48786323	0.0	0.0	0	0
GATA1|chrX:48925945-48926445:*	chrX	49068409	49068909	GATA1	chrX	48786323	0.0	0.0	0	0
GATA1|chrX:48939865-48940365:*	chrX	49082207	49082712	GATA1	chrX	48786323	0.0	0.0	0	0
GATA1|chrX:48940985-48941505:*	chrX	49083332	49084594	GATA1	chrX	48786323	0.0	0.0	0	0
GATA1|chrX:48946465-48946985:*	chrX	49089530	49090049	GATA1	chrX	48786323	0.0	0.0	0	0
GATA1|chrX:48956765-48957325:*	chrX	49099827	49100387	GATA1	chrX	48786323	0.0	0.0	0	0
GATA1|chrX:48963765-48964265:*	chrX	49106834	49107334	GATA1	chrX	48786323	0.0	0.0	0	0
GATA1|chrX:48976385-48976885:*	chrX	49120032	49120532	GATA1	chrX	48786323	0.0	0.0	0	0
GATA1|chrX:48996025-48996525:*	chrX	49139690	49140190	GATA1	chrX	48786323	0.0	0.0	0	0
GATA1|chrX:49004925-49005425:*	chrX	49148590	49149090	GATA1	chrX	48786323	0.0	0.0	0	0
GATA1|chrX:49006585-49007085:*	chrX	49150250	49150750	GATA1	chrX	48786323	0.0	0.0	0	0
GATA1|chrX:49011485-49012945:*	chrX	49155148	49156608	GATA1	chrX	48786323	0.0	0.0	0	0
GATA1|chrX:49014485-49014985:*	chrX	49161593	49162093	GATA1	chrX	48786323	0.0	0.0	0	0
GATA1|chrX:49020285-49020785:*	chrX	49163947	49164447	GATA1	chrX	48786323	0.0	0.0	0	0
GATA1|chrX:49022705-49023205:*	chrX	49166366	49166866	GATA1	chrX	48786323	0.0	0.0	0	0
GATA1|chrX:49023505-49024085:*	chrX	49167166	49167746	GATA1	chrX	48786323	0.0	0.0	0	0
GATA1|chrX:49030945-49031445:*	chrX	49174596	49175096	GATA1	chrX	48786323	0.0	0.0	0	0
GATA1|chrX:49031705-49032285:*	chrX	49175356	49175936	GATA1	chrX	48786323	0.0	0.0	0	0
GATA1|chrX:49033765-49034265:*	chrX	49177416	49177916	GATA1	chrX	48786323	0.0	0.0	0	0
GATA1|chrX:49045105-49045605:*	chrX	49188652	49189152	GATA1	chrX	48786323	0.0	0.0	0	0
GATA1|chrX:49045685-49046185:*	chrX	49189232	49189732	GATA1	chrX	48786323	0.0	0.0	0	0
GATA1|chrX:49047365-49047885:*	chrX	49190908	49191428	GATA1	chrX	48786323	0.0	0.0	0	0
GATA1|chrX:49049105-49049605:*	chrX	49192648	49193148	GATA1	chrX	48786323	0.0	0.0	0	0
GATA1|chrX:49049845-49050365:*	chrX	49193388	49193908	GATA1	chrX	48786323	0.0	0.0	0	0
GATA1|chrX:49066185-49066745:*	chrX	49209725	49210285	GATA1	chrX	48786323	0.0	0.0	0	0
GATA1|chrX:49086865-49087825:*	chrX	49230403	49231363	GATA1	chrX	48786323	0.0	0.0	0	0
GATA1|chrX:49093605-49094365:*	chrX	49237138	49237898	GATA1	chrX	48786323	0.0	0.0	0	0
GATA1|chrX:49096745-49097345:*	chrX	49240277	49240877	GATA1	chrX	48786323	0.0	0.0	0	0
GATA1|chrX:49098125-49098645:*	chrX	49241659	49242179	GATA1	chrX	48786323	0.0	0.0	0	0
GATA1|chrX:49099045-49099565:*	chrX	49242579	49243099	GATA1	chrX	48786323	0.0	0.0	0	0
GATA1|chrX:49100665-49101185:*	chrX	49244199	49244719	GATA1	chrX	48786323	0.0	0.0	0	0
GATA1|chrX:49116665-49117245:*	chrX	49260208	49260788	GATA1	chrX	48786323	0.0	0.0	0	0
GATA1|chrX:49127425-49127925:*	chrX	49270962	49271462	GATA1	chrX	48786323	0.0	0.0	0	0
GATA1|chrX:49129665-49130245:*	chrX	49273202	49273782	GATA1	chrX	48786323	0.0	0.0	0	0
GATA1|chrX:49138945-49139465:*	chrX	49282484	49283004	GATA1	chrX	48786323	0.0	0.0	0	0
GATA1|chrX:49148345-49148845:*	chrX	49291877	49292377	GATA1	chrX	48786323	0.0	0.0	0	0
GATA1|chrX:49437985-49438485:*	chrX	49673382	49673882	GATA1	chrX	48786323	0.0	0.0	0	0
GATA1|chrX:49518745-49519265:*	chrX	49754142	49754662	GATA1	chrX	48786323	0.0	0.0	0	0
GATA1|chrX:49602945-49603445:*	chrX	49838342	49838842	GATA1	chrX	48786323	0.0	0.0	0	0
GATA1|chrX:49605225-49605785:*	chrX	49840622	49841182	GATA1	chrX	48786323	0.0	0.0	0	0
GATA1|chrX:49621265-49621765:*	chrX	49856662	49857162	GATA1	chrX	48786323	0.0	0.0	0	0
GATA1|chrX:49624005-49624505:*	chrX	49859402	49859902	GATA1	chrX	48786323	0.0	0.0	0	0
GATA1|chrX:49625405-49626205:*	chrX	49860802	49861602	GATA1	chrX	48786323	0.0	0.0	0	0
GATA1|chrX:49626645-49627185:*	chrX	49862042	49862582	GATA1	chrX	48786323	0.0	0.0	0	0
GATA1|chrX:49633305-49633805:*	chrX	49868702	49869202	GATA1	chrX	48786323	0.0	0.0	0	0
GATA1|chrX:49641285-49641805:*	chrX	49876682	49877202	GATA1	chrX	48786323	0.0	0.0	0	0
GATA1|chrX:49648805-49649305:*	chrX	49884201	49884701	GATA1	chrX	48786323	0.0	0.0	0	0
GATA1|chrX:49680105-49680685:*	chrX	49915496	49916076	GATA1	chrX	48786323	0.0	0.0	0	0
GATA1|chrX:49684045-49684585:*	chrX	49919435	49919975	GATA1	chrX	48786323	0.0	0.0	0	0
GATA1|chrX:49685645-49686165:*	chrX	49921035	49921555	GATA1	chrX	48786323	0.0	0.0	0	0
GATA1|chrX:49687965-49688465:*	chrX	49923356	49923856	GATA1	chrX	48786323	0.0	0.0	0	0
GATA1|chrX:49689325-49689985:*	chrX	49924715	49925375	GATA1	chrX	48786323	0.0	0.0	0	0
GATA1|chrX:49690965-49691465:*	chrX	49926355	49926855	GATA1	chrX	48786323	0.0	0.0	0	0
GATA1|chrX:49741265-49741785:*	chrX	49976654	49977174	GATA1	chrX	48786323	0.0	0.0	0	0
GATA1|chrX:49810765-49811265:*	chrX	50046156	50046656	GATA1	chrX	48786323	0.0	0.0	0	0
GATA1|chrX:49836225-49836765:*	chrX	50071570	50072110	GATA1	chrX	48786323	0.0	0.0	0	0
GATA1|chrX:49900825-49901845:*	chrX	50136174	50137194	GATA1	chrX	48786323	0.0	0.0	0	0
GATA1|chrX:49941745-49942265:*	chrX	50177101	50177621	GATA1	chrX	48786323	0.0	0.0	0	0
GATA1|chrX:49945145-49945645:*	chrX	50180501	50181003	GATA1	chrX	48786323	0.0	0.0	0	0
GATA1|chrX:49948505-49949145:*	chrX	50183863	50184503	GATA1	chrX	48786323	0.0	0.0	0	0
GATA1|chrX:49962985-49963545:*	chrX	50198334	50198894	GATA1	chrX	48786323	0.0	0.0	0	0
GATA1|chrX:49969065-49969605:*	chrX	50204414	50204954	GATA1	chrX	48786323	0.0	0.0	0	0
GATA1|chrX:50191545-50192045:*	chrX	50448547	50449047	GATA1	chrX	48786323	0.0	0.0	0	0
GATA1|chrX:50322885-50323405:*	chrX	50579885	50580405	GATA1	chrX	48786323	0.0	0.0	0	0
GATA1|chrX:50434665-50435165:*	chrX	50691665	50692165	GATA1	chrX	48786323	0.0	0.0	0	0
GATA1|chrX:48475850-48476350:.	chrX	48617462	48617962	GATA1	chrX	48786323	0.0	0.0	1	0
GATA1|chrX:48641226-48641726:.	chrX	48782818	48783318	GATA1	chrX	48786323	237.05938720703125	12948.75566282158	1	1
GATA1|chrX:48726140-48726783:.	chrX	48867737	48868384	GATA1	chrX	48786323	29.25909996032715	1598.2026308431773	1	0
HDAC6|chrX:46655945-46656445:*	chrX	46796510	46797010	HDAC6	chrX	48801765	0.0	0.0	0	0
HDAC6|chrX:46697525-46698025:*	chrX	46838090	46838590	HDAC6	chrX	48801765	0.0	0.0	0	0
HDAC6|chrX:46773165-46773765:*	chrX	46913730	46914330	HDAC6	chrX	48801765	0.0	0.0	0	0
HDAC6|chrX:46824385-46824885:*	chrX	46957223	46957723	HDAC6	chrX	48801765	0.0	0.0	0	0
HDAC6|chrX:46837945-46838445:*	chrX	46978554	46979054	HDAC6	chrX	48801765	0.0	0.0	0	0
HDAC6|chrX:46870105-46870645:*	chrX	47010703	47011243	HDAC6	chrX	48801765	0.0	0.0	0	0
HDAC6|chrX:46889645-46890165:*	chrX	47030243	47030763	HDAC6	chrX	48801765	0.0	0.0	0	0
HDAC6|chrX:46907325-46907845:*	chrX	47047923	47048443	HDAC6	chrX	48801765	0.0	0.0	0	0
HDAC6|chrX:46918825-46919345:*	chrX	47059423	47059947	HDAC6	chrX	48801765	0.0	0.0	0	0
HDAC6|chrX:46936185-46936705:*	chrX	47076786	47077306	HDAC6	chrX	48801765	0.0	0.0	0	0
HDAC6|chrX:46952565-46953065:*	chrX	47093166	47093666	HDAC6	chrX	48801765	0.0	0.0	0	0
HDAC6|chrX:46988405-46988905:*	chrX	47129006	47129506	HDAC6	chrX	48801765	0.0	0.0	0	0
HDAC6|chrX:46994945-46995465:*	chrX	47135546	47136066	HDAC6	chrX	48801765	0.0	0.0	0	0
HDAC6|chrX:47050785-47051285:*	chrX	47191386	47191886	HDAC6	chrX	48801765	0.0	0.0	0	0
HDAC6|chrX:47056545-47057085:*	chrX	47197146	47197686	HDAC6	chrX	48801765	0.0	0.0	0	0
HDAC6|chrX:47124105-47124625:*	chrX	47264706	47265226	HDAC6	chrX	48801765	0.0	0.0	0	0
HDAC6|chrX:47171685-47172205:*	chrX	47312286	47312806	HDAC6	chrX	48801765	0.0	0.0	0	0
HDAC6|chrX:47180665-47181185:*	chrX	47321266	47321786	HDAC6	chrX	48801765	0.0	0.0	0	0
HDAC6|chrX:47221385-47221925:*	chrX	47361986	47362526	HDAC6	chrX	48801765	0.0	0.0	0	0
HDAC6|chrX:47225545-47226065:*	chrX	47366146	47366666	HDAC6	chrX	48801765	0.0	0.0	0	0
HDAC6|chrX:47239665-47240165:*	chrX	47380266	47380766	HDAC6	chrX	48801765	0.0	0.0	0	0
HDAC6|chrX:47243805-47244325:*	chrX	47384406	47384926	HDAC6	chrX	48801765	0.0	0.0	0	0
HDAC6|chrX:47343205-47343725:*	chrX	47483806	47484326	HDAC6	chrX	48801765	0.0	0.0	0	0
HDAC6|chrX:47382685-47383225:*	chrX	47523286	47523826	HDAC6	chrX	48801765	0.0	0.0	0	0
HDAC6|chrX:47400485-47400985:*	chrX	47541086	47541586	HDAC6	chrX	48801765	0.0	0.0	0	0
HDAC6|chrX:47401485-47402065:*	chrX	47542086	47542666	HDAC6	chrX	48801765	0.0	0.0	0	0
HDAC6|chrX:47419285-47419945:*	chrX	47559886	47560546	HDAC6	chrX	48801765	0.0	0.0	0	0
HDAC6|chrX:47421905-47422425:*	chrX	47562506	47563026	HDAC6	chrX	48801765	0.0	0.0	0	0
HDAC6|chrX:47422665-47423645:*	chrX	47563266	47564246	HDAC6	chrX	48801765	0.0	0.0	0	0
HDAC6|chrX:47432085-47432625:*	chrX	47572686	47573226	HDAC6	chrX	48801765	0.0	0.0	0	0
HDAC6|chrX:47434105-47434605:*	chrX	47574706	47575206	HDAC6	chrX	48801765	0.0	0.0	0	0
HDAC6|chrX:47436745-47437245:*	chrX	47577346	47577846	HDAC6	chrX	48801765	0.0	0.0	0	0
HDAC6|chrX:47438845-47439365:*	chrX	47579446	47579966	HDAC6	chrX	48801765	0.0	0.0	0	0
HDAC6|chrX:47454985-47455485:*	chrX	47595586	47596086	HDAC6	chrX	48801765	0.0	0.0	0	0
HDAC6|chrX:47467865-47468365:*	chrX	47608466	47608966	HDAC6	chrX	48801765	0.0	0.0	0	0
HDAC6|chrX:47488305-47488805:*	chrX	47628906	47629406	HDAC6	chrX	48801765	0.0	0.0	0	0
HDAC6|chrX:47493305-47493805:*	chrX	47633906	47634406	HDAC6	chrX	48801765	0.0	0.0	0	0
HDAC6|chrX:47507005-47507505:*	chrX	47647606	47648106	HDAC6	chrX	48801765	0.0	0.0	0	0
HDAC6|chrX:47508545-47509125:*	chrX	47649146	47649726	HDAC6	chrX	48801765	0.0	0.0	0	0
HDAC6|chrX:47521565-47522065:*	chrX	47662166	47662666	HDAC6	chrX	48801765	0.0	0.0	0	0
HDAC6|chrX:47524065-47524605:*	chrX	47664666	47665206	HDAC6	chrX	48801765	0.0	0.0	0	0
HDAC6|chrX:47535285-47536065:*	chrX	47675886	47676666	HDAC6	chrX	48801765	0.0	0.0	0	0
HDAC6|chrX:47542805-47543305:*	chrX	47683406	47683906	HDAC6	chrX	48801765	0.0	0.0	0	0
HDAC6|chrX:47544885-47545405:*	chrX	47685486	47686006	HDAC6	chrX	48801765	0.0	0.0	0	0
HDAC6|chrX:47570625-47571185:*	chrX	47711226	47711786	HDAC6	chrX	48801765	0.0	0.0	0	0
HDAC6|chrX:47571945-47572585:*	chrX	47712546	47713186	HDAC6	chrX	48801765	0.0	0.0	0	0
HDAC6|chrX:47612005-47612505:*	chrX	47752606	47753106	HDAC6	chrX	48801765	0.0	0.0	0	0
HDAC6|chrX:47632105-47632605:*	chrX	47772706	47773206	HDAC6	chrX	48801765	0.0	0.0	0	0
HDAC6|chrX:47655645-47656365:*	chrX	47796246	47796966	HDAC6	chrX	48801765	0.0	0.0	0	0
HDAC6|chrX:47661905-47662425:*	chrX	47802506	47803026	HDAC6	chrX	48801765	0.0	0.0	0	0
HDAC6|chrX:47674165-47674665:*	chrX	47814766	47815266	HDAC6	chrX	48801765	0.0	0.0	0	0
HDAC6|chrX:47676765-47677285:*	chrX	47817366	47817886	HDAC6	chrX	48801765	0.0	0.0	0	0
HDAC6|chrX:47691105-47691705:*	chrX	47831706	47832306	HDAC6	chrX	48801765	0.0	0.0	0	0
HDAC6|chrX:47740185-47740725:*	chrX	47880786	47881326	HDAC6	chrX	48801765	0.0	0.0	0	0
HDAC6|chrX:47795865-47796365:*	chrX	47936466	47936966	HDAC6	chrX	48801765	0.0	0.0	0	0
HDAC6|chrX:47818245-47818745:*	chrX	47958846	47959346	HDAC6	chrX	48801765	0.0	0.0	0	0
HDAC6|chrX:47942525-47943025:*	chrX	48083156	48083656	HDAC6	chrX	48801765	0.0	0.0	0	0
HDAC6|chrX:48310005-48310525:*	chrX	48451629	48452150	HDAC6	chrX	48801765	0.0	0.0	0	0
HDAC6|chrX:48325705-48326225:*	chrX	48467318	48467838	HDAC6	chrX	48801765	0.0	0.0	0	0
HDAC6|chrX:48326465-48327005:*	chrX	48468078	48468618	HDAC6	chrX	48801765	0.0	0.0	0	0
HDAC6|chrX:48350605-48351345:*	chrX	48492217	48492957	HDAC6	chrX	48801765	0.0	0.0	0	0
HDAC6|chrX:48352405-48352925:*	chrX	48494017	48494537	HDAC6	chrX	48801765	0.0	0.0	0	0
HDAC6|chrX:48354985-48355505:*	chrX	48496597	48497117	HDAC6	chrX	48801765	0.0	0.0	0	0
HDAC6|chrX:48356645-48357245:*	chrX	48498257	48498857	HDAC6	chrX	48801765	0.0	0.0	0	0
HDAC6|chrX:48364025-48364525:*	chrX	48505637	48506137	HDAC6	chrX	48801765	0.0	0.0	0	0
HDAC6|chrX:48369845-48370345:*	chrX	48511457	48511957	HDAC6	chrX	48801765	0.0	0.0	0	0
HDAC6|chrX:48371925-48372445:*	chrX	48513537	48514057	HDAC6	chrX	48801765	0.0	0.0	0	0
HDAC6|chrX:48372685-48373245:*	chrX	48514297	48514857	HDAC6	chrX	48801765	0.0	0.0	0	0
HDAC6|chrX:48405705-48406205:*	chrX	48547317	48547817	HDAC6	chrX	48801765	0.0	0.0	0	0
HDAC6|chrX:48438965-48439465:*	chrX	48580577	48581077	HDAC6	chrX	48801765	0.0	0.0	0	0
HDAC6|chrX:48448065-48448605:*	chrX	48589677	48590217	HDAC6	chrX	48801765	0.0	0.0	0	0
HDAC6|chrX:48449085-48449585:*	chrX	48590697	48591197	HDAC6	chrX	48801765	0.0	0.0	0	0
HDAC6|chrX:48449665-48450385:*	chrX	48591277	48591997	HDAC6	chrX	48801765	0.0	0.0	0	0
HDAC6|chrX:48450485-48450985:*	chrX	48592097	48592597	HDAC6	chrX	48801765	0.0	0.0	0	0
HDAC6|chrX:48451105-48451605:*	chrX	48592717	48593217	HDAC6	chrX	48801765	0.0	0.0	0	0
HDAC6|chrX:48470045-48470565:*	chrX	48611657	48612177	HDAC6	chrX	48801765	0.0	0.0	1	0
HDAC6|chrX:48475885-48476425:*	chrX	48617497	48618037	HDAC6	chrX	48801765	0.0	0.0	1	0
HDAC6|chrX:48487645-48488205:*	chrX	48629257	48629817	HDAC6	chrX	48801765	0.0	0.0	1	0
HDAC6|chrX:48489685-48490205:*	chrX	48631297	48631817	HDAC6	chrX	48801765	0.0	0.0	1	0
HDAC6|chrX:48490385-48490885:*	chrX	48631997	48632497	HDAC6	chrX	48801765	0.0	0.0	1	0
HDAC6|chrX:48495065-48495645:*	chrX	48636677	48637257	HDAC6	chrX	48801765	0.0	0.0	1	0
HDAC6|chrX:48510425-48510965:*	chrX	48652037	48652577	HDAC6	chrX	48801765	0.0	0.0	1	0
HDAC6|chrX:48570385-48570885:*	chrX	48711994	48712494	HDAC6	chrX	48801765	2.8953206539154053	405.4883775022169	1	0
HDAC6|chrX:48573385-48573925:*	chrX	48714980	48715520	HDAC6	chrX	48801765	5.895750045776367	825.6971872830529	1	0
HDAC6|chrX:48597445-48597945:*	chrX	48739038	48739538	HDAC6	chrX	48801765	3.668496608734131	513.7713281381682	1	0
HDAC6|chrX:48610905-48611405:*	chrX	48752502	48753002	HDAC6	chrX	48801765	11.588420867919922	1622.9532190816797	1	0
HDAC6|chrX:48623325-48623865:*	chrX	48764921	48765461	HDAC6	chrX	48801765	17.003650665283203	2381.353758022004	1	0
HDAC6|chrX:48623905-48624465:*	chrX	48765501	48766060	HDAC6	chrX	48801765	16.387651443481445	2295.0833393541307	1	0
HDAC6|chrX:48628605-48629585:*	chrX	48770189	48771169	HDAC6	chrX	48801765	14.893651008605955	2085.8492389770163	1	0
HDAC6|chrX:48635365-48635885:*	chrX	48776950	48777470	HDAC6	chrX	48801765	49.164161682128906	6885.419107132021	1	0
HDAC6|chrX:48641372-48641493:*	chrX	48782964	48783085	HDAC6	chrX	48801765	29.047473907470703	4068.085878277444	1	1
HDAC6|chrX:48643025-48643685:*	chrX	48784617	48785277	HDAC6	chrX	48801765	22.45713806152344	3145.112256770603	1	0
HDAC6|chrX:48647805-48648385:*	chrX	48789397	48789977	HDAC6	chrX	48801765	40.727081298828125	5703.809729651176	1	0
HDAC6|chrX:48651705-48652205:*	chrX	48793298	48793798	HDAC6	chrX	48801765	41.55350875854492	5819.550530004557	1	0
HDAC6|chrX:48652605-48653165:*	chrX	48794198	48794758	HDAC6	chrX	48801765	80.71785736083984	11304.50023642135	1	0
HDAC6|chrX:48653225-48653725:*	chrX	48794818	48795318	HDAC6	chrX	48801765	79.18856811523438	11090.323953703386	1	0
HDAC6|chrX:48656645-48657145:*	chrX	48798238	48798738	HDAC6	chrX	48801765	55.32318115234375	7747.987060911053	1	0
HDAC6|chrX:48659028-48659074:*	chrX	48800621	48800667	HDAC6	chrX	48801765	568.296142578125	79589.62351308024	1	1
HDAC6|chrX:48692065-48692625:*	chrX	48833655	48834215	HDAC6	chrX	48801765	26.48394203186035	3709.064372486456	1	0
HDAC6|chrX:48722545-48723045:*	chrX	48864144	48864644	HDAC6	chrX	48801765	7.671941757202148	1074.4520511786804	1	0
HDAC6|chrX:48726205-48726785:*	chrX	48867802	48868386	HDAC6	chrX	48801765	10.27098274230957	1438.446592055452	1	0
HDAC6|chrX:48742005-48742525:*	chrX	48883606	48884126	HDAC6	chrX	48801765	3.489787578582764	488.74320747627286	1	0
HDAC6|chrX:48800985-48801485:*	chrX	48943724	48944224	HDAC6	chrX	48801765	0.0	0.0	1	0
HDAC6|chrX:48818745-48819245:*	chrX	48961484	48961984	HDAC6	chrX	48801765	0.0	0.0	1	0
HDAC6|chrX:48819285-48819785:*	chrX	48962024	48962524	HDAC6	chrX	48801765	0.0	0.0	1	0
HDAC6|chrX:48836685-48837185:*	chrX	48980272	48980772	HDAC6	chrX	48801765	0.0	0.0	1	0
HDAC6|chrX:48860065-48860565:*	chrX	49003655	49004155	HDAC6	chrX	48801765	0.0	0.0	0	0
HDAC6|chrX:48895325-48895825:*	chrX	49037800	49038300	HDAC6	chrX	48801765	0.0	0.0	0	0
HDAC6|chrX:48917305-48917805:*	chrX	49059774	49060274	HDAC6	chrX	48801765	0.0	0.0	0	0
HDAC6|chrX:48925945-48926445:*	chrX	49068409	49068909	HDAC6	chrX	48801765	0.0	0.0	0	0
HDAC6|chrX:48939865-48940365:*	chrX	49082207	49082712	HDAC6	chrX	48801765	0.0	0.0	0	0
HDAC6|chrX:48940985-48941505:*	chrX	49083332	49084594	HDAC6	chrX	48801765	0.0	0.0	0	0
HDAC6|chrX:48963765-48964265:*	chrX	49106834	49107334	HDAC6	chrX	48801765	0.0	0.0	0	0
HDAC6|chrX:48996025-48996525:*	chrX	49139690	49140190	HDAC6	chrX	48801765	0.0	0.0	0	0
HDAC6|chrX:49004925-49005425:*	chrX	49148590	49149090	HDAC6	chrX	48801765	0.0	0.0	0	0
HDAC6|chrX:49011485-49012945:*	chrX	49155148	49156608	HDAC6	chrX	48801765	0.0	0.0	0	0
HDAC6|chrX:49047365-49047885:*	chrX	49190908	49191428	HDAC6	chrX	48801765	0.0	0.0	0	0
HDAC6|chrX:49049105-49049605:*	chrX	49192648	49193148	HDAC6	chrX	48801765	0.0	0.0	0	0
HDAC6|chrX:49049845-49050365:*	chrX	49193388	49193908	HDAC6	chrX	48801765	0.0	0.0	0	0
HDAC6|chrX:49066185-49066745:*	chrX	49209725	49210285	HDAC6	chrX	48801765	0.0	0.0	0	0
HDAC6|chrX:49086865-49087825:*	chrX	49230403	49231363	HDAC6	chrX	48801765	0.0	0.0	0	0
HDAC6|chrX:49093605-49094365:*	chrX	49237138	49237898	HDAC6	chrX	48801765	0.0	0.0	0	0
HDAC6|chrX:49096745-49097345:*	chrX	49240277	49240877	HDAC6	chrX	48801765	0.0	0.0	0	0
HDAC6|chrX:49098125-49098645:*	chrX	49241659	49242179	HDAC6	chrX	48801765	0.0	0.0	0	0
HDAC6|chrX:49099045-49099565:*	chrX	49242579	49243099	HDAC6	chrX	48801765	0.0	0.0	0	0
HDAC6|chrX:49116665-49117245:*	chrX	49260208	49260788	HDAC6	chrX	48801765	0.0	0.0	0	0
HDAC6|chrX:49138945-49139465:*	chrX	49282484	49283004	HDAC6	chrX	48801765	0.0	0.0	0	0
HDAC6|chrX:49148345-49148845:*	chrX	49291877	49292377	HDAC6	chrX	48801765	0.0	0.0	0	0
HDAC6|chrX:49437985-49438485:*	chrX	49673382	49673882	HDAC6	chrX	48801765	0.0	0.0	0	0
HDAC6|chrX:49518745-49519265:*	chrX	49754142	49754662	HDAC6	chrX	48801765	0.0	0.0	0	0
HDAC6|chrX:49602945-49603445:*	chrX	49838342	49838842	HDAC6	chrX	48801765	0.0	0.0	0	0
HDAC6|chrX:49605225-49605785:*	chrX	49840622	49841182	HDAC6	chrX	48801765	0.0	0.0	0	0
HDAC6|chrX:49621265-49621765:*	chrX	49856662	49857162	HDAC6	chrX	48801765	0.0	0.0	0	0
HDAC6|chrX:49624005-49624505:*	chrX	49859402	49859902	HDAC6	chrX	48801765	0.0	0.0	0	0
HDAC6|chrX:49625405-49626205:*	chrX	49860802	49861602	HDAC6	chrX	48801765	0.0	0.0	0	0
HDAC6|chrX:49626645-49627185:*	chrX	49862042	49862582	HDAC6	chrX	48801765	0.0	0.0	0	0
HDAC6|chrX:49633305-49633805:*	chrX	49868702	49869202	HDAC6	chrX	48801765	0.0	0.0	0	0
HDAC6|chrX:49641285-49641805:*	chrX	49876682	49877202	HDAC6	chrX	48801765	0.0	0.0	0	0
HDAC6|chrX:49648805-49649305:*	chrX	49884201	49884701	HDAC6	chrX	48801765	0.0	0.0	0	0
HDAC6|chrX:49680105-49680685:*	chrX	49915496	49916076	HDAC6	chrX	48801765	0.0	0.0	0	0
HDAC6|chrX:49684045-49684585:*	chrX	49919435	49919975	HDAC6	chrX	48801765	0.0	0.0	0	0
HDAC6|chrX:49741265-49741785:*	chrX	49976654	49977174	HDAC6	chrX	48801765	0.0	0.0	0	0
HDAC6|chrX:49810765-49811265:*	chrX	50046156	50046656	HDAC6	chrX	48801765	0.0	0.0	0	0
HDAC6|chrX:49836225-49836765:*	chrX	50071570	50072110	HDAC6	chrX	48801765	0.0	0.0	0	0
HDAC6|chrX:49900825-49901845:*	chrX	50136174	50137194	HDAC6	chrX	48801765	0.0	0.0	0	0
HDAC6|chrX:49941745-49942265:*	chrX	50177101	50177621	HDAC6	chrX	48801765	0.0	0.0	0	0
HDAC6|chrX:49945145-49945645:*	chrX	50180501	50181003	HDAC6	chrX	48801765	0.0	0.0	0	0
HDAC6|chrX:49948505-49949145:*	chrX	50183863	50184503	HDAC6	chrX	48801765	0.0	0.0	0	0
HDAC6|chrX:49962985-49963545:*	chrX	50198334	50198894	HDAC6	chrX	48801765	0.0	0.0	0	0
HDAC6|chrX:49969065-49969605:*	chrX	50204414	50204954	HDAC6	chrX	48801765	0.0	0.0	0	0
HDAC6|chrX:50191545-50192045:*	chrX	50448547	50449047	HDAC6	chrX	48801765	0.0	0.0	0	0
HDAC6|chrX:50322885-50323405:*	chrX	50579885	50580405	HDAC6	chrX	48801765	0.0	0.0	0	0
HDAC6|chrX:50434665-50435165:*	chrX	50691665	50692165	HDAC6	chrX	48801765	0.0	0.0	0	0
PLP2|chrX:46655945-46656445:*	chrX	46796510	46797010	PLP2	chrX	49171586	0.0	0.0	0	0
PLP2|chrX:46697525-46698025:*	chrX	46838090	46838590	PLP2	chrX	49171586	0.0	0.0	0	0
PLP2|chrX:46773165-46773765:*	chrX	46913730	46914330	PLP2	chrX	49171586	0.0	0.0	0	0
PLP2|chrX:46824385-46824885:*	chrX	46957223	46957723	PLP2	chrX	49171586	0.0	0.0	0	0
PLP2|chrX:46837945-46838445:*	chrX	46978554	46979054	PLP2	chrX	49171586	0.0	0.0	0	0
PLP2|chrX:46870105-46870645:*	chrX	47010703	47011243	PLP2	chrX	49171586	0.0	0.0	0	0
PLP2|chrX:46889645-46890165:*	chrX	47030243	47030763	PLP2	chrX	49171586	0.0	0.0	0	0
PLP2|chrX:46907325-46907845:*	chrX	47047923	47048443	PLP2	chrX	49171586	0.0	0.0	0	0
PLP2|chrX:46918825-46919345:*	chrX	47059423	47059947	PLP2	chrX	49171586	0.0	0.0	0	0
PLP2|chrX:46936185-46936705:*	chrX	47076786	47077306	PLP2	chrX	49171586	0.0	0.0	0	0
PLP2|chrX:46952565-46953065:*	chrX	47093166	47093666	PLP2	chrX	49171586	0.0	0.0	0	0
PLP2|chrX:46988405-46988905:*	chrX	47129006	47129506	PLP2	chrX	49171586	0.0	0.0	0	0
PLP2|chrX:46994945-46995465:*	chrX	47135546	47136066	PLP2	chrX	49171586	0.0	0.0	0	0
PLP2|chrX:47050785-47051285:*	chrX	47191386	47191886	PLP2	chrX	49171586	0.0	0.0	0	0
PLP2|chrX:47056545-47057085:*	chrX	47197146	47197686	PLP2	chrX	49171586	0.0	0.0	0	0
PLP2|chrX:47124105-47124625:*	chrX	47264706	47265226	PLP2	chrX	49171586	0.0	0.0	0	0
PLP2|chrX:47171685-47172205:*	chrX	47312286	47312806	PLP2	chrX	49171586	0.0	0.0	0	0
PLP2|chrX:47180665-47181185:*	chrX	47321266	47321786	PLP2	chrX	49171586	0.0	0.0	0	0
PLP2|chrX:47221385-47221925:*	chrX	47361986	47362526	PLP2	chrX	49171586	0.0	0.0	0	0
PLP2|chrX:47225545-47226065:*	chrX	47366146	47366666	PLP2	chrX	49171586	0.0	0.0	0	0
PLP2|chrX:47239665-47240165:*	chrX	47380266	47380766	PLP2	chrX	49171586	0.0	0.0	0	0
PLP2|chrX:47243805-47244325:*	chrX	47384406	47384926	PLP2	chrX	49171586	0.0	0.0	0	0
PLP2|chrX:47382685-47383225:*	chrX	47523286	47523826	PLP2	chrX	49171586	0.0	0.0	0	0
PLP2|chrX:47400485-47400985:*	chrX	47541086	47541586	PLP2	chrX	49171586	0.0	0.0	0	0
PLP2|chrX:47401485-47402065:*	chrX	47542086	47542666	PLP2	chrX	49171586	0.0	0.0	0	0
PLP2|chrX:47419285-47419945:*	chrX	47559886	47560546	PLP2	chrX	49171586	0.0	0.0	0	0
PLP2|chrX:47421905-47422425:*	chrX	47562506	47563026	PLP2	chrX	49171586	0.0	0.0	0	0
PLP2|chrX:47422665-47423645:*	chrX	47563266	47564246	PLP2	chrX	49171586	0.0	0.0	0	0
PLP2|chrX:47432085-47432625:*	chrX	47572686	47573226	PLP2	chrX	49171586	0.0	0.0	0	0
PLP2|chrX:47434105-47434605:*	chrX	47574706	47575206	PLP2	chrX	49171586	0.0	0.0	0	0
PLP2|chrX:47436745-47437245:*	chrX	47577346	47577846	PLP2	chrX	49171586	0.0	0.0	0	0
PLP2|chrX:47438845-47439365:*	chrX	47579446	47579966	PLP2	chrX	49171586	0.0	0.0	0	0
PLP2|chrX:47454985-47455485:*	chrX	47595586	47596086	PLP2	chrX	49171586	0.0	0.0	0	0
PLP2|chrX:47467865-47468365:*	chrX	47608466	47608966	PLP2	chrX	49171586	0.0	0.0	0	0
PLP2|chrX:47488305-47488805:*	chrX	47628906	47629406	PLP2	chrX	49171586	0.0	0.0	0	0
PLP2|chrX:47493305-47493805:*	chrX	47633906	47634406	PLP2	chrX	49171586	0.0	0.0	0	0
PLP2|chrX:47507005-47507505:*	chrX	47647606	47648106	PLP2	chrX	49171586	0.0	0.0	0	0
PLP2|chrX:47508545-47509125:*	chrX	47649146	47649726	PLP2	chrX	49171586	0.0	0.0	0	0
PLP2|chrX:47521565-47522065:*	chrX	47662166	47662666	PLP2	chrX	49171586	0.0	0.0	0	0
PLP2|chrX:47524065-47524605:*	chrX	47664666	47665206	PLP2	chrX	49171586	0.0	0.0	0	0
PLP2|chrX:47535285-47536065:*	chrX	47675886	47676666	PLP2	chrX	49171586	0.0	0.0	0	0
PLP2|chrX:47542805-47543305:*	chrX	47683406	47683906	PLP2	chrX	49171586	0.0	0.0	0	0
PLP2|chrX:47544885-47545405:*	chrX	47685486	47686006	PLP2	chrX	49171586	0.0	0.0	0	0
PLP2|chrX:47570625-47571185:*	chrX	47711226	47711786	PLP2	chrX	49171586	0.0	0.0	0	0
PLP2|chrX:47571945-47572585:*	chrX	47712546	47713186	PLP2	chrX	49171586	0.0	0.0	0	0
PLP2|chrX:47612005-47612505:*	chrX	47752606	47753106	PLP2	chrX	49171586	0.0	0.0	0	0
PLP2|chrX:47632105-47632605:*	chrX	47772706	47773206	PLP2	chrX	49171586	0.0	0.0	0	0
PLP2|chrX:47655645-47656365:*	chrX	47796246	47796966	PLP2	chrX	49171586	0.0	0.0	0	0
PLP2|chrX:47661905-47662425:*	chrX	47802506	47803026	PLP2	chrX	49171586	0.0	0.0	0	0
PLP2|chrX:47674165-47674665:*	chrX	47814766	47815266	PLP2	chrX	49171586	0.0	0.0	0	0
PLP2|chrX:47676765-47677285:*	chrX	47817366	47817886	PLP2	chrX	49171586	0.0	0.0	0	0
PLP2|chrX:47691105-47691705:*	chrX	47831706	47832306	PLP2	chrX	49171586	0.0	0.0	0	0
PLP2|chrX:47696825-47697325:*	chrX	47837426	47837926	PLP2	chrX	49171586	0.0	0.0	0	0
PLP2|chrX:47740185-47740725:*	chrX	47880786	47881326	PLP2	chrX	49171586	0.0	0.0	0	0
PLP2|chrX:47795865-47796365:*	chrX	47936466	47936966	PLP2	chrX	49171586	0.0	0.0	0	0
PLP2|chrX:47799825-47800345:*	chrX	47940426	47940946	PLP2	chrX	49171586	0.0	0.0	0	0
PLP2|chrX:47818245-47818745:*	chrX	47958846	47959346	PLP2	chrX	49171586	0.0	0.0	0	0
PLP2|chrX:47884985-47885485:*	chrX	48025591	48026091	PLP2	chrX	49171586	0.0	0.0	0	0
PLP2|chrX:47885945-47886505:*	chrX	48026551	48027111	PLP2	chrX	49171586	0.0	0.0	0	0
PLP2|chrX:47942525-47943025:*	chrX	48083156	48083656	PLP2	chrX	49171586	0.0	0.0	0	0
PLP2|chrX:48310005-48310525:*	chrX	48451629	48452150	PLP2	chrX	49171586	0.0	0.0	0	0
PLP2|chrX:48325705-48326225:*	chrX	48467318	48467838	PLP2	chrX	49171586	0.0	0.0	0	0
PLP2|chrX:48326465-48327005:*	chrX	48468078	48468618	PLP2	chrX	49171586	0.0	0.0	0	0
PLP2|chrX:48332405-48332905:*	chrX	48474017	48474517	PLP2	chrX	49171586	0.0	0.0	0	0
PLP2|chrX:48345785-48346285:*	chrX	48487397	48487897	PLP2	chrX	49171586	0.0	0.0	0	0
PLP2|chrX:48350605-48351345:*	chrX	48492217	48492957	PLP2	chrX	49171586	0.0	0.0	0	0
PLP2|chrX:48352405-48352925:*	chrX	48494017	48494537	PLP2	chrX	49171586	0.0	0.0	0	0
PLP2|chrX:48354985-48355505:*	chrX	48496597	48497117	PLP2	chrX	49171586	0.0	0.0	0	0
PLP2|chrX:48356645-48357245:*	chrX	48498257	48498857	PLP2	chrX	49171586	0.0	0.0	0	0
PLP2|chrX:48364025-48364525:*	chrX	48505637	48506137	PLP2	chrX	49171586	0.0	0.0	0	0
PLP2|chrX:48369845-48370345:*	chrX	48511457	48511957	PLP2	chrX	49171586	0.0	0.0	0	0
PLP2|chrX:48371925-48372445:*	chrX	48513537	48514057	PLP2	chrX	49171586	0.0	0.0	0	0
PLP2|chrX:48372685-48373245:*	chrX	48514297	48514857	PLP2	chrX	49171586	0.0	0.0	0	0
PLP2|chrX:48389965-48390465:*	chrX	48531577	48532077	PLP2	chrX	49171586	0.0	0.0	0	0
PLP2|chrX:48390485-48390985:*	chrX	48532097	48532597	PLP2	chrX	49171586	0.0	0.0	0	0
PLP2|chrX:48405705-48406205:*	chrX	48547317	48547817	PLP2	chrX	49171586	0.0	0.0	0	0
PLP2|chrX:48428185-48428765:*	chrX	48569797	48570377	PLP2	chrX	49171586	0.0	0.0	0	0
PLP2|chrX:48431145-48431645:*	chrX	48572757	48573257	PLP2	chrX	49171586	0.0	0.0	0	0
PLP2|chrX:48438965-48439465:*	chrX	48580577	48581077	PLP2	chrX	49171586	0.0	0.0	0	0
PLP2|chrX:48448065-48448605:*	chrX	48589677	48590217	PLP2	chrX	49171586	0.0	0.0	0	0
PLP2|chrX:48449085-48449585:*	chrX	48590697	48591197	PLP2	chrX	49171586	0.0	0.0	0	0
PLP2|chrX:48449665-48450385:*	chrX	48591277	48591997	PLP2	chrX	49171586	0.0	0.0	0	0
PLP2|chrX:48450485-48450985:*	chrX	48592097	48592597	PLP2	chrX	49171586	0.0	0.0	0	0
PLP2|chrX:48451105-48451605:*	chrX	48592717	48593217	PLP2	chrX	49171586	0.0	0.0	0	0
PLP2|chrX:48454285-48454805:*	chrX	48595897	48596417	PLP2	chrX	49171586	0.0	0.0	0	0
PLP2|chrX:48470045-48470565:*	chrX	48611657	48612177	PLP2	chrX	49171586	0.0	0.0	0	0
PLP2|chrX:48475885-48476425:*	chrX	48617497	48618037	PLP2	chrX	49171586	0.0	0.0	0	0
PLP2|chrX:48487645-48488205:*	chrX	48629257	48629817	PLP2	chrX	49171586	0.0	0.0	0	0
PLP2|chrX:48490385-48490885:*	chrX	48631997	48632497	PLP2	chrX	49171586	0.0	0.0	0	0
PLP2|chrX:48495065-48495645:*	chrX	48636677	48637257	PLP2	chrX	49171586	0.0	0.0	0	0
PLP2|chrX:48506625-48507125:*	chrX	48648237	48648737	PLP2	chrX	49171586	0.0	0.0	0	0
PLP2|chrX:48507425-48507925:*	chrX	48649037	48649537	PLP2	chrX	49171586	0.0	0.0	0	0
PLP2|chrX:48510425-48510965:*	chrX	48652037	48652577	PLP2	chrX	49171586	0.0	0.0	0	0
PLP2|chrX:48534565-48535105:*	chrX	48676176	48676716	PLP2	chrX	49171586	0.0	0.0	0	0
PLP2|chrX:48538765-48539265:*	chrX	48680376	48680876	PLP2	chrX	49171586	0.0	0.0	0	0
PLP2|chrX:48559305-48559825:*	chrX	48700914	48701434	PLP2	chrX	49171586	0.0	0.0	0	0
PLP2|chrX:48560285-48560825:*	chrX	48701894	48702434	PLP2	chrX	49171586	0.0	0.0	0	0
PLP2|chrX:48570385-48570885:*	chrX	48711994	48712494	PLP2	chrX	49171586	0.0	0.0	0	0
PLP2|chrX:48573385-48573925:*	chrX	48714980	48715520	PLP2	chrX	49171586	0.0	0.0	0	0
PLP2|chrX:48594765-48595265:*	chrX	48736361	48736858	PLP2	chrX	49171586	0.0	0.0	0	0
PLP2|chrX:48595425-48596325:*	chrX	48737018	48737918	PLP2	chrX	49171586	0.0	0.0	0	0
PLP2|chrX:48597445-48597945:*	chrX	48739038	48739538	PLP2	chrX	49171586	0.0	0.0	0	0
PLP2|chrX:48610905-48611405:*	chrX	48752502	48753002	PLP2	chrX	49171586	0.0	0.0	0	0
PLP2|chrX:48623325-48623865:*	chrX	48764921	48765461	PLP2	chrX	49171586	0.0	0.0	0	0
PLP2|chrX:48623905-48624465:*	chrX	48765501	48766060	PLP2	chrX	49171586	0.0	0.0	0	0
PLP2|chrX:48628605-48629585:*	chrX	48770189	48771169	PLP2	chrX	49171586	0.0	0.0	0	0
PLP2|chrX:48635365-48635885:*	chrX	48776950	48777470	PLP2	chrX	49171586	0.0	0.0	0	0
PLP2|chrX:48637765-48638265:*	chrX	48779350	48779850	PLP2	chrX	49171586	0.0	0.0	0	0
PLP2|chrX:48652605-48653165:*	chrX	48794198	48794758	PLP2	chrX	49171586	0.0	0.0	0	0
PLP2|chrX:48656645-48657145:*	chrX	48798238	48798738	PLP2	chrX	49171586	0.0	0.0	0	0
PLP2|chrX:48670685-48671185:*	chrX	48812278	48812778	PLP2	chrX	49171586	0.0	0.0	0	0
PLP2|chrX:48692065-48692625:*	chrX	48833655	48834215	PLP2	chrX	49171586	0.0	0.0	0	0
PLP2|chrX:48700065-48700565:*	chrX	48841664	48842164	PLP2	chrX	49171586	0.0	0.0	0	0
PLP2|chrX:48713165-48713665:*	chrX	48854765	48855265	PLP2	chrX	49171586	0.0	0.0	0	0
PLP2|chrX:48722545-48723045:*	chrX	48864144	48864644	PLP2	chrX	49171586	0.0	0.0	0	0
PLP2|chrX:48726205-48726785:*	chrX	48867802	48868386	PLP2	chrX	49171586	0.0	0.0	0	0
PLP2|chrX:48742005-48742525:*	chrX	48883606	48884126	PLP2	chrX	49171586	0.0	0.0	0	0
PLP2|chrX:48747605-48748145:*	chrX	48890322	48890862	PLP2	chrX	49171586	0.0	0.0	0	0
PLP2|chrX:48748805-48749325:*	chrX	48891522	48892042	PLP2	chrX	49171586	0.0	0.0	0	0
PLP2|chrX:48794265-48795305:*	chrX	48936994	48938034	PLP2	chrX	49171586	0.0	0.0	0	0
PLP2|chrX:48797725-48798225:*	chrX	48940454	48940954	PLP2	chrX	49171586	0.0	0.0	0	0
PLP2|chrX:48798965-48799505:*	chrX	48941708	48942244	PLP2	chrX	49171586	0.0	0.0	0	0
PLP2|chrX:48800185-48800685:*	chrX	48942924	48943424	PLP2	chrX	49171586	0.0	0.0	0	0
PLP2|chrX:48800985-48801485:*	chrX	48943724	48944224	PLP2	chrX	49171586	0.0	0.0	0	0
PLP2|chrX:48802945-48803465:*	chrX	48945685	48946205	PLP2	chrX	49171586	0.0	0.0	0	0
PLP2|chrX:48805845-48806345:*	chrX	48948585	48949085	PLP2	chrX	49171586	0.0	0.0	0	0
PLP2|chrX:48818745-48819245:*	chrX	48961484	48961984	PLP2	chrX	49171586	0.0	0.0	0	0
PLP2|chrX:48819285-48819785:*	chrX	48962024	48962524	PLP2	chrX	49171586	0.0	0.0	0	0
PLP2|chrX:48836685-48837185:*	chrX	48980272	48980772	PLP2	chrX	49171586	0.0	0.0	1	0
PLP2|chrX:48895325-48895825:*	chrX	49037800	49038300	PLP2	chrX	49171586	0.0	0.0	1	0
PLP2|chrX:48904685-48905265:*	chrX	49047157	49047736	PLP2	chrX	49171586	0.0	0.0	1	0
PLP2|chrX:48917305-48917805:*	chrX	49059774	49060274	PLP2	chrX	49171586	0.0	0.0	1	0
PLP2|chrX:48925945-48926445:*	chrX	49068409	49068909	PLP2	chrX	49171586	0.0	0.0	1	0
PLP2|chrX:48939865-48940365:*	chrX	49082207	49082712	PLP2	chrX	49171586	4.728973865509033	327.8386854555216	1	0
PLP2|chrX:48940985-48941505:*	chrX	49083332	49084594	PLP2	chrX	49171586	3.1524863243103027	218.54782916360028	1	0
PLP2|chrX:48956765-48957325:*	chrX	49099827	49100387	PLP2	chrX	49171586	6.981912136077881	484.0248565026359	1	0
PLP2|chrX:49006585-49007085:*	chrX	49150250	49150750	PLP2	chrX	49171586	23.0483512878418	1597.839489711322	1	0
PLP2|chrX:49014485-49014985:*	chrX	49161593	49162093	PLP2	chrX	49171586	51.8741340637207	3596.202559847114	1	0
PLP2|chrX:49045105-49045605:*	chrX	49188652	49189152	PLP2	chrX	49171586	45.79315948486328	3174.6356895454387	1	0
PLP2|chrX:49045685-49046185:*	chrX	49189232	49189732	PLP2	chrX	49171586	37.76225662231445	2617.888980353044	1	0
PLP2|chrX:49049105-49049605:*	chrX	49192648	49193148	PLP2	chrX	49171586	54.020294189453125	3744.986277923644	1	0
PLP2|chrX:49066185-49066745:*	chrX	49209725	49210285	PLP2	chrX	49171586	27.78819274902344	1926.4315771480549	1	0
PLP2|chrX:49096745-49097345:*	chrX	49240277	49240877	PLP2	chrX	49171586	8.280027389526367	574.0174025313299	1	0
PLP2|chrX:49098125-49098645:*	chrX	49241659	49242179	PLP2	chrX	49171586	11.185890197753906	775.4679222966495	1	0
PLP2|chrX:49099045-49099565:*	chrX	49242579	49243099	PLP2	chrX	49171586	12.340150833129885	855.4876686806745	1	0
PLP2|chrX:49100665-49101185:*	chrX	49244199	49244719	PLP2	chrX	49171586	6.1032819747924805	423.1133426585279	1	0
PLP2|chrX:49116665-49117245:*	chrX	49260208	49260788	PLP2	chrX	49171586	5.772001266479492	400.1471273613296	1	0
PLP2|chrX:49127425-49127925:*	chrX	49270962	49271462	PLP2	chrX	49171586	0.0	0.0	1	0
PLP2|chrX:49129665-49130245:*	chrX	49273202	49273782	PLP2	chrX	49171586	0.0	0.0	1	0
PLP2|chrX:49138945-49139465:*	chrX	49282484	49283004	PLP2	chrX	49171586	0.0	0.0	1	0
PLP2|chrX:49164165-49164725:*	chrX	49307686	49308246	PLP2	chrX	49171586	0.0	0.0	1	0
PLP2|chrX:49172485-49172985:*	chrX	49316006	49316506	PLP2	chrX	49171586	0.0	0.0	1	0
PLP2|chrX:49437985-49438485:*	chrX	49673382	49673882	PLP2	chrX	49171586	0.0	0.0	0	0
PLP2|chrX:49518745-49519265:*	chrX	49754142	49754662	PLP2	chrX	49171586	0.0	0.0	0	0
PLP2|chrX:49602945-49603445:*	chrX	49838342	49838842	PLP2	chrX	49171586	0.0	0.0	0	0
PLP2|chrX:49605225-49605785:*	chrX	49840622	49841182	PLP2	chrX	49171586	0.0	0.0	0	0
PLP2|chrX:49621265-49621765:*	chrX	49856662	49857162	PLP2	chrX	49171586	0.0	0.0	0	0
PLP2|chrX:49624005-49624505:*	chrX	49859402	49859902	PLP2	chrX	49171586	0.0	0.0	0	0
PLP2|chrX:49625405-49626205:*	chrX	49860802	49861602	PLP2	chrX	49171586	0.0	0.0	0	0
PLP2|chrX:49626645-49627185:*	chrX	49862042	49862582	PLP2	chrX	49171586	0.0	0.0	0	0
PLP2|chrX:49633305-49633805:*	chrX	49868702	49869202	PLP2	chrX	49171586	0.0	0.0	0	0
PLP2|chrX:49641285-49641805:*	chrX	49876682	49877202	PLP2	chrX	49171586	0.0	0.0	0	0
PLP2|chrX:49648805-49649305:*	chrX	49884201	49884701	PLP2	chrX	49171586	0.0	0.0	0	0
PLP2|chrX:49680105-49680685:*	chrX	49915496	49916076	PLP2	chrX	49171586	0.0	0.0	0	0
PLP2|chrX:49684045-49684585:*	chrX	49919435	49919975	PLP2	chrX	49171586	0.0	0.0	0	0
PLP2|chrX:49685645-49686165:*	chrX	49921035	49921555	PLP2	chrX	49171586	0.0	0.0	0	0
PLP2|chrX:49687965-49688465:*	chrX	49923356	49923856	PLP2	chrX	49171586	0.0	0.0	0	0
PLP2|chrX:49689325-49689985:*	chrX	49924715	49925375	PLP2	chrX	49171586	0.0	0.0	0	0
PLP2|chrX:49690965-49691465:*	chrX	49926355	49926855	PLP2	chrX	49171586	0.0	0.0	0	0
PLP2|chrX:49741265-49741785:*	chrX	49976654	49977174	PLP2	chrX	49171586	0.0	0.0	0	0
PLP2|chrX:49810765-49811265:*	chrX	50046156	50046656	PLP2	chrX	49171586	0.0	0.0	0	0
PLP2|chrX:49836225-49836765:*	chrX	50071570	50072110	PLP2	chrX	49171586	0.0	0.0	0	0
PLP2|chrX:49900825-49901845:*	chrX	50136174	50137194	PLP2	chrX	49171586	0.0	0.0	0	0
PLP2|chrX:49941745-49942265:*	chrX	50177101	50177621	PLP2	chrX	49171586	0.0	0.0	0	0
PLP2|chrX:49945145-49945645:*	chrX	50180501	50181003	PLP2	chrX	49171586	0.0	0.0	0	0
PLP2|chrX:49948505-49949145:*	chrX	50183863	50184503	PLP2	chrX	49171586	0.0	0.0	0	0
PLP2|chrX:49962985-49963545:*	chrX	50198334	50198894	PLP2	chrX	49171586	0.0	0.0	0	0
PLP2|chrX:49969065-49969605:*	chrX	50204414	50204954	PLP2	chrX	49171586	0.0	0.0	0	0
PLP2|chrX:50191545-50192045:*	chrX	50448547	50449047	PLP2	chrX	49171586	0.0	0.0	0	0
PLP2|chrX:50322885-50323405:*	chrX	50579885	50580405	PLP2	chrX	49171586	0.0	0.0	0	0
PLP2|chrX:50434665-50435165:*	chrX	50691665	50692165	PLP2	chrX	49171586	0.0	0.0	0	0
PLP2|chrX:48489720-48490220:.	chrX	48631332	48631832	PLP2	chrX	49171586	0.0	0.0	0	0
PQBP1|chrX:46655945-46656445:*	chrX	46796510	46797010	PQBP1	chrX	48897661	0.0	0.0	0	0
PQBP1|chrX:46697525-46698025:*	chrX	46838090	46838590	PQBP1	chrX	48897661	0.0	0.0	0	0
PQBP1|chrX:46773165-46773765:*	chrX	46913730	46914330	PQBP1	chrX	48897661	0.0	0.0	0	0
PQBP1|chrX:46824385-46824885:*	chrX	46957223	46957723	PQBP1	chrX	48897661	0.0	0.0	0	0
PQBP1|chrX:46837945-46838445:*	chrX	46978554	46979054	PQBP1	chrX	48897661	0.0	0.0	0	0
PQBP1|chrX:46870105-46870645:*	chrX	47010703	47011243	PQBP1	chrX	48897661	0.0	0.0	0	0
PQBP1|chrX:46889645-46890165:*	chrX	47030243	47030763	PQBP1	chrX	48897661	0.0	0.0	0	0
PQBP1|chrX:46907325-46907845:*	chrX	47047923	47048443	PQBP1	chrX	48897661	0.0	0.0	0	0
PQBP1|chrX:46918825-46919345:*	chrX	47059423	47059947	PQBP1	chrX	48897661	0.0	0.0	0	0
PQBP1|chrX:46936185-46936705:*	chrX	47076786	47077306	PQBP1	chrX	48897661	0.0	0.0	0	0
PQBP1|chrX:46952565-46953065:*	chrX	47093166	47093666	PQBP1	chrX	48897661	0.0	0.0	0	0
PQBP1|chrX:46988405-46988905:*	chrX	47129006	47129506	PQBP1	chrX	48897661	0.0	0.0	0	0
PQBP1|chrX:46994945-46995465:*	chrX	47135546	47136066	PQBP1	chrX	48897661	0.0	0.0	0	0
PQBP1|chrX:47050785-47051285:*	chrX	47191386	47191886	PQBP1	chrX	48897661	0.0	0.0	0	0
PQBP1|chrX:47056545-47057085:*	chrX	47197146	47197686	PQBP1	chrX	48897661	0.0	0.0	0	0
PQBP1|chrX:47124105-47124625:*	chrX	47264706	47265226	PQBP1	chrX	48897661	0.0	0.0	0	0
PQBP1|chrX:47144785-47145285:*	chrX	47285386	47285886	PQBP1	chrX	48897661	0.0	0.0	0	0
PQBP1|chrX:47171685-47172205:*	chrX	47312286	47312806	PQBP1	chrX	48897661	0.0	0.0	0	0
PQBP1|chrX:47180665-47181185:*	chrX	47321266	47321786	PQBP1	chrX	48897661	0.0	0.0	0	0
PQBP1|chrX:47221385-47221925:*	chrX	47361986	47362526	PQBP1	chrX	48897661	0.0	0.0	0	0
PQBP1|chrX:47225545-47226065:*	chrX	47366146	47366666	PQBP1	chrX	48897661	0.0	0.0	0	0
PQBP1|chrX:47239665-47240165:*	chrX	47380266	47380766	PQBP1	chrX	48897661	0.0	0.0	0	0
PQBP1|chrX:47243805-47244325:*	chrX	47384406	47384926	PQBP1	chrX	48897661	0.0	0.0	0	0
PQBP1|chrX:47343205-47343725:*	chrX	47483806	47484326	PQBP1	chrX	48897661	0.0	0.0	0	0
PQBP1|chrX:47382685-47383225:*	chrX	47523286	47523826	PQBP1	chrX	48897661	0.0	0.0	0	0
PQBP1|chrX:47400485-47400985:*	chrX	47541086	47541586	PQBP1	chrX	48897661	0.0	0.0	0	0
PQBP1|chrX:47401485-47402065:*	chrX	47542086	47542666	PQBP1	chrX	48897661	0.0	0.0	0	0
PQBP1|chrX:47432085-47432625:*	chrX	47572686	47573226	PQBP1	chrX	48897661	0.0	0.0	0	0
PQBP1|chrX:47434105-47434605:*	chrX	47574706	47575206	PQBP1	chrX	48897661	0.0	0.0	0	0
PQBP1|chrX:47436745-47437245:*	chrX	47577346	47577846	PQBP1	chrX	48897661	0.0	0.0	0	0
PQBP1|chrX:47438845-47439365:*	chrX	47579446	47579966	PQBP1	chrX	48897661	0.0	0.0	0	0
PQBP1|chrX:47454985-47455485:*	chrX	47595586	47596086	PQBP1	chrX	48897661	0.0	0.0	0	0
PQBP1|chrX:47467865-47468365:*	chrX	47608466	47608966	PQBP1	chrX	48897661	0.0	0.0	0	0
PQBP1|chrX:47488305-47488805:*	chrX	47628906	47629406	PQBP1	chrX	48897661	0.0	0.0	0	0
PQBP1|chrX:47493305-47493805:*	chrX	47633906	47634406	PQBP1	chrX	48897661	0.0	0.0	0	0
PQBP1|chrX:47507005-47507505:*	chrX	47647606	47648106	PQBP1	chrX	48897661	0.0	0.0	0	0
PQBP1|chrX:47508545-47509125:*	chrX	47649146	47649726	PQBP1	chrX	48897661	0.0	0.0	0	0
PQBP1|chrX:47521565-47522065:*	chrX	47662166	47662666	PQBP1	chrX	48897661	0.0	0.0	0	0
PQBP1|chrX:47524065-47524605:*	chrX	47664666	47665206	PQBP1	chrX	48897661	0.0	0.0	0	0
PQBP1|chrX:47535285-47536065:*	chrX	47675886	47676666	PQBP1	chrX	48897661	0.0	0.0	0	0
PQBP1|chrX:47542805-47543305:*	chrX	47683406	47683906	PQBP1	chrX	48897661	0.0	0.0	0	0
PQBP1|chrX:47544885-47545405:*	chrX	47685486	47686006	PQBP1	chrX	48897661	0.0	0.0	0	0
PQBP1|chrX:47570625-47571185:*	chrX	47711226	47711786	PQBP1	chrX	48897661	0.0	0.0	0	0
PQBP1|chrX:47571945-47572585:*	chrX	47712546	47713186	PQBP1	chrX	48897661	0.0	0.0	0	0
PQBP1|chrX:47612005-47612505:*	chrX	47752606	47753106	PQBP1	chrX	48897661	0.0	0.0	0	0
PQBP1|chrX:47632105-47632605:*	chrX	47772706	47773206	PQBP1	chrX	48897661	0.0	0.0	0	0
PQBP1|chrX:47655645-47656365:*	chrX	47796246	47796966	PQBP1	chrX	48897661	0.0	0.0	0	0
PQBP1|chrX:47661905-47662425:*	chrX	47802506	47803026	PQBP1	chrX	48897661	0.0	0.0	0	0
PQBP1|chrX:47674165-47674665:*	chrX	47814766	47815266	PQBP1	chrX	48897661	0.0	0.0	0	0
PQBP1|chrX:47676765-47677285:*	chrX	47817366	47817886	PQBP1	chrX	48897661	0.0	0.0	0	0
PQBP1|chrX:47691105-47691705:*	chrX	47831706	47832306	PQBP1	chrX	48897661	0.0	0.0	0	0
PQBP1|chrX:47740185-47740725:*	chrX	47880786	47881326	PQBP1	chrX	48897661	0.0	0.0	0	0
PQBP1|chrX:47795865-47796365:*	chrX	47936466	47936966	PQBP1	chrX	48897661	0.0	0.0	0	0
PQBP1|chrX:47818245-47818745:*	chrX	47958846	47959346	PQBP1	chrX	48897661	0.0	0.0	0	0
PQBP1|chrX:47884985-47885485:*	chrX	48025591	48026091	PQBP1	chrX	48897661	0.0	0.0	0	0
PQBP1|chrX:47885945-47886505:*	chrX	48026551	48027111	PQBP1	chrX	48897661	0.0	0.0	0	0
PQBP1|chrX:47942525-47943025:*	chrX	48083156	48083656	PQBP1	chrX	48897661	0.0	0.0	0	0
PQBP1|chrX:48310005-48310525:*	chrX	48451629	48452150	PQBP1	chrX	48897661	0.0	0.0	0	0
PQBP1|chrX:48325705-48326225:*	chrX	48467318	48467838	PQBP1	chrX	48897661	0.0	0.0	0	0
PQBP1|chrX:48326465-48327005:*	chrX	48468078	48468618	PQBP1	chrX	48897661	0.0	0.0	0	0
PQBP1|chrX:48345785-48346285:*	chrX	48487397	48487897	PQBP1	chrX	48897661	0.0	0.0	0	0
PQBP1|chrX:48350605-48351345:*	chrX	48492217	48492957	PQBP1	chrX	48897661	0.0	0.0	0	0
PQBP1|chrX:48352405-48352925:*	chrX	48494017	48494537	PQBP1	chrX	48897661	0.0	0.0	0	0
PQBP1|chrX:48354985-48355505:*	chrX	48496597	48497117	PQBP1	chrX	48897661	0.0	0.0	0	0
PQBP1|chrX:48356645-48357245:*	chrX	48498257	48498857	PQBP1	chrX	48897661	0.0	0.0	0	0
PQBP1|chrX:48364025-48364525:*	chrX	48505637	48506137	PQBP1	chrX	48897661	0.0	0.0	0	0
PQBP1|chrX:48371925-48372445:*	chrX	48513537	48514057	PQBP1	chrX	48897661	0.0	0.0	0	0
PQBP1|chrX:48372685-48373245:*	chrX	48514297	48514857	PQBP1	chrX	48897661	0.0	0.0	0	0
PQBP1|chrX:48389965-48390465:*	chrX	48531577	48532077	PQBP1	chrX	48897661	0.0	0.0	0	0
PQBP1|chrX:48390485-48390985:*	chrX	48532097	48532597	PQBP1	chrX	48897661	0.0	0.0	0	0
PQBP1|chrX:48405705-48406205:*	chrX	48547317	48547817	PQBP1	chrX	48897661	0.0	0.0	0	0
PQBP1|chrX:48438965-48439465:*	chrX	48580577	48581077	PQBP1	chrX	48897661	0.0	0.0	0	0
PQBP1|chrX:48448065-48448605:*	chrX	48589677	48590217	PQBP1	chrX	48897661	0.0	0.0	0	0
PQBP1|chrX:48449085-48449585:*	chrX	48590697	48591197	PQBP1	chrX	48897661	0.0	0.0	0	0
PQBP1|chrX:48449665-48450385:*	chrX	48591277	48591997	PQBP1	chrX	48897661	0.0	0.0	0	0
PQBP1|chrX:48450485-48450985:*	chrX	48592097	48592597	PQBP1	chrX	48897661	0.0	0.0	0	0
PQBP1|chrX:48451105-48451605:*	chrX	48592717	48593217	PQBP1	chrX	48897661	0.0	0.0	0	0
PQBP1|chrX:48470045-48470565:*	chrX	48611657	48612177	PQBP1	chrX	48897661	0.0	0.0	0	0
PQBP1|chrX:48475885-48476425:*	chrX	48617497	48618037	PQBP1	chrX	48897661	0.0	0.0	0	0
PQBP1|chrX:48487645-48488205:*	chrX	48629257	48629817	PQBP1	chrX	48897661	0.0	0.0	0	0
PQBP1|chrX:48495065-48495645:*	chrX	48636677	48637257	PQBP1	chrX	48897661	0.0	0.0	0	0
PQBP1|chrX:48538765-48539265:*	chrX	48680376	48680876	PQBP1	chrX	48897661	0.0	0.0	0	0
PQBP1|chrX:48570385-48570885:*	chrX	48711994	48712494	PQBP1	chrX	48897661	0.0	0.0	1	0
PQBP1|chrX:48573385-48573925:*	chrX	48714980	48715520	PQBP1	chrX	48897661	0.0	0.0	1	0
PQBP1|chrX:48597445-48597945:*	chrX	48739038	48739538	PQBP1	chrX	48897661	0.0	0.0	1	0
PQBP1|chrX:48610905-48611405:*	chrX	48752502	48753002	PQBP1	chrX	48897661	0.0	0.0	1	0
PQBP1|chrX:48623325-48623865:*	chrX	48764921	48765461	PQBP1	chrX	48897661	0.0	0.0	1	0
PQBP1|chrX:48623905-48624465:*	chrX	48765501	48766060	PQBP1	chrX	48897661	0.0	0.0	1	0
PQBP1|chrX:48628605-48629585:*	chrX	48770189	48771169	PQBP1	chrX	48897661	0.0	0.0	1	0
PQBP1|chrX:48635365-48635885:*	chrX	48776950	48777470	PQBP1	chrX	48897661	0.0	0.0	1	0
PQBP1|chrX:48637765-48638265:*	chrX	48779350	48779850	PQBP1	chrX	48897661	0.0	0.0	1	0
PQBP1|chrX:48641205-48641705:*	chrX	48782797	48783297	PQBP1	chrX	48897661	0.0	0.0	1	0
PQBP1|chrX:48643025-48643685:*	chrX	48784617	48785277	PQBP1	chrX	48897661	0.0	0.0	1	0
PQBP1|chrX:48647805-48648385:*	chrX	48789397	48789977	PQBP1	chrX	48897661	0.0	0.0	1	0
PQBP1|chrX:48651705-48652205:*	chrX	48793298	48793798	PQBP1	chrX	48897661	0.0	0.0	1	0
PQBP1|chrX:48652605-48653165:*	chrX	48794198	48794758	PQBP1	chrX	48897661	0.0	0.0	1	0
PQBP1|chrX:48653225-48653725:*	chrX	48794818	48795318	PQBP1	chrX	48897661	0.0	0.0	1	0
PQBP1|chrX:48656645-48657145:*	chrX	48798238	48798738	PQBP1	chrX	48897661	0.5530499815940857	17.85966712305313	1	0
PQBP1|chrX:48670685-48671185:*	chrX	48812278	48812778	PQBP1	chrX	48897661	13.39601230621338	432.5980083675184	1	0
PQBP1|chrX:48742005-48742525:*	chrX	48883606	48884126	PQBP1	chrX	48897661	61.12389373779297	1973.876560442739	1	0
PQBP1|chrX:48747605-48748145:*	chrX	48890322	48890862	PQBP1	chrX	48897661	212.345458984375	6857.281147757703	1	0
PQBP1|chrX:48748805-48749325:*	chrX	48891522	48892042	PQBP1	chrX	48897661	265.5331726074219	8574.874298391042	1	0
PQBP1|chrX:48800985-48801485:*	chrX	48943724	48944224	PQBP1	chrX	48897661	27.41812896728516	885.4148319130691	1	0
PQBP1|chrX:48818745-48819245:*	chrX	48961484	48961984	PQBP1	chrX	48897661	50.02086639404297	1615.326015253367	1	0
PQBP1|chrX:48819285-48819785:*	chrX	48962024	48962524	PQBP1	chrX	48897661	41.549949645996094	1341.774332074302	1	0
PQBP1|chrX:48836685-48837185:*	chrX	48980272	48980772	PQBP1	chrX	48897661	9.769492149353027	315.4866351243936	1	0
PQBP1|chrX:48895325-48895825:*	chrX	49037800	49038300	PQBP1	chrX	48897661	0.0	0.0	1	0
PQBP1|chrX:48917305-48917805:*	chrX	49059774	49060274	PQBP1	chrX	48897661	0.0	0.0	1	0
PQBP1|chrX:48925945-48926445:*	chrX	49068409	49068909	PQBP1	chrX	48897661	0.0	0.0	1	0
PQBP1|chrX:48939865-48940365:*	chrX	49082207	49082712	PQBP1	chrX	48897661	0.0	0.0	1	0
PQBP1|chrX:48940985-48941505:*	chrX	49083332	49084594	PQBP1	chrX	48897661	0.0	0.0	1	0
PQBP1|chrX:48996025-48996525:*	chrX	49139690	49140190	PQBP1	chrX	48897661	0.0	0.0	0	0
PQBP1|chrX:49004925-49005425:*	chrX	49148590	49149090	PQBP1	chrX	48897661	0.0	0.0	0	0
PQBP1|chrX:49011485-49012945:*	chrX	49155148	49156608	PQBP1	chrX	48897661	0.0	0.0	0	0
PQBP1|chrX:49030945-49031445:*	chrX	49174596	49175096	PQBP1	chrX	48897661	0.0	0.0	0	0
PQBP1|chrX:49031705-49032285:*	chrX	49175356	49175936	PQBP1	chrX	48897661	0.0	0.0	0	0
PQBP1|chrX:49033765-49034265:*	chrX	49177416	49177916	PQBP1	chrX	48897661	0.0	0.0	0	0
PQBP1|chrX:49045105-49045605:*	chrX	49188652	49189152	PQBP1	chrX	48897661	0.0	0.0	0	0
PQBP1|chrX:49045685-49046185:*	chrX	49189232	49189732	PQBP1	chrX	48897661	0.0	0.0	0	0
PQBP1|chrX:49047365-49047885:*	chrX	49190908	49191428	PQBP1	chrX	48897661	0.0	0.0	0	0
PQBP1|chrX:49049845-49050365:*	chrX	49193388	49193908	PQBP1	chrX	48897661	0.0	0.0	0	0
PQBP1|chrX:49066185-49066745:*	chrX	49209725	49210285	PQBP1	chrX	48897661	0.0	0.0	0	0
PQBP1|chrX:49086865-49087825:*	chrX	49230403	49231363	PQBP1	chrX	48897661	0.0	0.0	0	0
PQBP1|chrX:49093605-49094365:*	chrX	49237138	49237898	PQBP1	chrX	48897661	0.0	0.0	0	0
PQBP1|chrX:49096745-49097345:*	chrX	49240277	49240877	PQBP1	chrX	48897661	0.0	0.0	0	0
PQBP1|chrX:49098125-49098645:*	chrX	49241659	49242179	PQBP1	chrX	48897661	0.0	0.0	0	0
PQBP1|chrX:49099045-49099565:*	chrX	49242579	49243099	PQBP1	chrX	48897661	0.0	0.0	0	0
PQBP1|chrX:49100665-49101185:*	chrX	49244199	49244719	PQBP1	chrX	48897661	0.0	0.0	0	0
PQBP1|chrX:49127425-49127925:*	chrX	49270962	49271462	PQBP1	chrX	48897661	0.0	0.0	0	0
PQBP1|chrX:49129665-49130245:*	chrX	49273202	49273782	PQBP1	chrX	48897661	0.0	0.0	0	0
PQBP1|chrX:49138945-49139465:*	chrX	49282484	49283004	PQBP1	chrX	48897661	0.0	0.0	0	0
PQBP1|chrX:49148345-49148845:*	chrX	49291877	49292377	PQBP1	chrX	48897661	0.0	0.0	0	0
PQBP1|chrX:49437985-49438485:*	chrX	49673382	49673882	PQBP1	chrX	48897661	0.0	0.0	0	0
PQBP1|chrX:49518745-49519265:*	chrX	49754142	49754662	PQBP1	chrX	48897661	0.0	0.0	0	0
PQBP1|chrX:49602945-49603445:*	chrX	49838342	49838842	PQBP1	chrX	48897661	0.0	0.0	0	0
PQBP1|chrX:49605225-49605785:*	chrX	49840622	49841182	PQBP1	chrX	48897661	0.0	0.0	0	0
PQBP1|chrX:49621265-49621765:*	chrX	49856662	49857162	PQBP1	chrX	48897661	0.0	0.0	0	0
PQBP1|chrX:49624005-49624505:*	chrX	49859402	49859902	PQBP1	chrX	48897661	0.0	0.0	0	0
PQBP1|chrX:49625405-49626205:*	chrX	49860802	49861602	PQBP1	chrX	48897661	0.0	0.0	0	0
PQBP1|chrX:49626645-49627185:*	chrX	49862042	49862582	PQBP1	chrX	48897661	0.0	0.0	0	0
PQBP1|chrX:49633305-49633805:*	chrX	49868702	49869202	PQBP1	chrX	48897661	0.0	0.0	0	0
PQBP1|chrX:49641285-49641805:*	chrX	49876682	49877202	PQBP1	chrX	48897661	0.0	0.0	0	0
PQBP1|chrX:49648805-49649305:*	chrX	49884201	49884701	PQBP1	chrX	48897661	0.0	0.0	0	0
PQBP1|chrX:49680105-49680685:*	chrX	49915496	49916076	PQBP1	chrX	48897661	0.0	0.0	0	0
PQBP1|chrX:49684045-49684585:*	chrX	49919435	49919975	PQBP1	chrX	48897661	0.0	0.0	0	0
PQBP1|chrX:49685645-49686165:*	chrX	49921035	49921555	PQBP1	chrX	48897661	0.0	0.0	0	0
PQBP1|chrX:49687965-49688465:*	chrX	49923356	49923856	PQBP1	chrX	48897661	0.0	0.0	0	0
PQBP1|chrX:49689325-49689985:*	chrX	49924715	49925375	PQBP1	chrX	48897661	0.0	0.0	0	0
PQBP1|chrX:49690965-49691465:*	chrX	49926355	49926855	PQBP1	chrX	48897661	0.0	0.0	0	0
PQBP1|chrX:49741265-49741785:*	chrX	49976654	49977174	PQBP1	chrX	48897661	0.0	0.0	0	0
PQBP1|chrX:49810765-49811265:*	chrX	50046156	50046656	PQBP1	chrX	48897661	0.0	0.0	0	0
PQBP1|chrX:49836225-49836765:*	chrX	50071570	50072110	PQBP1	chrX	48897661	0.0	0.0	0	0
PQBP1|chrX:49900825-49901845:*	chrX	50136174	50137194	PQBP1	chrX	48897661	0.0	0.0	0	0
PQBP1|chrX:49941745-49942265:*	chrX	50177101	50177621	PQBP1	chrX	48897661	0.0	0.0	0	0
PQBP1|chrX:49945145-49945645:*	chrX	50180501	50181003	PQBP1	chrX	48897661	0.0	0.0	0	0
PQBP1|chrX:49948505-49949145:*	chrX	50183863	50184503	PQBP1	chrX	48897661	0.0	0.0	0	0
PQBP1|chrX:49962985-49963545:*	chrX	50198334	50198894	PQBP1	chrX	48897661	0.0	0.0	0	0
PQBP1|chrX:49969065-49969605:*	chrX	50204414	50204954	PQBP1	chrX	48897661	0.0	0.0	0	0
PQBP1|chrX:50191545-50192045:*	chrX	50448547	50449047	PQBP1	chrX	48897661	0.0	0.0	0	0
PQBP1|chrX:50322885-50323405:*	chrX	50579885	50580405	PQBP1	chrX	48897661	0.0	0.0	0	0
PQBP1|chrX:50434665-50435165:*	chrX	50691665	50692165	PQBP1	chrX	48897661	0.0	0.0	0	0
ALAS2|chrX:55054662-55054701:*	chrX	55028229	55028268	ALAS2	chrX	55031314	479.38763427734375	37275.98717604928	1	1
RPL22|chr1:5364638-5365138:.	chr1	5304578	5305078	RPL22	chr1	6199869	0.0	0.0	0	0
PARK7|chr1:8257508-8258304:.	chr1	8197448	8198244	PARK7	chr1	7961403	0.0	0.0	0	0
PARK7|chr1:8959909-8960409:.	chr1	8899850	8900350	PARK7	chr1	7961403	0.0	0.0	0	0
ENO1|chr1:9205214-9205714:.	chr1	9145155	9145655	ENO1	chr1	8879342	0.0	0.0	0	0
MAD2L2|chr1:11942001-11942501:.	chr1	11881944	11882444	MAD2L2	chr1	11681464	0.0	0.0	0	0
MAD2L2|chr1:11942619-11943611:.	chr1	11882562	11883554	MAD2L2	chr1	11681464	0.0	0.0	0	0
MAD2L2|chr1:12074202-12075470:.	chr1	12014145	12015413	MAD2L2	chr1	11681464	0.0	0.0	0	0
AGTRAP|chr1:11942619-11943611:.	chr1	11882562	11883554	AGTRAP	chr1	11735834	0.0	0.0	1	0
TARDBP|chr1:11942619-11943611:.	chr1	11882562	11883554	TARDBP	chr1	11012371	0.0	0.0	0	0
SRM|chr1:12074202-12075470:.	chr1	12014145	12015413	SRM	chr1	11060284	0.0	0.0	0	0
SDHB|chr1:17767806-17768306:.	chr1	17441310	17441810	SDHB	chr1	17054420	0.0	0.0	0	1
AKR7A2|chr1:18860841-18861341:.	chr1	18534347	18534847	AKR7A2	chr1	19312396	0.0	0.0	0	0
AKR7A2|chr1:20523935-20524435:.	chr1	20197442	20197942	AKR7A2	chr1	19312396	0.0	0.0	0	0
CAPZB|chr1:18860841-18861341:.	chr1	18534347	18534847	CAPZB	chr1	19485891	0.0	0.0	0	0
CAPZB|chr1:20196416-20196916:.	chr1	19869923	19870423	CAPZB	chr1	19485891	0.0	0.0	0	0
MRTO4|chr1:20523935-20524435:.	chr1	20197442	20197942	MRTO4	chr1	19251330	0.0	0.0	0	0
MRTO4|chr1:20543060-20543560:.	chr1	20216567	20217067	MRTO4	chr1	19251330	0.0	0.0	0	0
HP1BP3|chr1:20543060-20543560:.	chr1	20216567	20217067	HP1BP3	chr1	20786938	0.0	0.0	0	0
MINOS1|chr1:20543060-20543560:.	chr1	20216567	20217067	MINOS1	chr1	19596726	0.0	0.0	0	0
CDC42|chr1:21999603-22000103:.	chr1	21673110	21673610	CDC42	chr1	22052376	0.0	0.0	0	0
CDC42|chr1:22117916-22118975:.	chr1	21791423	21792482	CDC42	chr1	22052376	0.0	0.0	0	0
GALE|chr1:23866113-23866739:.	chr1	23539621	23540248	GALE	chr1	23800794	0.0	0.0	0	0
GALE|chr1:24246583-24247801:.	chr1	23920093	23921311	GALE	chr1	23800794	0.0	0.0	1	0
RPL11|chr1:24042555-24043055:.	chr1	23716065	23716565	RPL11	chr1	23691528	28.933624267578125	1793.926399070574	1	0
RPL11|chr1:24246583-24247801:.	chr1	23920093	23921311	RPL11	chr1	23691528	0.0	0.0	0	0
HNRNPR|chr1:24042555-24043055:.	chr1	23716065	23716565	HNRNPR	chr1	23344614	0.0	0.0	0	0
HNRNPR|chr1:24246583-24247801:.	chr1	23920093	23921311	HNRNPR	chr1	23344614	0.0	0.0	0	0
ELOA|chr1:24246583-24247801:.	chr1	23920093	23921311	ELOA	chr1	23743115	0.0	0.0	1	0
SRRM1|chr1:24246583-24247801:.	chr1	23920093	23921311	SRRM1	chr1	24642852	0.0	0.0	0	0
TMEM50A|chr1:25068610-25069110:.	chr1	24742119	24742619	TMEM50A	chr1	25338047	0.0	0.0	0	0
TMEM50A|chr1:26259842-26260445:.	chr1	25933351	25933954	TMEM50A	chr1	25338047	0.0	0.0	0	0
TMEM50A|chr1:26464916-26465946:.	chr1	26138425	26139455	TMEM50A	chr1	25338047	0.0	0.0	0	0
ARID1A|chr1:26259842-26260445:.	chr1	25933351	25933954	ARID1A	chr1	26695780	0.0	0.0	0	0
HMGN2|chr1:26259842-26260445:.	chr1	25933351	25933954	HMGN2	chr1	26472160	0.0	0.0	0	0
HMGN2|chr1:26431067-26432015:.	chr1	26104576	26105524	HMGN2	chr1	26472160	0.0	0.0	0	0
HMGN2|chr1:26464916-26465946:.	chr1	26138425	26139455	HMGN2	chr1	26472160	0.0	0.0	0	0
HMGN2|chr1:27110435-27110935:.	chr1	26783944	26784444	HMGN2	chr1	26472160	0.0	0.0	0	0
HMGN2|chr1:27353439-27354859:.	chr1	27026948	27028368	HMGN2	chr1	26472160	0.0	0.0	0	0
MTFR1L|chr1:26834819-26835319:.	chr1	26508328	26508828	MTFR1L	chr1	25819655	0.0	0.0	0	0
NUDC|chr1:26259842-26260445:.	chr1	25933351	25933954	NUDC	chr1	26921471	0.0	0.0	0	1
NUDC|chr1:26431067-26432015:.	chr1	26104576	26105524	NUDC	chr1	26921471	0.0	0.0	0	0
NUDC|chr1:26464916-26465946:.	chr1	26138425	26139455	NUDC	chr1	26921471	0.0	0.0	0	0
NUDC|chr1:26704014-26705357:.	chr1	26377523	26378866	NUDC	chr1	26921471	0.0	0.0	0	0
NUDC|chr1:26910556-26911056:.	chr1	26584065	26584565	NUDC	chr1	26921471	0.0	0.0	0	0
NUDC|chr1:26962944-26963587:.	chr1	26636453	26637096	NUDC	chr1	26921471	0.0	0.0	0	0
NUDC|chr1:27013360-27013860:.	chr1	26686869	26687369	NUDC	chr1	26921471	0.0	0.0	0	0
NUDC|chr1:27110435-27110935:.	chr1	26783944	26784444	NUDC	chr1	26921471	0.0	0.0	1	0
NUDC|chr1:27353439-27354859:.	chr1	27026948	27028368	NUDC	chr1	26921471	0.0	0.0	1	0
NUDC|chr1:27849518-27850510:.	chr1	27523007	27523999	NUDC	chr1	26921471	0.0	0.0	0	0
SH3BGRL3|chr1:26259842-26260445:.	chr1	25933351	25933954	SH3BGRL3	chr1	26279471	0.0	0.0	0	0
SH3BGRL3|chr1:26910556-26911056:.	chr1	26584065	26584565	SH3BGRL3	chr1	26279471	0.0	0.0	0	0
SH3BGRL3|chr1:27353439-27354859:.	chr1	27026948	27028368	SH3BGRL3	chr1	26279471	0.0	0.0	0	0
STMN1|chr1:26431067-26432015:.	chr1	26104576	26105524	STMN1	chr1	25906752	0.0	0.0	0	0
STMN1|chr1:26464916-26465946:.	chr1	26138425	26139455	STMN1	chr1	25906752	0.0	0.0	0	0
STMN1|chr1:26703208-26703708:.	chr1	26376717	26377217	STMN1	chr1	25906752	0.0	0.0	0	0
STMN1|chr1:26704014-26705357:.	chr1	26377523	26378866	STMN1	chr1	25906752	0.0	0.0	0	0
STMN1|chr1:26834819-26835319:.	chr1	26508328	26508828	STMN1	chr1	25906752	0.0	0.0	0	0
STMN1|chr1:26910556-26911056:.	chr1	26584065	26584565	STMN1	chr1	25906752	0.0	0.0	0	0
STMN1|chr1:26946299-26948271:.	chr1	26619808	26621780	STMN1	chr1	25906752	0.0	0.0	0	0
STMN1|chr1:26962944-26963587:.	chr1	26636453	26637096	STMN1	chr1	25906752	0.0	0.0	0	0
ZNF593|chr1:26259842-26260445:.	chr1	25933351	25933954	ZNF593	chr1	26169646	0.0	0.0	0	0
ZNF593|chr1:26703208-26703708:.	chr1	26376717	26377217	ZNF593	chr1	26169646	0.0	0.0	0	0
ZNF593|chr1:26704014-26705357:.	chr1	26377523	26378866	ZNF593	chr1	26169646	0.0	0.0	0	0
ZNF593|chr1:26827260-26828041:.	chr1	26500769	26501550	ZNF593	chr1	26169646	0.0	0.0	0	0
ZNF593|chr1:27353439-27354859:.	chr1	27026948	27028368	ZNF593	chr1	26169646	0.0	0.0	0	0
ZNF593|chr1:27400606-27401106:.	chr1	27074115	27074615	ZNF593	chr1	26169646	0.0	0.0	0	0
WASF2|chr1:26827260-26828041:.	chr1	26500769	26501550	WASF2	chr1	27490437	0.0	0.0	0	0
WASF2|chr1:26834819-26835319:.	chr1	26508328	26508828	WASF2	chr1	27490437	0.0	0.0	0	0
WASF2|chr1:26910556-26911056:.	chr1	26584065	26584565	WASF2	chr1	27490437	0.0	0.0	0	0
WASF2|chr1:26962944-26963587:.	chr1	26636453	26637096	WASF2	chr1	27490437	0.0	0.0	0	0
WASF2|chr1:27353439-27354859:.	chr1	27026948	27028368	WASF2	chr1	27490437	0.0	0.0	0	0
WASF2|chr1:28195709-28196209:.	chr1	27869198	27869698	WASF2	chr1	27490437	0.0	0.0	0	0
WASF2|chr1:28439178-28439994:.	chr1	28112667	28113483	WASF2	chr1	27490437	0.0	0.0	0	0
WASF2|chr1:28575822-28576742:.	chr1	28249311	28250231	WASF2	chr1	27490437	0.0	0.0	0	0
WASF2|chr1:28672238-28673140:.	chr1	28345727	28346629	WASF2	chr1	27490437	0.0	0.0	0	0
WASF2|chr1:28678630-28679245:.	chr1	28352119	28352734	WASF2	chr1	27490437	0.0	0.0	0	0
PPP1R8|chr1:27353439-27354859:.	chr1	27026948	27028368	PPP1R8	chr1	27830563	0.0	0.0	0	0
PPP1R8|chr1:27849518-27850510:.	chr1	27523007	27523999	PPP1R8	chr1	27830563	0.0	0.0	0	0
PPP1R8|chr1:28195709-28196209:.	chr1	27869198	27869698	PPP1R8	chr1	27830563	34.78093719482422	7983.461543321746	1	0
TMEM222|chr1:27353439-27354859:.	chr1	27026948	27028368	TMEM222	chr1	27321894	0.0	0.0	0	0
ATPIF1|chr1:27849518-27850510:.	chr1	27523007	27523999	ATPIF1	chr1	28235840	0.0	0.0	0	0
ATPIF1|chr1:28194249-28194749:.	chr1	27867738	27868238	ATPIF1	chr1	28235840	0.0	0.0	0	0
ATPIF1|chr1:28195709-28196209:.	chr1	27869198	27869698	ATPIF1	chr1	28235840	0.0	0.0	0	0
ATPIF1|chr1:28439178-28439994:.	chr1	28112667	28113483	ATPIF1	chr1	28235840	0.0	0.0	1	0
ATPIF1|chr1:28575822-28576742:.	chr1	28249311	28250231	ATPIF1	chr1	28235840	51.96731185913086	4412.805910499847	1	0
ATPIF1|chr1:28672238-28673140:.	chr1	28345727	28346629	ATPIF1	chr1	28235840	0.0	0.0	1	0
ATPIF1|chr1:28678020-28678520:.	chr1	28351509	28352009	ATPIF1	chr1	28235840	0.0	0.0	1	0
ATPIF1|chr1:28678630-28679245:.	chr1	28352119	28352734	ATPIF1	chr1	28235840	0.0	0.0	1	0
ATPIF1|chr1:29210277-29210777:.	chr1	28883765	28884265	ATPIF1	chr1	28235840	0.0	0.0	0	0
ATPIF1|chr1:29210900-29211939:.	chr1	28884388	28885427	ATPIF1	chr1	28235840	0.0	0.0	0	0
DNAJC8|chr1:27935055-27935555:.	chr1	27608544	27609044	DNAJC8	chr1	28233281	0.0	0.0	0	0
DNAJC8|chr1:28194249-28194749:.	chr1	27867738	27868238	DNAJC8	chr1	28233281	0.0	0.0	0	0
DNAJC8|chr1:28672238-28673140:.	chr1	28345727	28346629	DNAJC8	chr1	28233281	0.0	0.0	1	0
DNAJC8|chr1:28678020-28678520:.	chr1	28351509	28352009	DNAJC8	chr1	28233281	0.0	0.0	1	0
DNAJC8|chr1:28678630-28679245:.	chr1	28352119	28352734	DNAJC8	chr1	28233281	0.0	0.0	1	0
DNAJC8|chr1:29210277-29210777:.	chr1	28883765	28884265	DNAJC8	chr1	28233281	0.0	0.0	0	0
RCC1|chr1:28195709-28196209:.	chr1	27869198	27869698	RCC1	chr1	28517982	0.0	0.0	0	0
RCC1|chr1:28439178-28439994:.	chr1	28112667	28113483	RCC1	chr1	28517982	0.0	0.0	0	0
YTHDF2|chr1:28431529-28432029:.	chr1	28105018	28105518	YTHDF2	chr1	28736373	0.0	0.0	0	0
EPB41|chr1:28678020-28678520:.	chr1	28351509	28352009	EPB41	chr1	28886840	0.0	0.0	0	0
EPB41|chr1:28678630-28679245:.	chr1	28352119	28352734	EPB41	chr1	28886840	0.0	0.0	0	0
RPA2|chr1:29210277-29210777:.	chr1	28883765	28884265	RPA2	chr1	27915047	0.0	0.0	0	0
SRSF4|chr1:28678020-28678520:.	chr1	28351509	28352009	SRSF4	chr1	29182375	0.0	0.0	0	0
SRSF4|chr1:28678630-28679245:.	chr1	28352119	28352734	SRSF4	chr1	29182375	0.0	0.0	0	0
TAF12|chr1:28678020-28678520:.	chr1	28351509	28352009	TAF12	chr1	28643342	0.0	0.0	0	0
TAF12|chr1:28678630-28679245:.	chr1	28352119	28352734	TAF12	chr1	28643342	0.0	0.0	0	0
MECR|chr1:29210277-29210777:.	chr1	28883765	28884265	MECR	chr1	29231208	0.0	0.0	0	0
TRNAU1AP|chr1:29210900-29211939:.	chr1	28884388	28885427	TRNAU1AP	chr1	28552766	0.0	0.0	0	0
SNRNP40|chr1:31241704-31242320:.	chr1	30768857	30769473	SNRNP40	chr1	31297047	0.0	0.0	0	0
SNRNP40|chr1:31545194-31545986:.	chr1	31072347	31073139	SNRNP40	chr1	31297047	0.0	0.0	0	0
SNRNP40|chr1:31573293-31574382:.	chr1	31100446	31101535	SNRNP40	chr1	31297047	0.0	0.0	1	0
SNRNP40|chr1:31867418-31868033:.	chr1	31394571	31395186	SNRNP40	chr1	31297047	44.790977478027344	1499.452486108676	1	0
SNRNP40|chr1:32292419-32293362:.	chr1	31826818	31827761	SNRNP40	chr1	31297047	0.0	0.0	0	0
SNRNP40|chr1:32423225-32423895:.	chr1	31957624	31958294	SNRNP40	chr1	31297047	0.0	0.0	0	0
ZCCHC17|chr1:31241704-31242320:.	chr1	30768857	30769473	ZCCHC17	chr1	31296731	0.0	0.0	0	0
ZCCHC17|chr1:31250238-31251712:.	chr1	30777391	30778865	ZCCHC17	chr1	31296731	0.0	0.0	0	0
ZCCHC17|chr1:31252252-31252860:.	chr1	30779405	30780013	ZCCHC17	chr1	31296731	0.0	0.0	0	0
ZCCHC17|chr1:32292419-32293362:.	chr1	31826818	31827761	ZCCHC17	chr1	31296731	0.0	0.0	0	0
ZCCHC17|chr1:32423225-32423895:.	chr1	31957624	31958294	ZCCHC17	chr1	31296731	0.0	0.0	0	0
KHDRBS1|chr1:31573293-31574382:.	chr1	31100446	31101535	KHDRBS1	chr1	32013443	0.0	0.0	0	0
KHDRBS1|chr1:31627371-31628558:.	chr1	31154524	31155711	KHDRBS1	chr1	32013443	0.0	0.0	0	0
KHDRBS1|chr1:31632609-31633109:.	chr1	31159762	31160262	KHDRBS1	chr1	32013443	0.0	0.0	0	0
KHDRBS1|chr1:31867418-31868033:.	chr1	31394571	31395186	KHDRBS1	chr1	32013443	0.0	0.0	0	0
KHDRBS1|chr1:32292419-32293362:.	chr1	31826818	31827761	KHDRBS1	chr1	32013443	0.0	0.0	1	0
KHDRBS1|chr1:32420154-32421365:.	chr1	31954553	31955764	KHDRBS1	chr1	32013443	38.875301361083984	3522.4649121488123	1	0
KHDRBS1|chr1:32423225-32423895:.	chr1	31957624	31958294	KHDRBS1	chr1	32013443	11.376694679260254	1030.8346539029098	1	0
KHDRBS1|chr1:32913832-32915178:.	chr1	32448231	32449577	KHDRBS1	chr1	32013443	0.0	0.0	0	0
PTP4A2|chr1:31573293-31574382:.	chr1	31100446	31101535	PTP4A2	chr1	31919908	0.0	0.0	0	0
PTP4A2|chr1:31627371-31628558:.	chr1	31154524	31155711	PTP4A2	chr1	31919908	0.0	0.0	0	0
PTP4A2|chr1:31632609-31633109:.	chr1	31159762	31160262	PTP4A2	chr1	31919908	0.0	0.0	0	0
PTP4A2|chr1:31643449-31644121:.	chr1	31170602	31171274	PTP4A2	chr1	31919908	0.0	0.0	0	0
PTP4A2|chr1:31645020-31645520:.	chr1	31172173	31172673	PTP4A2	chr1	31919908	0.0	0.0	0	0
PTP4A2|chr1:31867418-31868033:.	chr1	31394571	31395186	PTP4A2	chr1	31919908	0.0	0.0	0	0
PTP4A2|chr1:32879221-32879979:.	chr1	32413620	32414378	PTP4A2	chr1	31919908	0.0	0.0	0	0
EIF3I|chr1:31867418-31868033:.	chr1	31394571	31395186	EIF3I	chr1	32221333	0.0	0.0	0	0
EIF3I|chr1:32420154-32421365:.	chr1	31954553	31955764	EIF3I	chr1	32221333	0.0	0.0	0	0
EIF3I|chr1:32423225-32423895:.	chr1	31957624	31958294	EIF3I	chr1	32221333	0.0	0.0	0	0
EIF3I|chr1:32865396-32865896:.	chr1	32399795	32400295	EIF3I	chr1	32221333	0.0	0.0	1	0
HDAC1|chr1:31867418-31868033:.	chr1	31394571	31395186	HDAC1	chr1	32291856	0.0	0.0	0	0
HDAC1|chr1:32423225-32423895:.	chr1	31957624	31958294	HDAC1	chr1	32291856	0.0	0.0	0	0
HDAC1|chr1:32865396-32865896:.	chr1	32399795	32400295	HDAC1	chr1	32291856	0.0	0.0	1	0
BSDC1|chr1:32292419-32293362:.	chr1	31826818	31827761	BSDC1	chr1	32394711	0.0	0.0	0	0
MARCKSL1|chr1:32292419-32293362:.	chr1	31826818	31827761	MARCKSL1	chr1	32336489	0.0	0.0	0	0
MARCKSL1|chr1:32420154-32421365:.	chr1	31954553	31955764	MARCKSL1	chr1	32336489	0.0	0.0	0	0
MARCKSL1|chr1:32423225-32423895:.	chr1	31957624	31958294	MARCKSL1	chr1	32336489	0.0	0.0	0	0
RBBP4|chr1:32292419-32293362:.	chr1	31826818	31827761	RBBP4	chr1	32650897	0.0	0.0	0	0
RBBP4|chr1:32423225-32423895:.	chr1	31957624	31958294	RBBP4	chr1	32650897	0.0	0.0	0	0
RBBP4|chr1:33928018-33928518:.	chr1	33462417	33462917	RBBP4	chr1	32650897	0.0	0.0	0	0
YARS|chr1:32292419-32293362:.	chr1	31826818	31827761	YARS	chr1	32818282	0.0	0.0	0	0
YARS|chr1:33928018-33928518:.	chr1	33462417	33462917	YARS	chr1	32818282	0.0	0.0	0	0
ZBTB8OS|chr1:32420154-32421365:.	chr1	31954553	31955764	ZBTB8OS	chr1	32650840	0.0	0.0	0	0
AK2|chr1:32913832-32915178:.	chr1	32448231	32449577	AK2	chr1	33037161	0.0	0.0	0	0
AK2|chr1:33928018-33928518:.	chr1	33462417	33462917	AK2	chr1	33037161	0.0	0.0	0	0
SFPQ|chr1:34844438-34844938:.	chr1	34378837	34379337	SFPQ	chr1	35193395	0.0	0.0	0	0
SFPQ|chr1:35128545-35129045:.	chr1	34662944	34663444	SFPQ	chr1	35193395	0.0	0.0	0	0
SMIM12|chr1:35128545-35129045:.	chr1	34662944	34663444	SMIM12	chr1	34860066	0.0	0.0	1	0
MRPS15|chr1:36139472-36140140:.	chr1	35673871	35674539	MRPS15	chr1	36464689	0.0	0.0	0	0
MRPS15|chr1:36877435-36877935:.	chr1	36411834	36412334	MRPS15	chr1	36464689	13.86015510559082	1037.9522025448414	1	0
MRPS15|chr1:36958129-36958629:.	chr1	36492528	36493028	MRPS15	chr1	36464689	47.9974479675293	3594.408320461924	1	0
PSMB2|chr1:36139472-36140140:.	chr1	35673871	35674539	PSMB2	chr1	35642094	0.3286100029945373	3581.224519911841	1	0
PSMB2|chr1:36958129-36958629:.	chr1	36492528	36493028	PSMB2	chr1	35642094	0.0	0.0	0	0
CLSPN|chr1:36877435-36877935:.	chr1	36411834	36412334	CLSPN	chr1	35770200	0.0	0.0	0	0
THRAP3|chr1:36877435-36877935:.	chr1	36411834	36412334	THRAP3	chr1	36224161	0.0	0.0	1	0
TRAPPC3|chr1:36958129-36958629:.	chr1	36492528	36493028	TRAPPC3	chr1	36149764	0.0	0.0	0	0
LSM10|chr1:36958129-36958629:.	chr1	36492528	36493028	LSM10	chr1	36398209	8.660942077636719	749.4912713053905	1	0
AKIRIN1|chr1:38774374-38774874:.	chr1	38308702	38309202	AKIRIN1	chr1	38990993	0.0	0.0	0	0
AKIRIN1|chr1:39211054-39212257:.	chr1	38745382	38746585	AKIRIN1	chr1	38990993	0.0	0.0	0	0
AKIRIN1|chr1:39239085-39239585:.	chr1	38773413	38773913	AKIRIN1	chr1	38990993	0.0	0.0	0	0
AKIRIN1|chr1:40358254-40359290:.	chr1	39892582	39893618	AKIRIN1	chr1	38990993	0.0	0.0	0	0
GNL2|chr1:38884081-38884581:.	chr1	38418409	38418909	GNL2	chr1	37596235	0.0	0.0	0	0
MEAF6|chr1:38884081-38884581:.	chr1	38418409	38418909	MEAF6	chr1	37515069	0.0	0.0	0	0
MEAF6|chr1:38973923-38974423:.	chr1	38508251	38508751	MEAF6	chr1	37515069	0.0	0.0	0	0
NDUFS5|chr1:38973923-38974423:.	chr1	38508251	38508751	NDUFS5	chr1	39026044	0.0	0.0	0	0
NDUFS5|chr1:38989145-38990086:.	chr1	38523473	38524414	NDUFS5	chr1	39026044	0.0	0.0	0	0
NDUFS5|chr1:38991367-38992182:.	chr1	38525695	38526510	NDUFS5	chr1	39026044	0.0	0.0	0	0
NDUFS5|chr1:38993269-38993769:.	chr1	38527597	38528097	NDUFS5	chr1	39026044	0.0	0.0	0	0
NDUFS5|chr1:39211054-39212257:.	chr1	38745382	38746585	NDUFS5	chr1	39026044	0.0	0.0	0	0
NDUFS5|chr1:39239085-39239585:.	chr1	38773413	38773913	NDUFS5	chr1	39026044	0.0	0.0	0	0
NDUFS5|chr1:39249249-39250562:.	chr1	38783577	38784890	NDUFS5	chr1	39026044	0.0	0.0	0	0
NDUFS5|chr1:39251255-39252181:.	chr1	38785583	38786509	NDUFS5	chr1	39026044	0.0	0.0	0	0
NDUFS5|chr1:40071574-40072277:.	chr1	39605902	39606605	NDUFS5	chr1	39026044	0.0	0.0	0	0
NDUFS5|chr1:40358254-40359290:.	chr1	39892582	39893618	NDUFS5	chr1	39026044	0.0	0.0	0	0
NDUFS5|chr1:40418215-40418715:.	chr1	39952543	39953043	NDUFS5	chr1	39026044	0.0	0.0	0	0
C1orf122|chr1:38989145-38990086:.	chr1	38523473	38524414	C1orf122	chr1	37807550	0.0	0.0	0	0
C1orf122|chr1:38991367-38992182:.	chr1	38525695	38526510	C1orf122	chr1	37807550	0.0	0.0	0	0
C1orf122|chr1:39211054-39212257:.	chr1	38745382	38746585	C1orf122	chr1	37807550	0.0	0.0	0	0
C1orf122|chr1:39239085-39239585:.	chr1	38773413	38773913	C1orf122	chr1	37807550	0.0	0.0	0	0
FHL3|chr1:38991367-38992182:.	chr1	38525695	38526510	FHL3	chr1	38005765	0.0	0.0	0	0
FHL3|chr1:39211054-39212257:.	chr1	38745382	38746585	FHL3	chr1	38005765	0.0	0.0	0	0
UTP11|chr1:38991367-38992182:.	chr1	38525695	38526510	UTP11	chr1	38012461	0.0	0.0	0	0
UTP11|chr1:38999529-39000029:.	chr1	38533857	38534357	UTP11	chr1	38012461	0.0	0.0	0	0
UTP11|chr1:39211054-39212257:.	chr1	38745382	38746585	UTP11	chr1	38012461	0.0	0.0	0	0
UTP11|chr1:39239085-39239585:.	chr1	38773413	38773913	UTP11	chr1	38012461	0.0	0.0	0	0
YRDC|chr1:38991367-38992182:.	chr1	38525695	38526510	YRDC	chr1	37808443	0.0	0.0	0	0
YRDC|chr1:39211054-39212257:.	chr1	38745382	38746585	YRDC	chr1	37808443	0.0	0.0	0	0
PABPC4|chr1:39211054-39212257:.	chr1	38745382	38746585	PABPC4	chr1	39577099	0.0	0.0	0	0
PABPC4|chr1:39249249-39250562:.	chr1	38783577	38784890	PABPC4	chr1	39577099	0.0	0.0	0	0
PABPC4|chr1:39251255-39252181:.	chr1	38785583	38786509	PABPC4	chr1	39577099	0.0	0.0	0	0
PABPC4|chr1:40358254-40359290:.	chr1	39892582	39893618	PABPC4	chr1	39577099	0.0	0.0	0	0
PPIE|chr1:39211054-39212257:.	chr1	38745382	38746585	PPIE	chr1	39738594	0.0	0.0	0	0
PPIE|chr1:39239085-39239585:.	chr1	38773413	38773913	PPIE	chr1	39738594	0.0	0.0	0	0
PPIE|chr1:39243220-39244117:.	chr1	38777548	38778445	PPIE	chr1	39738594	0.0	0.0	0	0
PPIE|chr1:39249249-39250562:.	chr1	38783577	38784890	PPIE	chr1	39738594	0.0	0.0	0	0
PPIE|chr1:40358254-40359290:.	chr1	39892582	39893618	PPIE	chr1	39738594	0.0	0.0	1	0
SF3A3|chr1:39211054-39212257:.	chr1	38745382	38746585	SF3A3	chr1	37990360	0.0	0.0	0	0
CAP1|chr1:40071574-40072277:.	chr1	39605902	39606605	CAP1	chr1	40040332	0.0	0.0	0	0
CAP1|chr1:40358254-40359290:.	chr1	39892582	39893618	CAP1	chr1	40040332	0.0	0.0	1	0
PPT1|chr1:40358254-40359290:.	chr1	39892582	39893618	PPT1	chr1	40097720	0.0	0.0	0	0
NFYC|chr1:40502223-40502723:.	chr1	40036551	40037051	NFYC	chr1	40691319	0.0	0.0	0	0
SMAP2|chr1:41440321-41441043:.	chr1	40974649	40975371	SMAP2	chr1	40373455	0.0	0.0	0	0
ATP6V0B|chr1:43510419-43510919:.	chr1	43044748	43045248	ATP6V0B	chr1	43974397	0.0	0.0	0	0
DPH2|chr1:43471252-43471994:.	chr1	43005581	43006323	DPH2	chr1	43969730	0.0	0.0	0	0
EBNA1BP2|chr1:43471252-43471994:.	chr1	43005581	43006323	EBNA1BP2	chr1	43172565	0.0	0.0	1	0
EBNA1BP2|chr1:43510419-43510919:.	chr1	43044748	43045248	EBNA1BP2	chr1	43172565	0.0	0.0	1	0
EBNA1BP2|chr1:43795819-43796319:.	chr1	43330148	43330648	EBNA1BP2	chr1	43172565	0.0	0.0	1	0
ERMAP|chr1:43510419-43510919:.	chr1	43044748	43045248	ERMAP	chr1	42825327	0.0	0.0	0	0
MED8|chr1:43510419-43510919:.	chr1	43044748	43045248	MED8	chr1	43390062	0.0	0.0	0	0
PPIH|chr1:43510419-43510919:.	chr1	43044748	43045248	PPIH	chr1	42658126	0.0	0.0	0	0
SVBP|chr1:43510419-43510919:.	chr1	43044748	43045248	SVBP	chr1	42817638	0.0	0.0	0	0
SVBP|chr1:43795819-43796319:.	chr1	43330148	43330648	SVBP	chr1	42817638	0.0	0.0	0	0
YBX1|chr1:43510419-43510919:.	chr1	43044748	43045248	YBX1	chr1	42681984	0.0	0.0	0	0
YBX1|chr1:43586027-43586527:.	chr1	43120356	43120856	YBX1	chr1	42681984	0.0	0.0	0	0
YBX1|chr1:43795819-43796319:.	chr1	43330148	43330648	YBX1	chr1	42681984	0.0	0.0	0	0
YBX1|chr1:43988374-43989245:.	chr1	43522703	43523574	YBX1	chr1	42681984	0.0	0.0	0	0
AKR1A1|chr1:45194864-45195364:.	chr1	44729192	44729692	AKR1A1	chr1	45550532	0.0	0.0	0	0
PRDX1|chr1:46885753-46886552:.	chr1	46420081	46420880	PRDX1	chr1	45522188	0.0	0.0	0	0
PRDX1|chr1:46887365-46887865:.	chr1	46421693	46422193	PRDX1	chr1	45522188	0.0	0.0	0	0
PRDX1|chr1:46953433-46953933:.	chr1	46487761	46488261	PRDX1	chr1	45522188	0.0	0.0	0	0
RPS8|chr1:46039708-46040441:.	chr1	45574036	45574769	RPS8	chr1	44775323	0.0	0.0	0	0
RPS8|chr1:46219041-46219541:.	chr1	45753369	45753869	RPS8	chr1	44775323	0.0	0.0	0	0
UQCRH|chr1:46039708-46040441:.	chr1	45574036	45574769	UQCRH	chr1	46303362	0.0	0.0	0	0
UQCRH|chr1:46219041-46219541:.	chr1	45753369	45753869	UQCRH	chr1	46303362	0.0	0.0	0	0
UQCRH|chr1:46885753-46886552:.	chr1	46420081	46420880	UQCRH	chr1	46303362	0.0	0.0	1	0
UQCRH|chr1:46887365-46887865:.	chr1	46421693	46422193	UQCRH	chr1	46303362	0.0	0.0	1	0
UQCRH|chr1:47001416-47001916:.	chr1	46535744	46536244	UQCRH	chr1	46303362	0.0	0.0	0	0
UQCRH|chr1:47659597-47660434:.	chr1	47193925	47194762	UQCRH	chr1	46303362	0.0	0.0	0	0
UQCRH|chr1:47677488-47677988:.	chr1	47211816	47212316	UQCRH	chr1	46303362	0.0	0.0	0	0
UQCRH|chr1:47678667-47679416:.	chr1	47212995	47213744	UQCRH	chr1	46303362	0.0	0.0	0	0
UQCRH|chr1:47707289-47707789:.	chr1	47241617	47242117	UQCRH	chr1	46303362	0.0	0.0	0	0
NASP|chr1:46885753-46886552:.	chr1	46420081	46420880	NASP	chr1	45583737	0.0	0.0	0	0
NASP|chr1:47001416-47001916:.	chr1	46535744	46536244	NASP	chr1	45583737	0.0	0.0	0	0
TMEM69|chr1:46885753-46886552:.	chr1	46420081	46420880	TMEM69	chr1	45687924	0.0	0.0	0	0
CMPK1|chr1:46887365-46887865:.	chr1	46421693	46422193	CMPK1	chr1	47333546	0.0	0.0	0	0
CMPK1|chr1:47001416-47001916:.	chr1	46535744	46536244	CMPK1	chr1	47333546	0.0	0.0	0	0
CMPK1|chr1:47677488-47677988:.	chr1	47211816	47212316	CMPK1	chr1	47333546	0.0	0.0	1	0
GPBP1L1|chr1:46887365-46887865:.	chr1	46421693	46422193	GPBP1L1	chr1	45686880	0.0	0.0	0	0
PDZK1IP1|chr1:46987841-46988511:.	chr1	46522169	46522839	PDZK1IP1	chr1	47190349	0.0	0.0	0	0
BTF3L4|chr1:51749621-51750598:.	chr1	51283949	51284926	BTF3L4	chr1	52055934	0.0	0.0	0	0
BTF3L4|chr1:53079235-53080184:.	chr1	52613563	52614512	BTF3L4	chr1	52055934	0.0	0.0	0	0
BTF3L4|chr1:53140352-53141204:.	chr1	52674680	52675532	BTF3L4	chr1	52055934	0.0	0.0	0	0
PRPF38A|chr1:52362461-52362961:.	chr1	51896789	51897289	PRPF38A	chr1	52404296	0.0	0.0	0	0
PRPF38A|chr1:53140352-53141204:.	chr1	52674680	52675532	PRPF38A	chr1	52404296	0.0	0.0	0	0
MAGOH|chr1:53140352-53141204:.	chr1	52674680	52675532	MAGOH	chr1	53238860	0.0	0.0	0	0
SCP2|chr1:53140352-53141204:.	chr1	52674680	52675532	SCP2	chr1	52926978	0.0	0.0	0	0
ZCCHC11|chr1:53140352-53141204:.	chr1	52674680	52675532	ZCCHC11	chr1	52553340	0.0	0.0	1	0
MRPL37|chr1:53857834-53858334:.	chr1	53392162	53392662	MRPL37	chr1	54199916	0.0	0.0	0	0
MRPL37|chr1:54928857-54929357:.	chr1	54463184	54463684	MRPL37	chr1	54199916	0.0	0.0	0	0
TMEM59|chr1:54928857-54929357:.	chr1	54463184	54463684	TMEM59	chr1	54053688	0.0	0.0	0	0
TMEM59|chr1:55487673-55488173:.	chr1	55022000	55022500	TMEM59	chr1	54053688	0.0	0.0	0	0
HSPB11|chr1:54930025-54930701:.	chr1	54464352	54465028	HSPB11	chr1	53946073	0.0	0.0	0	0
SERBP1|chr1:67897372-67898247:.	chr1	67431689	67432564	SERBP1	chr1	67430690	191.93618774414065	14958.957195976282	1	0
SERBP1|chr1:68004586-68005774:.	chr1	67538903	67540091	SERBP1	chr1	67430690	0.0	0.0	1	0
SERBP1|chr1:68036041-68036541:.	chr1	67570358	67570858	SERBP1	chr1	67430690	0.0	0.0	1	0
GADD45A|chr1:67944745-67945460:.	chr1	67479062	67479777	GADD45A	chr1	67684926	0.0	0.0	0	0
GADD45A|chr1:68148168-68148883:.	chr1	67682485	67683200	GADD45A	chr1	67684926	187.34085083007807	11829.906523589205	1	1
SRSF11|chr1:71140501-71141951:.	chr1	70674818	70676268	SRSF11	chr1	70205431	0.0	0.0	0	0
TYW3|chr1:76138098-76138940:.	chr1	75672413	75673255	TYW3	chr1	74732905	0.0	0.0	0	0
GNG5|chr1:85685599-85686390:.	chr1	85219916	85220707	GNG5	chr1	84506829	0.0	0.0	0	0
GNG5|chr1:85690281-85691188:.	chr1	85224598	85225505	GNG5	chr1	84506829	0.0	0.0	0	0
RPF1|chr1:85690281-85691188:.	chr1	85224598	85225505	RPF1	chr1	84478986	0.0	0.0	0	0
SSX2IP|chr1:85690281-85691188:.	chr1	85224598	85225505	SSX2IP	chr1	84690807	0.0	0.0	0	0
SELENOF|chr1:86927155-86927742:.	chr1	86461472	86462059	SELENOF	chr1	86914615	0.0	0.0	0	0
RPL5|chr1:93456337-93456837:.	chr1	92990780	92991280	RPL5	chr1	92831786	0.0	0.0	1	0
TMEM56|chr1:95549757-95550500:.	chr1	95084201	95084944	TMEM56	chr1	95117087	101.91726684570312	10996.910733703193	1	1
TMEM56|chr1:95550891-95551391:.	chr1	95085335	95085835	TMEM56	chr1	95117087	161.03536987304688	17375.775884412215	1	1
TMEM56|chr1:95552404-95553191:.	chr1	95086848	95087635	TMEM56	chr1	95117087	82.24832153320312	8874.62427016297	1	1
TMEM56|chr1:95581137-95581637:.	chr1	95115581	95116081	TMEM56	chr1	95117087	210.731201171875	22737.97443569162	1	1
PRPF38B|chr1:109075898-109076896:.	chr1	108533276	108534274	PRPF38B	chr1	108692059	0.0	0.0	1	0
SARS|chr1:109075898-109076896:.	chr1	108533276	108534274	SARS	chr1	109213642	0.0	0.0	0	0
SARS|chr1:110336098-110337250:.	chr1	109793476	109794628	SARS	chr1	109213642	0.0	0.0	0	0
SARS|chr1:110360796-110361578:.	chr1	109818174	109818956	SARS	chr1	109213642	0.0	0.0	0	0
SARS|chr1:110366389-110366889:.	chr1	109823767	109824267	SARS	chr1	109213642	0.0	0.0	0	0
SARS|chr1:110431749-110432249:.	chr1	109889127	109889627	SARS	chr1	109213642	0.0	0.0	0	0
SARS|chr1:110522184-110522684:.	chr1	109979562	109980062	SARS	chr1	109213642	0.0	0.0	0	0
TMEM167B|chr1:109075898-109076896:.	chr1	108533276	108534274	TMEM167B	chr1	109090490	0.0	0.0	0	0
AHCYL1|chr1:110431749-110432249:.	chr1	109889127	109889627	AHCYL1	chr1	109984514	4.135543823242188	271.14613945109664	1	0
LAMTOR5|chr1:110336098-110337250:.	chr1	109793476	109794628	LAMTOR5	chr1	110408174	0.0	0.0	0	0
LAMTOR5|chr1:110360796-110361578:.	chr1	109818174	109818956	LAMTOR5	chr1	110408174	0.0	0.0	0	0
LAMTOR5|chr1:110366389-110366889:.	chr1	109823767	109824267	LAMTOR5	chr1	110408174	0.0	0.0	0	0
LAMTOR5|chr1:110431749-110432249:.	chr1	109889127	109889627	LAMTOR5	chr1	110408174	0.0	0.0	0	0
LAMTOR5|chr1:110444257-110444757:.	chr1	109901635	109902135	LAMTOR5	chr1	110408174	0.0	0.0	0	0
LAMTOR5|chr1:110522184-110522684:.	chr1	109979562	109980062	LAMTOR5	chr1	110408174	0.0	0.0	0	0
LAMTOR5|chr1:111400539-111401580:.	chr1	110857917	110858958	LAMTOR5	chr1	110408174	0.0	0.0	0	0
LAMTOR5|chr1:111459416-111460192:.	chr1	110916794	110917570	LAMTOR5	chr1	110408174	0.0	0.0	0	0
LAMTOR5|chr1:111644518-111645018:.	chr1	111101896	111102396	LAMTOR5	chr1	110408174	0.0	0.0	0	0
PSMA5|chr1:110336098-110337250:.	chr1	109793476	109794628	PSMA5	chr1	109426698	0.0	0.0	0	0
PSMA5|chr1:110360796-110361578:.	chr1	109818174	109818956	PSMA5	chr1	109426698	0.0	0.0	0	0
PSMA5|chr1:110431749-110432249:.	chr1	109889127	109889627	PSMA5	chr1	109426698	0.0	0.0	0	0
PSMA5|chr1:110441229-110441869:.	chr1	109898607	109899247	PSMA5	chr1	109426698	0.0	0.0	0	0
PSMA5|chr1:110444257-110444757:.	chr1	109901635	109902135	PSMA5	chr1	109426698	0.0	0.0	0	0
SORT1|chr1:110444257-110444757:.	chr1	109901635	109902135	SORT1	chr1	109398195	0.0	0.0	0	0
ATP5F1|chr1:111459416-111460192:.	chr1	110916794	110917570	ATP5F1	chr1	111448870	0.0	0.0	0	0
ATP5F1|chr1:111644518-111645018:.	chr1	111101896	111102396	ATP5F1	chr1	111448870	0.0	0.0	0	0
RAP1A|chr1:111459416-111460192:.	chr1	110916794	110917570	RAP1A	chr1	111619532	0.0	0.0	0	0
LRIF1|chr1:112010379-112010879:.	chr1	111467757	111468257	LRIF1	chr1	110964194	0.0	0.0	0	0
WDR77|chr1:112010379-112010879:.	chr1	111467757	111468257	WDR77	chr1	111449558	54.73897552490234	4718.028762172469	1	0
RHOC|chr1:113423515-113424015:.	chr1	112880893	112881393	RHOC	chr1	112707653	0.0	0.0	1	0
RHOC|chr1:113436304-113436963:.	chr1	112893682	112894341	RHOC	chr1	112707653	0.0	0.0	1	0
RHOC|chr1:113689352-113689852:.	chr1	113146730	113147230	RHOC	chr1	112707653	0.0	0.0	0	0
CAPZA1|chr1:113436304-113436963:.	chr1	112893682	112894341	CAPZA1	chr1	112619202	0.0	0.0	0	0
CAPZA1|chr1:113684009-113684783:.	chr1	113141387	113142161	CAPZA1	chr1	112619202	0.0	0.0	0	0
CAPZA1|chr1:113752856-113753356:.	chr1	113210234	113210734	CAPZA1	chr1	112619202	0.0	0.0	0	0
CSDE1|chr1:114620718-114621218:.	chr1	114078096	114078596	CSDE1	chr1	114758300	0.0	0.0	0	0
CSDE1|chr1:114623087-114623587:.	chr1	114080465	114080965	CSDE1	chr1	114758300	0.0	0.0	0	0
CSDE1|chr1:114922524-114923024:.	chr1	114379902	114380402	CSDE1	chr1	114758300	0.0	0.0	0	0
CSDE1|chr1:114930907-114931407:.	chr1	114388285	114388785	CSDE1	chr1	114758300	0.0	0.0	0	0
CSDE1|chr1:115722020-115722520:.	chr1	115179399	115179899	CSDE1	chr1	114758300	0.0	0.0	0	0
NRAS|chr1:114623087-114623587:.	chr1	114080465	114080965	NRAS	chr1	114717144	0.0	0.0	0	0
NRAS|chr1:114922524-114923024:.	chr1	114379902	114380402	NRAS	chr1	114717144	0.0	0.0	0	0
SIKE1|chr1:114623087-114623587:.	chr1	114080465	114080965	SIKE1	chr1	114780937	0.0	0.0	0	0
SIKE1|chr1:114922524-114923024:.	chr1	114379902	114380402	SIKE1	chr1	114780937	0.0	0.0	0	0
SIKE1|chr1:114930907-114931407:.	chr1	114388285	114388785	SIKE1	chr1	114780937	0.0	0.0	0	0
SIKE1|chr1:115722020-115722520:.	chr1	115179399	115179899	SIKE1	chr1	114780937	0.0	0.0	0	0
BCAS2|chr1:114922524-114923024:.	chr1	114379902	114380402	BCAS2	chr1	114581894	0.0	0.0	0	0
MAN1A2|chr1:116962945-116963445:.	chr1	116420323	116420823	MAN1A2	chr1	117367212	0.0	0.0	0	0
ATP1A1|chr1:117229525-117230717:.	chr1	116686903	116688095	ATP1A1	chr1	116372922	0.0	0.0	0	0
ATP1A1|chr1:117882375-117883015:.	chr1	117339753	117340393	ATP1A1	chr1	116372922	0.0	0.0	0	0
TTF2|chr1:117229525-117230717:.	chr1	116686903	116688095	TTF2	chr1	117060076	0.0	0.0	0	0
WDR3|chr1:118197711-118198211:.	chr1	117655089	117655589	WDR3	chr1	117929498	0.0	0.0	0	1
APH1A|chr1:150158891-150160316:.	chr1	150186641	150188059	APH1A	chr1	150269459	0.8935943245887756	2479.3927807904984	1	0
APH1A|chr1:150517957-150518575:.	chr1	150545481	150546099	APH1A	chr1	150269459	0.0	0.0	0	0
APH1A|chr1:150949263-150950058:.	chr1	150976787	150977582	APH1A	chr1	150269459	0.0	0.0	0	0
ENSA|chr1:150158891-150160316:.	chr1	150186641	150188059	ENSA	chr1	150629872	0.0	0.0	0	0
ENSA|chr1:150517957-150518575:.	chr1	150545481	150546099	ENSA	chr1	150629872	22.4411735534668	1645.143477929802	1	0
PSMB4|chr1:150517957-150518575:.	chr1	150545481	150546099	PSMB4	chr1	151399314	0.0	0.0	0	0
PSMB4|chr1:150949263-150950058:.	chr1	150976787	150977582	PSMB4	chr1	151399314	0.0	0.0	0	0
PSMB4|chr1:151711998-151712498:.	chr1	151739522	151740022	PSMB4	chr1	151399314	0.0	0.0	0	0
PSMD4|chr1:150517957-150518575:.	chr1	150545481	150546099	PSMD4	chr1	151254470	0.0	0.0	0	0
PSMD4|chr1:150949263-150950058:.	chr1	150976787	150977582	PSMD4	chr1	151254470	0.0	0.0	0	0
PSMD4|chr1:151711998-151712498:.	chr1	151739522	151740022	PSMD4	chr1	151254470	0.0	0.0	0	0
PSMD4|chr1:151918131-151918631:.	chr1	151945655	151946155	PSMD4	chr1	151254470	0.0	0.0	0	0
PSMD4|chr1:152043455-152043955:.	chr1	152070979	152071479	PSMD4	chr1	151254470	0.0	0.0	0	0
CERS2|chr1:150949263-150950058:.	chr1	150976787	150977582	CERS2	chr1	150975253	231.6951141357422	34823.965002369565	1	1
MRPL9|chr1:150949263-150950058:.	chr1	150976787	150977582	MRPL9	chr1	151764166	0.0	0.0	0	0
THEM4|chr1:150949263-150950058:.	chr1	150976787	150977582	THEM4	chr1	151910135	0.0	0.0	0	0
VPS72|chr1:150949263-150950058:.	chr1	150976787	150977582	VPS72	chr1	151190463	0.0	0.0	0	0
JTB|chr1:153031763-153032263:.	chr1	153059287	153059787	JTB	chr1	153978225	0.0	0.0	0	0
JTB|chr1:153669575-153670674:.	chr1	153697099	153698198	JTB	chr1	153978225	0.0	0.0	0	0
JTB|chr1:154326892-154327523:.	chr1	154354416	154355047	JTB	chr1	153978225	0.0	0.0	0	0
JTB|chr1:154357058-154357906:.	chr1	154384582	154385430	JTB	chr1	153978225	0.0	0.0	0	0
JTB|chr1:154601494-154602141:.	chr1	154629018	154629665	JTB	chr1	153978225	0.0	0.0	0	0
JTB|chr1:154858710-154859210:.	chr1	154886234	154886734	JTB	chr1	153978225	0.0	0.0	0	0
RAB13|chr1:153031763-153032263:.	chr1	153059287	153059787	RAB13	chr1	153986627	0.0	0.0	0	0
RAB13|chr1:154357058-154357906:.	chr1	154384582	154385430	RAB13	chr1	153986627	0.0	0.0	0	0
RAB13|chr1:154601494-154602141:.	chr1	154629018	154629665	RAB13	chr1	153986627	0.0	0.0	0	0
RAB13|chr1:154856383-154856883:.	chr1	154883907	154884407	RAB13	chr1	153986627	0.0	0.0	0	0
RPS27|chr1:153031763-153032263:.	chr1	153059287	153059787	RPS27	chr1	153990512	0.0	0.0	0	0
RPS27|chr1:154326892-154327523:.	chr1	154354416	154355047	RPS27	chr1	153990512	0.0	0.0	0	0
RPS27|chr1:154357058-154357906:.	chr1	154384582	154385430	RPS27	chr1	153990512	0.0	0.0	0	0
RPS27|chr1:154357987-154358487:.	chr1	154385511	154386011	RPS27	chr1	153990512	0.0	0.0	0	0
RPS27|chr1:154358965-154359932:.	chr1	154386489	154387456	RPS27	chr1	153990512	0.0	0.0	0	0
RPS27|chr1:154601494-154602141:.	chr1	154629018	154629665	RPS27	chr1	153990512	0.0	0.0	0	0
C1orf43|chr1:153405527-153406131:.	chr1	153433051	153433655	C1orf43	chr1	154221047	0.0	0.0	0	0
C1orf43|chr1:154326892-154327523:.	chr1	154354416	154355047	C1orf43	chr1	154221047	0.0	0.0	1	0
C1orf43|chr1:154358965-154359932:.	chr1	154386489	154387456	C1orf43	chr1	154221047	0.0	0.0	1	0
C1orf43|chr1:154856383-154856883:.	chr1	154883907	154884407	C1orf43	chr1	154221047	0.0	0.0	0	0
C1orf43|chr1:154968092-154968592:.	chr1	154995616	154996116	C1orf43	chr1	154221047	0.0	0.0	0	0
C1orf43|chr1:155140066-155140724:.	chr1	155167590	155168248	C1orf43	chr1	154221047	0.0	0.0	0	0
HAX1|chr1:153405527-153406131:.	chr1	153433051	153433655	HAX1	chr1	154272312	0.0	0.0	0	0
HAX1|chr1:154357058-154357906:.	chr1	154384582	154385430	HAX1	chr1	154272312	0.0	0.0	1	0
HAX1|chr1:154357987-154358487:.	chr1	154385511	154386011	HAX1	chr1	154272312	0.0	0.0	1	0
HAX1|chr1:154358965-154359932:.	chr1	154386489	154387456	HAX1	chr1	154272312	0.0	0.0	1	0
HAX1|chr1:154601494-154602141:.	chr1	154629018	154629665	HAX1	chr1	154272312	0.0	0.0	0	0
HAX1|chr1:154856383-154856883:.	chr1	154883907	154884407	HAX1	chr1	154272312	0.0	0.0	0	0
HAX1|chr1:154968092-154968592:.	chr1	154995616	154996116	HAX1	chr1	154272312	0.0	0.0	0	0
TPM3|chr1:153405527-153406131:.	chr1	153433051	153433655	TPM3	chr1	154183499	0.0	0.0	0	0
TPM3|chr1:153670762-153671262:.	chr1	153698286	153698786	TPM3	chr1	154183499	0.0	0.0	0	0
TPM3|chr1:154326892-154327523:.	chr1	154354416	154355047	TPM3	chr1	154183499	0.0	0.0	1	0
TPM3|chr1:154357058-154357906:.	chr1	154384582	154385430	TPM3	chr1	154183499	0.0	0.0	0	0
TPM3|chr1:154357987-154358487:.	chr1	154385511	154386011	TPM3	chr1	154183499	0.0	0.0	0	0
TPM3|chr1:154358965-154359932:.	chr1	154386489	154387456	TPM3	chr1	154183499	0.0	0.0	0	0
TPM3|chr1:154601494-154602141:.	chr1	154629018	154629665	TPM3	chr1	154183499	0.0	0.0	0	0
TPM3|chr1:154856383-154856883:.	chr1	154883907	154884407	TPM3	chr1	154183499	0.0	0.0	0	0
TPM3|chr1:154968092-154968592:.	chr1	154995616	154996116	TPM3	chr1	154183499	0.0	0.0	0	0
CKS1B|chr1:154326892-154327523:.	chr1	154354416	154355047	CKS1B	chr1	154974391	0.0	0.0	0	0
CKS1B|chr1:154357058-154357906:.	chr1	154384582	154385430	CKS1B	chr1	154974391	0.0	0.0	0	0
CKS1B|chr1:154358965-154359932:.	chr1	154386489	154387456	CKS1B	chr1	154974391	0.0	0.0	0	0
CKS1B|chr1:154601494-154602141:.	chr1	154629018	154629665	CKS1B	chr1	154974391	0.0	0.0	0	0
FDPS|chr1:154326892-154327523:.	chr1	154354416	154355047	FDPS	chr1	155308497	0.0	0.0	0	0
FDPS|chr1:154358965-154359932:.	chr1	154386489	154387456	FDPS	chr1	155308497	0.0	0.0	0	0
FDPS|chr1:154601494-154602141:.	chr1	154629018	154629665	FDPS	chr1	155308497	0.0	0.0	0	0
FDPS|chr1:154856383-154856883:.	chr1	154883907	154884407	FDPS	chr1	155308497	0.0	0.0	0	0
ILF2|chr1:154326892-154327523:.	chr1	154354416	154355047	ILF2	chr1	153671278	0.0	0.0	0	0
KRTCAP2|chr1:154326892-154327523:.	chr1	154354416	154355047	KRTCAP2	chr1	155173578	0.0	0.0	0	0
KRTCAP2|chr1:154358965-154359932:.	chr1	154386489	154387456	KRTCAP2	chr1	155173578	0.0	0.0	0	0
KRTCAP2|chr1:154601494-154602141:.	chr1	154629018	154629665	KRTCAP2	chr1	155173578	0.0	0.0	0	0
KRTCAP2|chr1:154856383-154856883:.	chr1	154883907	154884407	KRTCAP2	chr1	155173578	0.0	0.0	0	0
KRTCAP2|chr1:154968092-154968592:.	chr1	154995616	154996116	KRTCAP2	chr1	155173578	0.0	0.0	1	0
ADAR|chr1:154357058-154357906:.	chr1	154384582	154385430	ADAR	chr1	154608498	0.0	0.0	0	0
CHTOP|chr1:154357058-154357906:.	chr1	154384582	154385430	CHTOP	chr1	153633731	0.0	0.0	0	0
CHTOP|chr1:154358965-154359932:.	chr1	154386489	154387456	CHTOP	chr1	153633731	0.0	0.0	0	0
CHTOP|chr1:154601494-154602141:.	chr1	154629018	154629665	CHTOP	chr1	153633731	0.0	0.0	0	0
MTX1|chr1:154357058-154357906:.	chr1	154384582	154385430	MTX1	chr1	155208448	0.0	0.0	0	0
MTX1|chr1:154601494-154602141:.	chr1	154629018	154629665	MTX1	chr1	155208448	0.0	0.0	0	0
FLAD1|chr1:154601494-154602141:.	chr1	154629018	154629665	FLAD1	chr1	154983043	0.0	0.0	0	0
PMVK|chr1:154968092-154968592:.	chr1	154995616	154996116	PMVK	chr1	154937258	3.111283302307129	888.4060452522284	1	0
PMVK|chr1:155140066-155140724:.	chr1	155167590	155168248	PMVK	chr1	154937258	0.0	0.0	0	0
RUSC1|chr1:154601494-154602141:.	chr1	154629018	154629665	RUSC1	chr1	155323686	0.0	0.0	0	0
SLC50A1|chr1:154601494-154602141:.	chr1	154629018	154629665	SLC50A1	chr1	155135561	0.0	0.0	0	0
SNAPIN|chr1:154601494-154602141:.	chr1	154629018	154629665	SNAPIN	chr1	153658403	0.0	0.0	0	0
DAP3|chr1:154858710-154859210:.	chr1	154886234	154886734	DAP3	chr1	155688840	0.0	0.0	0	0
DAP3|chr1:155140066-155140724:.	chr1	155167590	155168248	DAP3	chr1	155688840	0.0	0.0	0	0
DAP3|chr1:156368167-156368667:.	chr1	156398375	156398875	DAP3	chr1	155688840	0.0	0.0	0	0
DAP3|chr1:156472578-156473505:.	chr1	156502786	156503713	DAP3	chr1	155688840	0.0	0.0	0	0
DAP3|chr1:156572454-156572954:.	chr1	156602662	156603162	DAP3	chr1	155688840	0.0	0.0	0	0
DAP3|chr1:156632991-156633491:.	chr1	156663199	156663699	DAP3	chr1	155688840	0.0	0.0	0	0
KIAA0907|chr1:154968092-154968592:.	chr1	154995616	154996116	KIAA0907	chr1	155934692	0.0	0.0	0	0
KIAA0907|chr1:156572454-156572954:.	chr1	156602662	156603162	KIAA0907	chr1	155934692	0.0	0.0	0	0
KIAA0907|chr1:156632991-156633491:.	chr1	156663199	156663699	KIAA0907	chr1	155934692	0.0	0.0	0	0
KIAA0907|chr1:156663863-156664363:.	chr1	156694071	156694571	KIAA0907	chr1	155934692	0.0	0.0	0	0
CCT3|chr1:156368167-156368667:.	chr1	156398375	156398875	CCT3	chr1	156338665	35.149169921875	2046.893930247062	1	0
CCT3|chr1:156430052-156430730:.	chr1	156460260	156460938	CCT3	chr1	156338665	0.0	0.0	1	0
CCT3|chr1:156632991-156633491:.	chr1	156663199	156663699	CCT3	chr1	156338665	0.0	0.0	0	0
CCT3|chr1:156663863-156664363:.	chr1	156694071	156694571	CCT3	chr1	156338665	0.0	0.0	0	0
CCT3|chr1:156859834-156860334:.	chr1	156890042	156890542	CCT3	chr1	156338665	0.0	0.0	0	0
CCT3|chr1:157163355-157163855:.	chr1	157193565	157194065	CCT3	chr1	156338665	0.0	0.0	0	0
CCT3|chr1:157197300-157198046:.	chr1	157227510	157228256	CCT3	chr1	156338665	0.0	0.0	0	0
CCT3|chr1:157231690-157232618:.	chr1	157261900	157262828	CCT3	chr1	156338665	0.0	0.0	0	0
CCT3|chr1:157244395-157245047:.	chr1	157274605	157275257	CCT3	chr1	156338665	0.0	0.0	0	0
CCT3|chr1:157294913-157295413:.	chr1	157325123	157325623	CCT3	chr1	156338665	0.0	0.0	0	0
HDGF|chr1:156368167-156368667:.	chr1	156398375	156398875	HDGF	chr1	156752698	0.0	0.0	0	0
HDGF|chr1:156572454-156572954:.	chr1	156602662	156603162	HDGF	chr1	156752698	0.0	0.0	1	0
HDGF|chr1:156632991-156633491:.	chr1	156663199	156663699	HDGF	chr1	156752698	3.347054481506348	667.5812737143616	1	0
HDGF|chr1:156663863-156664363:.	chr1	156694071	156694571	HDGF	chr1	156752698	5.163267135620117	1029.830996169951	1	0
HDGF|chr1:157163355-157163855:.	chr1	157193565	157194065	HDGF	chr1	156752698	0.0	0.0	0	0
HDGF|chr1:157231690-157232618:.	chr1	157261900	157262828	HDGF	chr1	156752698	0.0	0.0	0	0
HDGF|chr1:157281453-157282555:.	chr1	157311663	157312765	HDGF	chr1	156752698	0.0	0.0	0	0
LAMTOR2|chr1:156368167-156368667:.	chr1	156398375	156398875	LAMTOR2	chr1	156054475	0.0	0.0	0	0
LAMTOR2|chr1:156632991-156633491:.	chr1	156663199	156663699	LAMTOR2	chr1	156054475	0.0	0.0	0	0
LAMTOR2|chr1:156663863-156664363:.	chr1	156694071	156694571	LAMTOR2	chr1	156054475	0.0	0.0	0	0
NAXE|chr1:156368167-156368667:.	chr1	156398375	156398875	NAXE	chr1	156591515	0.0	0.0	1	0
NAXE|chr1:156430052-156430730:.	chr1	156460260	156460938	NAXE	chr1	156591515	0.0	0.0	1	0
NAXE|chr1:156632991-156633491:.	chr1	156663199	156663699	NAXE	chr1	156591515	20.13827514648437	1316.6149398919806	1	0
NAXE|chr1:156663863-156664363:.	chr1	156694071	156694571	NAXE	chr1	156591515	0.0	0.0	1	0
NAXE|chr1:157163355-157163855:.	chr1	157193565	157194065	NAXE	chr1	156591515	0.0	0.0	0	0
NAXE|chr1:157281453-157282555:.	chr1	157311663	157312765	NAXE	chr1	156591515	0.0	0.0	0	0
SSR2|chr1:156430052-156430730:.	chr1	156460260	156460938	SSR2	chr1	156021217	0.0	0.0	0	0
SSR2|chr1:156472578-156473505:.	chr1	156502786	156503713	SSR2	chr1	156021217	0.0	0.0	0	0
SSR2|chr1:156572454-156572954:.	chr1	156602662	156603162	SSR2	chr1	156021217	0.0	0.0	0	0
SSR2|chr1:156632991-156633491:.	chr1	156663199	156663699	SSR2	chr1	156021217	0.0	0.0	0	0
SSR2|chr1:156663863-156664363:.	chr1	156694071	156694571	SSR2	chr1	156021217	0.0	0.0	0	0
SSR2|chr1:156859834-156860334:.	chr1	156890042	156890542	SSR2	chr1	156021217	0.0	0.0	0	0
LMNA|chr1:156572454-156572954:.	chr1	156602662	156603162	LMNA	chr1	156114419	0.0	0.0	0	0
LMNA|chr1:156663863-156664363:.	chr1	156694071	156694571	LMNA	chr1	156114419	0.0	0.0	0	0
GPATCH4|chr1:156632991-156633491:.	chr1	156663199	156663699	GPATCH4	chr1	156601737	23.03934860229492	1874.605791774311	1	0
MRPL24|chr1:156663863-156664363:.	chr1	156694071	156694571	MRPL24	chr1	156741381	14.055066108703612	1114.7621915581908	1	0
PMF1|chr1:156632991-156633491:.	chr1	156663199	156663699	PMF1	chr1	156212737	0.0	0.0	0	0
PRCC|chr1:156632991-156633491:.	chr1	156663199	156663699	PRCC	chr1	156767231	0.0	0.0	1	0
SPTA1|chr1:158658837-158659337:.	chr1	158689047	158689547	SPTA1	chr1	158686966	133.98670959472656	12472.199578120382	1	1
TAGLN2|chr1:159787327-159787827:.	chr1	159817537	159818037	TAGLN2	chr1	159925792	0.0	0.0	1	0
TAGLN2|chr1:159791223-159791723:.	chr1	159821433	159821933	TAGLN2	chr1	159925792	0.0	0.0	1	0
TAGLN2|chr1:160331839-160332651:.	chr1	160362049	160362861	TAGLN2	chr1	159925792	0.0	0.0	0	0
TAGLN2|chr1:160635218-160636001:.	chr1	160665428	160666211	TAGLN2	chr1	159925792	0.0	0.0	0	0
SDHC|chr1:160331839-160332651:.	chr1	160362049	160362861	SDHC	chr1	161314125	0.0	0.0	0	0
SDHC|chr1:160635218-160636001:.	chr1	160665428	160666211	SDHC	chr1	161314125	0.0	0.0	0	0
SDHC|chr1:161456740-161457702:.	chr1	161486950	161487912	SDHC	chr1	161314125	0.0	0.0	1	0
SDHC|chr1:161472751-161473251:.	chr1	161502961	161503461	SDHC	chr1	161314125	0.0	0.0	1	0
SDHC|chr1:161581112-161582791:.	chr1	161611322	161613001	SDHC	chr1	161314125	0.0	0.0	0	0
SDHC|chr1:161591068-161591699:.	chr1	161621278	161621909	SDHC	chr1	161314125	0.0	0.0	0	0
SDHC|chr1:161699958-161700458:.	chr1	161730168	161730668	SDHC	chr1	161314125	0.0	0.0	0	0
SDHC|chr1:162025689-162026189:.	chr1	162055899	162056399	SDHC	chr1	161314125	0.0	0.0	0	0
UFC1|chr1:160331839-160332651:.	chr1	160362049	160362861	UFC1	chr1	161153493	0.0	0.0	0	0
UFC1|chr1:160430431-160430931:.	chr1	160460641	160461141	UFC1	chr1	161153493	0.0	0.0	0	0
UFC1|chr1:160635218-160636001:.	chr1	160665428	160666211	UFC1	chr1	161153493	0.0	0.0	0	0
UFC1|chr1:161456740-161457702:.	chr1	161486950	161487912	UFC1	chr1	161153493	0.0	0.0	0	0
UFC1|chr1:161472751-161473251:.	chr1	161502961	161503461	UFC1	chr1	161153493	0.0	0.0	0	0
UFC1|chr1:161591068-161591699:.	chr1	161621278	161621909	UFC1	chr1	161153493	0.0	0.0	0	0
UFC1|chr1:161699958-161700458:.	chr1	161730168	161730668	UFC1	chr1	161153493	0.0	0.0	0	0
PFDN2|chr1:161456740-161457702:.	chr1	161486950	161487912	PFDN2	chr1	161118326	0.0	0.0	0	0
PFDN2|chr1:161472751-161473251:.	chr1	161502961	161503461	PFDN2	chr1	161118326	0.0	0.0	0	0
PFDN2|chr1:161581112-161582791:.	chr1	161611322	161613001	PFDN2	chr1	161118326	0.0	0.0	0	0
NDUFS2|chr1:161456740-161457702:.	chr1	161486950	161487912	NDUFS2	chr1	161199064	0.0	0.0	0	0
NDUFS2|chr1:161581112-161582791:.	chr1	161611322	161613001	NDUFS2	chr1	161199064	0.0	0.0	0	0
NDUFS2|chr1:161591068-161591699:.	chr1	161621278	161621909	NDUFS2	chr1	161199064	0.0	0.0	0	0
DUSP12|chr1:161472751-161473251:.	chr1	161502961	161503461	DUSP12	chr1	161749517	0.0	0.0	0	0
FCGR2A|chr1:161472751-161473251:.	chr1	161502961	161503461	FCGR2A	chr1	161505164	177.1847686767578	20016.5557280973	1	1
ATF6|chr1:161591068-161591699:.	chr1	161621278	161621909	ATF6	chr1	161765993	0.0	0.0	1	0
B4GALT3|chr1:161591068-161591699:.	chr1	161621278	161621909	B4GALT3	chr1	161178218	0.0	0.0	0	0
PPOX|chr1:161591068-161591699:.	chr1	161621278	161621909	PPOX	chr1	161166140	0.0	0.0	0	0
UAP1|chr1:161591068-161591699:.	chr1	161621278	161621909	UAP1	chr1	162561189	0.0	0.0	0	0
UHMK1|chr1:161591068-161591699:.	chr1	161621278	161621909	UHMK1	chr1	162497554	0.0	0.0	0	0
MGST3|chr1:166554098-166554598:.	chr1	166584861	166585361	MGST3	chr1	165630622	0.0	0.0	0	0
TMCO1|chr1:166667994-166668696:.	chr1	166698757	166699459	TMCO1	chr1	165769172	0.0	0.0	0	0
TMCO1|chr1:166669822-166670322:.	chr1	166700585	166701085	TMCO1	chr1	165769172	0.0	0.0	0	0
CREG1|chr1:166669822-166670322:.	chr1	166700585	166701085	CREG1	chr1	167554069	0.0	0.0	0	0
CREG1|chr1:166674644-166675144:.	chr1	166705407	166705907	CREG1	chr1	167554069	0.0	0.0	0	0
CREG1|chr1:167586141-167587290:.	chr1	167616904	167618053	CREG1	chr1	167554069	51.614540100097656	3851.55869275365	1	0
MPC2|chr1:168187866-168188366:.	chr1	168218628	168219128	MPC2	chr1	167937319	0.0	0.0	0	0
MPC2|chr1:168368161-168368661:.	chr1	168398923	168399423	MPC2	chr1	167937319	0.0	0.0	0	0
MPC2|chr1:168572662-168573162:.	chr1	168603424	168603924	MPC2	chr1	167937319	0.0	0.0	0	0
MPZL1|chr1:167586141-167587290:.	chr1	167616904	167618053	MPZL1	chr1	167721699	0.0	0.0	1	0
TIPRL|chr1:167586141-167587290:.	chr1	167616904	167618053	TIPRL	chr1	168178594	0.0	0.0	0	0
RCSD1|chr1:168572662-168573162:.	chr1	168603424	168603924	RCSD1	chr1	167629942	0.0	0.0	0	0
PRDX6|chr1:173271993-173272860:.	chr1	173302854	173303721	PRDX6	chr1	173477096	0.0	0.0	1	0
PRDX6|chr1:173299434-173299934:.	chr1	173330295	173330795	PRDX6	chr1	173477096	0.0	0.0	1	0
CEP350|chr1:178985831-178986593:.	chr1	179016696	179017458	CEP350	chr1	179954522	0.0	0.0	0	0
XPR1|chr1:180579641-180580141:.	chr1	180610505	180611005	XPR1	chr1	180631759	130.3092803955078	16933.049474787138	1	1
DHX9|chr1:181863002-181864091:.	chr1	181893867	181894956	DHX9	chr1	182839053	0.0	0.0	0	0
DHX9|chr1:182299281-182299781:.	chr1	182330146	182330646	DHX9	chr1	182839053	0.0	0.0	0	0
DHX9|chr1:182307084-182307584:.	chr1	182337949	182338449	DHX9	chr1	182839053	0.0	0.0	0	0
DHX9|chr1:182308004-182308504:.	chr1	182338869	182339369	DHX9	chr1	182839053	0.0	0.0	0	0
GLUL|chr1:181874939-181875559:.	chr1	181905804	181906424	GLUL	chr1	182392456	0.0	0.0	0	0
TSEN15|chr1:184737494-184737994:.	chr1	184768360	184768860	TSEN15	chr1	184051400	0.0	0.0	0	0
TPR|chr1:186164365-186165039:.	chr1	186195233	186195907	TPR	chr1	186375575	0.0	0.0	1	0
TPR|chr1:187043750-187044250:.	chr1	187074618	187075118	TPR	chr1	186375575	0.0	0.0	0	0
TIMM17A|chr1:201540163-201540663:.	chr1	201571035	201571535	TIMM17A	chr1	201955240	0.0	0.0	0	0
TIMM17A|chr1:201547347-201547970:.	chr1	201578219	201578842	TIMM17A	chr1	201955240	0.0	0.0	0	0
TIMM17A|chr1:202087007-202087507:.	chr1	202117879	202118379	TIMM17A	chr1	201955240	0.0	0.0	1	0
UBE2T|chr1:201547347-201547970:.	chr1	201578219	201578842	UBE2T	chr1	202342216	0.0	0.0	0	0
UBE2T|chr1:202045925-202046425:.	chr1	202076797	202077297	UBE2T	chr1	202342216	0.0	0.0	0	0
UBE2T|chr1:202087007-202087507:.	chr1	202117879	202118379	UBE2T	chr1	202342216	0.0	0.0	0	0
UBE2T|chr1:203280867-203281367:.	chr1	203311739	203312239	UBE2T	chr1	202342216	0.0	0.0	0	0
ADIPOR1|chr1:202045048-202045727:.	chr1	202075920	202076599	ADIPOR1	chr1	202958646	0.0	0.0	0	0
ADIPOR1|chr1:202045925-202046425:.	chr1	202076797	202077297	ADIPOR1	chr1	202958646	0.0	0.0	0	0
ADIPOR1|chr1:202087007-202087507:.	chr1	202117879	202118379	ADIPOR1	chr1	202958646	0.0	0.0	0	0
ADIPOR1|chr1:202088009-202088509:.	chr1	202118881	202119381	ADIPOR1	chr1	202958646	0.0	0.0	0	0
ADIPOR1|chr1:202133580-202134080:.	chr1	202164452	202164952	ADIPOR1	chr1	202958646	0.0	0.0	0	0
ADIPOR1|chr1:202134526-202136112:.	chr1	202165398	202166984	ADIPOR1	chr1	202958646	0.0	0.0	0	0
ADIPOR1|chr1:203280867-203281367:.	chr1	203311739	203312239	ADIPOR1	chr1	202958646	0.0	0.0	0	0
CYB5R1|chr1:202087007-202087507:.	chr1	202117879	202118379	CYB5R1	chr1	202967526	0.0	0.0	0	0
KDM5B|chr1:202087007-202087507:.	chr1	202117879	202118379	KDM5B	chr1	202809720	0.0	0.0	0	0
RABIF|chr1:202087007-202087507:.	chr1	202117879	202118379	RABIF	chr1	202889507	0.0	0.0	0	0
TMEM183A|chr1:202087007-202087507:.	chr1	202117879	202118379	TMEM183A	chr1	203007116	0.0	0.0	0	0
TMEM183A|chr1:202974737-202975237:.	chr1	203005609	203006109	TMEM183A	chr1	203007116	202.89044189453125	20192.92651697414	1	1
TMEM9|chr1:202087007-202087507:.	chr1	202117879	202118379	TMEM9	chr1	201154805	0.0	0.0	0	0
SNRPE|chr1:202974737-202975237:.	chr1	203005609	203006109	SNRPE	chr1	203861334	0.0	0.0	0	0
SNRPE|chr1:203280867-203281367:.	chr1	203311739	203312239	SNRPE	chr1	203861334	0.0	0.0	0	0
SNRPE|chr1:204660507-204661007:.	chr1	204691379	204691879	SNRPE	chr1	203861334	0.0	0.0	0	0
SNRPE|chr1:204661742-204662612:.	chr1	204692614	204693484	SNRPE	chr1	203861334	0.0	0.0	0	0
SNRPE|chr1:204673952-204674736:.	chr1	204704824	204705608	SNRPE	chr1	203861334	0.0	0.0	0	0
ZC3H11A|chr1:202974737-202975237:.	chr1	203005609	203006109	ZC3H11A	chr1	203795286	0.0	0.0	0	0
NUCKS1|chr1:205457160-205457660:.	chr1	205488032	205488532	NUCKS1	chr1	205750494	0.0	0.0	0	0
CD46|chr1:207257967-207258467:.	chr1	207084622	207085122	CD46	chr1	207751787	0.0	0.0	0	0
CD55|chr1:207919617-207920218:.	chr1	207746272	207746873	CD55	chr1	207321221	0.0	0.0	0	0
NENF|chr1:211786404-211787122:.	chr1	211613062	211613780	NENF	chr1	212432636	0.0	0.0	0	0
NENF|chr1:211787217-211787717:.	chr1	211613875	211614375	NENF	chr1	212432636	0.0	0.0	0	0
NENF|chr1:211787967-211788467:.	chr1	211614625	211615125	NENF	chr1	212432636	0.0	0.0	0	0
NENF|chr1:211803487-211803987:.	chr1	211630145	211630645	NENF	chr1	212432636	0.0	0.0	0	0
NENF|chr1:212325046-212325955:.	chr1	212151704	212152613	NENF	chr1	212432636	0.0	0.0	0	0
NENF|chr1:212326887-212327387:.	chr1	212153545	212154045	NENF	chr1	212432636	0.0	0.0	0	0
NENF|chr1:212894803-212895303:.	chr1	212721461	212721961	NENF	chr1	212432636	0.0	0.0	0	0
NENF|chr1:213218496-213220078:.	chr1	213045154	213046736	NENF	chr1	212432636	0.0	0.0	0	0
NSL1|chr1:212325046-212325955:.	chr1	212151704	212152613	NSL1	chr1	212792047	0.0	0.0	0	0
NSL1|chr1:212434751-212435251:.	chr1	212261409	212261909	NSL1	chr1	212792047	0.0	0.0	0	0
NSL1|chr1:212603179-212604756:.	chr1	212429837	212431414	NSL1	chr1	212792047	0.0	0.0	0	0
RPS6KC1|chr1:213218496-213220078:.	chr1	213045154	213046736	RPS6KC1	chr1	213050982	88.04850769042969	10519.895572205438	1	1
EPRS|chr1:220473694-220474559:.	chr1	220300352	220301217	EPRS	chr1	220046908	0.0	0.0	0	0
EPRS|chr1:221140062-221140562:.	chr1	220966720	220967220	EPRS	chr1	220046908	0.0	0.0	0	0
EPRS|chr1:221208788-221209647:.	chr1	221035446	221036305	EPRS	chr1	220046908	0.0	0.0	0	0
CNIH4|chr1:224249048-224249548:.	chr1	224061346	224061846	CNIH4	chr1	224356560	0.0	0.0	0	0
DNAH14|chr1:225632498-225632998:.	chr1	225444796	225445296	DNAH14	chr1	224929403	0.0	0.0	0	0
ACBD3|chr1:225632498-225632998:.	chr1	225444796	225445296	ACBD3	chr1	226186972	0.0	0.0	0	0
H3F3A|chr1:225632498-225632998:.	chr1	225444796	225445296	H3F3A	chr1	226062456	0.0	0.0	0	0
H3F3A|chr1:226116090-226116590:.	chr1	225928390	225928890	H3F3A	chr1	226062456	0.0	0.0	1	0
H3F3A|chr1:226118940-226119922:.	chr1	225931240	225932222	H3F3A	chr1	226062456	0.0	0.0	1	0
H3F3A|chr1:226165957-226166457:.	chr1	225978256	225978756	H3F3A	chr1	226062456	4.463951110839844	1060.4964277228937	1	0
H3F3A|chr1:226189595-226190360:.	chr1	226001894	226002659	H3F3A	chr1	226062456	24.110164642333984	5727.827845810687	1	0
H3F3A|chr1:226190505-226191005:.	chr1	226002804	226003304	H3F3A	chr1	226062456	20.05744743347168	4765.027847366939	1	0
H3F3A|chr1:226197266-226197766:.	chr1	226009565	226010065	H3F3A	chr1	226062456	6.146029472351074	1460.1061118883251	1	0
H3F3A|chr1:226297411-226298396:.	chr1	226109710	226110695	H3F3A	chr1	226062456	34.8291130065918	8274.317752843497	1	0
H3F3A|chr1:227015688-227016188:.	chr1	226827987	226828487	H3F3A	chr1	226062456	0.0	0.0	0	0
LBR|chr1:226116090-226116590:.	chr1	225928390	225928890	LBR	chr1	225428363	0.0	0.0	0	0
LBR|chr1:226197266-226197766:.	chr1	226009565	226010065	LBR	chr1	225428363	0.0	0.0	0	0
PARP1|chr1:225632498-225632998:.	chr1	225444796	225445296	PARP1	chr1	226408350	0.0	0.0	0	0
PARP1|chr1:226116090-226116590:.	chr1	225928390	225928890	PARP1	chr1	226408350	0.0	0.0	0	0
PARP1|chr1:226190505-226191005:.	chr1	226002804	226003304	PARP1	chr1	226408350	0.0	0.0	0	0
PARP1|chr1:227556646-227557737:.	chr1	227368945	227370036	PARP1	chr1	226408350	0.0	0.0	0	0
PYCR2|chr1:226116090-226116590:.	chr1	225928390	225928890	PYCR2	chr1	225924590	170.08578491210938	12291.44674522524	1	1
PYCR2|chr1:226190505-226191005:.	chr1	226002804	226003304	PYCR2	chr1	225924590	34.828369140625	2516.9125376130137	1	0
SRP9|chr1:226116090-226116590:.	chr1	225928390	225928890	SRP9	chr1	225777562	0.0	0.0	1	0
SRP9|chr1:226118940-226119922:.	chr1	225931240	225932222	SRP9	chr1	225777562	0.0	0.0	1	0
SRP9|chr1:226190505-226191005:.	chr1	226002804	226003304	SRP9	chr1	225777562	0.0	0.0	0	0
SRP9|chr1:226197266-226197766:.	chr1	226009565	226010065	SRP9	chr1	225777562	0.0	0.0	0	0
C1orf35|chr1:227523192-227523692:.	chr1	227335491	227335991	C1orf35	chr1	228103712	0.0	0.0	0	0
C1orf35|chr1:227719895-227720395:.	chr1	227532194	227532694	C1orf35	chr1	228103712	0.0	0.0	0	0
ARF1|chr1:227544901-227545998:.	chr1	227357200	227358297	ARF1	chr1	228082409	0.0	0.0	0	0
ARF1|chr1:227556646-227557737:.	chr1	227368945	227370036	ARF1	chr1	228082409	0.0	0.0	0	0
ARF1|chr1:227566419-227567700:.	chr1	227378718	227379999	ARF1	chr1	228082409	0.0	0.0	0	0
ARF1|chr1:227719895-227720395:.	chr1	227532194	227532694	ARF1	chr1	228082409	0.0	0.0	0	0
ARF1|chr1:228036046-228036658:.	chr1	227848345	227848957	ARF1	chr1	228082409	0.0	0.0	0	0
ARF1|chr1:228043369-228043869:.	chr1	227855668	227856168	ARF1	chr1	228082409	0.0	0.0	0	0
ARF1|chr1:228702058-228702558:.	chr1	228514357	228514857	ARF1	chr1	228082409	0.0	0.0	0	0
ARF1|chr1:229139902-229140402:.	chr1	229004155	229004655	ARF1	chr1	228082409	0.0	0.0	0	0
GUK1|chr1:227544901-227545998:.	chr1	227357200	227358297	GUK1	chr1	228139977	0.0	0.0	0	0
GUK1|chr1:227556646-227557737:.	chr1	227368945	227370036	GUK1	chr1	228139977	0.0	0.0	0	0
GUK1|chr1:227566419-227567700:.	chr1	227378718	227379999	GUK1	chr1	228139977	0.0	0.0	0	0
GUK1|chr1:227719895-227720395:.	chr1	227532194	227532694	GUK1	chr1	228139977	0.0	0.0	0	0
GUK1|chr1:228036046-228036658:.	chr1	227848345	227848957	GUK1	chr1	228139977	0.0	0.0	0	0
GUK1|chr1:228043369-228043869:.	chr1	227855668	227856168	GUK1	chr1	228139977	0.0	0.0	0	0
GUK1|chr1:228702058-228702558:.	chr1	228514357	228514857	GUK1	chr1	228139977	0.0	0.0	0	0
GUK1|chr1:229139902-229140402:.	chr1	229004155	229004655	GUK1	chr1	228139977	0.0	0.0	0	0
MRPL55|chr1:227544901-227545998:.	chr1	227357200	227358297	MRPL55	chr1	228109562	0.0	0.0	0	0
MRPL55|chr1:227556646-227557737:.	chr1	227368945	227370036	MRPL55	chr1	228109562	0.0	0.0	0	0
MRPL55|chr1:227566419-227567700:.	chr1	227378718	227379999	MRPL55	chr1	228109562	0.0	0.0	0	0
CCSAP|chr1:228702058-228702558:.	chr1	228514357	228514857	CCSAP	chr1	229343191	0.0	0.0	0	0
RAB4A|chr1:229139902-229140402:.	chr1	229004155	229004655	RAB4A	chr1	229270811	0.0	0.0	0	0
ABCB10|chr1:229889432-229889932:.	chr1	229753685	229754185	ABCB10	chr1	229558945	0.0	0.0	1	0
ARV1|chr1:231189252-231189883:.	chr1	231053506	231054137	ARV1	chr1	230978798	44.94715118408203	2967.080180552581	1	0
ARV1|chr1:231295417-231296314:.	chr1	231159671	231160568	ARV1	chr1	230978798	0.0	0.0	1	0
C1orf131|chr1:231182426-231182926:.	chr1	231046680	231047180	C1orf131	chr1	231241437	0.0	0.0	1	0
C1orf131|chr1:231295417-231296314:.	chr1	231159671	231160568	C1orf131	chr1	231241437	61.2630500793457	2347.5485128156065	1	0
EGLN1|chr1:231182426-231182926:.	chr1	231046680	231047180	EGLN1	chr1	231425294	0.0	0.0	0	0
EGLN1|chr1:231189252-231189883:.	chr1	231053506	231054137	EGLN1	chr1	231425294	0.0	0.0	0	0
FAM89A|chr1:231189252-231189883:.	chr1	231053506	231054137	FAM89A	chr1	231040499	111.20660400390624	10388.195145111118	1	1
TSNAX|chr1:231295417-231296314:.	chr1	231159671	231160568	TSNAX	chr1	231528402	0.0	0.0	0	0
GNPAT|chr1:231295417-231296314:.	chr1	231159671	231160568	GNPAT	chr1	231240922	60.46969985961914	2341.1059512413294	1	0
SPRTN|chr1:231295417-231296314:.	chr1	231159671	231160568	SPRTN	chr1	231337685	0.0	0.0	1	0
COA6|chr1:233845731-233846438:.	chr1	233709985	233710692	COA6	chr1	234373432	0.0	0.0	0	0
COA6|chr1:233926800-233927300:.	chr1	233791054	233791554	COA6	chr1	234373432	0.0	0.0	0	0
COA6|chr1:234626612-234627334:.	chr1	234490866	234491588	COA6	chr1	234373432	0.0	0.0	1	0
COA6|chr1:234679849-234680701:.	chr1	234544103	234544955	COA6	chr1	234373432	0.0	0.0	1	0
COA6|chr1:234690099-234691076:.	chr1	234554353	234555330	COA6	chr1	234373432	0.0	0.0	1	0
COA6|chr1:234719401-234719901:.	chr1	234583655	234584155	COA6	chr1	234373432	0.0	0.0	0	0
COA6|chr1:234835443-234836382:.	chr1	234699696	234700635	COA6	chr1	234373432	0.0	0.0	0	0
COA6|chr1:234881419-234881919:.	chr1	234745672	234746172	COA6	chr1	234373432	0.0	0.0	0	0
COA6|chr1:234886830-234887330:.	chr1	234751083	234751583	COA6	chr1	234373432	0.0	0.0	0	0
COA6|chr1:234907821-234908559:.	chr1	234772074	234772812	COA6	chr1	234373432	0.0	0.0	0	0
COA6|chr1:235010034-235010736:.	chr1	234874287	234874989	COA6	chr1	234373432	0.0	0.0	0	0
COA6|chr1:235015197-235015697:.	chr1	234879450	234879950	COA6	chr1	234373432	0.0	0.0	0	0
COA6|chr1:235029454-235030426:.	chr1	234893707	234894679	COA6	chr1	234373432	0.0	0.0	0	0
COA6|chr1:235110458-235111365:.	chr1	234974711	234975618	COA6	chr1	234373432	0.0	0.0	0	0
GGPS1|chr1:234626612-234627334:.	chr1	234490866	234491588	GGPS1	chr1	235328187	0.0	0.0	0	0
GGPS1|chr1:234907821-234908559:.	chr1	234772074	234772812	GGPS1	chr1	235328187	0.0	0.0	0	0
GGPS1|chr1:235010034-235010736:.	chr1	234874287	234874989	GGPS1	chr1	235328187	0.0	0.0	0	0
TOMM20|chr1:234626612-234627334:.	chr1	234490866	234491588	TOMM20	chr1	235129191	0.0	0.0	0	0
TOMM20|chr1:234659265-234659765:.	chr1	234523519	234524019	TOMM20	chr1	235129191	0.0	0.0	0	0
TOMM20|chr1:234679849-234680701:.	chr1	234544103	234544955	TOMM20	chr1	235129191	0.0	0.0	0	0
TOMM20|chr1:234682672-234683446:.	chr1	234546926	234547700	TOMM20	chr1	235129191	0.0	0.0	0	0
TOMM20|chr1:234690099-234691076:.	chr1	234554353	234555330	TOMM20	chr1	235129191	0.0	0.0	0	0
TOMM20|chr1:234719401-234719901:.	chr1	234583655	234584155	TOMM20	chr1	235129191	0.0	0.0	0	0
TOMM20|chr1:234748205-234748705:.	chr1	234612459	234612959	TOMM20	chr1	235129191	0.0	0.0	0	0
TOMM20|chr1:234835443-234836382:.	chr1	234699696	234700635	TOMM20	chr1	235129191	0.0	0.0	0	0
TOMM20|chr1:234881419-234881919:.	chr1	234745672	234746172	TOMM20	chr1	235129191	0.0	0.0	0	0
TOMM20|chr1:234886830-234887330:.	chr1	234751083	234751583	TOMM20	chr1	235129191	0.0	0.0	0	0
TOMM20|chr1:234907821-234908559:.	chr1	234772074	234772812	TOMM20	chr1	235129191	0.0	0.0	0	0
TOMM20|chr1:235001840-235002483:.	chr1	234866093	234866736	TOMM20	chr1	235129191	0.0	0.0	0	0
TOMM20|chr1:235002883-235003383:.	chr1	234867136	234867636	TOMM20	chr1	235129191	0.0	0.0	0	0
TOMM20|chr1:235005196-235005696:.	chr1	234869449	234869949	TOMM20	chr1	235129191	0.0	0.0	0	0
TOMM20|chr1:235010034-235010736:.	chr1	234874287	234874989	TOMM20	chr1	235129191	0.0	0.0	0	0
TOMM20|chr1:235012044-235012841:.	chr1	234876297	234877094	TOMM20	chr1	235129191	0.0	0.0	0	0
TOMM20|chr1:235015197-235015697:.	chr1	234879450	234879950	TOMM20	chr1	235129191	0.0	0.0	0	0
TOMM20|chr1:235029454-235030426:.	chr1	234893707	234894679	TOMM20	chr1	235129191	0.0	0.0	0	0
TOMM20|chr1:235110458-235111365:.	chr1	234974711	234975618	TOMM20	chr1	235129191	0.0	0.0	1	0
ARID4B|chr1:234690099-234691076:.	chr1	234554353	234555330	ARID4B	chr1	235328467	0.0	0.0	0	0
ARID4B|chr1:234835443-234836382:.	chr1	234699696	234700635	ARID4B	chr1	235328467	0.0	0.0	0	0
ARID4B|chr1:234907821-234908559:.	chr1	234772074	234772812	ARID4B	chr1	235328467	0.0	0.0	0	0
IRF2BP2|chr1:234719401-234719901:.	chr1	234583655	234584155	IRF2BP2	chr1	234609775	28.14868927001953	3577.62516643033	1	0
IRF2BP2|chr1:235029454-235030426:.	chr1	234893707	234894679	IRF2BP2	chr1	234609775	0.0	0.0	0	0
KCNK1|chr1:234719401-234719901:.	chr1	234583655	234584155	KCNK1	chr1	233613753	0.0	0.0	0	0
HNRNPU|chr1:244462576-244463076:.	chr1	244299274	244299774	HNRNPU	chr1	244864775	0.0	0.0	0	0
GDI2|chr10:4908786-4909286:.	chr10	4866594	4867094	GDI2	chr10	5813799	0.0	0.0	0	0
GDI2|chr10:5062245-5062874:.	chr10	5020053	5020682	GDI2	chr10	5813799	0.0	0.0	0	0
GDI2|chr10:5503805-5504749:.	chr10	5461842	5462786	GDI2	chr10	5813799	0.0	0.0	0	0
GDI2|chr10:5508272-5509122:.	chr10	5466309	5467159	GDI2	chr10	5813799	0.0	0.0	0	0
GDI2|chr10:5519952-5520665:.	chr10	5477989	5478702	GDI2	chr10	5813799	0.0	0.0	0	0
GDI2|chr10:5521490-5522318:.	chr10	5479527	5480355	GDI2	chr10	5813799	0.0	0.0	0	0
GDI2|chr10:5522407-5522907:.	chr10	5480444	5480944	GDI2	chr10	5813799	0.0	0.0	0	0
GDI2|chr10:5590537-5591439:.	chr10	5548574	5549476	GDI2	chr10	5813799	0.0	0.0	0	0
GDI2|chr10:6023530-6024030:.	chr10	5981567	5982067	GDI2	chr10	5813799	0.0	0.0	1	0
GDI2|chr10:6029380-6030108:.	chr10	5987417	5988145	GDI2	chr10	5813799	0.0	0.0	1	0
RBM17|chr10:5519952-5520665:.	chr10	5477989	5478702	RBM17	chr10	6088735	0.0	0.0	0	0
RBM17|chr10:6029380-6030108:.	chr10	5987417	5988145	RBM17	chr10	6088735	0.0	0.0	1	0
FBXO18|chr10:5521490-5522318:.	chr10	5479527	5480355	FBXO18	chr10	5889952	0.0	0.0	0	0
ATP5C1|chr10:7049421-7049921:.	chr10	7007459	7007959	ATP5C1	chr10	7787853	0.0	0.0	0	0
ATP5C1|chr10:7069434-7071049:.	chr10	7027472	7029087	ATP5C1	chr10	7787853	0.0	0.0	0	0
NUDT5|chr10:11682253-11682986:.	chr10	11640254	11640987	NUDT5	chr10	12196394	0.0	0.0	0	0
NUDT5|chr10:11943846-11944589:.	chr10	11901847	11902590	NUDT5	chr10	12196394	0.0	0.0	0	0
MLLT10|chr10:22422703-22423564:.	chr10	22133774	22134635	MLLT10	chr10	21533921	0.0	0.0	0	0
MSRB2|chr10:23105233-23105733:.	chr10	22816304	22816804	MSRB2	chr10	23095247	0.0	0.0	0	0
MSRB2|chr10:23105783-23106814:.	chr10	22816854	22817885	MSRB2	chr10	23095247	0.0	0.0	0	0
KIF5B|chr10:32261315-32262008:.	chr10	31972387	31973080	KIF5B	chr10	32056693	26.758678436279297	1686.9247893092302	1	0
HNRNPF|chr10:43140488-43140988:.	chr10	42645040	42645540	HNRNPF	chr10	43409458	0.0	0.0	0	0
HNRNPF|chr10:43264171-43264731:.	chr10	42768723	42769283	HNRNPF	chr10	43409458	0.0	0.0	0	0
ZNF22|chr10:44973448-44973948:.	chr10	44478000	44478500	ZNF22	chr10	45000574	0.0	0.0	0	0
PPA1|chr10:72335468-72336504:.	chr10	70575712	70576748	PPA1	chr10	70233684	0.0	0.0	0	0
PPA1|chr10:72378981-72379481:.	chr10	70619225	70619725	PPA1	chr10	70233684	0.0	0.0	0	0
PPA1|chr10:72409253-72409753:.	chr10	70649497	70649997	PPA1	chr10	70233684	0.0	0.0	0	0
PPA1|chr10:72420511-72421011:.	chr10	70660755	70661255	PPA1	chr10	70233684	0.0	0.0	0	0
PPA1|chr10:72426897-72427569:.	chr10	70667141	70667813	PPA1	chr10	70233684	0.0	0.0	0	0
PCBD1|chr10:72409253-72409753:.	chr10	70649497	70649997	PCBD1	chr10	70889036	0.0	0.0	0	0
PCBD1|chr10:72420511-72421011:.	chr10	70660755	70661255	PCBD1	chr10	70889036	0.0	0.0	0	0
PCBD1|chr10:72424611-72425111:.	chr10	70664855	70665355	PCBD1	chr10	70889036	0.0	0.0	0	0
EIF4EBP2|chr10:72409253-72409753:.	chr10	70649497	70649997	EIF4EBP2	chr10	70403854	0.0	0.0	0	0
SAR1A|chr10:72409253-72409753:.	chr10	70649497	70649997	SAR1A	chr10	70170779	0.0	0.0	0	0
SAR1A|chr10:72420511-72421011:.	chr10	70660755	70661255	SAR1A	chr10	70170779	0.0	0.0	0	0
ANAPC16|chr10:74003848-74005175:.	chr10	72244090	72245417	ANAPC16	chr10	72215749	137.1037139892578	6331.520989973476	1	0
ANAPC16|chr10:74067911-74068727:.	chr10	72308153	72308969	ANAPC16	chr10	72215749	20.292694091796875	937.1271925966164	1	0
ANAPC16|chr10:74741630-74742130:.	chr10	72981872	72982372	ANAPC16	chr10	72215749	0.0	0.0	0	0
PSAP|chr10:73653628-73654128:.	chr10	71893870	71894370	PSAP	chr10	71851625	9.43772792816162	1197.948033001428	1	0
PSAP|chr10:74014442-74015292:.	chr10	72254684	72255534	PSAP	chr10	71851625	0.0	0.0	0	0
PSAP|chr10:74016736-74017236:.	chr10	72256978	72257478	PSAP	chr10	71851625	0.0	0.0	0	0
PSAP|chr10:74050741-74051241:.	chr10	72290983	72291483	PSAP	chr10	71851625	0.0	0.0	0	0
PSAP|chr10:74080404-74081554:.	chr10	72320646	72321796	PSAP	chr10	71851625	0.0	0.0	0	0
MRPS16|chr10:74014442-74015292:.	chr10	72254684	72255534	MRPS16	chr10	73252943	0.0	0.0	0	0
MRPS16|chr10:74016736-74017236:.	chr10	72256978	72257478	MRPS16	chr10	73252943	0.0	0.0	0	0
MRPS16|chr10:74020156-74021730:.	chr10	72260398	72261972	MRPS16	chr10	73252943	0.0	0.0	0	0
MRPS16|chr10:74056795-74057481:.	chr10	72297037	72297723	MRPS16	chr10	73252943	0.0	0.0	0	0
MRPS16|chr10:74080404-74081554:.	chr10	72320646	72321796	MRPS16	chr10	73252943	0.0	0.0	0	0
MRPS16|chr10:74447850-74448350:.	chr10	72688092	72688592	MRPS16	chr10	73252943	0.0	0.0	0	0
MRPS16|chr10:75653952-75654742:.	chr10	73894194	73894984	MRPS16	chr10	73252943	0.0	0.0	0	0
MRPS16|chr10:75690351-75690851:.	chr10	73930593	73931093	MRPS16	chr10	73252943	0.0	0.0	0	0
MRPS16|chr10:75692019-75692519:.	chr10	73932261	73932761	MRPS16	chr10	73252943	0.0	0.0	0	0
MRPS16|chr10:75716165-75717554:.	chr10	73956407	73957796	MRPS16	chr10	73252943	0.0	0.0	0	0
DNAJC9|chr10:74016736-74017236:.	chr10	72256978	72257478	DNAJC9	chr10	73247581	0.0	0.0	0	0
DNAJC9|chr10:74020156-74021730:.	chr10	72260398	72261972	DNAJC9	chr10	73247581	0.0	0.0	0	0
DNAJC9|chr10:74080404-74081554:.	chr10	72320646	72321796	DNAJC9	chr10	73247581	0.0	0.0	0	0
DNAJC9|chr10:74741630-74742130:.	chr10	72981872	72982372	DNAJC9	chr10	73247581	0.0	0.0	0	0
DNAJC9|chr10:75653952-75654742:.	chr10	73894194	73894984	DNAJC9	chr10	73247581	0.0	0.0	0	0
DNAJC9|chr10:75716165-75717554:.	chr10	73956407	73957796	DNAJC9	chr10	73247581	0.0	0.0	0	0
CHCHD1|chr10:74741630-74742130:.	chr10	72981872	72982372	CHCHD1	chr10	73781799	0.0	0.0	0	0
CHCHD1|chr10:75692019-75692519:.	chr10	73932261	73932761	CHCHD1	chr10	73781799	0.0	0.0	1	0
CHCHD1|chr10:75716165-75717554:.	chr10	73956407	73957796	CHCHD1	chr10	73781799	0.0	0.0	1	0
CHCHD1|chr10:75751485-75751985:.	chr10	73991727	73992227	CHCHD1	chr10	73781799	0.0	0.0	0	0
ANXA7|chr10:75653952-75654742:.	chr10	73894194	73894984	ANXA7	chr10	73414335	0.0	0.0	0	0
ANXA7|chr10:75716165-75717554:.	chr10	73956407	73957796	ANXA7	chr10	73414335	0.0	0.0	0	0
VCL|chr10:75751485-75751985:.	chr10	73991727	73992227	VCL	chr10	73997863	98.15095520019533	7334.588348784437	1	1
PCGF5|chr10:93335271-93336290:.	chr10	91575514	91576533	PCGF5	chr10	91220351	0.0	0.0	0	0
RPP30|chr10:93335271-93336290:.	chr10	91575514	91576533	RPP30	chr10	90871701	0.0	0.0	0	0
PDLIM1|chr10:97057167-97057667:.	chr10	95297410	95297910	PDLIM1	chr10	95291398	88.51651000976562	8432.324873193875	1	1
PGAM1|chr10:99449292-99449792:.	chr10	97689535	97690035	PGAM1	chr10	97425874	0.0	0.0	0	0
EXOSC1|chr10:100120699-100121506:.	chr10	98360942	98361749	EXOSC1	chr10	97446267	0.0	0.0	0	0
MRPL43|chr10:102130287-102131414:.	chr10	100370530	100371657	MRPL43	chr10	100987765	0.0	0.0	0	0
USMG5|chr10:105725455-105725955:.	chr10	103965697	103966197	USMG5	chr10	103396763	0.0	0.0	0	0
SMC3|chr10:112616841-112617754:.	chr10	110857083	110857996	SMC3	chr10	110567440	0.0	0.0	0	0
PDZD8|chr10:119170903-119171604:.	chr10	117411392	117412093	PDZD8	chr10	117375717	248.7037353515625	21201.651744641596	1	1
FAM204A|chr10:120241326-120241826:.	chr10	118481814	118482314	FAM204A	chr10	118342577	0.0	0.0	1	0
EIF3A|chr10:120254875-120255541:.	chr10	118495363	118496029	EIF3A	chr10	119081072	0.0	0.0	0	0
EIF3A|chr10:120949199-120949810:.	chr10	119189687	119190298	EIF3A	chr10	119081072	0.0	0.0	1	0
CD151|chr11:267480-268474:.	chr11	267480	268474	CD151	chr11	832701	0.0	0.0	0	0
CD151|chr11:574081-574581:.	chr11	574081	574581	CD151	chr11	832701	0.0	0.0	0	0
CD151|chr11:220536-220704:.	chr11	220536	220704	CD151	chr11	832701	0.0	0.0	0	0
CD151|chr11:267072-267299:.	chr11	267072	267299	CD151	chr11	832701	0.0	0.0	0	0
CD151|chr11:269110-269851:.	chr11	269110	269851	CD151	chr11	832701	0.0	0.0	0	0
CD151|chr11:297498-298134:.	chr11	297498	298134	CD151	chr11	832701	0.0	0.0	0	0
CD151|chr11:316244-316608:.	chr11	316244	316608	CD151	chr11	832701	0.0	0.0	0	0
CD151|chr11:329319-329921:.	chr11	329319	329921	CD151	chr11	832701	0.0	0.0	0	0
CD151|chr11:334196-334635:.	chr11	334196	334635	CD151	chr11	832701	0.0	0.0	0	0
CD151|chr11:335788-336158:.	chr11	335788	336158	CD151	chr11	832701	0.0	0.0	0	0
CD151|chr11:341585-341795:.	chr11	341585	341795	CD151	chr11	832701	0.0	0.0	0	0
CD151|chr11:344951-345333:.	chr11	344951	345333	CD151	chr11	832701	0.0	0.0	0	0
CD151|chr11:350704-351232:.	chr11	350704	351232	CD151	chr11	832701	0.0	0.0	0	0
CD151|chr11:353334-354301:.	chr11	353334	354301	CD151	chr11	832701	0.0	0.0	0	0
CD151|chr11:355350-355535:.	chr11	355350	355535	CD151	chr11	832701	0.0	0.0	0	0
CD151|chr11:356034-356520:.	chr11	356034	356520	CD151	chr11	832701	0.0	0.0	0	0
CD151|chr11:444368-444852:.	chr11	444368	444852	CD151	chr11	832701	0.0	0.0	0	0
CD151|chr11:459782-461114:.	chr11	459782	461114	CD151	chr11	832701	0.0	0.0	0	0
CD151|chr11:518540-519179:.	chr11	518540	519179	CD151	chr11	832701	0.0	0.0	0	0
CD151|chr11:551677-551880:.	chr11	551677	551880	CD151	chr11	832701	0.0	0.0	0	0
CD151|chr11:587844-588335:.	chr11	587844	588335	CD151	chr11	832701	0.0	0.0	0	0
CD151|chr11:628527-628920:.	chr11	628527	628920	CD151	chr11	832701	0.0	0.0	0	0
CD151|chr11:690928-691358:.	chr11	690928	691358	CD151	chr11	832701	0.0	0.0	1	0
CD151|chr11:741566-741825:.	chr11	741566	741825	CD151	chr11	832701	0.8521595001220703	1295.7607890745862	1	0
CD151|chr11:745450-745658:.	chr11	745450	745658	CD151	chr11	832701	0.9268991947174072	1409.4070790357666	1	0
CD151|chr11:783641-783767:.	chr11	783641	783767	CD151	chr11	832701	0.6421062350273132	976.3619154037692	1	0
CD151|chr11:816449-816652:.	chr11	816449	816652	CD151	chr11	832701	1.3545985221862793	2059.7501403621354	1	0
CD151|chr11:1053253-1053594:.	chr11	1053253	1053594	CD151	chr11	832701	0.0	0.0	0	0
CD151|chr11:1153976-1154339:.	chr11	1153976	1154339	CD151	chr11	832701	0.0	0.0	0	0
CD151|chr11:1262409-1263004:.	chr11	1262409	1263004	CD151	chr11	832701	0.0	0.0	0	0
CD151|chr11:1264656-1264849:.	chr11	1264656	1264849	CD151	chr11	832701	0.0	0.0	0	0
CD151|chr11:1336631-1337056:.	chr11	1336631	1337056	CD151	chr11	832701	0.0	0.0	0	0
CD151|chr11:1351265-1351893:.	chr11	1351265	1351893	CD151	chr11	832701	0.0	0.0	0	0
CD151|chr11:1382970-1383087:.	chr11	1382970	1383087	CD151	chr11	832701	0.0	0.0	0	0
CD151|chr11:1383171-1383564:.	chr11	1383171	1383564	CD151	chr11	832701	0.0	0.0	0	0
CD151|chr11:1412533-1412645:.	chr11	1412533	1412645	CD151	chr11	832701	0.0	0.0	0	0
CD151|chr11:1512518-1512795:.	chr11	1512518	1512795	CD151	chr11	832701	0.0	0.0	0	0
CD151|chr11:1520523-1520939:.	chr11	1520523	1520939	CD151	chr11	832701	0.0	0.0	0	0
CD151|chr11:1540187-1540289:.	chr11	1540187	1540289	CD151	chr11	832701	0.0	0.0	0	0
CD151|chr11:1547101-1547191:.	chr11	1547101	1547191	CD151	chr11	832701	0.0	0.0	0	0
CD151|chr11:1548508-1548658:.	chr11	1548508	1548658	CD151	chr11	832701	0.0	0.0	0	0
CD151|chr11:1574600-1574957:.	chr11	1574600	1574957	CD151	chr11	832701	0.0	0.0	0	0
CD151|chr11:1769489-1769686:.	chr11	1769489	1769686	CD151	chr11	832701	0.0	0.0	0	0
CD151|chr11:1772159-1772971:.	chr11	1772159	1772971	CD151	chr11	832701	0.0	0.0	0	0
CD151|chr11:1782876-1783330:.	chr11	1782876	1783330	CD151	chr11	832701	0.0	0.0	0	0
PKP3|chr11:267480-268474:.	chr11	267480	268474	PKP3	chr11	393932	0.0	0.0	1	0
PKP3|chr11:335788-336158:.	chr11	335788	336158	PKP3	chr11	393932	9.010554313659668	1146.245645931534	1	0
PKP3|chr11:690928-691358:.	chr11	690928	691358	PKP3	chr11	393932	0.0	0.0	0	0
PKP3|chr11:783641-783767:.	chr11	783641	783767	PKP3	chr11	393932	0.0	0.0	0	0
PKP3|chr11:1153976-1154339:.	chr11	1153976	1154339	PKP3	chr11	393932	0.0	0.0	0	0
PKP3|chr11:1262409-1263004:.	chr11	1262409	1263004	PKP3	chr11	393932	0.0	0.0	0	0
PKP3|chr11:1336631-1337056:.	chr11	1336631	1337056	PKP3	chr11	393932	0.0	0.0	0	0
POLR2L|chr11:267480-268474:.	chr11	267480	268474	POLR2L	chr11	842779	0.0	0.0	0	0
POLR2L|chr11:268698-269824:.	chr11	268698	269824	POLR2L	chr11	842779	0.0	0.0	0	0
POLR2L|chr11:353280-353780:.	chr11	353280	353780	POLR2L	chr11	842779	0.0	0.0	0	0
POLR2L|chr11:574081-574581:.	chr11	574081	574581	POLR2L	chr11	842779	0.0	0.0	0	0
POLR2L|chr11:220536-220704:.	chr11	220536	220704	POLR2L	chr11	842779	0.0	0.0	0	0
POLR2L|chr11:267072-267299:.	chr11	267072	267299	POLR2L	chr11	842779	0.0	0.0	0	0
POLR2L|chr11:297498-298134:.	chr11	297498	298134	POLR2L	chr11	842779	0.0	0.0	0	0
POLR2L|chr11:316244-316608:.	chr11	316244	316608	POLR2L	chr11	842779	0.0	0.0	0	0
POLR2L|chr11:329319-329921:.	chr11	329319	329921	POLR2L	chr11	842779	0.0	0.0	0	0
POLR2L|chr11:335788-336158:.	chr11	335788	336158	POLR2L	chr11	842779	0.0	0.0	0	0
POLR2L|chr11:344951-345333:.	chr11	344951	345333	POLR2L	chr11	842779	0.0	0.0	0	0
POLR2L|chr11:350704-351232:.	chr11	350704	351232	POLR2L	chr11	842779	0.0	0.0	0	0
POLR2L|chr11:355350-355535:.	chr11	355350	355535	POLR2L	chr11	842779	0.0	0.0	0	0
POLR2L|chr11:356034-356520:.	chr11	356034	356520	POLR2L	chr11	842779	0.0	0.0	0	0
POLR2L|chr11:444368-444852:.	chr11	444368	444852	POLR2L	chr11	842779	0.0	0.0	0	0
POLR2L|chr11:459782-461114:.	chr11	459782	461114	POLR2L	chr11	842779	0.0	0.0	0	0
POLR2L|chr11:518540-519179:.	chr11	518540	519179	POLR2L	chr11	842779	0.0	0.0	0	0
POLR2L|chr11:551677-551880:.	chr11	551677	551880	POLR2L	chr11	842779	0.0	0.0	0	0
POLR2L|chr11:587844-588335:.	chr11	587844	588335	POLR2L	chr11	842779	0.0	0.0	0	0
POLR2L|chr11:628527-628920:.	chr11	628527	628920	POLR2L	chr11	842779	0.0	0.0	0	0
POLR2L|chr11:690928-691358:.	chr11	690928	691358	POLR2L	chr11	842779	0.0	0.0	1	0
POLR2L|chr11:741566-741825:.	chr11	741566	741825	POLR2L	chr11	842779	0.0	0.0	1	0
POLR2L|chr11:745658-745806:.	chr11	745658	745806	POLR2L	chr11	842779	9.20664405822754	1491.9332675518326	1	0
POLR2L|chr11:783641-783767:.	chr11	783641	783767	POLR2L	chr11	842779	3.844453811645508	622.9923195558632	1	0
POLR2L|chr11:816449-816652:.	chr11	816449	816652	POLR2L	chr11	842779	18.385862350463867	2979.422199859292	1	0
POLR2L|chr11:937643-938334:.	chr11	937643	938334	POLR2L	chr11	842779	4.5726728439331055	740.9999446430259	1	0
POLR2L|chr11:1153976-1154339:.	chr11	1153976	1154339	POLR2L	chr11	842779	0.0	0.0	0	0
POLR2L|chr11:1262409-1263004:.	chr11	1262409	1263004	POLR2L	chr11	842779	0.0	0.0	0	0
POLR2L|chr11:1264503-1264650:.	chr11	1264503	1264650	POLR2L	chr11	842779	0.0	0.0	0	0
POLR2L|chr11:1264656-1264849:.	chr11	1264656	1264849	POLR2L	chr11	842779	0.0	0.0	0	0
POLR2L|chr11:1336631-1337056:.	chr11	1336631	1337056	POLR2L	chr11	842779	0.0	0.0	0	0
POLR2L|chr11:1351265-1351893:.	chr11	1351265	1351893	POLR2L	chr11	842779	0.0	0.0	0	0
POLR2L|chr11:1412533-1412645:.	chr11	1412533	1412645	POLR2L	chr11	842779	0.0	0.0	0	0
POLR2L|chr11:1520523-1520939:.	chr11	1520523	1520939	POLR2L	chr11	842779	0.0	0.0	0	0
POLR2L|chr11:1540187-1540289:.	chr11	1540187	1540289	POLR2L	chr11	842779	0.0	0.0	0	0
POLR2L|chr11:1547101-1547191:.	chr11	1547101	1547191	POLR2L	chr11	842779	0.0	0.0	0	0
POLR2L|chr11:1548508-1548658:.	chr11	1548508	1548658	POLR2L	chr11	842779	0.0	0.0	0	0
POLR2L|chr11:1574600-1574957:.	chr11	1574600	1574957	POLR2L	chr11	842779	0.0	0.0	0	0
POLR2L|chr11:1772159-1772971:.	chr11	1772159	1772971	POLR2L	chr11	842779	0.0	0.0	0	0
POLR2L|chr11:1782876-1783330:.	chr11	1782876	1783330	POLR2L	chr11	842779	0.0	0.0	0	0
PSMD13|chr11:574081-574581:.	chr11	574081	574581	PSMD13	chr11	236557	0.0	0.0	0	0
PSMD13|chr11:220536-220704:.	chr11	220536	220704	PSMD13	chr11	236557	140.5220947265625	6961.88454319539	1	0
PSMD13|chr11:316244-316608:.	chr11	316244	316608	PSMD13	chr11	236557	21.66858673095703	1073.5265463319552	1	0
PSMD13|chr11:329319-329921:.	chr11	329319	329921	PSMD13	chr11	236557	14.003728866577148	693.7865802031332	1	0
PSMD13|chr11:334196-334635:.	chr11	334196	334635	PSMD13	chr11	236557	6.7130937576293945	332.5867277968153	1	0
PSMD13|chr11:335788-336158:.	chr11	335788	336158	PSMD13	chr11	236557	0.0	0.0	1	0
PSMD13|chr11:341585-341795:.	chr11	341585	341795	PSMD13	chr11	236557	0.0	0.0	1	0
PSMD13|chr11:344951-345333:.	chr11	344951	345333	PSMD13	chr11	236557	0.0	0.0	1	0
PSMD13|chr11:459782-461114:.	chr11	459782	461114	PSMD13	chr11	236557	0.0	0.0	0	0
PSMD13|chr11:551677-551880:.	chr11	551677	551880	PSMD13	chr11	236557	0.0	0.0	0	0
PSMD13|chr11:587844-588335:.	chr11	587844	588335	PSMD13	chr11	236557	0.0	0.0	0	0
PSMD13|chr11:690928-691358:.	chr11	690928	691358	PSMD13	chr11	236557	0.0	0.0	0	0
PSMD13|chr11:741566-741825:.	chr11	741566	741825	PSMD13	chr11	236557	0.0	0.0	0	0
PSMD13|chr11:783641-783767:.	chr11	783641	783767	PSMD13	chr11	236557	0.0	0.0	0	0
PSMD13|chr11:875735-876561:.	chr11	875735	876561	PSMD13	chr11	236557	0.0	0.0	0	0
PSMD13|chr11:919229-919287:.	chr11	919229	919287	PSMD13	chr11	236557	0.0	0.0	0	0
PSMD13|chr11:937643-938334:.	chr11	937643	938334	PSMD13	chr11	236557	0.0	0.0	0	0
PSMD13|chr11:1053253-1053594:.	chr11	1053253	1053594	PSMD13	chr11	236557	0.0	0.0	0	0
PSMD13|chr11:1153976-1154339:.	chr11	1153976	1154339	PSMD13	chr11	236557	0.0	0.0	0	0
RNH1|chr11:220536-220704:.	chr11	220536	220704	RNH1	chr11	507071	0.0	0.0	0	0
RNH1|chr11:316244-316608:.	chr11	316244	316608	RNH1	chr11	507071	0.0	0.0	1	0
RNH1|chr11:329319-329921:.	chr11	329319	329921	RNH1	chr11	507071	0.0	0.0	1	0
RNH1|chr11:334196-334635:.	chr11	334196	334635	RNH1	chr11	507071	0.0	0.0	1	0
RNH1|chr11:335788-336158:.	chr11	335788	336158	RNH1	chr11	507071	0.0	0.0	1	0
RNH1|chr11:350704-351232:.	chr11	350704	351232	RNH1	chr11	507071	0.0	0.0	1	0
RNH1|chr11:353334-354301:.	chr11	353334	354301	RNH1	chr11	507071	0.0	0.0	1	0
RNH1|chr11:628527-628920:.	chr11	628527	628920	RNH1	chr11	507071	0.0	0.0	1	0
RNH1|chr11:741566-741825:.	chr11	741566	741825	RNH1	chr11	507071	0.0	0.0	0	0
RNH1|chr11:783641-783767:.	chr11	783641	783767	RNH1	chr11	507071	0.0	0.0	0	0
RNH1|chr11:816449-816652:.	chr11	816449	816652	RNH1	chr11	507071	0.0	0.0	0	0
RNH1|chr11:919229-919287:.	chr11	919229	919287	RNH1	chr11	507071	0.0	0.0	0	0
RNH1|chr11:1053253-1053594:.	chr11	1053253	1053594	RNH1	chr11	507071	0.0	0.0	0	0
RNH1|chr11:1153976-1154339:.	chr11	1153976	1154339	RNH1	chr11	507071	0.0	0.0	0	0
RNH1|chr11:1336631-1337056:.	chr11	1336631	1337056	RNH1	chr11	507071	0.0	0.0	0	0
RNH1|chr11:1351265-1351893:.	chr11	1351265	1351893	RNH1	chr11	507071	0.0	0.0	0	0
RNH1|chr11:1382970-1383087:.	chr11	1382970	1383087	RNH1	chr11	507071	0.0	0.0	0	0
RNH1|chr11:1383171-1383564:.	chr11	1383171	1383564	RNH1	chr11	507071	0.0	0.0	0	0
RNH1|chr11:1412533-1412645:.	chr11	1412533	1412645	RNH1	chr11	507071	0.0	0.0	0	0
RPLP2|chr11:267480-268474:.	chr11	267480	268474	RPLP2	chr11	809685	0.0	0.0	0	0
RPLP2|chr11:268698-269824:.	chr11	268698	269824	RPLP2	chr11	809685	0.0	0.0	0	0
RPLP2|chr11:335679-336457:.	chr11	335679	336457	RPLP2	chr11	809685	0.0	0.0	0	0
RPLP2|chr11:267072-267299:.	chr11	267072	267299	RPLP2	chr11	809685	0.0	0.0	0	0
RPLP2|chr11:316244-316608:.	chr11	316244	316608	RPLP2	chr11	809685	0.0	0.0	0	0
RPLP2|chr11:344951-345333:.	chr11	344951	345333	RPLP2	chr11	809685	0.0	0.0	0	0
RPLP2|chr11:459782-461114:.	chr11	459782	461114	RPLP2	chr11	809685	0.0	0.0	0	0
RPLP2|chr11:518540-519179:.	chr11	518540	519179	RPLP2	chr11	809685	0.0	0.0	0	0
RPLP2|chr11:551677-551880:.	chr11	551677	551880	RPLP2	chr11	809685	0.0	0.0	0	0
RPLP2|chr11:587844-588335:.	chr11	587844	588335	RPLP2	chr11	809685	0.0	0.0	0	0
RPLP2|chr11:628527-628920:.	chr11	628527	628920	RPLP2	chr11	809685	0.0	0.0	1	0
RPLP2|chr11:690928-691358:.	chr11	690928	691358	RPLP2	chr11	809685	0.0	0.0	1	0
RPLP2|chr11:783641-783767:.	chr11	783641	783767	RPLP2	chr11	809685	22.152729034423828	1972.447434531964	1	0
RPLP2|chr11:919287-919489:.	chr11	919287	919489	RPLP2	chr11	809685	0.0	0.0	1	0
RPLP2|chr11:1053253-1053594:.	chr11	1053253	1053594	RPLP2	chr11	809685	0.0	0.0	0	0
RPLP2|chr11:1153976-1154339:.	chr11	1153976	1154339	RPLP2	chr11	809685	0.0	0.0	0	0
RPLP2|chr11:1336631-1337056:.	chr11	1336631	1337056	RPLP2	chr11	809685	0.0	0.0	0	0
RPLP2|chr11:1382970-1383087:.	chr11	1382970	1383087	RPLP2	chr11	809685	0.0	0.0	0	0
RPLP2|chr11:1383171-1383564:.	chr11	1383171	1383564	RPLP2	chr11	809685	0.0	0.0	0	0
RPLP2|chr11:1412533-1412645:.	chr11	1412533	1412645	RPLP2	chr11	809685	0.0	0.0	0	0
RPLP2|chr11:1512518-1512795:.	chr11	1512518	1512795	RPLP2	chr11	809685	0.0	0.0	0	0
RPLP2|chr11:1520523-1520939:.	chr11	1520523	1520939	RPLP2	chr11	809685	0.0	0.0	0	0
RPLP2|chr11:1540187-1540289:.	chr11	1540187	1540289	RPLP2	chr11	809685	0.0	0.0	0	0
RPLP2|chr11:1547101-1547191:.	chr11	1547101	1547191	RPLP2	chr11	809685	0.0	0.0	0	0
RPLP2|chr11:1769316-1769488:.	chr11	1769316	1769488	RPLP2	chr11	809685	0.0	0.0	0	0
RPLP2|chr11:1772159-1772971:.	chr11	1772159	1772971	RPLP2	chr11	809685	0.0	0.0	0	0
RPLP2|chr11:1782876-1783330:.	chr11	1782876	1783330	RPLP2	chr11	809685	0.0	0.0	0	0
TALDO1|chr11:267480-268474:.	chr11	267480	268474	TALDO1	chr11	747181	0.0	0.0	0	0
TALDO1|chr11:268698-269824:.	chr11	268698	269824	TALDO1	chr11	747181	0.0	0.0	0	0
TALDO1|chr11:335679-336457:.	chr11	335679	336457	TALDO1	chr11	747181	0.0	0.0	0	0
TALDO1|chr11:353280-353780:.	chr11	353280	353780	TALDO1	chr11	747181	0.0	0.0	0	0
TALDO1|chr11:574081-574581:.	chr11	574081	574581	TALDO1	chr11	747181	0.0	0.0	1	0
CHID1|chr11:268698-269824:.	chr11	268698	269824	CHID1	chr11	911124	0.0	0.0	0	0
CHID1|chr11:353280-353780:.	chr11	353280	353780	CHID1	chr11	911124	0.0	0.0	0	0
CHID1|chr11:316244-316608:.	chr11	316244	316608	CHID1	chr11	911124	0.0	0.0	0	0
CHID1|chr11:350704-351232:.	chr11	350704	351232	CHID1	chr11	911124	0.0	0.0	0	0
CHID1|chr11:355350-355535:.	chr11	355350	355535	CHID1	chr11	911124	0.0	0.0	0	0
CHID1|chr11:518540-519179:.	chr11	518540	519179	CHID1	chr11	911124	0.0	0.0	0	0
CHID1|chr11:816449-816652:.	chr11	816449	816652	CHID1	chr11	911124	1.906795620918274	266.3747240783054	1	0
CHID1|chr11:1547101-1547191:.	chr11	1547101	1547191	CHID1	chr11	911124	0.0	0.0	0	0
MIR210HG|chr11:350333-351247:.	chr11	350333	351247	MIR210HG	chr11	568707	0.0	0.0	0	0
HRAS|chr11:353280-353780:.	chr11	353280	353780	HRAS	chr11	535817	0.0	0.0	1	0
HRAS|chr11:297498-298134:.	chr11	297498	298134	HRAS	chr11	535817	0.0	0.0	0	0
HRAS|chr11:316244-316608:.	chr11	316244	316608	HRAS	chr11	535817	0.0	0.0	0	0
HRAS|chr11:335788-336158:.	chr11	335788	336158	HRAS	chr11	535817	0.0	0.0	0	0
HRAS|chr11:350704-351232:.	chr11	350704	351232	HRAS	chr11	535817	0.0	0.0	1	0
HRAS|chr11:355350-355535:.	chr11	355350	355535	HRAS	chr11	535817	0.0	0.0	1	0
HRAS|chr11:356034-356520:.	chr11	356034	356520	HRAS	chr11	535817	0.0	0.0	1	0
HRAS|chr11:783641-783767:.	chr11	783641	783767	HRAS	chr11	535817	0.0	0.0	0	0
HRAS|chr11:919287-919489:.	chr11	919287	919489	HRAS	chr11	535817	0.0	0.0	0	0
HRAS|chr11:937643-938334:.	chr11	937643	938334	HRAS	chr11	535817	0.0	0.0	0	0
HRAS|chr11:1053253-1053594:.	chr11	1053253	1053594	HRAS	chr11	535817	0.0	0.0	0	0
HRAS|chr11:1336631-1337056:.	chr11	1336631	1337056	HRAS	chr11	535817	0.0	0.0	0	0
MRPL23|chr11:2889340-2890246:.	chr11	2868110	2869016	MRPL23	chr11	1947021	0.0	0.0	0	0
TSSC4|chr11:1865748-1866248:.	chr11	1844518	1845018	TSSC4	chr11	2400237	0.0	0.0	0	0
TSSC4|chr11:2888180-2889280:.	chr11	2866950	2868050	TSSC4	chr11	2400237	0.0	0.0	0	0
TSSC4|chr11:3189583-3190083:.	chr11	3168353	3168853	TSSC4	chr11	2400237	0.0	0.0	0	0
TSSC4|chr11:2740175-2740782:.	chr11	2740175	2740782	TSSC4	chr11	2400237	0.0	0.0	0	0
TSSC4|chr11:2769076-2769417:.	chr11	2769076	2769417	TSSC4	chr11	2400237	0.0	0.0	0	0
KCNQ1OT1|chr11:2889340-2890246:.	chr11	2868110	2869016	KCNQ1OT1	chr11	2700248	0.0	0.0	1	0
CARS|chr11:3189583-3190083:.	chr11	3168353	3168853	CARS	chr11	3057701	0.0	0.0	1	0
NAP1L4|chr11:2268904-2269616:.	chr11	2268904	2269616	NAP1L4	chr11	2992627	0.0	0.0	0	0
NAP1L4|chr11:2269981-2270201:.	chr11	2269981	2270201	NAP1L4	chr11	2992627	0.0	0.0	0	0
NAP1L4|chr11:2270601-2270710:.	chr11	2270601	2270710	NAP1L4	chr11	2992627	0.0	0.0	0	0
NAP1L4|chr11:2305373-2305649:.	chr11	2305373	2305649	NAP1L4	chr11	2992627	0.0	0.0	0	0
NAP1L4|chr11:2419658-2420006:.	chr11	2419658	2420006	NAP1L4	chr11	2992627	0.0	0.0	0	0
NAP1L4|chr11:2709478-2709760:.	chr11	2709478	2709760	NAP1L4	chr11	2992627	0.0	0.0	0	0
NAP1L4|chr11:2739163-2739634:.	chr11	2739163	2739634	NAP1L4	chr11	2992627	0.0	0.0	0	0
NAP1L4|chr11:2740175-2740782:.	chr11	2740175	2740782	NAP1L4	chr11	2992627	0.0	0.0	0	0
NAP1L4|chr11:2747613-2748145:.	chr11	2747613	2748145	NAP1L4	chr11	2992627	0.0	0.0	0	0
NAP1L4|chr11:2750745-2750882:.	chr11	2750745	2750882	NAP1L4	chr11	2992627	0.0	0.0	0	0
NAP1L4|chr11:2769076-2769417:.	chr11	2769076	2769417	NAP1L4	chr11	2992627	0.0	0.0	0	0
NAP1L4|chr11:2777932-2779869:.	chr11	2777932	2779869	NAP1L4	chr11	2992627	0.0	0.0	0	0
NAP1L4|chr11:2783299-2783656:.	chr11	2783299	2783656	NAP1L4	chr11	2992627	0.0	0.0	0	0
NAP1L4|chr11:2788563-2788915:.	chr11	2788563	2788915	NAP1L4	chr11	2992627	0.0	0.0	0	0
NAP1L4|chr11:2799862-2800446:.	chr11	2799862	2800446	NAP1L4	chr11	2992627	0.0	0.0	1	0
NAP1L4|chr11:2867150-2868525:.	chr11	2867150	2868525	NAP1L4	chr11	2992627	0.0	0.0	1	0
NAP1L4|chr11:2912576-2912939:.	chr11	2912576	2912939	NAP1L4	chr11	2992627	39.82556915283203	2021.6151040960065	1	0
NAP1L4|chr11:3069623-3069895:.	chr11	3069623	3069895	NAP1L4	chr11	2992627	9.725536346435549	493.6851272090523	1	0
NAP1L4|chr11:3110187-3110626:.	chr11	3110187	3110626	NAP1L4	chr11	2992627	0.0	0.0	1	0
NAP1L4|chr11:3115396-3115674:.	chr11	3115396	3115674	NAP1L4	chr11	2992627	0.0	0.0	1	0
NAP1L4|chr11:3185020-3185280:.	chr11	3185020	3185280	NAP1L4	chr11	2992627	0.0	0.0	1	0
NAP1L4|chr11:3231538-3231688:.	chr11	3231538	3231688	NAP1L4	chr11	2992627	0.0	0.0	0	0
NAP1L4|chr11:3231715-3232162:.	chr11	3231715	3232162	NAP1L4	chr11	2992627	0.0	0.0	0	0
NAP1L4|chr11:3339894-3340510:.	chr11	3339894	3340510	NAP1L4	chr11	2992627	0.0	0.0	0	0
NAP1L4|chr11:3341337-3341637:.	chr11	3341337	3341637	NAP1L4	chr11	2992627	0.0	0.0	0	0
NAP1L4|chr11:3345651-3346117:.	chr11	3345651	3346117	NAP1L4	chr11	2992627	0.0	0.0	0	0
NAP1L4|chr11:3404236-3404361:.	chr11	3404236	3404361	NAP1L4	chr11	2992627	0.0	0.0	0	0
NAP1L4|chr11:3404542-3404974:.	chr11	3404542	3404974	NAP1L4	chr11	2992627	0.0	0.0	0	0
NAP1L4|chr11:3408358-3408538:.	chr11	3408358	3408538	NAP1L4	chr11	2992627	0.0	0.0	0	0
NAP1L4|chr11:3408580-3408648:.	chr11	3408580	3408648	NAP1L4	chr11	2992627	0.0	0.0	0	0
NAP1L4|chr11:3437358-3437756:.	chr11	3437358	3437756	NAP1L4	chr11	2992627	0.0	0.0	0	0
NAP1L4|chr11:3437833-3438042:.	chr11	3437833	3438042	NAP1L4	chr11	2992627	0.0	0.0	0	0
NAP1L4|chr11:3444049-3444199:.	chr11	3444049	3444199	NAP1L4	chr11	2992627	0.0	0.0	0	0
NAP1L4|chr11:3444501-3444644:.	chr11	3444501	3444644	NAP1L4	chr11	2992627	0.0	0.0	0	0
NAP1L4|chr11:3508473-3508533:.	chr11	3508473	3508533	NAP1L4	chr11	2992627	0.0	0.0	0	0
NAP1L4|chr11:3508562-3508619:.	chr11	3508562	3508619	NAP1L4	chr11	2992627	0.0	0.0	0	0
NAP1L4|chr11:3509276-3509390:.	chr11	3509276	3509390	NAP1L4	chr11	2992627	0.0	0.0	0	0
NAP1L4|chr11:3509392-3509511:.	chr11	3509392	3509511	NAP1L4	chr11	2992627	0.0	0.0	0	0
NAP1L4|chr11:3511470-3511732:.	chr11	3511470	3511732	NAP1L4	chr11	2992627	0.0	0.0	0	0
NAP1L4|chr11:3517035-3517215:.	chr11	3517035	3517215	NAP1L4	chr11	2992627	0.0	0.0	0	0
NAP1L4|chr11:3517218-3517333:.	chr11	3517218	3517333	NAP1L4	chr11	2992627	0.0	0.0	0	0
NAP1L4|chr11:3517343-3517451:.	chr11	3517343	3517451	NAP1L4	chr11	2992627	0.0	0.0	0	0
NAP1L4|chr11:3614245-3614977:.	chr11	3614245	3614977	NAP1L4	chr11	2992627	0.0	0.0	0	0
NAP1L4|chr11:3643328-3643480:.	chr11	3643328	3643480	NAP1L4	chr11	2992627	0.0	0.0	0	0
NAP1L4|chr11:3684745-3685368:.	chr11	3684745	3685368	NAP1L4	chr11	2992627	0.0	0.0	0	0
NAP1L4|chr11:3802087-3802730:.	chr11	3802087	3802730	NAP1L4	chr11	2992627	0.0	0.0	0	0
NAP1L4|chr11:3808972-3809616:.	chr11	3808972	3809616	NAP1L4	chr11	2992627	0.0	0.0	0	0
NAP1L4|chr11:3825422-3825575:.	chr11	3825422	3825575	NAP1L4	chr11	2992627	0.0	0.0	0	0
NAP1L4|chr11:3849256-3849547:.	chr11	3849256	3849547	NAP1L4	chr11	2992627	0.0	0.0	0	0
NAP1L4|chr11:3859523-3859907:.	chr11	3859523	3859907	NAP1L4	chr11	2992627	0.0	0.0	0	0
NAP1L4|chr11:3860907-3861151:.	chr11	3860907	3861151	NAP1L4	chr11	2992627	0.0	0.0	0	0
NAP1L4|chr11:3871156-3871627:.	chr11	3871156	3871627	NAP1L4	chr11	2992627	0.0	0.0	0	0
NAP1L4|chr11:3878621-3878996:.	chr11	3878621	3878996	NAP1L4	chr11	2992627	0.0	0.0	0	0
NAP1L4|chr11:3891711-3892080:.	chr11	3891711	3892080	NAP1L4	chr11	2992627	0.0	0.0	0	0
NAP1L4|chr11:3892138-3892490:.	chr11	3892138	3892490	NAP1L4	chr11	2992627	0.0	0.0	0	0
NAP1L4|chr11:3895118-3895469:.	chr11	3895118	3895469	NAP1L4	chr11	2992627	0.0	0.0	0	0
NAP1L4|chr11:3920089-3920467:.	chr11	3920089	3920467	NAP1L4	chr11	2992627	0.0	0.0	0	0
NAP1L4|chr11:3920597-3920670:.	chr11	3920597	3920670	NAP1L4	chr11	2992627	0.0	0.0	0	0
NAP1L4|chr11:3949260-3949425:.	chr11	3949260	3949425	NAP1L4	chr11	2992627	0.0	0.0	0	0
NAP1L4|chr11:3954389-3954835:.	chr11	3954389	3954835	NAP1L4	chr11	2992627	0.0	0.0	0	0
NAP1L4|chr11:3965539-3965758:.	chr11	3965539	3965758	NAP1L4	chr11	2992627	0.0	0.0	0	0
NAP1L4|chr11:3977021-3977467:.	chr11	3977021	3977467	NAP1L4	chr11	2992627	0.0	0.0	0	0
NAP1L4|chr11:3984927-3985334:.	chr11	3984927	3985334	NAP1L4	chr11	2992627	0.0	0.0	0	0
RRM1|chr11:3283078-3283578:.	chr11	3261848	3262348	RRM1	chr11	4094434	0.0	0.0	0	0
RRM1|chr11:3110187-3110626:.	chr11	3110187	3110626	RRM1	chr11	4094434	0.0	0.0	0	0
HBG1|chr11:5150559-5151059:.	chr11	5129329	5129829	HBG1	chr11	5250107	0.0	0.0	1	0
HBG1|chr11:5301716-5302216:.	chr11	5280486	5280986	HBG1	chr11	5250107	84.53755187988281	7620.757462674672	1	1
HBG1|chr11:5305780-5306280:.	chr11	5284550	5285050	HBG1	chr11	5250107	148.2721710205078	13366.205061355706	1	1
HBG1|chr11:5309248-5309748:.	chr11	5288018	5288518	HBG1	chr11	5250107	104.484375	9418.892111348572	1	1
HBB|chr11:5301716-5302216:.	chr11	5280486	5280986	HBB	chr11	5227321	129.35430908203125	7252.260491950687	1	1
HBB|chr11:5246872-5248014:.	chr11	5246872	5248014	HBB	chr11	5227321	79.91664123535156	4480.53338148166	1	0
HBD|chr11:5301716-5302216:.	chr11	5280486	5280986	HBD	chr11	5234878	55.710784912109375	5577.159908482661	1	1
HBD|chr11:5246872-5248014:.	chr11	5246872	5248014	HBD	chr11	5234878	66.95354461669922	6702.663144239688	1	0
RPL27A|chr11:9673721-9674221:.	chr11	9652174	9652674	RPL27A	chr11	8682197	0.0	0.0	0	0
RPL27A|chr11:8638258-8638671:.	chr11	8638258	8638671	RPL27A	chr11	8682197	13.381356239318848	2270.2851853395773	1	0
RPL27A|chr11:8829535-8829840:.	chr11	8829535	8829840	RPL27A	chr11	8682197	0.0	0.0	1	0
RPL27A|chr11:8934880-8935196:.	chr11	8934880	8935196	RPL27A	chr11	8682197	0.0	0.0	0	0
RPL27A|chr11:8935215-8935341:.	chr11	8935215	8935341	RPL27A	chr11	8682197	0.0	0.0	0	0
RPL27A|chr11:8971931-8972339:.	chr11	8971931	8972339	RPL27A	chr11	8682197	0.0	0.0	0	0
RPL27A|chr11:8994055-8994436:.	chr11	8994055	8994436	RPL27A	chr11	8682197	0.0	0.0	0	0
RPL27A|chr11:9099596-9100266:.	chr11	9099596	9100266	RPL27A	chr11	8682197	0.0	0.0	0	0
RPL27A|chr11:9120925-9121260:.	chr11	9120925	9121260	RPL27A	chr11	8682197	0.0	0.0	0	0
RPL27A|chr11:9123754-9123911:.	chr11	9123754	9123911	RPL27A	chr11	8682197	0.0	0.0	0	0
RPL27A|chr11:9155559-9156335:.	chr11	9155559	9156335	RPL27A	chr11	8682197	0.0	0.0	0	0
RPL27A|chr11:9169620-9170247:.	chr11	9169620	9170247	RPL27A	chr11	8682197	0.0	0.0	0	0
RPL27A|chr11:9229691-9229883:.	chr11	9229691	9229883	RPL27A	chr11	8682197	0.0	0.0	0	0
RPL27A|chr11:9244636-9244966:.	chr11	9244636	9244966	RPL27A	chr11	8682197	0.0	0.0	0	0
RPL27A|chr11:9320075-9320358:.	chr11	9320075	9320358	RPL27A	chr11	8682197	0.0	0.0	0	0
RPL27A|chr11:9347075-9347536:.	chr11	9347075	9347536	RPL27A	chr11	8682197	0.0	0.0	0	0
RPL27A|chr11:9358030-9358106:.	chr11	9358030	9358106	RPL27A	chr11	8682197	0.0	0.0	0	0
RPL27A|chr11:9358110-9358281:.	chr11	9358110	9358281	RPL27A	chr11	8682197	0.0	0.0	0	0
RPL27A|chr11:9367384-9367549:.	chr11	9367384	9367549	RPL27A	chr11	8682197	0.0	0.0	0	0
RPL27A|chr11:9529114-9529652:.	chr11	9529114	9529652	RPL27A	chr11	8682197	0.0	0.0	0	0
RPL27A|chr11:9529822-9530724:.	chr11	9529822	9530724	RPL27A	chr11	8682197	0.0	0.0	0	0
RPL27A|chr11:9535026-9535097:.	chr11	9535026	9535097	RPL27A	chr11	8682197	0.0	0.0	0	0
RPL27A|chr11:9535103-9535593:.	chr11	9535103	9535593	RPL27A	chr11	8682197	0.0	0.0	0	0
RPL27A|chr11:9549979-9550564:.	chr11	9549979	9550564	RPL27A	chr11	8682197	0.0	0.0	0	0
RPL27A|chr11:9551758-9552463:.	chr11	9551758	9552463	RPL27A	chr11	8682197	0.0	0.0	0	0
RPL27A|chr11:9601481-9601738:.	chr11	9601481	9601738	RPL27A	chr11	8682197	0.0	0.0	0	0
RPL27A|chr11:9604146-9604445:.	chr11	9604146	9604445	RPL27A	chr11	8682197	0.0	0.0	0	0
RPL27A|chr11:9613887-9614530:.	chr11	9613887	9614530	RPL27A	chr11	8682197	0.0	0.0	0	0
RPL27A|chr11:9618157-9618278:.	chr11	9618157	9618278	RPL27A	chr11	8682197	0.0	0.0	0	0
RPL27A|chr11:9626974-9627300:.	chr11	9626974	9627300	RPL27A	chr11	8682197	0.0	0.0	0	0
RPL27A|chr11:9669990-9670391:.	chr11	9669990	9670391	RPL27A	chr11	8682197	0.0	0.0	0	0
IPO7|chr11:9588158-9588658:.	chr11	9566611	9567111	IPO7	chr11	9384371	0.0	0.0	1	0
IPO7|chr11:8701401-8701613:.	chr11	8701401	8701613	IPO7	chr11	9384371	0.0	0.0	0	0
IPO7|chr11:8733896-8734286:.	chr11	8733896	8734286	IPO7	chr11	9384371	0.0	0.0	0	0
IPO7|chr11:8813596-8814085:.	chr11	8813596	8814085	IPO7	chr11	9384371	0.0	0.0	0	0
IPO7|chr11:8935215-8935341:.	chr11	8935215	8935341	IPO7	chr11	9384371	0.0	0.0	0	0
IPO7|chr11:8959515-8959966:.	chr11	8959515	8959966	IPO7	chr11	9384371	0.0	0.0	0	0
IPO7|chr11:8994055-8994436:.	chr11	8994055	8994436	IPO7	chr11	9384371	0.0	0.0	0	0
IPO7|chr11:9099596-9100266:.	chr11	9099596	9100266	IPO7	chr11	9384371	0.0	0.0	0	0
IPO7|chr11:9123911-9124642:.	chr11	9123911	9124642	IPO7	chr11	9384371	0.0	0.0	0	0
IPO7|chr11:9506581-9507118:.	chr11	9506581	9507118	IPO7	chr11	9384371	0.0	0.0	1	0
IPO7|chr11:9529822-9530724:.	chr11	9529822	9530724	IPO7	chr11	9384371	0.0	0.0	1	0
IPO7|chr11:9535103-9535593:.	chr11	9535103	9535593	IPO7	chr11	9384371	0.0	0.0	1	0
IPO7|chr11:9568897-9569184:.	chr11	9568897	9569184	IPO7	chr11	9384371	0.0	0.0	1	0
IPO7|chr11:9569354-9569487:.	chr11	9569354	9569487	IPO7	chr11	9384371	0.0	0.0	1	0
IPO7|chr11:9601481-9601738:.	chr11	9601481	9601738	IPO7	chr11	9384371	0.0	0.0	0	0
IPO7|chr11:9604146-9604445:.	chr11	9604146	9604445	IPO7	chr11	9384371	0.0	0.0	0	0
IPO7|chr11:9613887-9614530:.	chr11	9613887	9614530	IPO7	chr11	9384371	0.0	0.0	0	0
IPO7|chr11:9669990-9670391:.	chr11	9669990	9670391	IPO7	chr11	9384371	0.0	0.0	0	0
IPO7|chr11:9716660-9717272:.	chr11	9716660	9717272	IPO7	chr11	9384371	0.0	0.0	0	0
IPO7|chr11:9876192-9876814:.	chr11	9876192	9876814	IPO7	chr11	9384371	0.0	0.0	0	0
IPO7|chr11:9983212-9983292:.	chr11	9983212	9983292	IPO7	chr11	9384371	0.0	0.0	0	0
IPO7|chr11:10322967-10323359:.	chr11	10322967	10323359	IPO7	chr11	9384371	0.0	0.0	0	0
IPO7|chr11:10382514-10382948:.	chr11	10382514	10382948	IPO7	chr11	9384371	0.0	0.0	0	0
AKIP1|chr11:9626974-9627300:.	chr11	9626974	9627300	AKIP1	chr11	8910903	0.0	0.0	0	0
CTR9|chr11:10757149-10757649:.	chr11	10735602	10736102	CTR9	chr11	10750736	67.48797607421875	6270.242752608925	1	0
CTR9|chr11:10744215-10744587:.	chr11	10744215	10744587	CTR9	chr11	10750736	52.565067291259766	4883.769693448129	1	1
MTRNR2L8|chr11:10941725-10942225:.	chr11	10920178	10920678	MTRNR2L8	chr11	10509426	0.0	0.0	0	0
EIF4G2|chr11:9858779-9859237:.	chr11	9858779	9859237	EIF4G2	chr11	10809285	0.0	0.0	0	0
EIF4G2|chr11:9876192-9876814:.	chr11	9876192	9876814	EIF4G2	chr11	10809285	0.0	0.0	0	0
EIF4G2|chr11:10309354-10309913:.	chr11	10309354	10309913	EIF4G2	chr11	10809285	0.0	0.0	0	0
EIF4G2|chr11:10322967-10323359:.	chr11	10322967	10323359	EIF4G2	chr11	10809285	0.0	0.0	0	0
EIF4G2|chr11:10351373-10351982:.	chr11	10351373	10351982	EIF4G2	chr11	10809285	0.0	0.0	0	0
EIF4G2|chr11:10366448-10367012:.	chr11	10366448	10367012	EIF4G2	chr11	10809285	0.0	0.0	0	0
EIF4G2|chr11:10382514-10382948:.	chr11	10382514	10382948	EIF4G2	chr11	10809285	0.0	0.0	0	0
EIF4G2|chr11:10406162-10406637:.	chr11	10406162	10406637	EIF4G2	chr11	10809285	0.0	0.0	0	0
EIF4G2|chr11:10413386-10413697:.	chr11	10413386	10413697	EIF4G2	chr11	10809285	0.0	0.0	0	0
EIF4G2|chr11:10414689-10414988:.	chr11	10414689	10414988	EIF4G2	chr11	10809285	0.0	0.0	0	0
EIF4G2|chr11:10444725-10445109:.	chr11	10444725	10445109	EIF4G2	chr11	10809285	0.0	0.0	0	0
EIF4G2|chr11:10490191-10490278:.	chr11	10490191	10490278	EIF4G2	chr11	10809285	0.0	0.0	0	0
EIF4G2|chr11:10490303-10491047:.	chr11	10490303	10491047	EIF4G2	chr11	10809285	0.0	0.0	0	0
EIF4G2|chr11:10581738-10581989:.	chr11	10581738	10581989	EIF4G2	chr11	10809285	0.0	0.0	0	0
EIF4G2|chr11:10582940-10583200:.	chr11	10582940	10583200	EIF4G2	chr11	10809285	0.0	0.0	0	0
EIF4G2|chr11:10584120-10584580:.	chr11	10584120	10584580	EIF4G2	chr11	10809285	0.0	0.0	0	0
EIF4G2|chr11:10586759-10586911:.	chr11	10586759	10586911	EIF4G2	chr11	10809285	0.0	0.0	0	0
EIF4G2|chr11:10606043-10606334:.	chr11	10606043	10606334	EIF4G2	chr11	10809285	0.0	0.0	0	0
EIF4G2|chr11:10641799-10641956:.	chr11	10641799	10641956	EIF4G2	chr11	10809285	0.0	0.0	1	0
EIF4G2|chr11:10645321-10645723:.	chr11	10645321	10645723	EIF4G2	chr11	10809285	0.0	0.0	1	0
EIF4G2|chr11:10647642-10647795:.	chr11	10647642	10647795	EIF4G2	chr11	10809285	0.0	0.0	1	0
EIF4G2|chr11:10654273-10654605:.	chr11	10654273	10654605	EIF4G2	chr11	10809285	0.0	0.0	1	0
EIF4G2|chr11:10657413-10657796:.	chr11	10657413	10657796	EIF4G2	chr11	10809285	0.0	0.0	1	0
EIF4G2|chr11:10659665-10660178:.	chr11	10659665	10660178	EIF4G2	chr11	10809285	0.0	0.0	1	0
EIF4G2|chr11:10665815-10665928:.	chr11	10665815	10665928	EIF4G2	chr11	10809285	0.0	0.0	1	0
EIF4G2|chr11:10666510-10666829:.	chr11	10666510	10666829	EIF4G2	chr11	10809285	0.0	0.0	1	0
EIF4G2|chr11:10708223-10708426:.	chr11	10708223	10708426	EIF4G2	chr11	10809285	0.0	0.0	1	0
EIF4G2|chr11:10716018-10716735:.	chr11	10716018	10716735	EIF4G2	chr11	10809285	7.307591438293457	1300.756329844519	1	0
EIF4G2|chr11:10735495-10736183:.	chr11	10735495	10736183	EIF4G2	chr11	10809285	12.580073356628418	2239.261757683076	1	0
EIF4G2|chr11:10736192-10736354:.	chr11	10736192	10736354	EIF4G2	chr11	10809285	12.441473007202148	2214.590799631132	1	0
EIF4G2|chr11:10744215-10744587:.	chr11	10744215	10744587	EIF4G2	chr11	10809285	10.467844009399414	1863.283473087966	1	0
EIF4G2|chr11:10786545-10786727:.	chr11	10786545	10786727	EIF4G2	chr11	10809285	16.137653350830078	2872.51345702366	1	0
EIF4G2|chr11:10823174-10823692:.	chr11	10823174	10823692	EIF4G2	chr11	10809285	38.09266662597656	6780.521003780601	1	0
EIF4G2|chr11:10878665-10879175:.	chr11	10878665	10879175	EIF4G2	chr11	10809285	10.159274101257324	1808.3578160360307	1	0
EIF4G2|chr11:10990151-10990527:.	chr11	10990151	10990527	EIF4G2	chr11	10809285	0.0	0.0	1	0
EIF4G2|chr11:11798842-11799156:.	chr11	11798842	11799156	EIF4G2	chr11	10809285	0.0	0.0	0	0
COPB1|chr11:13874649-13875052:.	chr11	13874649	13875052	COPB1	chr11	14500108	0.0	0.0	0	0
COPB1|chr11:14541271-14541729:.	chr11	14541271	14541729	COPB1	chr11	14500108	106.29627227783205	4287.935330551966	1	0
LDHA|chr11:17699566-17699816:.	chr11	17699566	17699816	LDHA	chr11	18394138	0.0	0.0	0	0
LDHA|chr11:17846839-17847251:.	chr11	17846839	17847251	LDHA	chr11	18394138	0.0	0.0	0	0
CAPRIN1|chr11:33920326-33921297:.	chr11	33898779	33899750	CAPRIN1	chr11	34051432	0.0	0.0	1	0
CAPRIN1|chr11:33933749-33934743:.	chr11	33912202	33913196	CAPRIN1	chr11	34051432	0.0	0.0	1	0
CAPRIN1|chr11:33958355-33959262:.	chr11	33936808	33937715	CAPRIN1	chr11	34051432	0.0	0.0	1	0
CAPRIN1|chr11:33963118-33963618:.	chr11	33941571	33942071	CAPRIN1	chr11	34051432	0.0	0.0	1	0
CAPRIN1|chr11:33966283-33966783:.	chr11	33944736	33945236	CAPRIN1	chr11	34051432	0.0	0.0	1	0
CAPRIN1|chr11:34392958-34393458:.	chr11	34371411	34371911	CAPRIN1	chr11	34051432	0.0	0.0	0	0
CAPRIN1|chr11:34448383-34449514:.	chr11	34426836	34427967	CAPRIN1	chr11	34051432	0.0	0.0	0	0
CAPRIN1|chr11:34621749-34622644:.	chr11	34600202	34601097	CAPRIN1	chr11	34051432	0.0	0.0	0	0
CAPRIN1|chr11:34624635-34625563:.	chr11	34603088	34604016	CAPRIN1	chr11	34051432	0.0	0.0	0	0
CAPRIN1|chr11:34779750-34780347:.	chr11	34758203	34758800	CAPRIN1	chr11	34051432	0.0	0.0	0	0
CAPRIN1|chr11:35051397-35051897:.	chr11	35029850	35030350	CAPRIN1	chr11	34051432	0.0	0.0	0	0
CAPRIN1|chr11:35061635-35062135:.	chr11	35040088	35040588	CAPRIN1	chr11	34051432	0.0	0.0	0	0
CD59|chr11:33920326-33921297:.	chr11	33898779	33899750	CD59	chr11	33736729	0.0	0.0	1	0
CD59|chr11:33933749-33934743:.	chr11	33912202	33913196	CD59	chr11	33736729	0.0	0.0	1	0
CD59|chr11:33954300-33954800:.	chr11	33932753	33933253	CD59	chr11	33736729	0.0	0.0	1	0
CD59|chr11:33966283-33966783:.	chr11	33944736	33945236	CD59	chr11	33736729	0.0	0.0	0	0
CD59|chr11:34448383-34449514:.	chr11	34426836	34427967	CD59	chr11	33736729	0.0	0.0	0	0
CD59|chr11:34621749-34622644:.	chr11	34600202	34601097	CD59	chr11	33736729	0.0	0.0	0	0
CD59|chr11:34624635-34625563:.	chr11	34603088	34604016	CD59	chr11	33736729	0.0	0.0	0	0
CSTF3|chr11:33920326-33921297:.	chr11	33898779	33899750	CSTF3	chr11	33161741	0.0	0.0	0	0
CSTF3|chr11:33933749-33934743:.	chr11	33912202	33913196	CSTF3	chr11	33161741	0.0	0.0	0	0
CSTF3|chr11:33954300-33954800:.	chr11	33932753	33933253	CSTF3	chr11	33161741	0.0	0.0	0	0
CSTF3|chr11:33958355-33959262:.	chr11	33936808	33937715	CSTF3	chr11	33161741	0.0	0.0	0	0
CSTF3|chr11:33966283-33966783:.	chr11	33944736	33945236	CSTF3	chr11	33161741	0.0	0.0	0	0
LMO2|chr11:34620986-34621713:.	chr11	34599439	34600166	LMO2	chr11	33892539	0.0	0.0	0	0
LMO2|chr11:34624635-34625563:.	chr11	34603088	34604016	LMO2	chr11	33892539	0.0	0.0	0	0
APIP|chr11:33958355-33959262:.	chr11	33936808	33937715	APIP	chr11	34916661	0.0	0.0	0	0
APIP|chr11:33963118-33963618:.	chr11	33941571	33942071	APIP	chr11	34916661	0.0	0.0	0	0
APIP|chr11:33966283-33966783:.	chr11	33944736	33945236	APIP	chr11	34916661	0.0	0.0	0	1
APIP|chr11:34448383-34449514:.	chr11	34426836	34427967	APIP	chr11	34916661	0.0	0.0	0	0
APIP|chr11:35058147-35058647:.	chr11	35036600	35037100	APIP	chr11	34916661	0.0	0.0	1	0
CAT|chr11:33963118-33963618:.	chr11	33941571	33942071	CAT	chr11	34438674	0.0	0.0	0	1
CAT|chr11:33966283-33966783:.	chr11	33944736	33945236	CAT	chr11	34438674	0.0	0.0	0	1
CAT|chr11:34621749-34622644:.	chr11	34600202	34601097	CAT	chr11	34438674	0.0	0.0	1	0
CAT|chr11:34624635-34625563:.	chr11	34603088	34604016	CAT	chr11	34438674	0.0	0.0	1	0
CAT|chr11:35058147-35058647:.	chr11	35036600	35037100	CAT	chr11	34438674	0.0	0.0	0	0
PDHX|chr11:33963118-33963618:.	chr11	33941571	33942071	PDHX	chr11	34915879	0.0	0.0	0	0
HIPK3|chr11:33966283-33966783:.	chr11	33944736	33945236	HIPK3	chr11	33257071	0.0	0.0	0	0
NAT10|chr11:33966283-33966783:.	chr11	33944736	33945236	NAT10	chr11	34105313	0.0	0.0	1	1
MDK|chr11:45855744-45856409:.	chr11	45834193	45834858	MDK	chr11	46381404	0.0	0.0	0	0
PEX16|chr11:45855744-45856409:.	chr11	45834193	45834858	PEX16	chr11	45918373	1.5914596319198608	1000.2715433870574	1	0
PEX16|chr11:46619112-46619612:.	chr11	46597562	46598062	PEX16	chr11	45918373	0.0	0.0	0	0
ARFGAP2|chr11:46271115-46271615:.	chr11	46249564	46250064	ARFGAP2	chr11	47177375	0.0	0.0	0	0
ARFGAP2|chr11:46619112-46619612:.	chr11	46597562	46598062	ARFGAP2	chr11	47177375	0.0	0.0	0	0
ARFGAP2|chr11:47939349-47940157:.	chr11	47917797	47918605	ARFGAP2	chr11	47177375	0.0	0.0	0	0
CELF1|chr11:46619112-46619612:.	chr11	46597562	46598062	CELF1	chr11	47489274	0.0	0.0	0	0
CELF1|chr11:47937819-47938429:.	chr11	47916267	47916877	CELF1	chr11	47489274	0.0	0.0	0	0
CELF1|chr11:47939349-47940157:.	chr11	47917797	47918605	CELF1	chr11	47489274	0.0	0.0	0	0
CELF1|chr11:47969598-47970098:.	chr11	47948046	47948546	CELF1	chr11	47489274	0.0	0.0	0	0
NDUFS3|chr11:46619112-46619612:.	chr11	46597562	46598062	NDUFS3	chr11	47578759	0.0	0.0	0	0
NDUFS3|chr11:47884620-47885320:.	chr11	47863068	47863768	NDUFS3	chr11	47578759	0.0	0.0	0	0
NDUFS3|chr11:47968426-47968926:.	chr11	47946874	47947374	NDUFS3	chr11	47578759	0.0	0.0	0	0
PSMC3|chr11:46619112-46619612:.	chr11	46597562	46598062	PSMC3	chr11	47426723	0.0	0.0	0	0
PSMC3|chr11:47884620-47885320:.	chr11	47863068	47863768	PSMC3	chr11	47426723	0.0	0.0	0	0
PSMC3|chr11:47939349-47940157:.	chr11	47917797	47918605	PSMC3	chr11	47426723	0.0	0.0	0	0
PSMC3|chr11:47969598-47970098:.	chr11	47948046	47948546	PSMC3	chr11	47426723	0.0	0.0	0	0
PTPMT1|chr11:46619112-46619612:.	chr11	46597562	46598062	PTPMT1	chr11	47565179	0.0	0.0	0	0
PTPMT1|chr11:47969598-47970098:.	chr11	47948046	47948546	PTPMT1	chr11	47565179	0.0	0.0	0	0
MTCH2|chr11:47884620-47885320:.	chr11	47863068	47863768	MTCH2	chr11	47642904	0.0	0.0	0	0
MTCH2|chr11:47939349-47940157:.	chr11	47917797	47918605	MTCH2	chr11	47642904	0.0	0.0	0	0
MTCH2|chr11:47969598-47970098:.	chr11	47948046	47948546	MTCH2	chr11	47642904	0.0	0.0	0	0
TIMM10|chr11:56894213-56894888:.	chr11	57126739	57127414	TIMM10	chr11	57531009	0.0	0.0	0	0
TIMM10|chr11:57060354-57060854:.	chr11	57292880	57293380	TIMM10	chr11	57531009	0.0	0.0	0	0
SELENOH|chr11:57006758-57007258:.	chr11	57239284	57239784	SELENOH	chr11	57740999	0.0	0.0	0	0
SELENOH|chr11:57060354-57060854:.	chr11	57292880	57293380	SELENOH	chr11	57740999	0.0	0.0	0	0
SELENOH|chr11:57200131-57200631:.	chr11	57432658	57433158	SELENOH	chr11	57740999	0.0	0.0	0	0
SSRP1|chr11:57668742-57669624:.	chr11	57901270	57902152	SSRP1	chr11	57336127	0.0	0.0	0	0
TMX2|chr11:57060354-57060854:.	chr11	57292880	57293380	TMX2	chr11	57712272	0.0	0.0	0	0
CCDC86|chr11:59853279-59853779:.	chr11	60085806	60086306	CCDC86	chr11	60841705	0.0	0.0	0	0
CCDC86|chr11:59961019-59962528:.	chr11	60193546	60195055	CCDC86	chr11	60841705	0.0	0.0	0	0
PRPF19|chr11:59894641-59895141:.	chr11	60127168	60127668	PRPF19	chr11	60906839	0.0	0.0	0	0
PRPF19|chr11:59961019-59962528:.	chr11	60193546	60195055	PRPF19	chr11	60906839	0.0	0.0	0	0
PRPF19|chr11:61638520-61639241:.	chr11	61871048	61871769	PRPF19	chr11	60906839	0.0	0.0	0	0
TMEM138|chr11:60631223-60632067:.	chr11	60863750	60864594	TMEM138	chr11	61361750	0.0	0.0	0	0
TMEM138|chr11:61638520-61639241:.	chr11	61871048	61871769	TMEM138	chr11	61361750	0.0	0.0	0	0
TMEM258|chr11:60631223-60632067:.	chr11	60863750	60864594	TMEM258	chr11	61792863	0.0	0.0	0	0
TMEM258|chr11:61638520-61639241:.	chr11	61871048	61871769	TMEM258	chr11	61792863	24.89739227294922	874.8278099509099	1	0
TMEM258|chr11:61738881-61739765:.	chr11	61971409	61972293	TMEM258	chr11	61792863	0.0	0.0	1	0
TMEM258|chr11:61809348-61810280:.	chr11	62041876	62042808	TMEM258	chr11	61792863	0.0	0.0	0	0
FTH1|chr11:61638520-61639241:.	chr11	61871048	61871769	FTH1	chr11	61967910	15.273292541503906	1012.3188205162016	1	0
FTH1|chr11:61738881-61739765:.	chr11	61971409	61972293	FTH1	chr11	61967910	312.479248046875	20711.226669626427	1	1
FTH1|chr11:62448205-62448705:.	chr11	62680733	62681233	FTH1	chr11	61967910	0.0	0.0	0	0
B3GAT3|chr11:61638520-61639241:.	chr11	61871048	61871769	B3GAT3	chr11	62622425	0.0	0.0	0	0
B3GAT3|chr11:61809348-61810280:.	chr11	62041876	62042808	B3GAT3	chr11	62622425	0.0	0.0	0	0
CPSF7|chr11:61638520-61639241:.	chr11	61871048	61871769	CPSF7	chr11	61430242	0.0	0.0	0	0
FEN1|chr11:61638520-61639241:.	chr11	61871048	61871769	FEN1	chr11	61792386	12.063573837280272	809.0569621323457	1	0
FEN1|chr11:61809348-61810280:.	chr11	62041876	62042808	FEN1	chr11	61792386	0.0	0.0	0	0
LBHD1|chr11:61638520-61639241:.	chr11	61871048	61871769	LBHD1	chr11	62672019	0.0	0.0	0	0
LBHD1|chr11:61738881-61739765:.	chr11	61971409	61972293	LBHD1	chr11	62672019	0.0	0.0	0	0
LBHD1|chr11:61809348-61810280:.	chr11	62041876	62042808	LBHD1	chr11	62672019	0.0	0.0	0	0
LBHD1|chr11:62448205-62448705:.	chr11	62680733	62681233	LBHD1	chr11	62672019	51.778099060058594	4348.357738676625	1	0
POLR2G|chr11:61638520-61639241:.	chr11	61871048	61871769	POLR2G	chr11	62761288	0.0	0.0	0	0
POLR2G|chr11:61809348-61810280:.	chr11	62041876	62042808	POLR2G	chr11	62761288	0.0	0.0	0	0
SLC3A2|chr11:61638520-61639241:.	chr11	61871048	61871769	SLC3A2	chr11	62855761	0.0	0.0	0	0
SLC3A2|chr11:61809348-61810280:.	chr11	62041876	62042808	SLC3A2	chr11	62855761	0.0	0.0	0	0
SLC3A2|chr11:63604631-63605131:.	chr11	63837159	63837659	SLC3A2	chr11	62855761	0.0	0.0	0	0
TMEM179B|chr11:61638520-61639241:.	chr11	61871048	61871769	TMEM179B	chr11	62787151	0.0	0.0	0	0
TMEM179B|chr11:61792883-61793552:.	chr11	62025411	62026080	TMEM179B	chr11	62787151	0.0	0.0	0	0
TMEM179B|chr11:61872446-61873047:.	chr11	62104974	62105575	TMEM179B	chr11	62787151	0.0	0.0	0	0
TMEM223|chr11:61638520-61639241:.	chr11	61871048	61871769	TMEM223	chr11	62792264	0.0	0.0	0	0
UBXN1|chr11:61638520-61639241:.	chr11	61871048	61871769	UBXN1	chr11	62679367	0.0	0.0	0	0
UBXN1|chr11:61809348-61810280:.	chr11	62041876	62042808	UBXN1	chr11	62679367	0.0	0.0	0	0
UBXN1|chr11:61872446-61873047:.	chr11	62104974	62105575	UBXN1	chr11	62679367	0.0	0.0	0	0
UBXN1|chr11:63334418-63335281:.	chr11	63566946	63567809	UBXN1	chr11	62679367	0.0	0.0	0	0
UQCC3|chr11:61638520-61639241:.	chr11	61871048	61871769	UQCC3	chr11	62671403	0.0	0.0	0	0
UQCC3|chr11:61809348-61810280:.	chr11	62041876	62042808	UQCC3	chr11	62671403	0.0	0.0	0	0
UQCC3|chr11:61872446-61873047:.	chr11	62104974	62105575	UQCC3	chr11	62671403	0.0	0.0	0	0
UQCC3|chr11:63298861-63299361:.	chr11	63531389	63531889	UQCC3	chr11	62671403	0.0	0.0	0	0
UQCC3|chr11:63334418-63335281:.	chr11	63566946	63567809	UQCC3	chr11	62671403	0.0	0.0	0	0
WDR74|chr11:61792883-61793552:.	chr11	62025411	62026080	WDR74	chr11	62840406	0.0	0.0	0	0
WDR74|chr11:63604631-63605131:.	chr11	63837159	63837659	WDR74	chr11	62840406	0.0	0.0	0	0
SDHAF2|chr11:61809348-61810280:.	chr11	62041876	62042808	SDHAF2	chr11	61429874	0.0	0.0	0	0
PRDX5|chr11:63298861-63299361:.	chr11	63531389	63531889	PRDX5	chr11	64317837	0.0	0.0	0	0
PRDX5|chr11:63334418-63335281:.	chr11	63566946	63567809	PRDX5	chr11	64317837	0.0	0.0	0	0
PRDX5|chr11:63604631-63605131:.	chr11	63837159	63837659	PRDX5	chr11	64317837	0.0	0.0	0	0
PRDX5|chr11:64918076-64918576:.	chr11	65150605	65151105	PRDX5	chr11	64317837	0.0	0.0	0	0
TRMT112|chr11:63298861-63299361:.	chr11	63531389	63531889	TRMT112	chr11	64318334	0.0	0.0	0	0
TRMT112|chr11:63334418-63335281:.	chr11	63566946	63567809	TRMT112	chr11	64318334	0.0	0.0	0	0
TRMT112|chr11:63604631-63605131:.	chr11	63837159	63837659	TRMT112	chr11	64318334	0.0	0.0	0	0
TRMT112|chr11:64918076-64918576:.	chr11	65150605	65151105	TRMT112	chr11	64318334	0.0	0.0	0	0
COX8A|chr11:63570212-63570851:.	chr11	63802740	63803379	COX8A	chr11	63974356	0.0	0.0	1	0
COX8A|chr11:64102442-64103363:.	chr11	64334970	64335891	COX8A	chr11	63974356	0.0	0.0	0	0
COX8A|chr11:64240097-64241317:.	chr11	64472625	64473845	COX8A	chr11	63974356	0.0	0.0	0	0
DNAJC4|chr11:63334418-63335281:.	chr11	63566946	63567809	DNAJC4	chr11	64230181	0.0	0.0	0	0
DNAJC4|chr11:63604631-63605131:.	chr11	63837159	63837659	DNAJC4	chr11	64230181	0.0	0.0	0	0
DNAJC4|chr11:64102442-64103363:.	chr11	64334970	64335891	DNAJC4	chr11	64230181	0.0	0.0	1	0
DNAJC4|chr11:64240097-64241317:.	chr11	64472625	64473845	DNAJC4	chr11	64230181	0.0	0.0	0	0
DNAJC4|chr11:64918076-64918576:.	chr11	65150605	65151105	DNAJC4	chr11	64230181	0.0	0.0	0	0
FKBP2|chr11:63334418-63335281:.	chr11	63566946	63567809	FKBP2	chr11	64240690	0.0	0.0	0	0
FKBP2|chr11:63570212-63570851:.	chr11	63802740	63803379	FKBP2	chr11	64240690	0.0	0.0	0	0
FKBP2|chr11:63604631-63605131:.	chr11	63837159	63837659	FKBP2	chr11	64240690	0.0	0.0	0	0
FKBP2|chr11:64102442-64103363:.	chr11	64334970	64335891	FKBP2	chr11	64240690	14.527658462524414	1130.11203455727	1	0
FKBP2|chr11:64240097-64241317:.	chr11	64472625	64473845	FKBP2	chr11	64240690	0.0	0.0	0	0
FKBP2|chr11:64918076-64918576:.	chr11	65150605	65151105	FKBP2	chr11	64240690	0.0	0.0	0	0
SF1|chr11:63570212-63570851:.	chr11	63802740	63803379	SF1	chr11	64779094	0.0	0.0	0	0
SF1|chr11:63604631-63605131:.	chr11	63837159	63837659	SF1	chr11	64779094	0.0	0.0	0	0
SF1|chr11:64102442-64103363:.	chr11	64334970	64335891	SF1	chr11	64779094	0.0	0.0	0	0
SF1|chr11:64918076-64918576:.	chr11	65150605	65151105	SF1	chr11	64779094	0.0	0.0	0	0
SF1|chr11:65238770-65239270:.	chr11	65471299	65471799	SF1	chr11	64779094	0.0	0.0	0	0
SF1|chr11:65239473-65239973:.	chr11	65472002	65472502	SF1	chr11	64779094	0.0	0.0	0	0
SF1|chr11:65244588-65245347:.	chr11	65477117	65477876	SF1	chr11	64779094	0.0	0.0	0	0
SF1|chr11:65246118-65246618:.	chr11	65478647	65479147	SF1	chr11	64779094	0.0	0.0	0	0
SF1|chr11:65259162-65259662:.	chr11	65491691	65492191	SF1	chr11	64779094	0.0	0.0	0	0
SF1|chr11:65259998-65260806:.	chr11	65492527	65493335	SF1	chr11	64779094	0.0	0.0	0	0
RTN3|chr11:64102442-64103363:.	chr11	64334970	64335891	RTN3	chr11	63681199	0.0	0.0	0	0
RTN3|chr11:64240097-64241317:.	chr11	64472625	64473845	RTN3	chr11	63681199	0.0	0.0	0	0
ARL2|chr11:64102442-64103363:.	chr11	64334970	64335891	ARL2	chr11	65013862	0.0	0.0	0	0
ARL2|chr11:64240097-64241317:.	chr11	64472625	64473845	ARL2	chr11	65013862	0.0	0.0	0	0
ARL2|chr11:65187333-65187833:.	chr11	65419862	65420362	ARL2	chr11	65013862	0.0	0.0	0	0
ARL2|chr11:65188578-65189078:.	chr11	65421107	65421607	ARL2	chr11	65013862	0.0	0.0	0	0
ARL2|chr11:65239473-65239973:.	chr11	65472002	65472502	ARL2	chr11	65013862	0.0	0.0	0	0
ARL2|chr11:65244588-65245347:.	chr11	65477117	65477876	ARL2	chr11	65013862	0.0	0.0	0	0
ARL2|chr11:65246118-65246618:.	chr11	65478647	65479147	ARL2	chr11	65013862	0.0	0.0	0	0
ARL2|chr11:65261258-65261758:.	chr11	65493787	65494287	ARL2	chr11	65013862	0.0	0.0	0	0
ARL2|chr11:65670550-65671050:.	chr11	65903079	65903579	ARL2	chr11	65013862	0.0	0.0	0	0
ARL2|chr11:65695509-65696009:.	chr11	65928038	65928538	ARL2	chr11	65013862	0.0	0.0	0	0
ATL3|chr11:64102442-64103363:.	chr11	64334970	64335891	ATL3	chr11	63671980	0.0	0.0	0	0
BAD|chr11:64102442-64103363:.	chr11	64334970	64335891	BAD	chr11	64284954	14.876662254333496	2739.604082602405	1	0
CAPN1|chr11:64102442-64103363:.	chr11	64334970	64335891	CAPN1	chr11	65181582	0.0	0.0	0	0
CAPN1|chr11:65244588-65245347:.	chr11	65477117	65477876	CAPN1	chr11	65181582	0.0	0.0	0	0
CAPN1|chr11:65246118-65246618:.	chr11	65478647	65479147	CAPN1	chr11	65181582	0.0	0.0	0	0
CAPN1|chr11:65261258-65261758:.	chr11	65493787	65494287	CAPN1	chr11	65181582	0.0	0.0	0	0
CDCA5|chr11:64102442-64103363:.	chr11	64334970	64335891	CDCA5	chr11	65084393	0.0	0.0	0	0
CDCA5|chr11:65244588-65245347:.	chr11	65477117	65477876	CDCA5	chr11	65084393	0.0	0.0	0	0
CDCA5|chr11:65695509-65696009:.	chr11	65928038	65928538	CDCA5	chr11	65084393	0.0	0.0	0	0
ESRRA|chr11:64102442-64103363:.	chr11	64334970	64335891	ESRRA	chr11	64305277	69.81841278076172	9915.671025381636	1	0
FAU|chr11:64102442-64103363:.	chr11	64334970	64335891	FAU	chr11	65122450	0.0	0.0	0	0
FAU|chr11:64240097-64241317:.	chr11	64472625	64473845	FAU	chr11	65122450	0.0	0.0	0	0
FAU|chr11:64918076-64918576:.	chr11	65150605	65151105	FAU	chr11	65122450	178.05929565429688	11090.218613432997	1	0
FAU|chr11:65129814-65130388:.	chr11	65362343	65362917	FAU	chr11	65122450	0.0	0.0	0	0
FAU|chr11:65185662-65186933:.	chr11	65418191	65419462	FAU	chr11	65122450	0.0	0.0	0	0
FAU|chr11:65238770-65239270:.	chr11	65471299	65471799	FAU	chr11	65122450	0.0	0.0	0	0
FAU|chr11:65239473-65239973:.	chr11	65472002	65472502	FAU	chr11	65122450	0.0	0.0	0	0
FAU|chr11:65244588-65245347:.	chr11	65477117	65477876	FAU	chr11	65122450	0.0	0.0	0	0
FAU|chr11:65246118-65246618:.	chr11	65478647	65479147	FAU	chr11	65122450	0.0	0.0	0	0
FAU|chr11:65259162-65259662:.	chr11	65491691	65492191	FAU	chr11	65122450	0.0	0.0	0	0
FAU|chr11:65259998-65260806:.	chr11	65492527	65493335	FAU	chr11	65122450	0.0	0.0	0	0
FAU|chr11:65261258-65261758:.	chr11	65493787	65494287	FAU	chr11	65122450	0.0	0.0	0	0
FAU|chr11:65278159-65278659:.	chr11	65510688	65511188	FAU	chr11	65122450	0.0	0.0	0	0
FAU|chr11:65459629-65460433:.	chr11	65692158	65692962	FAU	chr11	65122450	0.0	0.0	0	0
FAU|chr11:65670550-65671050:.	chr11	65903079	65903579	FAU	chr11	65122450	0.0	0.0	0	0
FAU|chr11:65674024-65674524:.	chr11	65906553	65907053	FAU	chr11	65122450	0.0	0.0	0	0
FAU|chr11:65695509-65696009:.	chr11	65928038	65928538	FAU	chr11	65122450	0.0	0.0	0	0
FAU|chr11:65696079-65696579:.	chr11	65928608	65929108	FAU	chr11	65122450	0.0	0.0	0	0
FAU|chr11:65708789-65709289:.	chr11	65941318	65941818	FAU	chr11	65122450	0.0	0.0	0	0
MACROD1|chr11:64102442-64103363:.	chr11	64334970	64335891	MACROD1	chr11	64166363	0.0	0.0	1	0
MRPL49|chr11:64102442-64103363:.	chr11	64334970	64335891	MRPL49	chr11	65121993	0.0	0.0	0	0
MRPL49|chr11:65239473-65239973:.	chr11	65472002	65472502	MRPL49	chr11	65121993	0.0	0.0	0	0
NUDT22|chr11:64102442-64103363:.	chr11	64334970	64335891	NUDT22	chr11	64226023	0.0	0.0	1	0
STIP1|chr11:64102442-64103363:.	chr11	64334970	64335891	STIP1	chr11	64185864	0.0	0.0	1	0
STIP1|chr11:64918076-64918576:.	chr11	65150605	65151105	STIP1	chr11	64185864	0.0	0.0	0	0
ZFPL1|chr11:64102442-64103363:.	chr11	64334970	64335891	ZFPL1	chr11	65083971	0.0	0.0	0	0
CFL1|chr11:64918076-64918576:.	chr11	65150605	65151105	CFL1	chr11	65858583	0.0	0.0	0	0
CFL1|chr11:65238770-65239270:.	chr11	65471299	65471799	CFL1	chr11	65858583	0.0	0.0	0	0
CFL1|chr11:65239473-65239973:.	chr11	65472002	65472502	CFL1	chr11	65858583	0.0	0.0	0	0
CFL1|chr11:65244588-65245347:.	chr11	65477117	65477876	CFL1	chr11	65858583	0.0	0.0	0	0
CFL1|chr11:65246118-65246618:.	chr11	65478647	65479147	CFL1	chr11	65858583	0.0	0.0	0	0
CFL1|chr11:65246863-65247363:.	chr11	65479392	65479892	CFL1	chr11	65858583	0.0	0.0	0	0
CFL1|chr11:65259162-65259662:.	chr11	65491691	65492191	CFL1	chr11	65858583	0.0	0.0	0	0
CFL1|chr11:65259998-65260806:.	chr11	65492527	65493335	CFL1	chr11	65858583	0.0	0.0	0	0
CFL1|chr11:65278159-65278659:.	chr11	65510688	65511188	CFL1	chr11	65858583	0.0	0.0	0	0
CFL1|chr11:65708789-65709289:.	chr11	65941318	65941818	CFL1	chr11	65858583	9.39079475402832	565.9588401152511	1	0
DRAP1|chr11:64918076-64918576:.	chr11	65150605	65151105	DRAP1	chr11	65919006	0.0	0.0	0	0
DRAP1|chr11:65129814-65130388:.	chr11	65362343	65362917	DRAP1	chr11	65919006	0.0	0.0	0	0
DRAP1|chr11:65185662-65186933:.	chr11	65418191	65419462	DRAP1	chr11	65919006	0.0	0.0	0	0
DRAP1|chr11:65238770-65239270:.	chr11	65471299	65471799	DRAP1	chr11	65919006	0.0	0.0	0	0
DRAP1|chr11:65239473-65239973:.	chr11	65472002	65472502	DRAP1	chr11	65919006	0.0	0.0	0	0
DRAP1|chr11:65244588-65245347:.	chr11	65477117	65477876	DRAP1	chr11	65919006	0.0	0.0	0	0
DRAP1|chr11:65246118-65246618:.	chr11	65478647	65479147	DRAP1	chr11	65919006	0.0	0.0	0	0
DRAP1|chr11:65246863-65247363:.	chr11	65479392	65479892	DRAP1	chr11	65919006	0.0	0.0	0	0
DRAP1|chr11:65259998-65260806:.	chr11	65492527	65493335	DRAP1	chr11	65919006	0.0	0.0	0	0
DRAP1|chr11:65459629-65460433:.	chr11	65692158	65692962	DRAP1	chr11	65919006	0.0	0.0	0	0
NEAT1|chr11:64918076-64918576:.	chr11	65150605	65151105	NEAT1	chr11	65422547	0.0	0.0	0	0
NEAT1|chr11:65129814-65130388:.	chr11	65362343	65362917	NEAT1	chr11	65422547	10.15231704711914	1427.2824423725256	1	0
NEAT1|chr11:65187333-65187833:.	chr11	65419862	65420362	NEAT1	chr11	65422547	122.87234497070312	17274.23797108359	1	0
NEAT1|chr11:65239473-65239973:.	chr11	65472002	65472502	NEAT1	chr11	65422547	39.6174430847168	5569.692185938442	1	0
NEAT1|chr11:65244588-65245347:.	chr11	65477117	65477876	NEAT1	chr11	65422547	24.785423278808597	3484.504996093788	1	0
NEAT1|chr11:65259162-65259662:.	chr11	65491691	65492191	NEAT1	chr11	65422547	11.309490203857422	1589.9657905906554	1	0
NEAT1|chr11:65278159-65278659:.	chr11	65510688	65511188	NEAT1	chr11	65422547	8.83499813079834	1242.0847036155972	1	0
SF3B2|chr11:64918076-64918576:.	chr11	65150605	65151105	SF3B2	chr11	66052094	0.0	0.0	0	0
SF3B2|chr11:65129814-65130388:.	chr11	65362343	65362917	SF3B2	chr11	66052094	0.0	0.0	0	0
SF3B2|chr11:65183746-65184246:.	chr11	65416275	65416775	SF3B2	chr11	66052094	0.0	0.0	0	0
SF3B2|chr11:65185662-65186933:.	chr11	65418191	65419462	SF3B2	chr11	66052094	0.0	0.0	0	0
SF3B2|chr11:65187333-65187833:.	chr11	65419862	65420362	SF3B2	chr11	66052094	0.0	0.0	0	0
SF3B2|chr11:65238770-65239270:.	chr11	65471299	65471799	SF3B2	chr11	66052094	0.0	0.0	0	0
SF3B2|chr11:65239473-65239973:.	chr11	65472002	65472502	SF3B2	chr11	66052094	0.0	0.0	0	0
SF3B2|chr11:65244588-65245347:.	chr11	65477117	65477876	SF3B2	chr11	66052094	0.0	0.0	0	0
SF3B2|chr11:65246118-65246618:.	chr11	65478647	65479147	SF3B2	chr11	66052094	0.0	0.0	0	0
SF3B2|chr11:65246863-65247363:.	chr11	65479392	65479892	SF3B2	chr11	66052094	0.0	0.0	0	0
SF3B2|chr11:65259162-65259662:.	chr11	65491691	65492191	SF3B2	chr11	66052094	0.0	0.0	0	0
SF3B2|chr11:65259998-65260806:.	chr11	65492527	65493335	SF3B2	chr11	66052094	0.0	0.0	0	0
SF3B2|chr11:65278159-65278659:.	chr11	65510688	65511188	SF3B2	chr11	66052094	0.0	0.0	0	0
SF3B2|chr11:66754512-66755012:.	chr11	66987041	66987541	SF3B2	chr11	66052094	0.0	0.0	0	0
SSSCA1|chr11:64918076-64918576:.	chr11	65150605	65151105	SSSCA1	chr11	65570208	0.0	0.0	0	0
SSSCA1|chr11:65129814-65130388:.	chr11	65362343	65362917	SSSCA1	chr11	65570208	0.0	0.0	0	0
SSSCA1|chr11:65238770-65239270:.	chr11	65471299	65471799	SSSCA1	chr11	65570208	7.900393486022949	545.1236373112002	1	0
SSSCA1|chr11:65239473-65239973:.	chr11	65472002	65472502	SSSCA1	chr11	65570208	9.54980182647705	658.9320793274715	1	0
SSSCA1|chr11:65244588-65245347:.	chr11	65477117	65477876	SSSCA1	chr11	65570208	8.015165328979492	553.042843437334	1	0
SSSCA1|chr11:65670550-65671050:.	chr11	65903079	65903579	SSSCA1	chr11	65570208	0.0	0.0	0	0
BANF1|chr11:65129814-65130388:.	chr11	65362343	65362917	BANF1	chr11	66001828	0.0	0.0	0	0
BANF1|chr11:65183746-65184246:.	chr11	65416275	65416775	BANF1	chr11	66001828	0.0	0.0	0	0
BANF1|chr11:65185662-65186933:.	chr11	65418191	65419462	BANF1	chr11	66001828	0.0	0.0	0	0
BANF1|chr11:65187333-65187833:.	chr11	65419862	65420362	BANF1	chr11	66001828	0.0	0.0	0	0
BANF1|chr11:65239473-65239973:.	chr11	65472002	65472502	BANF1	chr11	66001828	0.0	0.0	0	0
BANF1|chr11:65244588-65245347:.	chr11	65477117	65477876	BANF1	chr11	66001828	0.0	0.0	0	0
BANF1|chr11:65246118-65246618:.	chr11	65478647	65479147	BANF1	chr11	66001828	0.0	0.0	0	0
BANF1|chr11:65246863-65247363:.	chr11	65479392	65479892	BANF1	chr11	66001828	0.0	0.0	0	0
BANF1|chr11:65259162-65259662:.	chr11	65491691	65492191	BANF1	chr11	66001828	0.0	0.0	0	0
BANF1|chr11:65261258-65261758:.	chr11	65493787	65494287	BANF1	chr11	66001828	0.0	0.0	0	0
BANF1|chr11:65278159-65278659:.	chr11	65510688	65511188	BANF1	chr11	66001828	0.0	0.0	0	0
BANF1|chr11:65670550-65671050:.	chr11	65903079	65903579	BANF1	chr11	66001828	1.480635166168213	115.34941364488152	1	0
BANF1|chr11:65708789-65709289:.	chr11	65941318	65941818	BANF1	chr11	66001828	38.99815368652344	3038.165149498006	1	0
BANF1|chr11:66754512-66755012:.	chr11	66987041	66987541	BANF1	chr11	66001828	0.0	0.0	0	0
BRMS1|chr11:65129814-65130388:.	chr11	65362343	65362917	BRMS1	chr11	66345361	0.0	0.0	0	0
BRMS1|chr11:65239473-65239973:.	chr11	65472002	65472502	BRMS1	chr11	66345361	0.0	0.0	0	0
BRMS1|chr11:65244588-65245347:.	chr11	65477117	65477876	BRMS1	chr11	66345361	0.0	0.0	0	0
BRMS1|chr11:65246863-65247363:.	chr11	65479392	65479892	BRMS1	chr11	66345361	0.0	0.0	0	0
BRMS1|chr11:65259162-65259662:.	chr11	65491691	65492191	BRMS1	chr11	66345361	0.0	0.0	0	0
BRMS1|chr11:65259998-65260806:.	chr11	65492527	65493335	BRMS1	chr11	66345361	0.0	0.0	0	0
BRMS1|chr11:65278159-65278659:.	chr11	65510688	65511188	BRMS1	chr11	66345361	0.0	0.0	0	0
FIBP|chr11:65129814-65130388:.	chr11	65362343	65362917	FIBP	chr11	65888789	0.0	0.0	0	1
FIBP|chr11:65187333-65187833:.	chr11	65419862	65420362	FIBP	chr11	65888789	0.0	0.0	0	0
FIBP|chr11:65188578-65189078:.	chr11	65421107	65421607	FIBP	chr11	65888789	0.0	0.0	0	0
FIBP|chr11:65239473-65239973:.	chr11	65472002	65472502	FIBP	chr11	65888789	0.0	0.0	0	0
FIBP|chr11:65244588-65245347:.	chr11	65477117	65477876	FIBP	chr11	65888789	0.0	0.0	0	0
FIBP|chr11:65259162-65259662:.	chr11	65491691	65492191	FIBP	chr11	65888789	0.0	0.0	0	0
FIBP|chr11:65259998-65260806:.	chr11	65492527	65493335	FIBP	chr11	65888789	0.0	0.0	0	0
MALAT1|chr11:65129814-65130388:.	chr11	65362343	65362917	MALAT1	chr11	65497487	0.0	0.0	1	0
MALAT1|chr11:65183746-65184246:.	chr11	65416275	65416775	MALAT1	chr11	65497487	4.6983795166015625	645.4634237325552	1	0
MALAT1|chr11:65187333-65187833:.	chr11	65419862	65420362	MALAT1	chr11	65497487	14.109466552734377	1938.3586523796384	1	0
MALAT1|chr11:65239473-65239973:.	chr11	65472002	65472502	MALAT1	chr11	65497487	44.42072677612305	6102.519876968943	1	0
MALAT1|chr11:65244588-65245347:.	chr11	65477117	65477876	MALAT1	chr11	65497487	58.19715118408203	7995.125196256952	1	0
MALAT1|chr11:65246118-65246618:.	chr11	65478647	65479147	MALAT1	chr11	65497487	19.900754928588867	2733.965905836552	1	0
MALAT1|chr11:65459629-65460433:.	chr11	65692158	65692962	MALAT1	chr11	65497487	0.0	0.0	1	0
MALAT1|chr11:65670550-65671050:.	chr11	65903079	65903579	MALAT1	chr11	65497487	0.0	0.0	0	0
MALAT1|chr11:65674024-65674524:.	chr11	65906553	65907053	MALAT1	chr11	65497487	0.0	0.0	0	0
MALAT1|chr11:65695509-65696009:.	chr11	65928038	65928538	MALAT1	chr11	65497487	0.0	0.0	0	0
RNASEH2C|chr11:65129814-65130388:.	chr11	65362343	65362917	RNASEH2C	chr11	65721188	0.0	0.0	0	0
RNASEH2C|chr11:65187333-65187833:.	chr11	65419862	65420362	RNASEH2C	chr11	65721188	0.0	0.0	0	0
RNASEH2C|chr11:65239473-65239973:.	chr11	65472002	65472502	RNASEH2C	chr11	65721188	0.0	0.0	0	0
RNASEH2C|chr11:65244588-65245347:.	chr11	65477117	65477876	RNASEH2C	chr11	65721188	0.0	0.0	0	0
SAC3D1|chr11:65129814-65130388:.	chr11	65362343	65362917	SAC3D1	chr11	65040653	0.0	0.0	0	0
SAC3D1|chr11:65244588-65245347:.	chr11	65477117	65477876	SAC3D1	chr11	65040653	0.0	0.0	0	0
SAC3D1|chr11:65695509-65696009:.	chr11	65928038	65928538	SAC3D1	chr11	65040653	0.0	0.0	0	0
CCDC85B|chr11:65187333-65187833:.	chr11	65419862	65420362	CCDC85B	chr11	65890153	0.0	0.0	0	0
CCDC85B|chr11:65188578-65189078:.	chr11	65421107	65421607	CCDC85B	chr11	65890153	0.0	0.0	0	0
CCDC85B|chr11:65238770-65239270:.	chr11	65471299	65471799	CCDC85B	chr11	65890153	0.0	0.0	0	0
CCDC85B|chr11:65239473-65239973:.	chr11	65472002	65472502	CCDC85B	chr11	65890153	0.0	0.0	0	0
CCDC85B|chr11:65244588-65245347:.	chr11	65477117	65477876	CCDC85B	chr11	65890153	0.0	0.0	0	0
CCDC85B|chr11:65246118-65246618:.	chr11	65478647	65479147	CCDC85B	chr11	65890153	0.0	0.0	0	0
CCDC85B|chr11:65259162-65259662:.	chr11	65491691	65492191	CCDC85B	chr11	65890153	0.0	0.0	0	0
CCDC85B|chr11:65459629-65460433:.	chr11	65692158	65692962	CCDC85B	chr11	65890153	0.0	0.0	1	0
MRPL11|chr11:65238770-65239270:.	chr11	65471299	65471799	MRPL11	chr11	66439098	0.0	0.0	0	0
MRPL11|chr11:65239473-65239973:.	chr11	65472002	65472502	MRPL11	chr11	66439098	0.0	0.0	0	0
MRPL11|chr11:65244588-65245347:.	chr11	65477117	65477876	MRPL11	chr11	66439098	0.0	0.0	0	0
MRPL11|chr11:65259162-65259662:.	chr11	65491691	65492191	MRPL11	chr11	66439098	0.0	0.0	0	0
MRPL11|chr11:65259998-65260806:.	chr11	65492527	65493335	MRPL11	chr11	66439098	0.0	0.0	0	0
MRPL11|chr11:65278159-65278659:.	chr11	65510688	65511188	MRPL11	chr11	66439098	0.0	0.0	0	0
MRPL11|chr11:65459629-65460433:.	chr11	65692158	65692962	MRPL11	chr11	66439098	0.0	0.0	0	0
MRPL11|chr11:65670550-65671050:.	chr11	65903079	65903579	MRPL11	chr11	66439098	0.0	0.0	0	0
MRPL11|chr11:65674024-65674524:.	chr11	65906553	65907053	MRPL11	chr11	66439098	0.0	0.0	0	0
YIF1A|chr11:65238770-65239270:.	chr11	65471299	65471799	YIF1A	chr11	66289417	0.0	0.0	0	0
YIF1A|chr11:65239473-65239973:.	chr11	65472002	65472502	YIF1A	chr11	66289417	0.0	0.0	0	0
YIF1A|chr11:65244588-65245347:.	chr11	65477117	65477876	YIF1A	chr11	66289417	0.0	0.0	0	0
YIF1A|chr11:65246118-65246618:.	chr11	65478647	65479147	YIF1A	chr11	66289417	0.0	0.0	0	0
YIF1A|chr11:65278159-65278659:.	chr11	65510688	65511188	YIF1A	chr11	66289417	0.0	0.0	0	0
YIF1A|chr11:65695509-65696009:.	chr11	65928038	65928538	YIF1A	chr11	66289417	0.0	0.0	0	0
YIF1A|chr11:65696079-65696579:.	chr11	65928608	65929108	YIF1A	chr11	66289417	0.0	0.0	0	0
YIF1A|chr11:66754512-66755012:.	chr11	66987041	66987541	YIF1A	chr11	66289417	0.0	0.0	0	0
DPF2|chr11:65239473-65239973:.	chr11	65472002	65472502	DPF2	chr11	65333503	0.0	0.0	1	0
RAB1B|chr11:65239473-65239973:.	chr11	65472002	65472502	RAB1B	chr11	66268334	0.0	0.0	0	0
GSTP1|chr11:66754512-66755012:.	chr11	66987041	66987541	GSTP1	chr11	67583344	0.0	0.0	0	0
GSTP1|chr11:68049501-68050001:.	chr11	68282033	68282533	GSTP1	chr11	67583344	0.0	0.0	0	0
NDUFS8|chr11:67340082-67341039:.	chr11	67572611	67573568	NDUFS8	chr11	68030366	0.0	0.0	0	0
NDUFS8|chr11:67367786-67368504:.	chr11	67600315	67601033	NDUFS8	chr11	68030366	0.0	0.0	0	0
NDUFS8|chr11:67388125-67388625:.	chr11	67620654	67621154	NDUFS8	chr11	68030366	0.0	0.0	0	0
NDUFS8|chr11:68713259-68713759:.	chr11	68945790	68946290	NDUFS8	chr11	68030366	0.0	0.0	0	0
POLD4|chr11:67340082-67341039:.	chr11	67572611	67573568	POLD4	chr11	67353846	0.0	0.0	0	0
POLD4|chr11:67388125-67388625:.	chr11	67620654	67621154	POLD4	chr11	67353846	0.0	0.0	0	0
PPP1CA|chr11:67340082-67341039:.	chr11	67572611	67573568	PPP1CA	chr11	67402155	0.0	0.0	1	0
PPP1CA|chr11:67388125-67388625:.	chr11	67620654	67621154	PPP1CA	chr11	67402155	0.0	0.0	0	0
KMT5B|chr11:67388125-67388625:.	chr11	67620654	67621154	KMT5B	chr11	68213567	0.0	0.0	0	0
RPS6KB2|chr11:67388125-67388625:.	chr11	67620654	67621154	RPS6KB2	chr11	67428213	0.0	0.0	1	0
MRPL21|chr11:68049501-68050001:.	chr11	68282033	68282533	MRPL21	chr11	68904085	0.0	0.0	0	0
MRPL21|chr11:69210847-69211347:.	chr11	69396079	69396579	MRPL21	chr11	68904085	0.0	0.0	0	0
CTTN|chr11:69796116-69796616:.	chr11	69950010	69950510	CTTN	chr11	70398255	0.0	0.0	0	0
LAMTOR1|chr11:72204785-72205505:.	chr11	72493741	72494461	LAMTOR1	chr11	72103637	0.0	0.0	0	0
RPS3|chr11:74384269-74385151:.	chr11	74673224	74674106	RPS3	chr11	75399240	0.0	0.0	0	0
RPS3|chr11:74733857-74734357:.	chr11	75022812	75023312	RPS3	chr11	75399240	0.0	0.0	0	0
RPS3|chr11:74741143-74741643:.	chr11	75030098	75030598	RPS3	chr11	75399240	0.0	0.0	0	0
RPS3|chr11:74742237-74742886:.	chr11	75031192	75031841	RPS3	chr11	75399240	0.0	0.0	0	0
RPS3|chr11:74742936-74743436:.	chr11	75031891	75032391	RPS3	chr11	75399240	0.0	0.0	0	0
RPS3|chr11:74770248-74770748:.	chr11	75059203	75059703	RPS3	chr11	75399240	0.0	0.0	0	0
RPS3|chr11:74807821-74808321:.	chr11	75096776	75097276	RPS3	chr11	75399240	0.0	0.0	0	0
RPS3|chr11:75248091-75248591:.	chr11	75537046	75537546	RPS3	chr11	75399240	0.0	0.0	1	0
RPS3|chr11:75249628-75250128:.	chr11	75538583	75539083	RPS3	chr11	75399240	0.0	0.0	1	0
RPS3|chr11:75269140-75269640:.	chr11	75558095	75558595	RPS3	chr11	75399240	0.0	0.0	1	0
RPS3|chr11:75270056-75271105:.	chr11	75559011	75560060	RPS3	chr11	75399240	0.0	0.0	1	0
PPME1|chr11:74741143-74741643:.	chr11	75030098	75030598	PPME1	chr11	74170812	0.0	0.0	0	0
SERPINH1|chr11:74741143-74741643:.	chr11	75030098	75030598	SERPINH1	chr11	75561805	0.0	0.0	0	0
SPCS2|chr11:74770248-74770748:.	chr11	75059203	75059703	SPCS2	chr11	74948996	0.0	0.0	1	0
SPCS2|chr11:74807821-74808321:.	chr11	75096776	75097276	SPCS2	chr11	74948996	0.0	0.0	1	0
SPCS2|chr11:75249628-75250128:.	chr11	75538583	75539083	SPCS2	chr11	74948996	0.0	0.0	0	0
SPCS2|chr11:75269140-75269640:.	chr11	75558095	75558595	SPCS2	chr11	74948996	0.0	0.0	0	0
SPCS2|chr11:75270056-75271105:.	chr11	75559011	75560060	SPCS2	chr11	74948996	0.0	0.0	0	0
P4HA3|chr11:74807821-74808321:.	chr11	75096776	75097276	P4HA3	chr11	74311926	0.0	0.0	0	0
UVRAG|chr11:74807821-74808321:.	chr11	75096776	75097276	UVRAG	chr11	75814916	0.0	0.0	0	0
CLNS1A|chr11:76446869-76447602:.	chr11	76735825	76736558	CLNS1A	chr11	77638056	0.0	0.0	0	0
CLNS1A|chr11:76456610-76457323:.	chr11	76745566	76746279	CLNS1A	chr11	77638056	0.0	0.0	0	0
CLNS1A|chr11:76534346-76535802:.	chr11	76823302	76824758	CLNS1A	chr11	77638056	0.0	0.0	0	0
CLNS1A|chr11:77355505-77356209:.	chr11	77644460	77645164	CLNS1A	chr11	77638056	114.32921600341795	5232.305151600889	1	0
TMEM126A|chr11:85845619-85846570:.	chr11	86134577	86135528	TMEM126A	chr11	85647668	0.0	0.0	0	0
TMEM126A|chr11:85854592-85855092:.	chr11	86143550	86144050	TMEM126A	chr11	85647668	0.0	0.0	0	0
TMEM126A|chr11:85862268-85862768:.	chr11	86151226	86151726	TMEM126A	chr11	85647668	0.0	0.0	0	0
TMEM126A|chr11:85886703-85888005:.	chr11	86175661	86176963	TMEM126A	chr11	85647668	0.0	0.0	0	0
TMEM126A|chr11:85894014-85895197:.	chr11	86182972	86184155	TMEM126A	chr11	85647668	0.0	0.0	0	0
TMEM126B|chr11:85845619-85846570:.	chr11	86134577	86135528	TMEM126B	chr11	85628322	0.0	0.0	0	0
TMEM126B|chr11:85854592-85855092:.	chr11	86143550	86144050	TMEM126B	chr11	85628322	0.0	0.0	0	0
TMEM126B|chr11:85859051-85859853:.	chr11	86148009	86148811	TMEM126B	chr11	85628322	0.0	0.0	0	0
TMEM126B|chr11:85862268-85862768:.	chr11	86151226	86151726	TMEM126B	chr11	85628322	0.0	0.0	0	0
TMEM126B|chr11:85869504-85870446:.	chr11	86158462	86159404	TMEM126B	chr11	85628322	0.0	0.0	0	0
TMEM126B|chr11:85885245-85886117:.	chr11	86174203	86175075	TMEM126B	chr11	85628322	0.0	0.0	0	0
TMEM126B|chr11:85886703-85888005:.	chr11	86175661	86176963	TMEM126B	chr11	85628322	0.0	0.0	0	0
TMEM126B|chr11:85894014-85895197:.	chr11	86182972	86184155	TMEM126B	chr11	85628322	0.0	0.0	0	0
HIKESHI|chr11:85854592-85855092:.	chr11	86143550	86144050	HIKESHI	chr11	86301976	0.0	0.0	1	0
HIKESHI|chr11:85862268-85862768:.	chr11	86151226	86151726	HIKESHI	chr11	86301976	0.0	0.0	1	0
HIKESHI|chr11:85873999-85874695:.	chr11	86162957	86163653	HIKESHI	chr11	86301976	0.0	0.0	1	0
HIKESHI|chr11:85885245-85886117:.	chr11	86174203	86175075	HIKESHI	chr11	86301976	0.0	0.0	1	0
HIKESHI|chr11:85894014-85895197:.	chr11	86182972	86184155	HIKESHI	chr11	86301976	0.0	0.0	1	0
EED|chr11:85862268-85862768:.	chr11	86151226	86151726	EED	chr11	86244133	1.8273282051086424	1194.1510665063818	1	1
TAF1D|chr11:92733700-92734200:.	chr11	93000534	93001034	TAF1D	chr11	93741787	0.0	0.0	0	0
CEP57|chr11:94880533-94881033:.	chr11	95147369	95147869	CEP57	chr11	95790210	0.0	0.0	0	0
CEP57|chr11:94881982-94882482:.	chr11	95148818	95149318	CEP57	chr11	95790210	0.0	0.0	0	0
DCUN1D5|chr11:102212544-102213214:.	chr11	102341813	102342483	DCUN1D5	chr11	103092465	0.0	0.0	0	0
RDX|chr11:109763152-109763931:.	chr11	109892426	109893205	RDX	chr11	110296962	0.0	0.0	0	0
REXO2|chr11:113425314-113426397:.	chr11	113554592	113555675	REXO2	chr11	114439135	0.0	0.0	0	0
REXO2|chr11:113505618-113506118:.	chr11	113634896	113635396	REXO2	chr11	114439135	0.0	0.0	0	0
REXO2|chr11:113534333-113535194:.	chr11	113663611	113664472	REXO2	chr11	114439135	0.0	0.0	0	0
REXO2|chr11:113535325-113536262:.	chr11	113664603	113665540	REXO2	chr11	114439135	0.0	0.0	0	0
REXO2|chr11:113601453-113602241:.	chr11	113730731	113731519	REXO2	chr11	114439135	0.0	0.0	0	0
RBM7|chr11:113601453-113602241:.	chr11	113730731	113731519	RBM7	chr11	114400278	0.0	0.0	0	0
RBM7|chr11:114254915-114255626:.	chr11	114384193	114384904	RBM7	chr11	114400278	79.09931945800781	4785.02642128156	1	0
HMBS|chr11:118475209-118475709:.	chr11	118604494	118604994	HMBS	chr11	119084626	0.0	0.0	0	0
HMBS|chr11:118716905-118717405:.	chr11	118846196	118846696	HMBS	chr11	119084626	0.0	0.0	0	0
RPS25|chr11:118475209-118475709:.	chr11	118604494	118604994	RPS25	chr11	119018597	0.0	0.0	0	0
RPS25|chr11:118716905-118717405:.	chr11	118846196	118846696	RPS25	chr11	119018597	0.0	0.0	1	0
ATP5L|chr11:118716905-118717405:.	chr11	118846196	118846696	ATP5L	chr11	118401138	0.0	0.0	0	0
ATP5L|chr11:118933447-118933947:.	chr11	119062736	119063236	ATP5L	chr11	118401138	0.0	0.0	0	0
TRAPPC4|chr11:118716905-118717405:.	chr11	118846196	118846696	TRAPPC4	chr11	119018218	0.0	0.0	1	0
CHEK1|chr11:125402536-125403036:.	chr11	125532640	125533140	CHEK1	chr11	125624885	0.1640038639307022	1404.0986421372102	1	0
EI24|chr11:125421506-125422362:.	chr11	125551610	125552466	EI24	chr11	125569136	46.38093566894531	3564.699443738813	1	1
EI24|chr11:125422551-125423256:.	chr11	125552655	125553360	EI24	chr11	125569136	90.98998260498048	6993.216840059359	1	1
EI24|chr11:125423850-125424350:.	chr11	125553954	125554454	EI24	chr11	125569136	53.71030426025391	4128.012705180582	1	0
FEZ1|chr11:125402536-125403036:.	chr11	125532640	125533140	FEZ1	chr11	125496560	30.030651092529297	5846.696592410132	1	1
FEZ1|chr11:125421506-125422362:.	chr11	125551610	125552466	FEZ1	chr11	125496560	7.552495956420898	1470.402764047374	1	1
FEZ1|chr11:125423850-125424350:.	chr11	125553954	125554454	FEZ1	chr11	125496560	10.409582138061523	2026.6516442648224	1	1
SRPRA|chr11:125402536-125403036:.	chr11	125532640	125533140	SRPRA	chr11	126269232	0.0	0.0	0	0
ST3GAL4|chr11:125421506-125422362:.	chr11	125551610	125552466	ST3GAL4	chr11	126355394	0.0	0.0	0	0
STT3A|chr11:125421506-125422362:.	chr11	125551610	125552466	STT3A	chr11	125592544	21.15500259399414	1702.1518943837802	1	0
TBRG1|chr11:125421506-125422362:.	chr11	125551610	125552466	TBRG1	chr11	124622595	0.0	0.0	0	0
TMEM218|chr11:125422551-125423256:.	chr11	125552655	125553360	TMEM218	chr11	125111958	0.0	0.0	0	0
THYN1|chr11:134597123-134597623:.	chr11	134727229	134727729	THYN1	chr11	134253616	0.0	0.0	0	0
WNK1|chr12:775756-777061:.	chr12	666590	667895	WNK1	chr12	752672	7.344930648803711	1093.9868256241016	1	0
NDUFA9|chr12:4251973-4252473:.	chr12	4142807	4143307	NDUFA9	chr12	4648847	0.0	0.0	0	0
NDUFA9|chr12:4262393-4263146:.	chr12	4153227	4153980	NDUFA9	chr12	4648847	0.0	0.0	0	0
CHD4|chr12:6276719-6277409:.	chr12	6167553	6168243	CHD4	chr12	6607683	0.0	0.0	0	0
CHD4|chr12:6362380-6362880:.	chr12	6253214	6253714	CHD4	chr12	6607683	0.0	0.0	0	0
CHD4|chr12:6394119-6394619:.	chr12	6284953	6285453	CHD4	chr12	6607683	0.0	0.0	0	0
CHD4|chr12:6722591-6723468:.	chr12	6613425	6614302	CHD4	chr12	6607683	172.28152465820312	13520.011327965478	1	1
PHB2|chr12:6276719-6277409:.	chr12	6167553	6168243	PHB2	chr12	6971003	0.0	0.0	0	0
PHB2|chr12:6373065-6373565:.	chr12	6263899	6264399	PHB2	chr12	6971003	0.0	0.0	0	0
PHB2|chr12:6394119-6394619:.	chr12	6284953	6285453	PHB2	chr12	6971003	0.0	0.0	0	0
PHB2|chr12:6721980-6722578:.	chr12	6612814	6613412	PHB2	chr12	6971003	0.0	0.0	0	0
PHB2|chr12:7394653-7395600:.	chr12	7242057	7243004	PHB2	chr12	6971003	0.0	0.0	0	0
PTMS|chr12:6276719-6277409:.	chr12	6167553	6168243	PTMS	chr12	6766066	0.0	0.0	0	0
PTMS|chr12:6394119-6394619:.	chr12	6284953	6285453	PTMS	chr12	6766066	0.0	0.0	0	0
TPI1|chr12:6276719-6277409:.	chr12	6167553	6168243	TPI1	chr12	6867278	0.0	0.0	0	0
TPI1|chr12:6362380-6362880:.	chr12	6253214	6253714	TPI1	chr12	6867278	0.0	0.0	0	0
TPI1|chr12:6373065-6373565:.	chr12	6263899	6264399	TPI1	chr12	6867278	0.0	0.0	0	0
TPI1|chr12:6539472-6540149:.	chr12	6430306	6430983	TPI1	chr12	6867278	0.0	0.0	0	0
TPI1|chr12:7455019-7455675:.	chr12	7302423	7303079	TPI1	chr12	6867278	0.0	0.0	0	0
MLF2|chr12:6362380-6362880:.	chr12	6253214	6253714	MLF2	chr12	6753166	0.0	0.0	0	0
MLF2|chr12:6373065-6373565:.	chr12	6263899	6264399	MLF2	chr12	6753166	0.0	0.0	0	0
MRPL51|chr12:6373065-6373565:.	chr12	6263899	6264399	MRPL51	chr12	6493555	0.0	0.0	0	0
MRPL51|chr12:6394119-6394619:.	chr12	6284953	6285453	MRPL51	chr12	6493555	0.0	0.0	0	0
MRPL51|chr12:7445544-7446737:.	chr12	7292948	7294141	MRPL51	chr12	6493555	0.0	0.0	0	0
MRPL51|chr12:7455019-7455675:.	chr12	7302423	7303079	MRPL51	chr12	6493555	0.0	0.0	0	0
C12orf57|chr12:6394119-6394619:.	chr12	6284953	6285453	C12orf57	chr12	6943566	0.0	0.0	0	0
EMG1|chr12:6394119-6394619:.	chr12	6284953	6285453	EMG1	chr12	6970530	0.0	0.0	0	0
GAPDH|chr12:7445544-7446737:.	chr12	7292948	7294141	GAPDH	chr12	6534154	0.0	0.0	0	0
GAPDH|chr12:7455019-7455675:.	chr12	7302423	7303079	GAPDH	chr12	6534154	0.0	0.0	0	0
CD69|chr12:9917282-9918002:.	chr12	9764686	9765406	CD69	chr12	9761151	279.1832580566406	33887.00020693821	1	1
YBX3|chr12:9950552-9951052:.	chr12	9797956	9798456	YBX3	chr12	10723604	0.0	0.0	0	0
BORCS5|chr12:12506605-12507233:.	chr12	12353671	12354299	BORCS5	chr12	12356828	47.4459114074707	8966.960274555355	1	1
MANSC1|chr12:12506605-12507233:.	chr12	12353671	12354299	MANSC1	chr12	12350485	105.89879608154295	16872.304145805	1	1
WBP11|chr12:14410408-14411143:.	chr12	14257474	14258209	WBP11	chr12	14803717	0.0	0.0	0	0
MRPS35|chr12:28012311-28013009:.	chr12	27859378	27860076	MRPS35	chr12	27710522	0.0	0.0	1	0
FAM60A|chr12:32173228-32174338:.	chr12	32020294	32021404	FAM60A	chr12	31326437	0.0	0.0	0	0
SYT10|chr12:33740957-33741624:.	chr12	33588022	33588689	SYT10	chr12	33440069	0.0	0.0	1	1
TUBA1B|chr12:48994706-48995206:.	chr12	48600923	48601423	TUBA1B	chr12	49131771	0.0	0.0	0	0
TUBA1C|chr12:49553825-49554657:.	chr12	49160042	49160874	TUBA1C	chr12	49227675	0.0977302715182304	3401.185107763949	1	0
TMBIM6|chr12:50432808-50433436:.	chr12	50039025	50039653	TMBIM6	chr12	49741259	0.0	0.0	0	0
DAZAP2|chr12:51295363-51295863:.	chr12	50901580	50902080	DAZAP2	chr12	51238473	0.0	0.0	0	0
DAZAP2|chr12:51720440-51721252:.	chr12	51326656	51327468	DAZAP2	chr12	51238473	26.483169555664062	1444.0464083314394	1	0
DAZAP2|chr12:52279575-52280075:.	chr12	51885791	51886291	DAZAP2	chr12	51238473	0.0	0.0	0	0
PCBP2|chr12:53056087-53056934:.	chr12	52662303	52663150	PCBP2	chr12	53451851	0.0	0.0	0	0
PCBP2|chr12:53267997-53268707:.	chr12	52874213	52874923	PCBP2	chr12	53451851	0.0	0.0	0	0
PCBP2|chr12:53758941-53759441:.	chr12	53365157	53365657	PCBP2	chr12	53451851	3.798527956008911	938.661432724151	1	0
PCBP2|chr12:53759601-53760101:.	chr12	53365817	53366317	PCBP2	chr12	53451851	3.8118958473205566	941.9647976477236	1	0
PFDN5|chr12:53056087-53056934:.	chr12	52662303	52663150	PFDN5	chr12	53295200	0.0	0.0	0	0
PFDN5|chr12:53267997-53268707:.	chr12	52874213	52874923	PFDN5	chr12	53295200	0.0	0.0	0	0
PFDN5|chr12:53386342-53387799:.	chr12	52992558	52994015	PFDN5	chr12	53295200	0.0	0.0	0	0
PFDN5|chr12:53758941-53759441:.	chr12	53365157	53365657	PFDN5	chr12	53295200	11.134090423583984	1277.9271202631287	1	0
PRR13|chr12:53056087-53056934:.	chr12	52662303	52663150	PRR13	chr12	53441398	0.0	0.0	0	0
PRR13|chr12:53386342-53387799:.	chr12	52992558	52994015	PRR13	chr12	53441398	0.0	0.0	0	0
EIF4B|chr12:53814995-53815787:.	chr12	53421211	53422003	EIF4B	chr12	53006007	0.0	0.0	0	0
ATP5G2|chr12:53386342-53387799:.	chr12	52992558	52994015	ATP5G2	chr12	53676575	0.0	0.0	0	0
ATP5G2|chr12:53758941-53759441:.	chr12	53365157	53365657	ATP5G2	chr12	53676575	0.0	0.0	0	0
ATP5G2|chr12:53764438-53765834:.	chr12	53370654	53372050	ATP5G2	chr12	53676575	0.0	0.0	0	0
KRT18|chr12:53758941-53759441:.	chr12	53365157	53365657	KRT18	chr12	52948808	0.0	0.0	0	0
KRT18|chr12:53764438-53765834:.	chr12	53370654	53372050	KRT18	chr12	52948808	0.0	0.0	0	0
KRT18|chr12:53814995-53815787:.	chr12	53421211	53422003	KRT18	chr12	52948808	0.0	0.0	0	0
CBX5|chr12:53764438-53765834:.	chr12	53370654	53372050	CBX5	chr12	54280381	0.0	0.0	0	0
KRT8|chr12:53764438-53765834:.	chr12	53370654	53372050	KRT8	chr12	52950116	0.0	0.0	0	0
SMUG1|chr12:53764438-53765834:.	chr12	53370654	53372050	SMUG1	chr12	54189244	0.0	0.0	0	0
SMUG1|chr12:53814995-53815787:.	chr12	53421211	53422003	SMUG1	chr12	54189244	0.0	0.0	0	0
CD63|chr12:55381626-55382619:.	chr12	54987842	54988835	CD63	chr12	55729388	0.0	0.0	0	0
CD63|chr12:57092547-57093490:.	chr12	56698763	56699706	CD63	chr12	55729388	0.0	0.0	0	0
GTSF1|chr12:55381626-55382619:.	chr12	54987842	54988835	GTSF1	chr12	54473852	0.0	0.0	0	0
MYL6|chr12:55582690-55583190:.	chr12	55188906	55189406	MYL6	chr12	56158010	0.0	0.0	0	0
MYL6|chr12:57381218-57381879:.	chr12	56987434	56988095	MYL6	chr12	56158010	0.0	0.0	0	0
MYL6|chr12:57382003-57382503:.	chr12	56988219	56988719	MYL6	chr12	56158010	0.0	0.0	0	0
MYL6|chr12:57384724-57385783:.	chr12	56990940	56991999	MYL6	chr12	56158010	0.0	0.0	0	0
RPL41|chr12:55582690-55583190:.	chr12	55188906	55189406	RPL41	chr12	56116339	0.0	0.0	0	0
RPL41|chr12:57092547-57093490:.	chr12	56698763	56699706	RPL41	chr12	56116339	0.0	0.0	0	0
RPL41|chr12:57271704-57272204:.	chr12	56877920	56878420	RPL41	chr12	56116339	0.0	0.0	0	0
RPL41|chr12:57381218-57381879:.	chr12	56987434	56988095	RPL41	chr12	56116339	0.0	0.0	0	0
RPL41|chr12:57382003-57382503:.	chr12	56988219	56988719	RPL41	chr12	56116339	0.0	0.0	0	0
RPL41|chr12:57384724-57385783:.	chr12	56990940	56991999	RPL41	chr12	56116339	0.0	0.0	0	0
ATP5B|chr12:56440828-56441328:.	chr12	56047044	56047544	ATP5B	chr12	56646318	0.0	0.0	0	0
ATP5B|chr12:57092547-57093490:.	chr12	56698763	56699706	ATP5B	chr12	56646318	23.680370330810547	3558.3432151089905	1	0
ATP5B|chr12:57382003-57382503:.	chr12	56988219	56988719	ATP5B	chr12	56646318	0.0	0.0	0	0
ATP5B|chr12:57384724-57385783:.	chr12	56990940	56991999	ATP5B	chr12	56646318	0.0	0.0	0	0
PTGES3|chr12:56440828-56441328:.	chr12	56047044	56047544	PTGES3	chr12	56688658	0.0	0.0	0	0
PTGES3|chr12:57271704-57272204:.	chr12	56877920	56878420	PTGES3	chr12	56688658	0.0	0.0	1	0
PTGES3|chr12:57384724-57385783:.	chr12	56990940	56991999	PTGES3	chr12	56688658	0.0	0.0	0	0
DCTN2|chr12:57092547-57093490:.	chr12	56698763	56699706	DCTN2	chr12	57547581	0.0	0.0	0	0
MYL6B|chr12:57092547-57093490:.	chr12	56698763	56699706	MYL6B	chr12	56152169	0.0	0.0	0	0
MYL6B|chr12:57382003-57382503:.	chr12	56988219	56988719	MYL6B	chr12	56152169	0.0	0.0	0	0
NACA|chr12:57271704-57272204:.	chr12	56877920	56878420	NACA	chr12	56725792	0.0	0.0	1	0
NACA|chr12:57382003-57382503:.	chr12	56988219	56988719	NACA	chr12	56725792	0.0	0.0	0	0
NACA|chr12:57384724-57385783:.	chr12	56990940	56991999	NACA	chr12	56725792	0.0	0.0	0	0
PA2G4|chr12:57271704-57272204:.	chr12	56877920	56878420	PA2G4	chr12	56104068	0.0	0.0	0	0
PA2G4|chr12:57382003-57382503:.	chr12	56988219	56988719	PA2G4	chr12	56104068	0.0	0.0	0	0
PA2G4|chr12:57384724-57385783:.	chr12	56990940	56991999	PA2G4	chr12	56104068	0.0	0.0	0	0
RPS26|chr12:57271704-57272204:.	chr12	56877920	56878420	RPS26	chr12	56041651	0.0	0.0	0	0
RPS26|chr12:57381218-57381879:.	chr12	56987434	56988095	RPS26	chr12	56041651	0.0	0.0	0	0
RPS26|chr12:57382003-57382503:.	chr12	56988219	56988719	RPS26	chr12	56041651	0.0	0.0	0	0
RPS26|chr12:57384724-57385783:.	chr12	56990940	56991999	RPS26	chr12	56041651	0.0	0.0	0	0
CDK4|chr12:57382003-57382503:.	chr12	56988219	56988719	CDK4	chr12	57752697	0.0	0.0	0	0
CDK4|chr12:58255339-58255839:.	chr12	57861556	57862056	CDK4	chr12	57752697	0.0	0.0	1	0
CNPY2|chr12:57382003-57382503:.	chr12	56988219	56988719	CNPY2	chr12	56316598	0.0	0.0	0	0
CNPY2|chr12:57384724-57385783:.	chr12	56990940	56991999	CNPY2	chr12	56316598	0.0	0.0	0	0
CS|chr12:57382003-57382503:.	chr12	56988219	56988719	CS	chr12	56300641	0.0	0.0	0	0
CS|chr12:57384724-57385783:.	chr12	56990940	56991999	CS	chr12	56300641	0.0	0.0	0	0
NABP2|chr12:57382003-57382503:.	chr12	56988219	56988719	NABP2	chr12	56224090	0.0	0.0	0	0
NABP2|chr12:57384724-57385783:.	chr12	56990940	56991999	NABP2	chr12	56224090	0.0	0.0	0	0
TSFM|chr12:57382003-57382503:.	chr12	56988219	56988719	TSFM	chr12	57782494	0.0	0.0	0	0
TSFM|chr12:57384724-57385783:.	chr12	56990940	56991999	TSFM	chr12	57782494	0.0	0.0	0	0
RAB21|chr12:72146642-72147142:.	chr12	71752862	71753362	RAB21	chr12	71754612	126.7002182006836	9697.998099625664	1	1
OSBPL8|chr12:76577046-76577707:.	chr12	76183266	76183927	OSBPL8	chr12	76560059	0.0	0.0	0	0
NAP1L1|chr12:76600359-76601115:.	chr12	76206579	76207335	NAP1L1	chr12	76085283	0.0	0.0	1	0
NUDT4|chr12:92772802-92773302:.	chr12	92379026	92379526	NUDT4	chr12	93378299	0.0	0.0	0	0
NUDT4|chr12:92788195-92789048:.	chr12	92394419	92395272	NUDT4	chr12	93378299	0.0	0.0	0	0
NUDT4|chr12:94018683-94019353:.	chr12	93624907	93625577	NUDT4	chr12	93378299	0.0	0.0	0	0
MRPL42|chr12:93696320-93697035:.	chr12	93302544	93303259	MRPL42	chr12	93467239	0.0	0.0	1	0
UBE2N|chr12:93622953-93623662:.	chr12	93229177	93229886	UBE2N	chr12	93442500	0.0	0.0	0	0
NDUFA12|chr12:94494033-94494533:.	chr12	94100257	94100757	NDUFA12	chr12	95003963	0.0	0.0	0	0
SLC25A3|chr12:98793252-98793752:.	chr12	98399474	98399974	SLC25A3	chr12	98593374	0.0	0.0	1	0
NUP37|chr12:102248988-102250129:.	chr12	101855210	101856351	NUP37	chr12	102120381	0.0	0.0	0	0
PWP1|chr12:108484184-108484684:.	chr12	108090407	108090907	PWP1	chr12	107685481	0.0	0.0	0	0
ISCU|chr12:108511026-108511668:.	chr12	108117249	108117891	ISCU	chr12	108561212	0.0	0.0	0	0
ARPC3|chr12:110531626-110532191:.	chr12	110093821	110094386	ARPC3	chr12	110450661	0.0	0.0	0	0
ARPC3|chr12:110537931-110538708:.	chr12	110100126	110100903	ARPC3	chr12	110450661	0.0	0.0	0	0
ARPC3|chr12:110556056-110556556:.	chr12	110118251	110118751	ARPC3	chr12	110450661	0.0	0.0	0	0
ARPC3|chr12:110791874-110792374:.	chr12	110354069	110354569	ARPC3	chr12	110450661	4.0699639320373535	850.711165223678	1	0
PPP1CC|chr12:110537931-110538708:.	chr12	110100126	110100903	PPP1CC	chr12	110743228	0.0	0.0	0	0
PPP1CC|chr12:112073269-112074021:.	chr12	111635465	111636217	PPP1CC	chr12	110743228	0.0	0.0	0	0
VPS29|chr12:110537931-110538708:.	chr12	110100126	110100903	VPS29	chr12	110502390	0.0	0.0	0	0
VPS29|chr12:111197909-111198409:.	chr12	110760104	110760604	VPS29	chr12	110502390	0.0	0.0	0	0
MMAB|chr12:110707332-110708749:.	chr12	110269527	110270944	MMAB	chr12	109573803	0.0	0.0	0	0
ERP29|chr12:112073269-112074021:.	chr12	111635465	111636217	ERP29	chr12	112013097	0.0	0.0	0	0
ERP29|chr12:112074233-112074876:.	chr12	111636429	111637072	ERP29	chr12	112013097	0.0	0.0	0	0
RPL6|chr12:112073269-112074021:.	chr12	111635465	111636217	RPL6	chr12	112409891	0.0	0.0	0	0
RPL6|chr12:112552582-112553549:.	chr12	112114778	112115745	RPL6	chr12	112409891	0.0	0.0	0	0
DDX54|chr12:112824482-112825578:.	chr12	112386678	112387774	DDX54	chr12	113185729	0.0	0.0	0	0
TESC|chr12:116798604-116799104:.	chr12	116360799	116361299	TESC	chr12	117099696	0.0	0.0	0	0
PEBP1|chr12:119063024-119063646:.	chr12	118625219	118625841	PEBP1	chr12	118135633	0.0	0.0	0	0
POP5|chr12:120339779-120340279:.	chr12	119901975	119902475	POP5	chr12	120581644	0.0	0.0	0	0
POP5|chr12:121063376-121064037:.	chr12	120625573	120626234	POP5	chr12	120581644	22.639673233032227	2269.7125647301536	1	0
RPLP0|chr12:120339779-120340279:.	chr12	119901975	119902475	RPLP0	chr12	120201461	0.0	0.0	0	0
RPLP0|chr12:121063376-121064037:.	chr12	120625573	120626234	RPLP0	chr12	120201461	0.0	0.0	0	0
SRSF9|chr12:120339779-120340279:.	chr12	119901975	119902475	SRSF9	chr12	120470005	0.0	0.0	0	0
SRSF9|chr12:121063376-121064037:.	chr12	120625573	120626234	SRSF9	chr12	120470005	0.0	0.0	1	0
TRIAP1|chr12:121063376-121064037:.	chr12	120625573	120626234	TRIAP1	chr12	120446662	0.0	0.0	1	0
COX6A1|chr12:121063376-121064037:.	chr12	120625573	120626234	COX6A1	chr12	120437839	0.0	0.0	1	0
COX6A1|chr12:121639724-121641276:.	chr12	121201921	121203473	COX6A1	chr12	120437839	0.0	0.0	0	0
DYNLL1|chr12:121063376-121064037:.	chr12	120625573	120626234	DYNLL1	chr12	120495805	0.0	0.0	1	0
ANAPC5|chr12:121639724-121641276:.	chr12	121201921	121203473	ANAPC5	chr12	121352712	0.0	0.0	1	0
RSRC2|chr12:122062446-122062946:.	chr12	121624541	121625041	RSRC2	chr12	122527263	0.0	0.0	0	0
TMED2|chr12:125058292-125058792:.	chr12	124573746	124574246	TMED2	chr12	123584278	0.0	0.0	0	0
UBC|chr12:125369112-125369855:.	chr12	124884566	124885309	UBC	chr12	124915291	10.453015327453612	9946.668808326684	1	0
UBC|chr12:125371635-125372135:.	chr12	124887089	124887589	UBC	chr12	124915291	4.746353149414063	4516.438687369702	1	0
UBC|chr12:125405589-125407049:.	chr12	124921043	124922503	UBC	chr12	124915291	9.625244140625	9158.995052330629	1	0
SCARB1|chr12:125371635-125372135:.	chr12	124887089	124887589	SCARB1	chr12	124864223	65.05099487304688	4113.243431197217	1	1
NOC4L|chr12:131715574-131716555:.	chr12	131231029	131232010	NOC4L	chr12	132144176	0.0	0.0	0	0
RAN|chr12:131715574-131716555:.	chr12	131231029	131232010	RAN	chr12	130871743	0.0	0.0	0	0
RAN|chr12:131724145-131724645:.	chr12	131239600	131240100	RAN	chr12	130871743	0.0	0.0	0	0
RAN|chr12:131727403-131727903:.	chr12	131242858	131243358	RAN	chr12	130871743	0.0	0.0	0	0
SAP18|chr13:21817141-21817641:.	chr13	21243002	21243502	SAP18	chr13	21140263	0.0	0.0	1	0
POLR1D|chr13:29185300-29186194:.	chr13	28611163	28612057	POLR1D	chr13	27621528	0.0	0.0	0	0
EBPL|chr13:50420653-50421153:.	chr13	49846517	49847017	EBPL	chr13	49691737	0.0	0.0	1	0
COMMD6|chr13:75493972-75495564:.	chr13	74919835	74921427	COMMD6	chr13	75538122	0.0	0.0	0	0
NDFIP2|chr13:80933443-80934223:.	chr13	80359308	80360088	NDFIP2	chr13	79480873	0.0	0.0	0	0
APEX1|chr14:20950315-20951023:.	chr14	20482156	20482864	APEX1	chr14	20454880	64.45652770996094	5302.895108472042	1	0
APEX1|chr14:20958468-20959450:.	chr14	20490309	20491291	APEX1	chr14	20454880	32.660736083984375	2687.027424098921	1	0
CCNB1IP1|chr14:21047085-21047585:.	chr14	20578926	20579426	CCNB1IP1	chr14	20333562	0.0	0.0	0	0
HNRNPC|chr14:20950315-20951023:.	chr14	20482156	20482864	HNRNPC	chr14	21269729	0.0	0.0	0	0
HNRNPC|chr14:20958468-20959450:.	chr14	20490309	20491291	HNRNPC	chr14	21269729	0.0	0.0	0	0
HNRNPC|chr14:21047085-21047585:.	chr14	20578926	20579426	HNRNPC	chr14	21269729	0.0	0.0	0	0
SUPT16H|chr14:20950315-20951023:.	chr14	20482156	20482864	SUPT16H	chr14	21384516	0.0	0.0	0	0
SUPT16H|chr14:21288590-21289250:.	chr14	20820431	20821091	SUPT16H	chr14	21384516	0.0	0.0	0	0
METTL17|chr14:20958468-20959450:.	chr14	20490309	20491291	METTL17	chr14	20989555	0.0	0.0	0	0
RNASE1|chr14:21288590-21289250:.	chr14	20820431	20821091	RNASE1	chr14	20803127	1.959460735321045	3111.2688822315336	1	1
DAD1|chr14:22806319-22806819:.	chr14	22337893	22338393	DAD1	chr14	22589487	0.0	0.0	0	0
DAD1|chr14:23169289-23169789:.	chr14	22700080	22700580	DAD1	chr14	22589487	0.0	0.0	1	0
DAD1|chr14:23922922-23923422:.	chr14	23453713	23454213	DAD1	chr14	22589487	0.0	0.0	0	0
PSMB5|chr14:22806319-22806819:.	chr14	22337893	22338393	PSMB5	chr14	23035395	0.0	0.0	0	0
PSMB5|chr14:23029654-23030261:.	chr14	22560754	22561361	PSMB5	chr14	23035395	0.0	0.0	0	0
PSMB5|chr14:23140784-23141284:.	chr14	22671575	22672075	PSMB5	chr14	23035395	0.0	0.0	0	0
PSMB5|chr14:23169289-23169789:.	chr14	22700080	22700580	PSMB5	chr14	23035395	0.0	0.0	0	0
PSMB5|chr14:23334439-23335312:.	chr14	22865230	22866103	PSMB5	chr14	23035395	0.0	0.0	1	0
PSMB5|chr14:23923625-23924125:.	chr14	23454416	23454916	PSMB5	chr14	23035395	0.0	0.0	0	0
C14orf119|chr14:23029654-23030261:.	chr14	22560754	22561361	C14orf119	chr14	23095223	0.0	0.0	0	0
C14orf119|chr14:23083085-23083585:.	chr14	22614179	22614681	C14orf119	chr14	23095223	0.0	0.0	0	0
C14orf119|chr14:23169289-23169789:.	chr14	22700080	22700580	C14orf119	chr14	23095223	0.0	0.0	0	0
HOMEZ|chr14:23029654-23030261:.	chr14	22560754	22561361	HOMEZ	chr14	23286350	0.0	0.0	0	0
MRPL52|chr14:23083085-23083585:.	chr14	22614179	22614681	MRPL52	chr14	22829632	0.0	0.0	0	0
MRPL52|chr14:23922922-23923422:.	chr14	23453713	23454213	MRPL52	chr14	22829632	0.0	0.0	0	0
MRPL52|chr14:23923625-23924125:.	chr14	23454416	23454916	MRPL52	chr14	22829632	0.0	0.0	0	0
MRPL52|chr14:24163800-24164300:.	chr14	23694591	23695091	MRPL52	chr14	22829632	0.0	0.0	0	0
PABPN1|chr14:23029654-23030261:.	chr14	22560754	22561361	PABPN1	chr14	23319937	0.0	0.0	0	0
ACIN1|chr14:23169289-23169789:.	chr14	22700080	22700580	ACIN1	chr14	23095864	0.0	0.0	0	0
NEDD8|chr14:23907128-23907747:.	chr14	23437919	23438538	NEDD8	chr14	24232620	0.0	0.0	0	0
NEDD8|chr14:23923625-23924125:.	chr14	23454416	23454916	NEDD8	chr14	24232620	0.0	0.0	0	0
NEDD8|chr14:24163800-24164300:.	chr14	23694591	23695091	NEDD8	chr14	24232620	0.0	0.0	0	0
PSME1|chr14:23907128-23907747:.	chr14	23437919	23438538	PSME1	chr14	24135907	0.0	0.0	0	0
PSME1|chr14:23923625-23924125:.	chr14	23454416	23454916	PSME1	chr14	24135907	0.0	0.0	0	0
PSME1|chr14:24743436-24743936:.	chr14	24274230	24274730	PSME1	chr14	24135907	0.0	0.0	1	0
PSME2|chr14:23907128-23907747:.	chr14	23437919	23438538	PSME2	chr14	24146896	0.0	0.0	0	0
PSME2|chr14:23922922-23923422:.	chr14	23453713	23454213	PSME2	chr14	24146896	0.0	0.0	0	0
NGDN|chr14:24163800-24164300:.	chr14	23694591	23695091	NGDN	chr14	23469438	0.0	0.0	0	0
EAPP|chr14:34280870-34282324:.	chr14	33811664	33813118	EAPP	chr14	34539987	0.0	0.0	0	0
SNX6|chr14:34280870-34282324:.	chr14	33811664	33813118	SNX6	chr14	34630433	0.0	0.0	0	0
SNX6|chr14:35834644-35835262:.	chr14	35365438	35366056	SNX6	chr14	34630433	0.0	0.0	0	0
SPTSSA|chr14:34280870-34282324:.	chr14	33811664	33813118	SPTSSA	chr14	34462512	0.0	0.0	0	0
SPTSSA|chr14:34384284-34384784:.	chr14	33915078	33915578	SPTSSA	chr14	34462512	0.0	0.0	0	0
SPTSSA|chr14:35834644-35835262:.	chr14	35365438	35366056	SPTSSA	chr14	34462512	0.0	0.0	0	0
BAZ1A|chr14:35828806-35829306:.	chr14	35359600	35360100	BAZ1A	chr14	34875897	0.0	0.0	0	0
BAZ1A|chr14:35845613-35846252:.	chr14	35376407	35377046	BAZ1A	chr14	34875897	0.0	0.0	0	0
RPL36AL|chr14:50324993-50325584:.	chr14	49858275	49858866	RPL36AL	chr14	49620935	0.0	0.0	0	0
RPS29|chr14:50324993-50325584:.	chr14	49858275	49858866	RPS29	chr14	49586666	0.0	0.0	0	0
MAX|chr14:65573869-65574369:.	chr14	65107151	65107651	MAX	chr14	65102794	117.35389709472656	9319.286499613754	1	0
EIF2S1|chr14:67882725-67883225:.	chr14	67416008	67416508	EIF2S1	chr14	67360066	119.11639404296876	3558.3136677082284	1	0
PIGH|chr14:67882725-67883225:.	chr14	67416008	67416508	PIGH	chr14	67600550	0.0	0.0	1	0
PIGH|chr14:67885571-67886071:.	chr14	67418854	67419354	PIGH	chr14	67600550	0.0	0.0	1	0
VTI1B|chr14:67882725-67883225:.	chr14	67416008	67416508	VTI1B	chr14	67675135	0.0	0.0	0	0
VTI1B|chr14:67885571-67886071:.	chr14	67418854	67419354	VTI1B	chr14	67675135	0.0	0.0	0	0
ERH|chr14:69214219-69216713:.	chr14	68747502	68749996	ERH	chr14	69398554	0.0	0.0	0	0
ERH|chr14:69224159-69224922:.	chr14	68757442	68758205	ERH	chr14	69398554	0.0	0.0	0	0
ERH|chr14:69229410-69230439:.	chr14	68762693	68763722	ERH	chr14	69398554	0.0	0.0	0	0
ERH|chr14:69281163-69282031:.	chr14	68814446	68815314	ERH	chr14	69398554	0.0	0.0	0	0
ERH|chr14:69282801-69283732:.	chr14	68816084	68817015	ERH	chr14	69398554	0.0	0.0	0	0
SRSF5|chr14:69224159-69224922:.	chr14	68757442	68758205	SRSF5	chr14	69766836	0.0	0.0	0	0
SRSF5|chr14:69229410-69230439:.	chr14	68762693	68763722	SRSF5	chr14	69766836	0.0	0.0	0	0
SRSF5|chr14:69281163-69282031:.	chr14	68814446	68815314	SRSF5	chr14	69766836	0.0	0.0	0	0
SRSF5|chr14:69282801-69283732:.	chr14	68816084	68817015	SRSF5	chr14	69766836	0.0	0.0	0	0
ZFP36L1|chr14:69224159-69224922:.	chr14	68757442	68758205	ZFP36L1	chr14	68794164	6.544271469116211	3805.7750729902	1	0
RBM25|chr14:73374124-73375080:.	chr14	72907416	72908372	RBM25	chr14	73058262	0.0	0.0	1	0
RBM25|chr14:73391012-73391512:.	chr14	72924304	72924804	RBM25	chr14	73058262	0.0	0.0	1	0
ACYP1|chr14:75393795-75394443:.	chr14	74927092	74927740	ACYP1	chr14	75064299	0.0	0.0	1	0
C14orf1|chr14:75696347-75696947:.	chr14	75229644	75230244	C14orf1	chr14	75661445	0.0	0.0	0	0
NPC2|chr14:75696347-75696947:.	chr14	75229644	75230244	NPC2	chr14	74493631	0.0	0.0	0	0
NPC2|chr14:75768453-75768953:.	chr14	75301750	75302250	NPC2	chr14	74493631	0.0	0.0	0	0
SLIRP|chr14:77346650-77347150:.	chr14	76880307	76880807	SLIRP	chr14	77707820	0.0	0.0	0	0
SNW1|chr14:77422598-77423397:.	chr14	76956255	76957054	SNW1	chr14	77761404	0.0	0.0	0	0
GPR68|chr14:91733706-91734206:.	chr14	91267362	91267862	GPR68	chr14	91254130	0.3077605962753296	5621.499968321227	1	1
PAPOLA|chr14:95973492-95973992:.	chr14	95507155	95507655	PAPOLA	chr14	96502125	0.0	0.0	0	0
PAPOLA|chr14:97047370-97047870:.	chr14	96581033	96581533	PAPOLA	chr14	96502125	40.4410400390625	2989.6818286669463	1	0
VRK1|chr14:97047370-97047870:.	chr14	96581033	96581533	VRK1	chr14	96797096	0.0	0.0	0	0
WARS|chr14:101149854-101151004:.	chr14	100683517	100684667	WARS	chr14	100375840	0.0	0.0	0	0
WARS|chr14:101826637-101827221:.	chr14	101360300	101360884	WARS	chr14	100375840	0.0	0.0	0	0
YY1|chr14:101149854-101151004:.	chr14	100683517	100684667	YY1	chr14	100238514	0.0	0.0	0	0
YY1|chr14:101221516-101222480:.	chr14	100755179	100756143	YY1	chr14	100238514	0.0	0.0	0	0
DLK1|chr14:101236777-101237277:.	chr14	100770440	100770940	DLK1	chr14	100726614	0.4857712984085083	4140.09819390944	1	1
MEG3|chr14:101236777-101237277:.	chr14	100770440	100770940	MEG3	chr14	100825857	1.803119659423828	3085.9227609771287	1	1
MARK3|chr14:103037218-103037859:.	chr14	102570881	102571522	MARK3	chr14	103385113	0.0	0.0	0	0
APOPT1|chr14:103056869-103057369:.	chr14	102590532	102591032	APOPT1	chr14	103562706	0.0	0.0	0	0
APOPT1|chr14:103581434-103581934:.	chr14	103115097	103115597	APOPT1	chr14	103562706	0.0	0.0	0	0
APOPT1|chr14:103780826-103781326:.	chr14	103314489	103314989	APOPT1	chr14	103562706	0.0	0.0	0	0
APOPT1|chr14:103844370-103844870:.	chr14	103378033	103378533	APOPT1	chr14	103562706	0.0	0.0	1	0
C14orf2|chr14:103581434-103581934:.	chr14	103115097	103115597	C14orf2	chr14	103921816	0.0	0.0	0	0
C14orf2|chr14:103585303-103585803:.	chr14	103118966	103119466	C14orf2	chr14	103921816	0.0	0.0	0	0
C14orf2|chr14:103671168-103671988:.	chr14	103204831	103205651	C14orf2	chr14	103921816	0.0	0.0	0	0
C14orf2|chr14:103775506-103776006:.	chr14	103309169	103309669	C14orf2	chr14	103921816	0.0	0.0	0	0
C14orf2|chr14:103779896-103780396:.	chr14	103313559	103314059	C14orf2	chr14	103921816	0.0	0.0	0	0
C14orf2|chr14:103780826-103781326:.	chr14	103314489	103314989	C14orf2	chr14	103921816	0.0	0.0	0	0
C14orf2|chr14:103781537-103782037:.	chr14	103315200	103315700	C14orf2	chr14	103921816	0.0	0.0	0	0
C14orf2|chr14:103826814-103827314:.	chr14	103360477	103360977	C14orf2	chr14	103921816	0.0	0.0	0	0
C14orf2|chr14:103844370-103844870:.	chr14	103378033	103378533	C14orf2	chr14	103921816	0.0	0.0	0	0
HSP90AA1|chr14:103581434-103581934:.	chr14	103115097	103115597	HSP90AA1	chr14	102087425	0.0	0.0	0	0
HSP90AA1|chr14:103582810-103583420:.	chr14	103116473	103117083	HSP90AA1	chr14	102087425	0.0	0.0	0	0
CKB|chr14:103582810-103583420:.	chr14	103116473	103117083	CKB	chr14	103523109	0.0	0.0	0	0
CKB|chr14:103779896-103780396:.	chr14	103313559	103314059	CKB	chr14	103523109	0.0	0.0	0	0
CKB|chr14:103780826-103781326:.	chr14	103314489	103314989	CKB	chr14	103523109	0.0	0.0	0	0
CKB|chr14:103826814-103827314:.	chr14	103360477	103360977	CKB	chr14	103523109	0.0	0.0	1	0
EIF5|chr14:103826814-103827314:.	chr14	103360477	103360977	EIF5	chr14	103333751	64.41190338134766	3231.036043102062	1	0
EIF5|chr14:103838872-103839372:.	chr14	103372535	103373035	EIF5	chr14	103333751	37.92960739135742	1902.6285849157923	1	0
CINP|chr14:103780826-103781326:.	chr14	103314489	103314989	CINP	chr14	102363166	0.0	0.0	0	0
ZFYVE21|chr14:103826814-103827314:.	chr14	103360477	103360977	ZFYVE21	chr14	103715493	0.0	0.0	0	0
EMC7|chr15:34372062-34372562:.	chr15	34079861	34080361	EMC7	chr15	34102102	114.51663208007812	6716.571610963199	1	0
EMC4|chr15:35000482-35000982:.	chr15	34708281	34708781	EMC4	chr15	34224746	0.0	0.0	0	0
GCHFR|chr15:40372887-40373387:.	chr15	40080686	40081186	GCHFR	chr15	40763836	0.0	0.0	0	0
SERF2|chr15:43522733-43523233:.	chr15	43230535	43231035	SERF2	chr15	43791725	0.0	0.0	0	0
B2M|chr15:45084720-45085415:.	chr15	44792522	44793217	B2M	chr15	44711236	9.056878089904783	718.7305198102968	1	0
B2M|chr15:45112731-45113558:.	chr15	44820533	44821360	B2M	chr15	44711236	0.0	0.0	1	0
PDIA3|chr15:45018752-45019665:.	chr15	44726554	44727467	PDIA3	chr15	43746141	0.0	0.0	0	0
EIF3J|chr15:45112731-45113558:.	chr15	44820533	44821360	EIF3J	chr15	44536817	0.0	0.0	0	0
SORD|chr15:45076168-45077321:.	chr15	44783970	44785123	SORD	chr15	45022853	0.0	0.0	0	0
COPS2|chr15:48988254-48988754:.	chr15	48696057	48696557	COPS2	chr15	49155907	0.0	0.0	0	0
SCG3|chr15:51944318-51944818:.	chr15	51652121	51652621	SCG3	chr15	51681102	145.27223205566406	11914.252402192617	1	1
ZNF280D|chr15:57621721-57622657:.	chr15	57329523	57330459	ZNF280D	chr15	56734336	0.0	0.0	0	0
SLTM|chr15:58243218-58244060:.	chr15	57951020	57951862	SLTM	chr15	58933926	0.0	0.0	0	0
RPS27L|chr15:64134039-64134753:.	chr15	63841840	63842554	RPS27L	chr15	63157792	0.0	0.0	0	0
RPS27L|chr15:64184821-64185321:.	chr15	63892622	63893122	RPS27L	chr15	63157792	0.0	0.0	0	0
SPG21|chr15:65481432-65481932:.	chr15	65189094	65189594	SPG21	chr15	64990196	0.0	0.0	0	0
RPL4|chr15:67186657-67187157:.	chr15	66894319	66894819	RPL4	chr15	66505105	0.0	0.0	0	0
CLN6|chr15:68175210-68176175:.	chr15	67882872	67883837	CLN6	chr15	68229992	0.0	0.0	0	0
ANP32A|chr15:68176781-68177502:.	chr15	67884443	67885164	ANP32A	chr15	68821172	0.0	0.0	0	0
PKM|chr15:72529707-72530207:.	chr15	72237366	72237866	PKM	chr15	72231874	4.086860179901123	15331.627119479304	1	1
COX5A|chr15:74684752-74685252:.	chr15	74392412	74392912	COX5A	chr15	74938404	0.0	0.0	0	0
COX5A|chr15:75052461-75053131:.	chr15	74760120	74760790	COX5A	chr15	74938404	0.0	0.0	1	0
COX5A|chr15:75417148-75418075:.	chr15	75124807	75125734	COX5A	chr15	74938404	0.0	0.0	1	0
COX5A|chr15:75459815-75460518:.	chr15	75167474	75168177	COX5A	chr15	74938404	0.0	0.0	0	0
COX5A|chr15:76123754-76124937:.	chr15	75831413	75832596	COX5A	chr15	74938404	0.0	0.0	0	0
COX5A|chr15:76194388-76195005:.	chr15	75902047	75902664	COX5A	chr15	74938404	0.0	0.0	0	0
IMP3|chr15:75052461-75053131:.	chr15	74760120	74760790	IMP3	chr15	75640573	0.0	0.0	0	0
IMP3|chr15:75459815-75460518:.	chr15	75167474	75168177	IMP3	chr15	75640573	0.0	0.0	0	0
PSMA4|chr15:78600679-78601179:.	chr15	78308337	78308837	PSMA4	chr15	78540154	0.0	0.0	0	0
PSMA4|chr15:79471148-79471828:.	chr15	79178806	79179486	PSMA4	chr15	78540154	0.0	0.0	0	0
CTSH|chr15:79471148-79471828:.	chr15	79178806	79179486	CTSH	chr15	78945348	0.0	0.0	0	0
TMED3|chr15:79471148-79471828:.	chr15	79178806	79179486	TMED3	chr15	79310811	0.0	0.0	1	0
ZFAND6|chr15:79471148-79471828:.	chr15	79178806	79179486	ZFAND6	chr15	80059317	0.0	0.0	0	0
SEC11A|chr15:85491605-85492105:.	chr15	84948374	84948874	SEC11A	chr15	84716710	0.0	0.0	0	0
SEC11A|chr15:85492796-85494509:.	chr15	84949565	84951278	SEC11A	chr15	84716710	0.0	0.0	0	0
SEC11A|chr15:85503733-85504707:.	chr15	84960502	84961476	SEC11A	chr15	84716710	0.0	0.0	0	0
SEC11A|chr15:85731234-85731734:.	chr15	85188003	85188503	SEC11A	chr15	84716710	0.0	0.0	0	0
IDH2|chr15:89769797-89770297:.	chr15	89226566	89227066	IDH2	chr15	90102804	0.0	0.0	0	0
IDH2|chr15:91377801-91378301:.	chr15	90834571	90835071	IDH2	chr15	90102804	0.0	0.0	0	0
CIB1|chr15:91377801-91378301:.	chr15	90834571	90835071	CIB1	chr15	90234297	0.0	0.0	0	0
CIB1|chr15:91402392-91403505:.	chr15	90859162	90860275	CIB1	chr15	90234297	0.0	0.0	0	0
FAM173A|chr16:192951-193451:.	chr16	142952	143452	FAM173A	chr16	720891	0.0	0.0	0	0
HBQ1|chr16:192951-193451:.	chr16	142952	143452	HBQ1	chr16	180083	145.21954345703125	16083.088937238024	1	0
HBQ1|chr16:194735-195235:.	chr16	144736	145236	HBQ1	chr16	180083	30.41266632080078	3368.20792582033	1	0
HBZ|chr16:192951-193451:.	chr16	142952	143452	HBZ	chr16	152604	638.3269653320312	34676.64031559999	1	1
HBZ|chr16:194735-195235:.	chr16	144736	145236	HBZ	chr16	152604	115.03990173339844	6249.457583663272	1	1
MCRIP2|chr16:192951-193451:.	chr16	142952	143452	MCRIP2	chr16	641553	0.0	0.0	0	0
MCRIP2|chr16:194735-195235:.	chr16	144736	145236	MCRIP2	chr16	641553	0.0	0.0	0	0
METTL26|chr16:192951-193451:.	chr16	142952	143452	METTL26	chr16	636616	0.0	0.0	0	0
MPG|chr16:192951-193451:.	chr16	142952	143452	MPG	chr16	77919	26.369808197021484	2010.93278404064	1	0
MRPL28|chr16:192951-193451:.	chr16	142952	143452	MRPL28	chr16	370819	0.0	0.0	0	0
MRPL28|chr16:194735-195235:.	chr16	144736	145236	MRPL28	chr16	370819	0.0	0.0	0	0
NME4|chr16:192951-193451:.	chr16	142952	143452	NME4	chr16	396941	0.0	0.0	0	0
NME4|chr16:194735-195235:.	chr16	144736	145236	NME4	chr16	396941	0.0	0.0	0	0
HBA1|chr16:194735-195235:.	chr16	144736	145236	HBA1	chr16	176400	35.14131164550781	3093.729709717555	1	0
POLR3K|chr16:194735-195235:.	chr16	144736	145236	POLR3K	chr16	53882	31.4744930267334	1433.4750832719	1	0
SNRNP25|chr16:194735-195235:.	chr16	144736	145236	SNRNP25	chr16	53578	25.029865264892575	1184.6105773692414	1	0
ELOB|chr16:1973419-1973919:.	chr16	1923418	1923918	ELOB	chr16	2777546	0.0	0.0	0	0
ELOB|chr16:2072547-2073905:.	chr16	2022546	2023904	ELOB	chr16	2777546	0.0	0.0	0	0
MRPS34|chr16:2729824-2730324:.	chr16	2679823	2680323	MRPS34	chr16	1773389	0.0	0.0	0	0
NDUFB10|chr16:1973419-1973919:.	chr16	1923418	1923918	NDUFB10	chr16	1959265	46.28293228149414	3090.48175515726	1	0
PRSS21|chr16:1973419-1973919:.	chr16	1923418	1923918	PRSS21	chr16	2816912	0.0	0.0	0	0
PRSS21|chr16:3201958-3203232:.	chr16	3151957	3153231	PRSS21	chr16	2816912	0.0	0.0	0	0
RNPS1|chr16:1973419-1973919:.	chr16	1923418	1923918	RNPS1	chr16	2268662	0.0	0.0	0	0
RNPS1|chr16:3201958-3203232:.	chr16	3151957	3153231	RNPS1	chr16	2268662	0.0	0.0	0	0
RPS2|chr16:1973419-1973919:.	chr16	1923418	1923918	RPS2	chr16	1965076	39.385231018066406	1921.266689155289	1	0
RPS2|chr16:2729824-2730324:.	chr16	2679823	2680323	RPS2	chr16	1965076	0.0	0.0	0	0
TSR3|chr16:1973419-1973919:.	chr16	1923418	1923918	TSR3	chr16	1352122	0.0	0.0	0	0
HAGH|chr16:2072547-2073905:.	chr16	2022546	2023904	HAGH	chr16	1827444	0.0	0.0	1	0
MSRB1|chr16:2072547-2073905:.	chr16	2022546	2023904	MSRB1	chr16	1943576	6.577982902526856	1116.1762120426638	1	0
MSRB1|chr16:2729824-2730324:.	chr16	2679823	2680323	MSRB1	chr16	1943576	0.0	0.0	0	0
NME3|chr16:2072547-2073905:.	chr16	2022546	2023904	NME3	chr16	1771959	0.0	0.0	0	0
PGP|chr16:2072547-2073905:.	chr16	2022546	2023904	PGP	chr16	2215071	0.0	0.0	1	0
SRRM2|chr16:2072547-2073905:.	chr16	2022546	2023904	SRRM2	chr16	2752078	0.0	0.0	0	0
SRRM2|chr16:3201958-3203232:.	chr16	3151957	3153231	SRRM2	chr16	2752078	0.0	0.0	0	0
UBE2I|chr16:2072547-2073905:.	chr16	2022546	2023904	UBE2I	chr16	1309376	0.0	0.0	0	0
ECI1|chr16:2729824-2730324:.	chr16	2679823	2680323	ECI1	chr16	2251851	0.0	0.0	0	0
ECI1|chr16:3201958-3203232:.	chr16	3151957	3153231	ECI1	chr16	2251851	0.0	0.0	0	0
MLST8|chr16:2729824-2730324:.	chr16	2679823	2680323	MLST8	chr16	2204926	0.0	0.0	0	0
MLST8|chr16:3201958-3203232:.	chr16	3151957	3153231	MLST8	chr16	2204926	0.0	0.0	0	0
FLYWCH2|chr16:3201958-3203232:.	chr16	3151957	3153231	FLYWCH2	chr16	2882944	0.0	0.0	0	0
CARHSP1|chr16:8137885-8138385:.	chr16	8087883	8088383	CARHSP1	chr16	8862060	0.0	0.0	0	0
CARHSP1|chr16:8158833-8159333:.	chr16	8108831	8109331	CARHSP1	chr16	8862060	0.0	0.0	0	0
CARHSP1|chr16:8159893-8161278:.	chr16	8109891	8111276	CARHSP1	chr16	8862060	0.0	0.0	0	0
CARHSP1|chr16:9085540-9086260:.	chr16	8991683	8992403	CARHSP1	chr16	8862060	0.0	0.0	1	0
CARHSP1|chr16:9141581-9142081:.	chr16	9047724	9048224	CARHSP1	chr16	8862060	0.0	0.0	1	0
CARHSP1|chr16:9221331-9221831:.	chr16	9127474	9127974	CARHSP1	chr16	8862060	0.0	0.0	0	0
DEXI|chr16:10416884-10417384:.	chr16	10323027	10323527	DEXI	chr16	10942650	0.0	0.0	0	0
DEXI|chr16:10594816-10595413:.	chr16	10500959	10501556	DEXI	chr16	10942650	0.0	0.0	0	0
NUBP1|chr16:10594816-10595413:.	chr16	10500959	10501556	NUBP1	chr16	10743535	0.0	0.0	0	0
RMI2|chr16:10594816-10595413:.	chr16	10500959	10501556	RMI2	chr16	11345187	0.0	0.0	0	0
RSL1D1|chr16:11324968-11325468:.	chr16	11231111	11231611	RSL1D1	chr16	11851835	0.0	0.0	0	0
RSL1D1|chr16:11326895-11327395:.	chr16	11233038	11233538	RSL1D1	chr16	11851835	0.0	0.0	0	0
RSL1D1|chr16:11327863-11328363:.	chr16	11234006	11234506	RSL1D1	chr16	11851835	0.0	0.0	0	0
RSL1D1|chr16:11331982-11332848:.	chr16	11238125	11238991	RSL1D1	chr16	11851835	0.0	0.0	0	0
SOCS1|chr16:11324968-11325468:.	chr16	11231111	11231611	SOCS1	chr16	11256432	22.54330825805664	4286.895699545294	1	1
SOCS1|chr16:11326895-11327395:.	chr16	11233038	11233538	SOCS1	chr16	11256432	122.44650268554688	23284.75394020464	1	1
GSPT1|chr16:11326895-11327395:.	chr16	11233038	11233538	GSPT1	chr16	11916218	0.0	0.0	0	0
GSPT1|chr16:11327863-11328363:.	chr16	11234006	11234506	GSPT1	chr16	11916218	0.0	0.0	0	0
KNOP1|chr16:18957228-18957944:.	chr16	18945906	18946622	KNOP1	chr16	19718420	0.0	0.0	0	0
RPS15A|chr16:18957228-18957944:.	chr16	18945906	18946622	RPS15A	chr16	18790584	0.0	0.0	1	0
NDUFAB1|chr16:23286257-23286757:.	chr16	23274936	23275436	NDUFAB1	chr16	23596568	0.0	0.0	0	0
NDUFAB1|chr16:23738996-23739496:.	chr16	23727675	23728175	NDUFAB1	chr16	23596568	0.0	0.0	1	0
NDUFAB1|chr16:23796046-23796546:.	chr16	23784725	23785225	NDUFAB1	chr16	23596568	0.0	0.0	1	0
NDUFAB1|chr16:23814757-23815656:.	chr16	23803436	23804335	NDUFAB1	chr16	23596568	0.0	0.0	0	0
NDUFAB1|chr16:23832970-23833701:.	chr16	23821649	23822380	NDUFAB1	chr16	23596568	0.0	0.0	0	0
NDUFAB1|chr16:24474266-24475147:.	chr16	24462945	24463826	NDUFAB1	chr16	23596568	0.0	0.0	0	0
PRKCB|chr16:23286257-23286757:.	chr16	23274936	23275436	PRKCB	chr16	23835728	0.0	0.0	0	0
PLK1|chr16:23796046-23796546:.	chr16	23784725	23785225	PLK1	chr16	23678521	0.0	0.0	1	0
RBBP6|chr16:23796046-23796546:.	chr16	23784725	23785225	RBBP6	chr16	24539336	0.0	0.0	0	0
UBFD1|chr16:23796046-23796546:.	chr16	23784725	23785225	UBFD1	chr16	23557290	0.0	0.0	0	0
UBFD1|chr16:23832970-23833701:.	chr16	23821649	23822380	UBFD1	chr16	23557290	0.0	0.0	0	0
TUFM|chr16:28081848-28082348:.	chr16	28070527	28071027	TUFM	chr16	28846658	0.0	0.0	0	0
TUFM|chr16:29031975-29032475:.	chr16	29020654	29021154	TUFM	chr16	28846658	0.0	0.0	1	0
TUFM|chr16:29666145-29666645:.	chr16	29654824	29655324	TUFM	chr16	28846658	0.0	0.0	0	0
TUFM|chr16:29711753-29712253:.	chr16	29700432	29700932	TUFM	chr16	28846658	0.0	0.0	0	0
QPRT|chr16:29019226-29019726:.	chr16	29007905	29008405	QPRT	chr16	29678757	0.0	0.0	0	0
QPRT|chr16:30639997-30640497:.	chr16	30628676	30629176	QPRT	chr16	29678757	0.0	0.0	0	0
TMEM219|chr16:29040251-29041037:.	chr16	29028930	29029716	TMEM219	chr16	29961779	0.0	0.0	0	0
TMEM219|chr16:29666145-29666645:.	chr16	29654824	29655324	TMEM219	chr16	29961779	0.0	0.0	0	0
TMEM219|chr16:30639997-30640497:.	chr16	30628676	30629176	TMEM219	chr16	29961779	0.0	0.0	0	0
PPP4C|chr16:29666145-29666645:.	chr16	29654824	29655324	PPP4C	chr16	30075725	0.0	0.0	0	0
PPP4C|chr16:29711753-29712253:.	chr16	29700432	29700932	PPP4C	chr16	30075725	0.0	0.0	0	0
PPP4C|chr16:30639997-30640497:.	chr16	30628676	30629176	PPP4C	chr16	30075725	0.0	0.0	0	0
PPP4C|chr16:30825536-30826138:.	chr16	30814215	30814817	PPP4C	chr16	30075725	0.0	0.0	0	0
SPN|chr16:29666145-29666645:.	chr16	29654824	29655324	SPN	chr16	29662968	104.49635314941406	6012.526656671561	1	1
SPN|chr16:30639997-30640497:.	chr16	30628676	30629176	SPN	chr16	29662968	0.0	0.0	0	0
SPNS1|chr16:29711753-29712253:.	chr16	29700432	29700932	SPNS1	chr16	28974524	0.0	0.0	0	0
ALDOA|chr16:30639997-30640497:.	chr16	30628676	30629176	ALDOA	chr16	30065422	0.0	0.0	0	0
ALDOA|chr16:30825536-30826138:.	chr16	30814215	30814817	ALDOA	chr16	30065422	0.0	0.0	0	0
BCL7C|chr16:31264910-31265410:.	chr16	31253589	31254089	BCL7C	chr16	30894552	0.0	0.0	0	0
BCL7C|chr16:31546994-31547494:.	chr16	31535673	31536173	BCL7C	chr16	30894552	0.0	0.0	0	0
CD2BP2|chr16:30639997-30640497:.	chr16	30628676	30629176	CD2BP2	chr16	30355611	0.0	0.0	0	0
FUS|chr16:30639997-30640497:.	chr16	30628676	30629176	FUS	chr16	31179859	0.0	0.0	0	0
FUS|chr16:31170914-31171414:.	chr16	31159593	31160093	FUS	chr16	31179859	20.36920547485352	1172.3936144617685	1	0
FUS|chr16:31255320-31255820:.	chr16	31243999	31244499	FUS	chr16	31179859	30.640186309814453	1763.5620996554203	1	0
FUS|chr16:31264910-31265410:.	chr16	31253589	31254089	FUS	chr16	31179859	31.1123161315918	1790.7365512525666	1	0
FUS|chr16:31546994-31547494:.	chr16	31535673	31536173	FUS	chr16	31179859	0.0	0.0	0	0
INO80E|chr16:30639997-30640497:.	chr16	30628676	30629176	INO80E	chr16	29995958	0.0	0.0	0	0
KIF22|chr16:30639997-30640497:.	chr16	30628676	30629176	KIF22	chr16	29790462	0.0	0.0	0	0
CRNDE|chr16:55291795-55292295:.	chr16	55257883	55258383	CRNDE	chr16	54929028	0.0	0.0	0	0
CKLF|chr16:65800928-65801428:.	chr16	65767025	65767525	CKLF	chr16	66552312	0.0	0.0	0	0
FAM96B|chr16:66008933-66009433:.	chr16	65975030	65975530	FAM96B	chr16	66934673	0.0	0.0	0	0
FAM96B|chr16:66349074-66349574:.	chr16	66315171	66315671	FAM96B	chr16	66934673	0.0	0.0	0	0
FAM96B|chr16:67548195-67548695:.	chr16	67514292	67514792	FAM96B	chr16	66934673	0.0	0.0	0	0
NAE1|chr16:66349074-66349574:.	chr16	66315171	66315671	NAE1	chr16	66831226	0.0	0.0	0	0
NAE1|chr16:67548195-67548695:.	chr16	67514292	67514792	NAE1	chr16	66831226	0.0	0.0	0	0
TMEM208|chr16:66349074-66349574:.	chr16	66315171	66315671	TMEM208	chr16	67226862	0.0	0.0	0	0
TMEM208|chr16:67548195-67548695:.	chr16	67514292	67514792	TMEM208	chr16	67226862	0.0	0.0	0	0
TMEM208|chr16:68018623-68019265:.	chr16	67984720	67985362	TMEM208	chr16	67226862	0.0	0.0	0	0
CBFB|chr16:66934396-66934896:.	chr16	66900493	66900993	CBFB	chr16	67028896	0.0	0.0	1	0
CTCF|chr16:68018623-68019265:.	chr16	67984720	67985362	CTCF	chr16	67562156	0.0	0.0	0	0
E2F4|chr16:68018623-68019265:.	chr16	67984720	67985362	E2F4	chr16	67191914	0.0	0.0	0	0
NFATC3|chr16:68018623-68019265:.	chr16	67984720	67985362	NFATC3	chr16	68085115	0.0	0.0	1	0
NUTF2|chr16:68018623-68019265:.	chr16	67984720	67985362	NUTF2	chr16	67846481	0.0	0.0	1	0
NUTF2|chr16:68758620-68759120:.	chr16	68724717	68725217	NUTF2	chr16	67846481	0.0	0.0	0	0
TRADD|chr16:68018623-68019265:.	chr16	67984720	67985362	TRADD	chr16	67160159	0.0	0.0	0	0
CYB5B|chr16:68758620-68759120:.	chr16	68724717	68725217	CYB5B	chr16	69424344	0.0	0.0	0	0
NIP7|chr16:68758620-68759120:.	chr16	68724717	68725217	NIP7	chr16	69339261	0.0	0.0	0	0
CHTF8|chr16:69563430-69563930:.	chr16	69529527	69530027	CHTF8	chr16	69132840	0.0	0.0	0	0
CMC2|chr16:81439265-81439765:.	chr16	81405660	81406160	CMC2	chr16	81007147	0.0	0.0	0	0
GCSH|chr16:81439265-81439765:.	chr16	81405660	81406160	GCSH	chr16	81096625	0.0	0.0	0	0
GCSH|chr16:81752466-81752966:.	chr16	81718861	81719361	GCSH	chr16	81096625	0.0	0.0	0	0
COX4I1|chr16:84985744-84986779:.	chr16	84952138	84953173	COX4I1	chr16	85799316	0.0	0.0	0	0
CDT1|chr16:87905109-87905609:.	chr16	87871503	87872003	CDT1	chr16	88803527	0.0	0.0	0	0
CDT1|chr16:88366637-88367420:.	chr16	88333031	88333814	CDT1	chr16	88803527	0.0	0.0	0	0
CDT1|chr16:89307005-89308097:.	chr16	89240597	89241689	CDT1	chr16	88803527	0.0	0.0	0	0
CYBA|chr16:87905109-87905609:.	chr16	87871503	87872003	CYBA	chr16	88651334	0.0	0.0	0	0
CYBA|chr16:88366637-88367420:.	chr16	88333031	88333814	CYBA	chr16	88651334	0.0	0.0	0	0
CYBA|chr16:88865445-88865945:.	chr16	88799037	88799537	CYBA	chr16	88651334	0.0	0.0	1	0
CYBA|chr16:89044832-89046212:.	chr16	88978424	88979804	CYBA	chr16	88651334	0.0	0.0	0	0
MAP1LC3B|chr16:88366637-88367420:.	chr16	88333031	88333814	MAP1LC3B	chr16	87391944	0.0	0.0	0	0
RNF166|chr16:87905109-87905609:.	chr16	87871503	87872003	RNF166	chr16	88706671	0.0	0.0	0	0
RNF166|chr16:89307005-89308097:.	chr16	89240597	89241689	RNF166	chr16	88706671	0.0	0.0	0	0
APRT|chr16:88366637-88367420:.	chr16	88333031	88333814	APRT	chr16	88812184	0.0	0.0	0	0
APRT|chr16:89307005-89308097:.	chr16	89240597	89241689	APRT	chr16	88812184	0.0	0.0	0	0
RPL13|chr16:88865445-88865945:.	chr16	88799037	88799537	RPL13	chr16	89560406	0.0	0.0	0	0
RPL13|chr16:89044832-89046212:.	chr16	88978424	88979804	RPL13	chr16	89560406	0.0	0.0	0	0
RPL13|chr16:89092301-89093069:.	chr16	89025893	89026661	RPL13	chr16	89560406	0.0	0.0	0	0
ANKRD11|chr16:89044832-89046212:.	chr16	88978424	88979804	ANKRD11	chr16	89490811	0.0	0.0	0	0
TCF25|chr16:89044832-89046212:.	chr16	88978424	88979804	TCF25	chr16	89873335	0.0	0.0	0	0
DEF8|chr16:89307005-89308097:.	chr16	89240597	89241689	DEF8	chr16	89948480	0.0	0.0	0	0
TIMM22|chr17:1225274-1226229:.	chr17	1321980	1322935	TIMM22	chr17	996642	0.0	0.0	0	0
YWHAE|chr17:1225274-1226229:.	chr17	1321980	1322935	YWHAE	chr17	1400512	43.490177154541016	8743.408867450898	1	0
PRPF8|chr17:1234856-1235356:.	chr17	1331562	1332062	PRPF8	chr17	1685132	0.0	0.0	0	0
PSMB6|chr17:3821556-3822185:.	chr17	3918262	3918891	PSMB6	chr17	4795893	0.0	0.0	0	0
PSMB6|chr17:3872368-3872868:.	chr17	3969074	3969574	PSMB6	chr17	4795893	0.0	0.0	0	0
EMC6|chr17:3872368-3872868:.	chr17	3969074	3969574	EMC6	chr17	3668472	0.0	0.0	0	0
ITGAE|chr17:3872368-3872868:.	chr17	3969074	3969574	ITGAE	chr17	3801493	0.0	0.0	1	0
PFN1|chr17:3905467-3906045:.	chr17	4002173	4002751	PFN1	chr17	4949336	0.0	0.0	0	0
PFN1|chr17:4563742-4564242:.	chr17	4660447	4660947	PFN1	chr17	4949336	0.0	0.0	0	0
CTDNEP1|chr17:6478503-6479238:.	chr17	6575183	6575918	CTDNEP1	chr17	7252190	0.0	0.0	0	0
EIF4A1|chr17:8095394-8096200:.	chr17	8192076	8192882	EIF4A1	chr17	7572455	0.0	0.0	0	0
EIF4A1|chr17:8207347-8208266:.	chr17	8304029	8304948	EIF4A1	chr17	7572455	0.0	0.0	0	0
EIF5A|chr17:8095394-8096200:.	chr17	8192076	8192882	EIF5A	chr17	7307286	0.0	0.0	0	0
EIF5A|chr17:8207347-8208266:.	chr17	8304029	8304948	EIF5A	chr17	7307286	0.0	0.0	0	0
RPL26|chr17:8095394-8096200:.	chr17	8192076	8192882	RPL26	chr17	8383414	0.0	0.0	1	0
RPL26|chr17:8207347-8208266:.	chr17	8304029	8304948	RPL26	chr17	8383414	8.468266487121582	832.5017899916937	1	0
RPL26|chr17:8290108-8290608:.	chr17	8386790	8387290	RPL26	chr17	8383414	72.96702575683594	7173.272079393857	1	0
TRAPPC1|chr17:8095394-8096200:.	chr17	8192076	8192882	TRAPPC1	chr17	7932199	0.0	0.0	0	0
VAMP2|chr17:8095394-8096200:.	chr17	8192076	8192882	VAMP2	chr17	8163225	46.85774993896485	3000.416125168935	1	0
UBB|chr17:16299105-16299605:.	chr17	16395791	16396291	UBB	chr17	16380546	17.544578552246094	2693.107530834718	1	0
UBB|chr17:17258173-17258673:.	chr17	17354859	17355359	UBB	chr17	16380546	0.0	0.0	0	0
CENPV|chr17:16419804-16420304:.	chr17	16516490	16516990	CENPV	chr17	16353748	0.0	0.0	1	0
COPS3|chr17:17258173-17258673:.	chr17	17354859	17355359	COPS3	chr17	17281553	16.266555786132812	1163.9274323844502	1	0
WSB1|chr17:25433408-25434820:.	chr17	27106382	27107794	WSB1	chr17	27293770	0.0	0.0	1	0
IFT20|chr17:25683074-25683738:.	chr17	27356048	27356712	IFT20	chr17	28335739	0.0	0.0	0	0
RPL23A|chr17:26313736-26314364:.	chr17	27986710	27987338	RPL23A	chr17	28719731	0.0	0.0	0	0
RPL23A|chr17:26355993-26356493:.	chr17	28028967	28029467	RPL23A	chr17	28719731	0.0	0.0	0	0
RPL23A|chr17:26360859-26362048:.	chr17	28033833	28035022	RPL23A	chr17	28719731	0.0	0.0	0	0
RPL23A|chr17:27192153-27192653:.	chr17	28865135	28865635	RPL23A	chr17	28719731	0.0	0.0	1	0
RPL23A|chr17:27564263-27564763:.	chr17	29237245	29237745	RPL23A	chr17	28719731	0.0	0.0	0	0
RPL23A|chr17:27570701-27571201:.	chr17	29243683	29244183	RPL23A	chr17	28719731	0.0	0.0	0	0
POLDIP2|chr17:26355993-26356493:.	chr17	28028967	28029467	POLDIP2	chr17	28357839	0.0	0.0	0	0
POLDIP2|chr17:27192153-27192653:.	chr17	28865135	28865635	POLDIP2	chr17	28357839	0.0	0.0	0	0
POLDIP2|chr17:27199641-27200541:.	chr17	28872623	28873523	POLDIP2	chr17	28357839	0.0	0.0	0	0
TMEM97|chr17:26355993-26356493:.	chr17	28028967	28029467	TMEM97	chr17	28318844	0.0	0.0	0	0
TMEM97|chr17:27199641-27200541:.	chr17	28872623	28873523	TMEM97	chr17	28318844	0.0	0.0	0	0
TMEM97|chr17:27564263-27564763:.	chr17	29237245	29237745	TMEM97	chr17	28318844	0.0	0.0	0	0
TRAF4|chr17:26355993-26356493:.	chr17	28028967	28029467	TRAF4	chr17	28743754	0.0	0.0	0	0
TRAF4|chr17:26360859-26362048:.	chr17	28033833	28035022	TRAF4	chr17	28743754	0.0	0.0	0	0
SDF2|chr17:27199641-27200541:.	chr17	28872623	28873523	SDF2	chr17	28662422	0.0	0.0	0	0
COPRS|chr17:30129527-30130027:.	chr17	31802508	31803008	COPRS	chr17	31859557	28.74579620361328	2219.547107444453	1	0
SUZ12|chr17:30129527-30130027:.	chr17	31802508	31803008	SUZ12	chr17	31936759	0.0	0.0	1	0
SUZ12|chr17:31220945-31221717:.	chr17	32893927	32894699	SUZ12	chr17	31936759	0.0	0.0	0	0
SUZ12|chr17:31223605-31224861:.	chr17	32896587	32897843	SUZ12	chr17	31936759	0.0	0.0	0	0
SUZ12|chr17:31237715-31238215:.	chr17	32910697	32911197	SUZ12	chr17	31936759	0.0	0.0	0	0
SUZ12|chr17:31238900-31240016:.	chr17	32911882	32912998	SUZ12	chr17	31936759	0.0	0.0	0	0
PSMD11|chr17:31220945-31221717:.	chr17	32893927	32894699	PSMD11	chr17	32444212	0.0	0.0	0	0
PSMD11|chr17:31223605-31224861:.	chr17	32896587	32897843	PSMD11	chr17	32444212	0.0	0.0	0	0
PSMD11|chr17:31236851-31237351:.	chr17	32909833	32910333	PSMD11	chr17	32444212	0.0	0.0	0	0
PSMD11|chr17:31238900-31240016:.	chr17	32911882	32912998	PSMD11	chr17	32444212	0.0	0.0	0	0
ZNF207|chr17:31220945-31221717:.	chr17	32893927	32894699	ZNF207	chr17	32349887	0.0	0.0	0	0
ZNF207|chr17:31223605-31224861:.	chr17	32896587	32897843	ZNF207	chr17	32349887	0.0	0.0	0	0
ZNF207|chr17:31236851-31237351:.	chr17	32909833	32910333	ZNF207	chr17	32349887	0.0	0.0	0	0
ZNF207|chr17:31237715-31238215:.	chr17	32910697	32911197	ZNF207	chr17	32349887	0.0	0.0	0	0
ZNF207|chr17:31238900-31240016:.	chr17	32911882	32912998	ZNF207	chr17	32349887	0.0	0.0	0	0
ZNF207|chr17:31289168-31289897:.	chr17	32962150	32962879	ZNF207	chr17	32349887	0.0	0.0	0	0
MIEN1|chr17:37023513-37024767:.	chr17	38867260	38868514	MIEN1	chr17	39730813	0.0	0.0	0	0
MIEN1|chr17:37157866-37159061:.	chr17	39001613	39002808	MIEN1	chr17	39730813	0.0	0.0	0	0
MIEN1|chr17:37170677-37171177:.	chr17	39014424	39014924	MIEN1	chr17	39730813	0.0	0.0	0	0
MIEN1|chr17:38267602-38268347:.	chr17	40111349	40112094	MIEN1	chr17	39730813	0.0	0.0	0	0
MIEN1|chr17:38689493-38690315:.	chr17	40533241	40534063	MIEN1	chr17	39730813	0.0	0.0	0	0
MIEN1|chr17:38692194-38693072:.	chr17	40535942	40536820	MIEN1	chr17	39730813	0.0	0.0	0	0
RPL19|chr17:37023513-37024767:.	chr17	38867260	38868514	RPL19	chr17	39200032	0.0	0.0	0	0
RPL19|chr17:37157866-37159061:.	chr17	39001613	39002808	RPL19	chr17	39200032	0.0	0.0	0	0
RPL19|chr17:37170677-37171177:.	chr17	39014424	39014924	RPL19	chr17	39200032	0.0	0.0	1	0
RPL19|chr17:38267602-38268347:.	chr17	40111349	40112094	RPL19	chr17	39200032	0.0	0.0	0	0
RPL23|chr17:37170677-37171177:.	chr17	39014424	39014924	RPL23	chr17	38854050	0.0	0.0	1	0
CDK12|chr17:37170677-37171177:.	chr17	39014424	39014924	CDK12	chr17	39461260	0.0	0.0	0	0
CDK12|chr17:38267602-38268347:.	chr17	40111349	40112094	CDK12	chr17	39461260	0.0	0.0	0	0
KRT10|chr17:38161731-38162231:.	chr17	40005478	40005978	KRT10	chr17	40822861	0.0	0.0	0	0
KRT10|chr17:38689493-38690315:.	chr17	40533241	40534063	KRT10	chr17	40822861	0.0	0.0	0	0
KRT10|chr17:38972703-38973393:.	chr17	40816451	40817141	KRT10	chr17	40822861	42.89009475708008	4831.605105507254	1	1
KRT10|chr17:39686364-39687253:.	chr17	41530112	41531001	KRT10	chr17	40822861	0.0	0.0	0	0
PSMD3|chr17:38161731-38162231:.	chr17	40005478	40005978	PSMD3	chr17	39980517	36.141639709472656	3751.8288309086074	1	0
PSMD3|chr17:38689493-38690315:.	chr17	40533241	40534063	PSMD3	chr17	39980517	0.0	0.0	0	0
PSMD3|chr17:39000778-39001622:.	chr17	40844526	40845370	PSMD3	chr17	39980517	0.0	0.0	0	0
TMEM99|chr17:38161731-38162231:.	chr17	40005478	40005978	TMEM99	chr17	40818871	0.0	0.0	0	0
TMEM99|chr17:38692194-38693072:.	chr17	40535942	40536820	TMEM99	chr17	40818871	0.0	0.0	0	0
TMEM99|chr17:39704140-39704640:.	chr17	41547888	41548388	TMEM99	chr17	40818871	0.0	0.0	0	0
SMARCE1|chr17:38267602-38268347:.	chr17	40111349	40112094	SMARCE1	chr17	40648101	0.0	0.0	0	0
STARD3|chr17:38689493-38690315:.	chr17	40533241	40534063	STARD3	chr17	39636829	0.0	0.0	0	0
KRT19|chr17:38692194-38693072:.	chr17	40535942	40536820	KRT19	chr17	41528639	0.0	0.0	0	0
KRT19|chr17:39948693-39949796:.	chr17	41792441	41793544	KRT19	chr17	41528639	0.0	0.0	0	0
DNAJC7|chr17:39686364-39687253:.	chr17	41530112	41531001	DNAJC7	chr17	42017947	0.0	0.0	0	0
DNAJC7|chr17:39834483-39834983:.	chr17	41678231	41678731	DNAJC7	chr17	42017947	0.0	0.0	0	0
DNAJC7|chr17:40776134-40776634:.	chr17	42624116	42624616	DNAJC7	chr17	42017947	0.0	0.0	0	0
DNAJC7|chr17:40778259-40778759:.	chr17	42626241	42626741	DNAJC7	chr17	42017947	0.0	0.0	0	0
DNAJC7|chr17:41080676-41081631:.	chr17	42928659	42929614	DNAJC7	chr17	42017947	0.0	0.0	0	0
EIF1|chr17:39686364-39687253:.	chr17	41530112	41531001	EIF1	chr17	41688624	0.0	0.0	1	0
EIF1|chr17:39704140-39704640:.	chr17	41547888	41548388	EIF1	chr17	41688624	0.0	0.0	1	0
EIF1|chr17:39834483-39834983:.	chr17	41678231	41678731	EIF1	chr17	41688624	203.68572998046875	9587.079648195033	1	0
EIF1|chr17:39853450-39853950:.	chr17	41697198	41697698	EIF1	chr17	41688624	109.12982177734376	5136.522295759482	1	0
EIF1|chr17:39948693-39949796:.	chr17	41792441	41793544	EIF1	chr17	41688624	0.0	0.0	1	0
EIF1|chr17:40776134-40776634:.	chr17	42624116	42624616	EIF1	chr17	41688624	0.0	0.0	0	0
EIF1|chr17:40778259-40778759:.	chr17	42626241	42626741	EIF1	chr17	41688624	0.0	0.0	0	0
EIF1|chr17:40784945-40785445:.	chr17	42632927	42633427	EIF1	chr17	41688624	0.0	0.0	0	0
NT5C3B|chr17:39686364-39687253:.	chr17	41530112	41531001	NT5C3B	chr17	41836521	0.0	0.0	0	0
NT5C3B|chr17:40776134-40776634:.	chr17	42624116	42624616	NT5C3B	chr17	41836521	0.0	0.0	0	0
RAB5C|chr17:39686364-39687253:.	chr17	41530112	41531001	RAB5C	chr17	42155294	0.0	0.0	0	0
RAB5C|chr17:39834483-39834983:.	chr17	41678231	41678731	RAB5C	chr17	42155294	0.0	0.0	0	0
RAB5C|chr17:40781617-40782117:.	chr17	42629599	42630099	RAB5C	chr17	42155294	0.0	0.0	0	0
RAB5C|chr17:40784945-40785445:.	chr17	42632927	42633427	RAB5C	chr17	42155294	0.0	0.0	0	0
RAB5C|chr17:41080676-41081631:.	chr17	42928659	42929614	RAB5C	chr17	42155294	0.0	0.0	0	0
STAT3|chr17:39686364-39687253:.	chr17	41530112	41531001	STAT3	chr17	42388745	0.0	0.0	0	0
STAT3|chr17:40784945-40785445:.	chr17	42632927	42633427	STAT3	chr17	42388745	0.0	0.0	0	0
STAT5A|chr17:39704140-39704640:.	chr17	41547888	41548388	STAT5A	chr17	42287805	0.0	0.0	0	0
TUBG1|chr17:39834483-39834983:.	chr17	41678231	41678731	TUBG1	chr17	42609089	0.0	0.0	0	0
TUBG1|chr17:40776134-40776634:.	chr17	42624116	42624616	TUBG1	chr17	42609089	16.41325569152832	3641.104446661615	1	1
TUBG1|chr17:40784945-40785445:.	chr17	42632927	42633427	TUBG1	chr17	42609089	11.474573135375977	2545.5107781161373	1	0
VPS25|chr17:39948693-39949796:.	chr17	41792441	41793544	VPS25	chr17	42773185	0.0	0.0	0	0
VPS25|chr17:40776134-40776634:.	chr17	42624116	42624616	VPS25	chr17	42773185	0.0	0.0	1	0
VPS25|chr17:40784945-40785445:.	chr17	42632927	42633427	VPS25	chr17	42773185	0.0	0.0	1	0
COASY|chr17:40776134-40776634:.	chr17	42624116	42624616	COASY	chr17	42561823	17.446847915649414	1428.5996676358266	1	0
RPL27|chr17:40776134-40776634:.	chr17	42624116	42624616	RPL27	chr17	42998178	0.0	0.0	0	0
RPL27|chr17:40781617-40782117:.	chr17	42629599	42630099	RPL27	chr17	42998178	0.0	0.0	0	0
RPL27|chr17:40784945-40785445:.	chr17	42632927	42633427	RPL27	chr17	42998178	0.0	0.0	0	0
RPL27|chr17:41392801-41393661:.	chr17	43315445	43316305	RPL27	chr17	42998178	0.0	0.0	0	0
COA3|chr17:40784945-40785445:.	chr17	42632927	42633427	COA3	chr17	42798975	0.0	0.0	1	0
COA3|chr17:41080676-41081631:.	chr17	42928659	42929614	COA3	chr17	42798975	0.0	0.0	1	0
NKIRAS2|chr17:40784945-40785445:.	chr17	42632927	42633427	NKIRAS2	chr17	42019818	0.0	0.0	0	0
PSME3|chr17:40784945-40785445:.	chr17	42632927	42633427	PSME3	chr17	42832891	0.0	0.0	0	0
LINC00910|chr17:42209418-42210076:.	chr17	44132050	44132708	LINC00910	chr17	43389148	0.0	0.0	0	0
SLC25A39|chr17:42209418-42210076:.	chr17	44132050	44132708	SLC25A39	chr17	44325120	0.0	0.0	1	0
SLC25A39|chr17:42215405-42215905:.	chr17	44138037	44138537	SLC25A39	chr17	44325120	0.0	0.0	1	0
SLC25A39|chr17:42322595-42323871:.	chr17	44245227	44246503	SLC25A39	chr17	44325120	16.9810733795166	946.0437599916836	1	0
SLC25A39|chr17:42404106-42404606:.	chr17	44326738	44327238	SLC25A39	chr17	44325120	152.00131225585938	8468.245190181064	1	1
SLC25A39|chr17:42470620-42471449:.	chr17	44393252	44394081	SLC25A39	chr17	44325120	19.18083000183105	1068.5958495757998	1	0
SLC25A39|chr17:42600465-42600965:.	chr17	44523097	44523597	SLC25A39	chr17	44325120	0.0	0.0	0	0
SLC25A39|chr17:43398214-43398714:.	chr17	45320848	45321348	SLC25A39	chr17	44325120	0.0	0.0	0	0
NMT1|chr17:42215405-42215905:.	chr17	44138037	44138537	NMT1	chr17	45061048	0.0	0.0	0	0
UBTF|chr17:42365693-42366193:.	chr17	44288325	44288825	UBTF	chr17	44219923	5.105342864990234	2865.7303676806137	1	1
LSM12|chr17:42358821-42359402:.	chr17	44281453	44282034	LSM12	chr17	44067869	0.0	0.0	0	0
LSM12|chr17:42600465-42600965:.	chr17	44523097	44523597	LSM12	chr17	44067869	0.0	0.0	0	0
GPATCH8|chr17:42365693-42366193:.	chr17	44288325	44288825	GPATCH8	chr17	44503852	0.0	0.0	0	0
MYL4|chr17:45317311-45317811:.	chr17	47239945	47240445	MYL4	chr17	47209097	201.65606689453125	7840.570278836643	1	0
MYL4|chr17:46079830-46080330:.	chr17	48002464	48002964	MYL4	chr17	47209097	0.0	0.0	0	0
KPNB1|chr17:45318137-45318637:.	chr17	47240771	47241271	KPNB1	chr17	47649587	0.0	0.0	0	0
KPNB1|chr17:46520155-46520655:.	chr17	48442793	48443293	KPNB1	chr17	47649587	0.0	0.0	0	0
KPNB1|chr17:46563860-46564360:.	chr17	48486498	48486998	KPNB1	chr17	47649587	0.0	0.0	0	0
KPNB1|chr17:46599061-46599913:.	chr17	48521699	48522551	KPNB1	chr17	47649587	0.0	0.0	0	0
NPEPPS|chr17:45796740-45797240:.	chr17	47719374	47719874	NPEPPS	chr17	47530827	0.0	0.0	1	0
HOXB9|chr17:45954817-45955421:.	chr17	47877451	47878055	HOXB9	chr17	48626723	0.0	0.0	0	0
HOXB9|chr17:46599061-46599913:.	chr17	48521699	48522551	HOXB9	chr17	48626723	0.0	0.0	1	0
SNF8|chr17:46079830-46080330:.	chr17	48002464	48002964	SNF8	chr17	48945092	0.0	0.0	0	0
SNF8|chr17:46520155-46520655:.	chr17	48442793	48443293	SNF8	chr17	48945092	0.0	0.0	0	0
SNF8|chr17:46563860-46564360:.	chr17	48486498	48486998	SNF8	chr17	48945092	0.0	0.0	0	0
SNF8|chr17:46566011-46566582:.	chr17	48488649	48489220	SNF8	chr17	48945092	0.0	0.0	0	0
SNF8|chr17:46568889-46569767:.	chr17	48491527	48492405	SNF8	chr17	48945092	0.0	0.0	0	0
SNF8|chr17:46596696-46597324:.	chr17	48519334	48519962	SNF8	chr17	48945092	0.0	0.0	0	0
SNF8|chr17:46599061-46599913:.	chr17	48521699	48522551	SNF8	chr17	48945092	0.0	0.0	0	0
ATP5G1|chr17:46520155-46520655:.	chr17	48442793	48443293	ATP5G1	chr17	48892535	0.0	0.0	0	0
ATP5G1|chr17:46563860-46564360:.	chr17	48486498	48486998	ATP5G1	chr17	48892535	0.0	0.0	0	0
ATP5G1|chr17:46596696-46597324:.	chr17	48519334	48519962	ATP5G1	chr17	48892535	0.0	0.0	0	0
ATP5G1|chr17:46599061-46599913:.	chr17	48521699	48522551	ATP5G1	chr17	48892535	0.0	0.0	0	1
IGF2BP1|chr17:46520155-46520655:.	chr17	48442793	48443293	IGF2BP1	chr17	48997161	0.0	0.0	0	0
IGF2BP1|chr17:46563860-46564360:.	chr17	48486498	48486998	IGF2BP1	chr17	48997161	0.0	0.0	0	0
PHB|chr17:46563860-46564360:.	chr17	48486498	48486998	PHB	chr17	49415155	0.0	0.0	0	0
PHB|chr17:46599061-46599913:.	chr17	48521699	48522551	PHB	chr17	49415155	0.0	0.0	0	0
PHB|chr17:47051137-47051637:.	chr17	48973775	48974275	PHB	chr17	49415155	0.0	0.0	0	0
PHB|chr17:48230882-48232130:.	chr17	50153521	50154769	PHB	chr17	49415155	0.0	0.0	0	0
MRPL10|chr17:46566011-46566582:.	chr17	48488649	48489220	MRPL10	chr17	47831791	0.0	0.0	0	0
CBX1|chr17:46599061-46599913:.	chr17	48521699	48522551	CBX1	chr17	48101448	0.0	0.0	0	0
HOXB7|chr17:46599061-46599913:.	chr17	48521699	48522551	HOXB7	chr17	48611271	3.402214527130127	800.5111102970142	1	0
SLC35B1|chr17:47049646-47050146:.	chr17	48972284	48972784	SLC35B1	chr17	49708201	0.0	0.0	0	0
LRRC59|chr17:48230882-48232130:.	chr17	50153521	50154769	LRRC59	chr17	50397803	0.0	0.0	0	0
LRRC59|chr17:48367165-48367893:.	chr17	50289804	50290532	LRRC59	chr17	50397803	0.0	0.0	1	0
LUC7L3|chr17:48230882-48232130:.	chr17	50153521	50154769	LUC7L3	chr17	50719314	0.0	0.0	0	0
LUC7L3|chr17:48894544-48895044:.	chr17	50817183	50817683	LUC7L3	chr17	50719314	9.249309539794922	620.1657240886962	1	0
MRPL27|chr17:48230882-48232130:.	chr17	50153521	50154769	MRPL27	chr17	50373451	0.0	0.0	0	0
MRPL27|chr17:48232318-48232818:.	chr17	50154957	50155457	MRPL27	chr17	50373451	0.0	0.0	0	0
MRPL27|chr17:48894544-48895044:.	chr17	50817183	50817683	MRPL27	chr17	50373451	0.0	0.0	0	0
COX11|chr17:53820283-53820880:.	chr17	55742922	55743519	COX11	chr17	54969035	0.0	0.0	0	0
MRPS23|chr17:54953723-54954696:.	chr17	56876362	56877335	MRPS23	chr17	57850322	0.0	0.0	0	0
MRPS23|chr17:56367164-56367664:.	chr17	58289803	58290303	MRPS23	chr17	57850322	0.0	0.0	0	0
SRSF1|chr17:55131296-55132114:.	chr17	57053935	57054753	SRSF1	chr17	58007596	0.0	0.0	0	0
COIL|chr17:55928532-55929495:.	chr17	57851171	57852134	COIL	chr17	56961300	0.0	0.0	0	0
RAD51C|chr17:55928532-55929495:.	chr17	57851171	57852134	RAD51C	chr17	58692322	0.0	0.0	0	0
RAD51C|chr17:56367164-56367664:.	chr17	58289803	58290303	RAD51C	chr17	58692322	0.0	0.0	0	0
SUPT4H1|chr17:56367164-56367664:.	chr17	58289803	58290303	SUPT4H1	chr17	58352488	20.6831169128418	1569.822729444777	1	0
CLTC|chr17:57374129-57374957:.	chr17	59296768	59297596	CLTC	chr17	59619438	0.0	0.0	0	0
CLTC|chr17:57693751-57694348:.	chr17	59616390	59616987	CLTC	chr17	59619438	103.1533203125	9593.016180172272	1	0
DCAF7|chr17:61072162-61073465:.	chr17	62994801	62996104	DCAF7	chr17	63550184	0.0	0.0	0	0
DCAF7|chr17:62103008-62103508:.	chr17	64025648	64026148	DCAF7	chr17	63550184	0.0	0.0	0	0
DCAF7|chr17:62409014-62409749:.	chr17	64331654	64332389	DCAF7	chr17	63550184	0.0	0.0	0	0
DDX5|chr17:61538116-61538616:.	chr17	63460755	63461255	DDX5	chr17	64506771	0.0	0.0	0	0
DDX5|chr17:63060666-63061166:.	chr17	65064548	65065048	DDX5	chr17	64506771	0.0	0.0	0	0
PSMC5|chr17:61921590-61922090:.	chr17	63844230	63844730	PSMC5	chr17	63827159	97.65301513671876	4954.331067204561	1	0
PSMC5|chr17:62704861-62705540:.	chr17	64708743	64709422	PSMC5	chr17	63827159	0.0	0.0	0	0
ICAM2|chr17:62101270-62102024:.	chr17	64023910	64024664	ICAM2	chr17	64020884	9.634297370910645	8865.943073371336	1	1
HELZ|chr17:66015769-66017161:.	chr17	68019653	68021045	HELZ	chr17	67245453	0.0	0.0	0	0
C17orf58|chr17:66085983-66086483:.	chr17	68089842	68090342	C17orf58	chr17	67993899	2.241847038269043	566.1598219157964	1	0
RPL38|chr17:71321503-71322003:.	chr17	73325364	73325864	RPL38	chr17	74203405	0.0	0.0	0	0
RPL38|chr17:72509970-72511255:.	chr17	74513831	74515116	RPL38	chr17	74203405	0.0	0.0	0	0
RPL38|chr17:73067900-73068400:.	chr17	75071805	75072305	RPL38	chr17	74203405	0.0	0.0	0	0
NT5C|chr17:72159549-72160049:.	chr17	74163410	74163910	NT5C	chr17	75132045	0.0	0.0	0	0
NT5C|chr17:73067900-73068400:.	chr17	75071805	75072305	NT5C	chr17	75132045	21.24095726013184	2491.0932822449804	1	0
NT5C|chr17:73854749-73855249:.	chr17	75858668	75859168	NT5C	chr17	75132045	0.0	0.0	0	0
ATP5H|chr17:72459592-72460092:.	chr17	74463453	74463953	ATP5H	chr17	75047229	0.0	0.0	0	0
ATP5H|chr17:73067900-73068400:.	chr17	75071805	75072305	ATP5H	chr17	75047229	145.17869567871094	4261.408058922769	1	0
ATP5H|chr17:73854749-73855249:.	chr17	75858668	75859168	ATP5H	chr17	75047229	0.0	0.0	0	0
MRPS7|chr17:72459592-72460092:.	chr17	74463453	74463953	MRPS7	chr17	75261417	0.0	0.0	0	0
MRPS7|chr17:73067900-73068400:.	chr17	75071805	75072305	MRPS7	chr17	75261417	0.0	0.0	1	0
MRPS7|chr17:73854749-73855249:.	chr17	75858668	75859168	MRPS7	chr17	75261417	0.0	0.0	0	0
SUMO2|chr17:72459592-72460092:.	chr17	74463453	74463953	SUMO2	chr17	75183253	0.0	0.0	0	0
SUMO2|chr17:72509970-72511255:.	chr17	74513831	74515116	SUMO2	chr17	75183253	0.0	0.0	0	0
SUMO2|chr17:73067900-73068400:.	chr17	75071805	75072305	SUMO2	chr17	75183253	0.0	0.0	1	0
SUMO2|chr17:73854749-73855249:.	chr17	75858668	75859168	SUMO2	chr17	75183253	0.0	0.0	0	0
GRB2|chr17:72509970-72511255:.	chr17	74513831	74515116	GRB2	chr17	75405958	0.0	0.0	0	0
H3F3B|chr17:73067900-73068400:.	chr17	75071805	75072305	H3F3B	chr17	75780185	0.0	0.0	0	0
H3F3B|chr17:74597627-74598614:.	chr17	76601545	76602532	H3F3B	chr17	75780185	0.0	0.0	0	0
HN1|chr17:73067900-73068400:.	chr17	75071805	75072305	HN1	chr17	75154933	0.6257158517837524	1405.5664194202564	1	0
MIF4GD|chr17:73067900-73068400:.	chr17	75071805	75072305	MIF4GD	chr17	75271480	0.0	0.0	0	0
MRPL58|chr17:73067900-73068400:.	chr17	75071805	75072305	MRPL58	chr17	75012413	26.700763702392575	1069.2396808754168	1	0
SLC25A19|chr17:73067900-73068400:.	chr17	75071805	75072305	SLC25A19	chr17	75289699	0.0	0.0	0	0
METTL23|chr17:73854749-73855249:.	chr17	75858668	75859168	METTL23	chr17	76726579	0.0	0.0	0	0
METTL23|chr17:75066221-75067454:.	chr17	77070139	77071372	METTL23	chr17	76726579	0.0	0.0	0	0
METTL23|chr17:75229700-75230425:.	chr17	77233618	77234343	METTL23	chr17	76726579	0.0	0.0	0	0
SEC14L1|chr17:74597627-74598614:.	chr17	76601545	76602532	SEC14L1	chr17	77140672	0.0	0.0	0	0
SEC14L1|chr17:74655679-74656670:.	chr17	76659597	76660588	SEC14L1	chr17	77140672	0.0	0.0	0	0
SRSF2|chr17:74597627-74598614:.	chr17	76601545	76602532	SRSF2	chr17	76737661	0.0	0.0	1	0
SRSF2|chr17:74655679-74656670:.	chr17	76659597	76660588	SRSF2	chr17	76737661	15.023818969726562	998.7919040720808	1	0
SRSF2|chr17:74844723-74845223:.	chr17	76848641	76849141	SRSF2	chr17	76737661	0.0	0.0	1	0
SRSF2|chr17:75067462-75068143:.	chr17	77071380	77072061	SRSF2	chr17	76737661	0.0	0.0	0	0
ST6GALNAC1|chr17:74597627-74598614:.	chr17	76601545	76602532	ST6GALNAC1	chr17	76644088	17.539997100830078	2468.442290461211	1	0
EXOC7|chr17:74655679-74656670:.	chr17	76659597	76660588	EXOC7	chr17	76104037	0.0	0.0	0	0
BIRC5|chr17:75229700-75230425:.	chr17	77233618	77234343	BIRC5	chr17	78213945	0.0	0.0	0	0
BIRC5|chr17:76254609-76255109:.	chr17	78258528	78259028	BIRC5	chr17	78213945	32.760292053222656	3018.375930144304	1	0
BIRC5|chr17:76297144-76297644:.	chr17	78301063	78301563	BIRC5	chr17	78213945	14.405231475830078	1327.228825804238	1	0
BIRC5|chr17:76933553-76934053:.	chr17	78937471	78937971	BIRC5	chr17	78213945	0.0	0.0	0	0
SYNGR2|chr17:76252620-76253120:.	chr17	78256539	78257039	SYNGR2	chr17	78168294	3.038693428039551	735.5066498253091	1	0
SYNGR2|chr17:76254609-76255109:.	chr17	78258528	78259028	SYNGR2	chr17	78168294	3.6919021606445312	893.6138685798138	1	0
SYNGR2|chr17:76285819-76286319:.	chr17	78289738	78290238	SYNGR2	chr17	78168294	0.0	0.0	1	0
SYNGR2|chr17:76781004-76781504:.	chr17	78784922	78785422	SYNGR2	chr17	78168294	0.0	0.0	0	0
SYNGR2|chr17:76982693-76983501:.	chr17	78986611	78987419	SYNGR2	chr17	78168294	0.0	0.0	0	0
TMC6|chr17:76781004-76781504:.	chr17	78784922	78785422	TMC6	chr17	78129044	0.0	0.0	0	0
TMC6|chr17:76933553-76934053:.	chr17	78937471	78937971	TMC6	chr17	78129044	0.0	0.0	0	0
NDUFAF8|chr17:78228495-78229115:.	chr17	80254696	80255316	NDUFAF8	chr17	81239060	0.0	0.0	0	0
RNF213|chr17:78228495-78229115:.	chr17	80254696	80255316	RNF213	chr17	80260610	108.97046661376952	15466.618916636507	1	1
ACTG1|chr17:80301370-80301870:.	chr17	82343494	82343994	ACTG1	chr17	81513116	0.0	0.0	0	0
ANAPC11|chr17:79316849-79317349:.	chr17	81343049	81343549	ANAPC11	chr17	81891462	0.0	0.0	0	0
ANAPC11|chr17:79323329-79324054:.	chr17	81349529	81350254	ANAPC11	chr17	81891462	0.0	0.0	0	0
ANAPC11|chr17:79451194-79452176:.	chr17	81484168	81485150	ANAPC11	chr17	81891462	0.0	0.0	0	0
ANAPC11|chr17:80245823-80246323:.	chr17	82287947	82288447	ANAPC11	chr17	81891462	0.0	0.0	0	0
ANAPC11|chr17:80296781-80297401:.	chr17	82338905	82339525	ANAPC11	chr17	81891462	0.0	0.0	0	0
ARHGDIA|chr17:79316849-79317349:.	chr17	81343049	81343549	ARHGDIA	chr17	81871656	0.0	0.0	0	0
ARHGDIA|chr17:79451194-79452176:.	chr17	81484168	81485150	ARHGDIA	chr17	81871656	0.0	0.0	0	0
ARHGDIA|chr17:80245823-80246323:.	chr17	82287947	82288447	ARHGDIA	chr17	81871656	0.0	0.0	0	0
CCDC137|chr17:79316849-79317349:.	chr17	81343049	81343549	CCDC137	chr17	81666480	0.0	0.0	0	0
CCDC137|chr17:79451194-79452176:.	chr17	81484168	81485150	CCDC137	chr17	81666480	0.0	0.0	1	0
CENPX|chr17:79316849-79317349:.	chr17	81343049	81343549	CENPX	chr17	82023159	0.0	0.0	0	0
DCXR|chr17:79316849-79317349:.	chr17	81343049	81343549	DCXR	chr17	82037947	0.0	0.0	0	0
FASN|chr17:79316849-79317349:.	chr17	81343049	81343549	FASN	chr17	82098480	0.0	0.0	0	0
GPS1|chr17:79316849-79317349:.	chr17	81343049	81343549	GPS1	chr17	82051614	0.0	0.0	0	0
MAFG|chr17:79316849-79317349:.	chr17	81343049	81343549	MAFG	chr17	81927961	0.0	0.0	0	0
MRPL12|chr17:79316849-79317349:.	chr17	81343049	81343549	MRPL12	chr17	81703119	0.0	0.0	0	0
MRPL12|chr17:79451194-79452176:.	chr17	81484168	81485150	MRPL12	chr17	81703119	0.0	0.0	0	0
MRPL12|chr17:80296781-80297401:.	chr17	82338905	82339525	MRPL12	chr17	81703119	0.0	0.0	0	0
MRPL12|chr17:80452259-80452759:.	chr17	82494383	82494883	MRPL12	chr17	81703119	0.0	0.0	0	0
P4HB|chr17:79451194-79452176:.	chr17	81484168	81485150	P4HB	chr17	81860918	0.0	0.0	0	0
P4HB|chr17:80452259-80452759:.	chr17	82494383	82494883	P4HB	chr17	81860918	0.0	0.0	0	0
PCYT2|chr17:79316849-79317349:.	chr17	81343049	81343549	PCYT2	chr17	81911727	0.0	0.0	0	0
PYCR1|chr17:79316849-79317349:.	chr17	81343049	81343549	PYCR1	chr17	81937578	0.0	0.0	0	0
PYCR1|chr17:79323329-79324054:.	chr17	81349529	81350254	PYCR1	chr17	81937578	0.0	0.0	0	0
PYCR1|chr17:79451194-79452176:.	chr17	81484168	81485150	PYCR1	chr17	81937578	0.0	0.0	0	0
RAC3|chr17:79316849-79317349:.	chr17	81343049	81343549	RAC3	chr17	82031405	0.0	0.0	0	0
RAC3|chr17:79451194-79452176:.	chr17	81484168	81485150	RAC3	chr17	82031405	0.0	0.0	0	0
SLC25A10|chr17:79316849-79317349:.	chr17	81343049	81343549	SLC25A10	chr17	81711985	0.0	0.0	0	0
ASPSCR1|chr17:79451194-79452176:.	chr17	81484168	81485150	ASPSCR1	chr17	81977299	0.0	0.0	0	0
CSNK1D|chr17:79451194-79452176:.	chr17	81484168	81485150	CSNK1D	chr17	82273968	0.0	0.0	0	0
OXLD1|chr17:79451194-79452176:.	chr17	81484168	81485150	OXLD1	chr17	81666887	0.0	0.0	1	0
USP14|chr18:839270-840460:.	chr18	839269	840459	USP14	chr18	158232	0.0	0.0	0	0
MYL12A|chr18:3037307-3037807:.	chr18	3037309	3037809	MYL12A	chr18	3247279	0.0	0.0	0	0
MYL12B|chr18:3037307-3037807:.	chr18	3037309	3037809	MYL12B	chr18	3261862	0.0	0.0	0	0
NDUFV2|chr18:8890928-8891428:.	chr18	8890930	8891430	NDUFV2	chr18	9102379	0.0	0.0	0	0
NDUFV2|chr18:8893170-8894141:.	chr18	8893172	8894143	NDUFV2	chr18	9102379	0.0	0.0	0	0
NDUFV2|chr18:8912274-8912774:.	chr18	8912276	8912776	NDUFV2	chr18	9102379	0.0	0.0	1	0
NDUFV2|chr18:8994193-8995251:.	chr18	8994195	8995253	NDUFV2	chr18	9102379	0.0	0.0	1	0
NDUFV2|chr18:8998447-8999095:.	chr18	8998449	8999097	NDUFV2	chr18	9102379	0.0	0.0	1	0
NDUFV2|chr18:9005414-9005914:.	chr18	9005416	9005916	NDUFV2	chr18	9102379	8.061748504638672	685.5517069948355	1	0
NDUFV2|chr18:9403506-9404239:.	chr18	9403508	9404241	NDUFV2	chr18	9102379	0.0	0.0	0	0
NDUFV2|chr18:9404394-9405597:.	chr18	9404396	9405599	NDUFV2	chr18	9102379	0.0	0.0	0	0
NDUFV2|chr18:9421856-9422474:.	chr18	9421858	9422476	NDUFV2	chr18	9102379	0.0	0.0	0	0
NDUFV2|chr18:9683789-9685872:.	chr18	9683792	9685875	NDUFV2	chr18	9102379	0.0	0.0	0	0
NDUFV2|chr18:9868420-9870279:.	chr18	9868423	9870282	NDUFV2	chr18	9102379	0.0	0.0	0	0
NDUFV2|chr18:9876825-9877735:.	chr18	9876828	9877738	NDUFV2	chr18	9102379	0.0	0.0	0	0
NDUFV2|chr18:9895438-9895938:.	chr18	9895441	9895941	NDUFV2	chr18	9102379	0.0	0.0	0	0
NDUFV2|chr18:9897038-9897538:.	chr18	9897041	9897541	NDUFV2	chr18	9102379	0.0	0.0	0	0
RALBP1|chr18:8994193-8995251:.	chr18	8994195	8995253	RALBP1	chr18	9475281	0.0	0.0	0	0
RALBP1|chr18:8998447-8999095:.	chr18	8998449	8999097	RALBP1	chr18	9475281	0.0	0.0	0	0
RALBP1|chr18:9005414-9005914:.	chr18	9005416	9005916	RALBP1	chr18	9475281	0.0	0.0	0	0
RALBP1|chr18:9008508-9009411:.	chr18	9008510	9009413	RALBP1	chr18	9475281	0.0	0.0	0	0
RALBP1|chr18:9683789-9685872:.	chr18	9683792	9685875	RALBP1	chr18	9475281	0.0	0.0	0	0
RALBP1|chr18:9868420-9870279:.	chr18	9868423	9870282	RALBP1	chr18	9475281	0.0	0.0	0	0
VAPA|chr18:8994193-8995251:.	chr18	8994195	8995253	VAPA	chr18	9913707	0.0	0.0	0	0
VAPA|chr18:8998447-8999095:.	chr18	8998449	8999097	VAPA	chr18	9913707	0.0	0.0	0	0
VAPA|chr18:9005414-9005914:.	chr18	9005416	9005916	VAPA	chr18	9913707	0.0	0.0	0	0
VAPA|chr18:9008508-9009411:.	chr18	9008510	9009413	VAPA	chr18	9913707	0.0	0.0	0	0
VAPA|chr18:9016789-9018104:.	chr18	9016791	9018106	VAPA	chr18	9913707	0.0	0.0	0	0
VAPA|chr18:9403506-9404239:.	chr18	9403508	9404241	VAPA	chr18	9913707	0.0	0.0	0	0
VAPA|chr18:9404394-9405597:.	chr18	9404396	9405599	VAPA	chr18	9913707	0.0	0.0	0	0
VAPA|chr18:9421856-9422474:.	chr18	9421858	9422476	VAPA	chr18	9913707	0.0	0.0	0	0
VAPA|chr18:9895438-9895938:.	chr18	9895441	9895941	VAPA	chr18	9913707	48.26889801025391	2947.8910434490176	1	0
VAPA|chr18:9897038-9897538:.	chr18	9897041	9897541	VAPA	chr18	9913707	21.32372283935547	1302.2881019113322	1	0
ANKRD12|chr18:8998447-8999095:.	chr18	8998449	8999097	ANKRD12	chr18	9136502	0.0	0.0	1	0
ANKRD12|chr18:9005414-9005914:.	chr18	9005416	9005916	ANKRD12	chr18	9136502	0.0	0.0	1	0
ANKRD12|chr18:9008508-9009411:.	chr18	9008510	9009413	ANKRD12	chr18	9136502	0.0	0.0	1	0
RAB31|chr18:9876825-9877735:.	chr18	9876828	9877738	RAB31	chr18	9707980	0.0	0.0	1	1
AFG3L2|chr18:11951416-11952090:.	chr18	11951417	11952091	AFG3L2	chr18	12377526	0.0	0.0	0	0
AFG3L2|chr18:11953066-11953566:.	chr18	11953067	11953567	AFG3L2	chr18	12377526	0.0	0.0	0	0
PSMG2|chr18:11946723-11947667:.	chr18	11946724	11947668	PSMG2	chr18	12702737	0.0	0.0	0	0
PSMG2|chr18:11951416-11952090:.	chr18	11951417	11952091	PSMG2	chr18	12702737	0.0	0.0	0	0
PSMG2|chr18:11953066-11953566:.	chr18	11953067	11953567	PSMG2	chr18	12702737	0.0	0.0	0	0
PSMG2|chr18:11955603-11956103:.	chr18	11955604	11956104	PSMG2	chr18	12702737	0.0	0.0	0	0
PSMG2|chr18:12403510-12404316:.	chr18	12403511	12404317	PSMG2	chr18	12702737	0.0	0.0	0	0
SEH1L|chr18:11946723-11947667:.	chr18	11946724	11947668	SEH1L	chr18	12947733	0.0	0.0	0	0
TUBB6|chr18:11951416-11952090:.	chr18	11951417	11952091	TUBB6	chr18	12307808	0.0	0.0	0	0
TUBB6|chr18:11953066-11953566:.	chr18	11953067	11953567	TUBB6	chr18	12307808	0.0	0.0	0	0
SNRPD1|chr18:19690343-19690843:.	chr18	22110382	22110882	SNRPD1	chr18	21612018	0.0	0.0	0	0
ATP5A1|chr18:43733158-43733658:.	chr18	46153192	46153692	ATP5A1	chr18	46098603	29.683019638061523	4007.1545691565866	1	0
ATP5A1|chr18:44238076-44238576:.	chr18	46658113	46658613	ATP5A1	chr18	46098603	0.0	0.0	0	0
RPL17|chr18:46508499-46509074:.	chr18	48982129	48982704	RPL17	chr18	49492815	0.0	0.0	0	0
LMAN1|chr18:57548803-57550044:.	chr18	59881571	59882812	LMAN1	chr18	59359526	0.0	0.0	0	0
FAM69C|chr18:72147149-72148052:.	chr18	74479914	74480817	FAM69C	chr18	74457518	3.2085509300231934	10743.068370727022	1	1
ATP5D|chr19:555793-556394:.	chr19	555793	556394	ATP5D	chr19	1241499	0.0	0.0	0	0
ATP5D|chr19:789048-790207:.	chr19	789048	790207	ATP5D	chr19	1241499	0.0	0.0	0	0
ATP5D|chr19:791124-791624:.	chr19	791124	791624	ATP5D	chr19	1241499	0.0	0.0	0	0
ATP5D|chr19:980444-980944:.	chr19	980444	980944	ATP5D	chr19	1241499	0.0	0.0	0	0
ATP5D|chr19:982611-983111:.	chr19	982611	983111	ATP5D	chr19	1241499	0.0	0.0	0	0
ATP5D|chr19:1101708-1102208:.	chr19	1101709	1102209	ATP5D	chr19	1241499	0.0	0.0	1	0
ATP5D|chr19:1443135-1444413:.	chr19	1443136	1444414	ATP5D	chr19	1241499	0.0	0.0	0	0
ATP5D|chr19:2059458-2060333:.	chr19	2059459	2060334	ATP5D	chr19	1241499	0.0	0.0	0	0
ATP5D|chr19:2060901-2061899:.	chr19	2060902	2061900	ATP5D	chr19	1241499	0.0	0.0	0	0
BSG|chr19:980444-980944:.	chr19	980444	980944	BSG	chr19	572203	0.0	0.0	0	0
BSG|chr19:982611-983111:.	chr19	982611	983111	BSG	chr19	572203	0.0	0.0	0	0
BSG|chr19:1546108-1546608:.	chr19	1546109	1546609	BSG	chr19	572203	0.0	0.0	0	0
C19orf24|chr19:555793-556394:.	chr19	555793	556394	C19orf24	chr19	1275270	0.0	0.0	0	0
C19orf24|chr19:980444-980944:.	chr19	980444	980944	C19orf24	chr19	1275270	0.0	0.0	0	0
C19orf24|chr19:982611-983111:.	chr19	982611	983111	C19orf24	chr19	1275270	0.0	0.0	0	0
C19orf24|chr19:1546108-1546608:.	chr19	1546109	1546609	C19orf24	chr19	1275270	0.0	0.0	0	0
C19orf24|chr19:1897448-1897948:.	chr19	1897449	1897949	C19orf24	chr19	1275270	0.0	0.0	0	0
C19orf24|chr19:2056355-2056855:.	chr19	2056356	2056856	C19orf24	chr19	1275270	0.0	0.0	0	0
C19orf24|chr19:2059458-2060333:.	chr19	2059459	2060334	C19orf24	chr19	1275270	0.0	0.0	0	0
C19orf25|chr19:555793-556394:.	chr19	555793	556394	C19orf25	chr19	1479479	0.0	0.0	0	0
C19orf25|chr19:789048-790207:.	chr19	789048	790207	C19orf25	chr19	1479479	0.0	0.0	0	0
C19orf25|chr19:1546108-1546608:.	chr19	1546109	1546609	C19orf25	chr19	1479479	4.619344234466553	994.6949295217044	1	0
C19orf25|chr19:2059458-2060333:.	chr19	2059459	2060334	C19orf25	chr19	1479479	0.0	0.0	0	0
CFD|chr19:555793-556394:.	chr19	555793	556394	CFD	chr19	859408	0.0	0.0	0	0
R3HDM4|chr19:555793-556394:.	chr19	555793	556394	R3HDM4	chr19	913475	0.0	0.0	0	0
R3HDM4|chr19:1546108-1546608:.	chr19	1546109	1546609	R3HDM4	chr19	913475	0.0	0.0	0	0
R3HDM4|chr19:1850839-1851339:.	chr19	1850840	1851340	R3HDM4	chr19	913475	0.0	0.0	0	0
RNF126|chr19:555793-556394:.	chr19	555793	556394	RNF126	chr19	663483	0.0	0.0	1	0
DAZAP1|chr19:789048-790207:.	chr19	789048	790207	DAZAP1	chr19	1407318	0.0	0.0	0	0
DAZAP1|chr19:1101708-1102208:.	chr19	1101709	1102209	DAZAP1	chr19	1407318	0.0	0.0	0	0
DAZAP1|chr19:1897448-1897948:.	chr19	1897449	1897949	DAZAP1	chr19	1407318	0.0	0.0	0	0
DAZAP1|chr19:2059458-2060333:.	chr19	2059459	2060334	DAZAP1	chr19	1407318	0.0	0.0	0	1
DAZAP1|chr19:2060901-2061899:.	chr19	2060902	2061900	DAZAP1	chr19	1407318	0.0	0.0	0	0
DAZAP1|chr19:2355845-2356345:.	chr19	2355847	2356347	DAZAP1	chr19	1407318	0.0	0.0	0	0
GPX4|chr19:789048-790207:.	chr19	789048	790207	GPX4	chr19	1103675	0.0	0.0	0	0
GPX4|chr19:982611-983111:.	chr19	982611	983111	GPX4	chr19	1103675	0.0	0.0	1	0
GPX4|chr19:1546108-1546608:.	chr19	1546109	1546609	GPX4	chr19	1103675	0.0	0.0	0	0
GPX4|chr19:1850839-1851339:.	chr19	1850840	1851340	GPX4	chr19	1103675	0.0	0.0	0	0
GPX4|chr19:1872298-1872798:.	chr19	1872299	1872799	GPX4	chr19	1103675	0.0	0.0	0	0
GPX4|chr19:1873436-1873936:.	chr19	1873437	1873937	GPX4	chr19	1103675	0.0	0.0	0	0
GPX4|chr19:1897448-1897948:.	chr19	1897449	1897949	GPX4	chr19	1103675	0.0	0.0	0	0
NDUFS7|chr19:789048-790207:.	chr19	789048	790207	NDUFS7	chr19	1383633	0.0	0.0	0	0
NDUFS7|chr19:1546108-1546608:.	chr19	1546109	1546609	NDUFS7	chr19	1383633	0.0	0.0	1	0
NDUFS7|chr19:2059458-2060333:.	chr19	2059459	2060334	NDUFS7	chr19	1383633	0.0	0.0	0	0
NDUFS7|chr19:2060901-2061899:.	chr19	2060902	2061900	NDUFS7	chr19	1383633	0.0	0.0	0	0
NDUFS7|chr19:2355845-2356345:.	chr19	2355847	2356347	NDUFS7	chr19	1383633	0.0	0.0	0	0
POLR2E|chr19:789048-790207:.	chr19	789048	790207	POLR2E	chr19	1095642	0.0	0.0	0	0
POLR2E|chr19:980444-980944:.	chr19	980444	980944	POLR2E	chr19	1095642	0.0	0.0	1	0
POLR2E|chr19:1443135-1444413:.	chr19	1443136	1444414	POLR2E	chr19	1095642	0.0	0.0	0	0
POLR2E|chr19:1546108-1546608:.	chr19	1546109	1546609	POLR2E	chr19	1095642	0.0	0.0	0	0
POLR2E|chr19:1655898-1656398:.	chr19	1655899	1656399	POLR2E	chr19	1095642	0.0	0.0	0	0
POLR2E|chr19:1897448-1897948:.	chr19	1897449	1897949	POLR2E	chr19	1095642	0.0	0.0	0	0
POLR2E|chr19:2059458-2060333:.	chr19	2059459	2060334	POLR2E	chr19	1095642	0.0	0.0	0	0
POLR2E|chr19:2060901-2061899:.	chr19	2060902	2061900	POLR2E	chr19	1095642	0.0	0.0	0	0
PTBP1|chr19:980444-980944:.	chr19	980444	980944	PTBP1	chr19	797141	0.0	0.0	1	0
PTBP1|chr19:982611-983111:.	chr19	982611	983111	PTBP1	chr19	797141	0.0	0.0	1	0
PTBP1|chr19:1443135-1444413:.	chr19	1443136	1444414	PTBP1	chr19	797141	0.0	0.0	0	0
PTBP1|chr19:1546108-1546608:.	chr19	1546109	1546609	PTBP1	chr19	797141	0.0	0.0	0	0
RPS15|chr19:789048-790207:.	chr19	789048	790207	RPS15	chr19	1438113	0.0	0.0	0	0
RPS15|chr19:791124-791624:.	chr19	791124	791624	RPS15	chr19	1438113	0.0	0.0	0	0
RPS15|chr19:980444-980944:.	chr19	980444	980944	RPS15	chr19	1438113	0.0	0.0	0	0
RPS15|chr19:982611-983111:.	chr19	982611	983111	RPS15	chr19	1438113	0.0	0.0	0	0
RPS15|chr19:1101708-1102208:.	chr19	1101709	1102209	RPS15	chr19	1438113	0.0	0.0	0	0
RPS15|chr19:1443135-1444413:.	chr19	1443136	1444414	RPS15	chr19	1438113	100.2810516357422	6136.447345186581	1	0
RPS15|chr19:1546108-1546608:.	chr19	1546109	1546609	RPS15	chr19	1438113	0.0	0.0	1	0
RPS15|chr19:1850839-1851339:.	chr19	1850840	1851340	RPS15	chr19	1438113	0.0	0.0	0	0
RPS15|chr19:1873436-1873936:.	chr19	1873437	1873937	RPS15	chr19	1438113	0.0	0.0	0	0
RPS15|chr19:1897448-1897948:.	chr19	1897449	1897949	RPS15	chr19	1438113	0.0	0.0	0	0
RPS15|chr19:2059458-2060333:.	chr19	2059459	2060334	RPS15	chr19	1438113	0.0	0.0	0	0
RPS15|chr19:2060901-2061899:.	chr19	2060902	2061900	RPS15	chr19	1438113	0.0	0.0	0	0
RPS15|chr19:2355845-2356345:.	chr19	2355847	2356347	RPS15	chr19	1438113	0.0	0.0	0	0
RPS15|chr19:2385084-2385584:.	chr19	2385086	2385586	RPS15	chr19	1438113	0.0	0.0	0	0
TCF3|chr19:789048-790207:.	chr19	789048	790207	TCF3	chr19	1652579	0.0	0.0	0	0
TCF3|chr19:1897448-1897948:.	chr19	1897449	1897949	TCF3	chr19	1652579	0.0	0.0	0	0
TCF3|chr19:2059458-2060333:.	chr19	2059459	2060334	TCF3	chr19	1652579	0.0	0.0	0	0
TCF3|chr19:2507097-2507597:.	chr19	2507099	2507599	TCF3	chr19	1652579	0.0	0.0	0	0
ARID3A|chr19:1873436-1873936:.	chr19	1873437	1873937	ARID3A	chr19	925786	0.0	0.0	0	0
ARID3A|chr19:1897448-1897948:.	chr19	1897449	1897949	ARID3A	chr19	925786	0.0	0.0	0	0
CIRBP|chr19:980444-980944:.	chr19	980444	980944	CIRBP	chr19	1269017	0.0	0.0	0	0
CIRBP|chr19:1443135-1444413:.	chr19	1443136	1444414	CIRBP	chr19	1269017	0.0	0.0	1	0
CIRBP|chr19:1546108-1546608:.	chr19	1546109	1546609	CIRBP	chr19	1269017	0.0	0.0	0	0
CIRBP|chr19:1897448-1897948:.	chr19	1897449	1897949	CIRBP	chr19	1269017	0.0	0.0	0	0
CIRBP|chr19:2059458-2060333:.	chr19	2059459	2060334	CIRBP	chr19	1269017	0.0	0.0	0	0
CIRBP|chr19:2060901-2061899:.	chr19	2060902	2061900	CIRBP	chr19	1269017	0.0	0.0	0	0
MIDN|chr19:980444-980944:.	chr19	980444	980944	MIDN	chr19	1248302	0.0	0.0	0	0
UQCR11|chr19:980444-980944:.	chr19	980444	980944	UQCR11	chr19	1605734	0.0	0.0	0	0
UQCR11|chr19:1101708-1102208:.	chr19	1101709	1102209	UQCR11	chr19	1605734	0.0	0.0	0	0
UQCR11|chr19:1443135-1444413:.	chr19	1443136	1444414	UQCR11	chr19	1605734	0.0	0.0	1	0
UQCR11|chr19:1873436-1873936:.	chr19	1873437	1873937	UQCR11	chr19	1605734	0.0	0.0	0	0
UQCR11|chr19:2059458-2060333:.	chr19	2059459	2060334	UQCR11	chr19	1605734	0.0	0.0	0	0
UQCR11|chr19:2385084-2385584:.	chr19	2385086	2385586	UQCR11	chr19	1605734	0.0	0.0	0	0
UQCR11|chr19:2507097-2507597:.	chr19	2507099	2507599	UQCR11	chr19	1605734	0.0	0.0	0	0
ABHD17A|chr19:982611-983111:.	chr19	982611	983111	ABHD17A	chr19	1885769	0.0	0.0	0	0
SCAMP4|chr19:982611-983111:.	chr19	982611	983111	SCAMP4	chr19	1904963	0.0	0.0	0	0
TPGS1|chr19:982611-983111:.	chr19	982611	983111	TPGS1	chr19	507246	0.0	0.0	0	0
CDC34|chr19:1101708-1102208:.	chr19	1101709	1102209	CDC34	chr19	531482	0.0	0.0	0	0
GAMT|chr19:1101708-1102208:.	chr19	1101709	1102209	GAMT	chr19	1401820	0.0	0.0	0	0
GAMT|chr19:1546108-1546608:.	chr19	1546109	1546609	GAMT	chr19	1401820	0.0	0.0	1	0
GAMT|chr19:2059458-2060333:.	chr19	2059459	2060334	GAMT	chr19	1401820	0.0	0.0	0	0
GAMT|chr19:2060901-2061899:.	chr19	2060902	2061900	GAMT	chr19	1401820	0.0	0.0	0	0
REEP6|chr19:1101708-1102208:.	chr19	1101709	1102209	REEP6	chr19	1490754	0.0	0.0	0	0
REEP6|chr19:1546108-1546608:.	chr19	1546109	1546609	REEP6	chr19	1490754	17.977954864501953	1916.466349342724	1	0
REEP6|chr19:2059458-2060333:.	chr19	2059459	2060334	REEP6	chr19	1490754	0.0	0.0	0	0
REEP6|chr19:2355845-2356345:.	chr19	2355847	2356347	REEP6	chr19	1490754	0.0	0.0	0	0
REEP6|chr19:2385084-2385584:.	chr19	2385086	2385586	REEP6	chr19	1490754	0.0	0.0	0	0
LSM7|chr19:1443135-1444413:.	chr19	1443136	1444414	LSM7	chr19	2328865	0.0	0.0	0	0
LSM7|chr19:1873436-1873936:.	chr19	1873437	1873937	LSM7	chr19	2328865	0.0	0.0	0	0
LSM7|chr19:1897448-1897948:.	chr19	1897449	1897949	LSM7	chr19	2328865	0.0	0.0	0	0
LSM7|chr19:2059458-2060333:.	chr19	2059459	2060334	LSM7	chr19	2328865	0.0	0.0	0	0
LSM7|chr19:2060901-2061899:.	chr19	2060902	2061900	LSM7	chr19	2328865	0.0	0.0	0	0
LSM7|chr19:2507097-2507597:.	chr19	2507099	2507599	LSM7	chr19	2328865	0.0	0.0	1	0
LSM7|chr19:2865290-2866317:.	chr19	2865292	2866319	LSM7	chr19	2328865	0.0	0.0	0	0
LSM7|chr19:2974349-2974849:.	chr19	2974351	2974851	LSM7	chr19	2328865	0.0	0.0	0	0
LSM7|chr19:3073835-3074335:.	chr19	3073837	3074337	LSM7	chr19	2328865	0.0	0.0	0	0
OAZ1|chr19:1443135-1444413:.	chr19	1443136	1444414	OAZ1	chr19	2269235	0.0	0.0	0	0
OAZ1|chr19:1546108-1546608:.	chr19	1546109	1546609	OAZ1	chr19	2269235	0.0	0.0	0	0
OAZ1|chr19:1873436-1873936:.	chr19	1873437	1873937	OAZ1	chr19	2269235	0.0	0.0	0	0
OAZ1|chr19:1897448-1897948:.	chr19	1897449	1897949	OAZ1	chr19	2269235	0.0	0.0	0	0
OAZ1|chr19:2056355-2056855:.	chr19	2056356	2056856	OAZ1	chr19	2269235	0.0	0.0	0	0
OAZ1|chr19:2059458-2060333:.	chr19	2059459	2060334	OAZ1	chr19	2269235	0.0	0.0	0	0
OAZ1|chr19:2060901-2061899:.	chr19	2060902	2061900	OAZ1	chr19	2269235	0.0	0.0	0	0
OAZ1|chr19:2355845-2356345:.	chr19	2355847	2356347	OAZ1	chr19	2269235	0.5294842720031738	383.223147832322	1	0
OAZ1|chr19:2385084-2385584:.	chr19	2385086	2385586	OAZ1	chr19	2269235	0.0	0.0	1	0
OAZ1|chr19:2507097-2507597:.	chr19	2507099	2507599	OAZ1	chr19	2269235	0.0	0.0	0	0
OAZ1|chr19:2749133-2749633:.	chr19	2749135	2749635	OAZ1	chr19	2269235	0.0	0.0	0	0
OAZ1|chr19:3073835-3074335:.	chr19	3073837	3074337	OAZ1	chr19	2269235	0.0	0.0	0	0
OAZ1|chr19:3133300-3133800:.	chr19	3133302	3133802	OAZ1	chr19	2269235	0.0	0.0	0	0
OAZ1|chr19:3183670-3184170:.	chr19	3183672	3184172	OAZ1	chr19	2269235	0.0	0.0	0	0
PLEKHJ1|chr19:1443135-1444413:.	chr19	1443136	1444414	PLEKHJ1	chr19	2236603	0.0	0.0	0	0
PLEKHJ1|chr19:1873436-1873936:.	chr19	1873437	1873937	PLEKHJ1	chr19	2236603	0.0	0.0	0	0
PLEKHJ1|chr19:2059458-2060333:.	chr19	2059459	2060334	PLEKHJ1	chr19	2236603	0.0	0.0	1	0
PLEKHJ1|chr19:2060901-2061899:.	chr19	2060902	2061900	PLEKHJ1	chr19	2236603	0.0	0.0	1	0
PLEKHJ1|chr19:2355845-2356345:.	chr19	2355847	2356347	PLEKHJ1	chr19	2236603	0.0	0.0	1	0
PLEKHJ1|chr19:2507097-2507597:.	chr19	2507099	2507599	PLEKHJ1	chr19	2236603	0.0	0.0	0	0
PLEKHJ1|chr19:2974349-2974849:.	chr19	2974351	2974851	PLEKHJ1	chr19	2236603	0.0	0.0	0	0
PLEKHJ1|chr19:3073835-3074335:.	chr19	3073837	3074337	PLEKHJ1	chr19	2236603	0.0	0.0	0	0
PLEKHJ1|chr19:3183670-3184170:.	chr19	3183672	3184172	PLEKHJ1	chr19	2236603	0.0	0.0	0	0
SF3A2|chr19:1546108-1546608:.	chr19	1546109	1546609	SF3A2	chr19	2236566	0.0	0.0	0	0
SF3A2|chr19:2059458-2060333:.	chr19	2059459	2060334	SF3A2	chr19	2236566	0.0	0.0	1	0
SF3A2|chr19:2865290-2866317:.	chr19	2865292	2866319	SF3A2	chr19	2236566	0.0	0.0	0	0
SF3A2|chr19:2974349-2974849:.	chr19	2974351	2974851	SF3A2	chr19	2236566	0.0	0.0	0	0
TIMM13|chr19:1546108-1546608:.	chr19	1546109	1546609	TIMM13	chr19	2428166	0.0	0.0	0	0
TIMM13|chr19:1873436-1873936:.	chr19	1873437	1873937	TIMM13	chr19	2428166	0.0	0.0	0	0
TIMM13|chr19:1897448-1897948:.	chr19	1897449	1897949	TIMM13	chr19	2428166	0.0	0.0	0	0
TIMM13|chr19:2059458-2060333:.	chr19	2059459	2060334	TIMM13	chr19	2428166	0.0	0.0	0	0
TIMM13|chr19:2060901-2061899:.	chr19	2060902	2061900	TIMM13	chr19	2428166	0.0	0.0	0	0
TIMM13|chr19:2355845-2356345:.	chr19	2355847	2356347	TIMM13	chr19	2428166	12.56390380859375	1425.2945821951926	1	0
TIMM13|chr19:2507097-2507597:.	chr19	2507099	2507599	TIMM13	chr19	2428166	8.123775482177734	921.5904035971802	1	0
TIMM13|chr19:3133300-3133800:.	chr19	3133302	3133802	TIMM13	chr19	2428166	0.0	0.0	0	1
TMEM259|chr19:1546108-1546608:.	chr19	1546109	1546609	TMEM259	chr19	1021392	0.0	0.0	0	0
SGTA|chr19:1873436-1873936:.	chr19	1873437	1873937	SGTA	chr19	2783606	0.0	0.0	0	0
SGTA|chr19:2059458-2060333:.	chr19	2059459	2060334	SGTA	chr19	2783606	0.0	0.0	0	0
SGTA|chr19:2355845-2356345:.	chr19	2355847	2356347	SGTA	chr19	2783606	0.0	0.0	0	0
SGTA|chr19:3343471-3344611:.	chr19	3343473	3344613	SGTA	chr19	2783606	0.0	0.0	0	0
SLC39A3|chr19:1873436-1873936:.	chr19	1873437	1873937	SLC39A3	chr19	2740326	0.0	0.0	0	0
SLC39A3|chr19:1897448-1897948:.	chr19	1897449	1897949	SLC39A3	chr19	2740326	0.0	0.0	0	0
SLC39A3|chr19:2059458-2060333:.	chr19	2059459	2060334	SLC39A3	chr19	2740326	0.0	0.0	0	0
SLC39A3|chr19:2355845-2356345:.	chr19	2355847	2356347	SLC39A3	chr19	2740326	0.0	0.0	0	0
SLC39A3|chr19:2974349-2974849:.	chr19	2974351	2974851	SLC39A3	chr19	2740326	0.0	0.0	0	0
SLC39A3|chr19:3073835-3074335:.	chr19	3073837	3074337	SLC39A3	chr19	2740326	0.0	0.0	0	0
AP3D1|chr19:2059458-2060333:.	chr19	2059459	2060334	AP3D1	chr19	2151807	15.761785507202148	1178.910370312327	1	0
CNN2|chr19:1897448-1897948:.	chr19	1897449	1897949	CNN2	chr19	1026024	0.0	0.0	0	0
LMNB2|chr19:2059458-2060333:.	chr19	2059459	2060334	LMNB2	chr19	2457218	0.0	0.0	0	0
MBD3|chr19:2059458-2060333:.	chr19	2059459	2060334	MBD3	chr19	1593011	0.0	0.0	0	1
MUM1|chr19:2059458-2060333:.	chr19	2059459	2060334	MUM1	chr19	1354726	0.0	0.0	0	0
THOP1|chr19:2059458-2060333:.	chr19	2059459	2060334	THOP1	chr19	2785209	0.0	0.0	0	0
AES|chr19:2355845-2356345:.	chr19	2355847	2356347	AES	chr19	3062623	0.0	0.0	0	0
MRPL54|chr19:2865290-2866317:.	chr19	2865292	2866319	MRPL54	chr19	3762416	0.0	0.0	0	0
MRPL54|chr19:2974349-2974849:.	chr19	2974351	2974851	MRPL54	chr19	3762416	0.0	0.0	0	0
MRPL54|chr19:4145484-4146223:.	chr19	4145487	4146226	MRPL54	chr19	3762416	0.0	0.0	0	0
HMG20B|chr19:2974349-2974849:.	chr19	2974351	2974851	HMG20B	chr19	3572694	0.0	0.0	0	0
HMG20B|chr19:3073835-3074335:.	chr19	3073837	3074337	HMG20B	chr19	3572694	0.0	0.0	0	0
HMG20B|chr19:4005499-4005999:.	chr19	4005501	4006001	HMG20B	chr19	3572694	0.0	0.0	0	0
EEF2|chr19:3073835-3074335:.	chr19	3073837	3074337	EEF2	chr19	3985713	0.0	0.0	0	0
EEF2|chr19:3133300-3133800:.	chr19	3133302	3133802	EEF2	chr19	3985713	0.0	0.0	0	0
EEF2|chr19:3183670-3184170:.	chr19	3183672	3184172	EEF2	chr19	3985713	0.0	0.0	0	0
EEF2|chr19:3343471-3344611:.	chr19	3343473	3344613	EEF2	chr19	3985713	0.0	0.0	0	0
EEF2|chr19:4005499-4005999:.	chr19	4005501	4006001	EEF2	chr19	3985713	57.76280212402344	3251.62512263956	1	0
EEF2|chr19:4145484-4146223:.	chr19	4145487	4146226	EEF2	chr19	3985713	0.0	0.0	1	0
EEF2|chr19:4812805-4813514:.	chr19	4812793	4813502	EEF2	chr19	3985713	0.0	0.0	0	0
NFIC|chr19:3073835-3074335:.	chr19	3073837	3074337	NFIC	chr19	3366316	0.0	0.0	0	0
MYDGF|chr19:4145484-4146223:.	chr19	4145487	4146226	MYDGF	chr19	4670653	0.0	0.0	0	0
MYDGF|chr19:4812805-4813514:.	chr19	4812793	4813502	MYDGF	chr19	4670653	0.0	0.0	1	0
MYDGF|chr19:4870072-4870572:.	chr19	4870060	4870560	MYDGF	chr19	4670653	0.0	0.0	0	0
MYDGF|chr19:5434920-5435812:.	chr19	5434909	5435801	MYDGF	chr19	4670653	0.0	0.0	0	0
MYDGF|chr19:5436551-5437051:.	chr19	5436540	5437040	MYDGF	chr19	4670653	0.0	0.0	0	0
PIP5K1C|chr19:4145484-4146223:.	chr19	4145487	4146226	PIP5K1C	chr19	3700729	0.0	0.0	0	0
C19orf70|chr19:4812805-4813514:.	chr19	4812793	4813502	C19orf70	chr19	5681146	0.0	0.0	0	0
C19orf70|chr19:5436551-5437051:.	chr19	5436540	5437040	C19orf70	chr19	5681146	0.0	0.0	0	0
C19orf70|chr19:6504704-6505204:.	chr19	6504693	6505193	C19orf70	chr19	5681146	0.0	0.0	0	0
C19orf70|chr19:6516791-6517291:.	chr19	6516780	6517280	C19orf70	chr19	5681146	0.0	0.0	0	0
C19orf70|chr19:6674804-6675304:.	chr19	6674793	6675293	C19orf70	chr19	5681146	0.0	0.0	0	0
RPL36|chr19:4812805-4813514:.	chr19	4812793	4813502	RPL36	chr19	5690084	0.0	0.0	0	0
RPL36|chr19:5436551-5437051:.	chr19	5436540	5437040	RPL36	chr19	5690084	0.0	0.0	0	0
RPL36|chr19:6504704-6505204:.	chr19	6504693	6505193	RPL36	chr19	5690084	0.0	0.0	0	0
RPL36|chr19:6516791-6517291:.	chr19	6516780	6517280	RPL36	chr19	5690084	0.0	0.0	0	0
CLPP|chr19:5434920-5435812:.	chr19	5434909	5435801	CLPP	chr19	6361201	0.0	0.0	0	0
CLPP|chr19:5436551-5437051:.	chr19	5436540	5437040	CLPP	chr19	6361201	0.0	0.0	0	0
CLPP|chr19:6516791-6517291:.	chr19	6516780	6517280	CLPP	chr19	6361201	0.0	0.0	1	0
CLPP|chr19:6528768-6529268:.	chr19	6528757	6529257	CLPP	chr19	6361201	0.0	0.0	1	0
CLPP|chr19:6674804-6675304:.	chr19	6674793	6675293	CLPP	chr19	6361201	0.0	0.0	0	0
CLPP|chr19:7098637-7099865:.	chr19	7098626	7099854	CLPP	chr19	6361201	0.0	0.0	0	0
KHSRP|chr19:5434920-5435812:.	chr19	5434909	5435801	KHSRP	chr19	6425061	0.0	0.0	0	0
KHSRP|chr19:5436551-5437051:.	chr19	5436540	5437040	KHSRP	chr19	6425061	0.0	0.0	0	0
NDUFA11|chr19:5434920-5435812:.	chr19	5434909	5435801	NDUFA11	chr19	5904263	0.0	0.0	0	0
ALKBH7|chr19:5436551-5437051:.	chr19	5436540	5437040	ALKBH7	chr19	6372182	0.0	0.0	0	0
ALKBH7|chr19:6528768-6529268:.	chr19	6528757	6529257	ALKBH7	chr19	6372182	0.0	0.0	1	0
ALKBH7|chr19:6674804-6675304:.	chr19	6674793	6675293	ALKBH7	chr19	6372182	0.0	0.0	0	0
ALKBH7|chr19:7098637-7099865:.	chr19	7098626	7099854	ALKBH7	chr19	6372182	0.0	0.0	0	0
GTF2F1|chr19:5436551-5437051:.	chr19	5436540	5437040	GTF2F1	chr19	6393530	0.0	0.0	0	0
GTF2F1|chr19:6516791-6517291:.	chr19	6516780	6517280	GTF2F1	chr19	6393530	0.0	0.0	1	0
SAFB2|chr19:5436551-5437051:.	chr19	5436540	5437040	SAFB2	chr19	5623177	0.0	0.0	1	0
NRTN|chr19:6674804-6675304:.	chr19	6674793	6675293	NRTN	chr19	5823551	0.0	0.0	0	1
HNRNPM|chr19:7633210-7633710:.	chr19	7568324	7568824	HNRNPM	chr19	8444668	0.0	0.0	0	0
HNRNPM|chr19:8098038-8098807:.	chr19	8033154	8033923	HNRNPM	chr19	8444668	0.0	0.0	0	1
RAB11B|chr19:7633210-7633710:.	chr19	7568324	7568824	RAB11B	chr19	8390070	0.0	0.0	0	0
RAB11B|chr19:7716936-7717436:.	chr19	7652050	7652550	RAB11B	chr19	8390070	0.0	0.0	0	0
RPS28|chr19:7633210-7633710:.	chr19	7568324	7568824	RPS28	chr19	8321249	0.0	0.0	0	0
RPS28|chr19:7716936-7717436:.	chr19	7652050	7652550	RPS28	chr19	8321249	0.0	0.0	0	0
RPS28|chr19:8098038-8098807:.	chr19	8033154	8033923	RPS28	chr19	8321249	0.0	0.0	0	0
RPS28|chr19:8226002-8226502:.	chr19	8161118	8161618	RPS28	chr19	8321249	0.0	0.0	1	0
TRIP10|chr19:7633210-7633710:.	chr19	7568324	7568824	TRIP10	chr19	6739431	0.0	0.0	0	0
ELAVL1|chr19:7864378-7864878:.	chr19	7799492	7799992	ELAVL1	chr19	8005895	0.0	0.0	0	0
ELAVL1|chr19:8098038-8098807:.	chr19	8033154	8033923	ELAVL1	chr19	8005895	101.23726654052734	13904.68277763028	1	1
CD320|chr19:8098038-8098807:.	chr19	8033154	8033923	CD320	chr19	8308606	0.0	0.0	0	0
MAP2K7|chr19:8098038-8098807:.	chr19	8033154	8033923	MAP2K7	chr19	7903529	0.0	0.0	1	0
MAP2K7|chr19:8226002-8226502:.	chr19	8161118	8161618	MAP2K7	chr19	7903529	0.0	0.0	0	0
STXBP2|chr19:8098038-8098807:.	chr19	8033154	8033923	STXBP2	chr19	7636850	0.0	0.0	0	0
CDC37|chr19:10138304-10138804:.	chr19	10027628	10028128	CDC37	chr19	10403845	0.0	0.0	0	0
CDC37|chr19:10346733-10347233:.	chr19	10236057	10236557	CDC37	chr19	10403845	0.0	0.0	1	0
CDC37|chr19:11195952-11196683:.	chr19	11085276	11086007	CDC37	chr19	10403845	0.0	0.0	0	0
UBL5|chr19:10138304-10138804:.	chr19	10027628	10028128	UBL5	chr19	9827641	0.0	0.0	0	0
UBL5|chr19:10346733-10347233:.	chr19	10236057	10236557	UBL5	chr19	9827641	0.0	0.0	0	0
UBL5|chr19:10410086-10410946:.	chr19	10299410	10300270	UBL5	chr19	9827641	0.0	0.0	0	0
ATG4D|chr19:10346733-10347233:.	chr19	10236057	10236557	ATG4D	chr19	10543643	0.0	0.0	0	0
ATG4D|chr19:11195952-11196683:.	chr19	11085276	11086007	ATG4D	chr19	10543643	0.0	0.0	0	0
DNM2|chr19:10346733-10347233:.	chr19	10236057	10236557	DNM2	chr19	10717802	0.0	0.0	0	0
DNMT1|chr19:10652061-10652561:.	chr19	10541385	10541885	DNMT1	chr19	10195385	0.0	0.0	0	0
DNMT1|chr19:11195952-11196683:.	chr19	11085276	11086007	DNMT1	chr19	10195385	0.0	0.0	0	0
EIF3G|chr19:10410086-10410946:.	chr19	10299410	10300270	EIF3G	chr19	10120174	0.0	0.0	1	0
EIF3G|chr19:10652061-10652561:.	chr19	10541385	10541885	EIF3G	chr19	10120174	0.0	0.0	0	0
EIF3G|chr19:11195952-11196683:.	chr19	11085276	11086007	EIF3G	chr19	10120174	0.0	0.0	0	0
FBXL12|chr19:10346733-10347233:.	chr19	10236057	10236557	FBXL12	chr19	9819353	0.0	0.0	0	0
ICAM3|chr19:10346733-10347233:.	chr19	10236057	10236557	ICAM3	chr19	10340084	0.0	0.0	1	0
ICAM3|chr19:10410086-10410946:.	chr19	10299410	10300270	ICAM3	chr19	10340084	0.1045062839984893	3496.003185980236	1	1
ICAM3|chr19:11195952-11196683:.	chr19	11085276	11086007	ICAM3	chr19	10340084	0.0	0.0	0	0
ICAM3|chr19:11270620-11271246:.	chr19	11159944	11160570	ICAM3	chr19	10340084	0.0	0.0	0	0
ICAM4|chr19:10346733-10347233:.	chr19	10236057	10236557	ICAM4	chr19	10286716	1.3122581243515017	2107.983789828787	1	0
ILF3|chr19:10346733-10347233:.	chr19	10236057	10236557	ILF3	chr19	10654010	0.0	0.0	0	0
ILF3|chr19:10652061-10652561:.	chr19	10541385	10541885	ILF3	chr19	10654010	0.0	0.0	1	0
ILF3|chr19:11195952-11196683:.	chr19	11085276	11086007	ILF3	chr19	10654010	0.0	0.0	0	0
ILF3|chr19:11270620-11271246:.	chr19	11159944	11160570	ILF3	chr19	10654010	0.0	0.0	0	0
ILF3-AS1|chr19:10346733-10347233:.	chr19	10236057	10236557	ILF3-AS1	chr19	10654122	0.0	0.0	0	0
ILF3-AS1|chr19:11195952-11196683:.	chr19	11085276	11086007	ILF3-AS1	chr19	10654122	0.0	0.0	0	0
MRPL4|chr19:10652061-10652561:.	chr19	10541385	10541885	MRPL4	chr19	10251713	0.0	0.0	0	0
MRPL4|chr19:11270620-11271246:.	chr19	11159944	11160570	MRPL4	chr19	10251713	0.0	0.0	0	0
PIN1|chr19:10346733-10347233:.	chr19	10236057	10236557	PIN1	chr19	9834956	0.0	0.0	0	0
PIN1|chr19:10652061-10652561:.	chr19	10541385	10541885	PIN1	chr19	9834956	0.0	0.0	0	0
PPAN|chr19:10410086-10410946:.	chr19	10299410	10300270	PPAN	chr19	10105972	0.0	0.0	1	0
SMARCA4|chr19:10346733-10347233:.	chr19	10236057	10236557	SMARCA4	chr19	10983901	0.0	0.0	0	0
TMEM205|chr19:10652061-10652561:.	chr19	10541385	10541885	TMEM205	chr19	11346555	0.0	0.0	0	0
TMEM205|chr19:11270620-11271246:.	chr19	11159944	11160570	TMEM205	chr19	11346555	0.0	0.0	1	0
ELOF1|chr19:11195952-11196683:.	chr19	11085276	11086007	ELOF1	chr19	11559486	0.0	0.0	0	0
ELOF1|chr19:11270620-11271246:.	chr19	11159944	11160570	ELOF1	chr19	11559486	0.0	0.0	0	0
ELOF1|chr19:12034380-12034880:.	chr19	11923565	11924065	ELOF1	chr19	11559486	0.0	0.0	0	0
PRKCSH|chr19:11195952-11196683:.	chr19	11085276	11086007	PRKCSH	chr19	11435006	0.0	0.0	0	0
ACP5|chr19:11270620-11271246:.	chr19	11159944	11160570	ACP5	chr19	11579258	0.0	0.0	0	0
ASNA1|chr19:12034380-12034880:.	chr19	11923565	11924065	ASNA1	chr19	12737208	0.0	0.0	0	0
ASNA1|chr19:13274437-13275805:.	chr19	13163623	13164991	ASNA1	chr19	12737208	0.0	0.0	0	0
ASNA1|chr19:13278293-13278959:.	chr19	13167479	13168145	ASNA1	chr19	12737208	0.0	0.0	0	0
GADD45GIP1|chr19:13274437-13275805:.	chr19	13163623	13164991	GADD45GIP1	chr19	12957504	0.0	0.0	0	0
GADD45GIP1|chr19:13278293-13278959:.	chr19	13167479	13168145	GADD45GIP1	chr19	12957504	0.0	0.0	0	0
GADD45GIP1|chr19:13828053-13828630:.	chr19	13717239	13717816	GADD45GIP1	chr19	12957504	0.0	0.0	0	0
GADD45GIP1|chr19:13957033-13958209:.	chr19	13846219	13847395	GADD45GIP1	chr19	12957504	0.0	0.0	0	0
C19orf53|chr19:13278293-13278959:.	chr19	13167479	13168145	C19orf53	chr19	13774192	0.0	0.0	0	0
C19orf53|chr19:13828053-13828630:.	chr19	13717239	13717816	C19orf53	chr19	13774192	21.782928466796875	1211.6960981446073	1	0
C19orf53|chr19:13953516-13954016:.	chr19	13842702	13843202	C19orf53	chr19	13774192	21.796640396118164	1212.4588372447226	1	0
C19orf53|chr19:13961895-13962395:.	chr19	13851081	13851581	C19orf53	chr19	13774192	23.724853515625	1319.7175245630508	1	0
C19orf53|chr19:14134265-14134765:.	chr19	14023453	14023953	C19orf53	chr19	13774192	0.0	0.0	0	0
C19orf53|chr19:14405664-14406286:.	chr19	14294852	14295474	C19orf53	chr19	13774192	0.0	0.0	0	0
C19orf53|chr19:14483115-14483615:.	chr19	14372303	14372803	C19orf53	chr19	13774192	0.0	0.0	0	0
C19orf53|chr19:14536486-14536986:.	chr19	14425674	14426174	C19orf53	chr19	13774192	0.0	0.0	0	0
C19orf53|chr19:14618472-14618972:.	chr19	14507660	14508160	C19orf53	chr19	13774192	0.0	0.0	0	0
C19orf53|chr19:14685013-14685513:.	chr19	14574201	14574701	C19orf53	chr19	13774192	0.0	0.0	0	0
C19orf53|chr19:14724834-14725334:.	chr19	14614022	14614522	C19orf53	chr19	13774192	0.0	0.0	0	0
DNAJB1|chr19:13828053-13828630:.	chr19	13717239	13717816	DNAJB1	chr19	14518809	0.0	0.0	0	0
DNAJB1|chr19:14895503-14896397:.	chr19	14784691	14785585	DNAJB1	chr19	14518809	0.0	0.0	0	0
NDUFB7|chr19:13828053-13828630:.	chr19	13717239	13717816	NDUFB7	chr19	14572327	0.0	0.0	0	0
NDUFB7|chr19:13957033-13958209:.	chr19	13846219	13847395	NDUFB7	chr19	14572327	0.0	0.0	0	0
NDUFB7|chr19:13961895-13962395:.	chr19	13851081	13851581	NDUFB7	chr19	14572327	0.0	0.0	0	0
NDUFB7|chr19:14134265-14134765:.	chr19	14023453	14023953	NDUFB7	chr19	14572327	0.0	0.0	0	0
NDUFB7|chr19:14405664-14406286:.	chr19	14294852	14295474	NDUFB7	chr19	14572327	0.0	0.0	0	0
NDUFB7|chr19:14483115-14483615:.	chr19	14372303	14372803	NDUFB7	chr19	14572327	0.0	0.0	0	0
NDUFB7|chr19:14536486-14536986:.	chr19	14425674	14426174	NDUFB7	chr19	14572327	0.0	0.0	1	0
NDUFB7|chr19:14618472-14618972:.	chr19	14507660	14508160	NDUFB7	chr19	14572327	27.728763580322266	1570.696713740835	1	0
DDX39A|chr19:13950297-13950797:.	chr19	13839483	13839983	DDX39A	chr19	14419633	0.0	0.0	0	1
DDX39A|chr19:13957033-13958209:.	chr19	13846219	13847395	DDX39A	chr19	14419633	0.0	0.0	0	0
DDX39A|chr19:14483115-14483615:.	chr19	14372303	14372803	DDX39A	chr19	14419633	22.26352310180664	1353.0461612107838	1	0
DDX39A|chr19:14895503-14896397:.	chr19	14784691	14785585	DDX39A	chr19	14419633	0.0	0.0	0	0
GIPC1|chr19:14895503-14896397:.	chr19	14784691	14785585	GIPC1	chr19	14496399	0.0	0.0	0	0
PKN1|chr19:13960688-13961572:.	chr19	13849874	13850758	PKN1	chr19	14433103	0.0	0.0	0	0
TECR|chr19:14134265-14134765:.	chr19	14023453	14023953	TECR	chr19	14529316	0.0	0.0	0	0
TECR|chr19:14405664-14406286:.	chr19	14294852	14295474	TECR	chr19	14529316	0.0	0.0	0	0
TECR|chr19:14536486-14536986:.	chr19	14425674	14426174	TECR	chr19	14529316	0.0	0.0	1	0
TECR|chr19:14895503-14896397:.	chr19	14784691	14785585	TECR	chr19	14529316	0.0	0.0	0	0
AKAP8L|chr19:14685013-14685513:.	chr19	14574201	14574701	AKAP8L	chr19	15419371	0.0	0.0	0	0
AKAP8L|chr19:14895503-14896397:.	chr19	14784691	14785585	AKAP8L	chr19	15419371	0.0	0.0	0	0
ASF1B|chr19:14724834-14725334:.	chr19	14614022	14614522	ASF1B	chr19	14136878	0.0	0.0	0	0
ASF1B|chr19:14895503-14896397:.	chr19	14784691	14785585	ASF1B	chr19	14136878	0.0	0.0	0	0
BRD4|chr19:14895503-14896397:.	chr19	14784691	14785585	BRD4	chr19	15280701	0.0	0.0	0	0
BABAM1|chr19:16995921-16996421:.	chr19	16885110	16885610	BABAM1	chr19	17267125	0.0	0.0	0	0
MRPL34|chr19:16995921-16996421:.	chr19	16885110	16885610	MRPL34	chr19	17305417	0.0	0.0	0	0
MRPL34|chr19:18400719-18401530:.	chr19	18289909	18290720	MRPL34	chr19	17305417	0.0	0.0	0	0
NR2F6|chr19:16995921-16996421:.	chr19	16885110	16885610	NR2F6	chr19	17245592	0.0	0.0	0	0
NR2F6|chr19:17509642-17510431:.	chr19	17398833	17399622	NR2F6	chr19	17245592	0.0	0.0	1	0
RPL18A|chr19:16995921-16996421:.	chr19	16885110	16885610	RPL18A	chr19	17859627	0.0	0.0	0	0
RPL18A|chr19:17400270-17400770:.	chr19	17289461	17289961	RPL18A	chr19	17859627	0.0	0.0	0	0
RPL18A|chr19:18155719-18156219:.	chr19	18044909	18045409	RPL18A	chr19	17859627	0.0	0.0	1	0
RPL18A|chr19:18400719-18401530:.	chr19	18289909	18290720	RPL18A	chr19	17859627	0.0	0.0	0	0
RPL18A|chr19:18402287-18403095:.	chr19	18291477	18292285	RPL18A	chr19	17859627	0.0	0.0	0	0
RPL18A|chr19:18411791-18412291:.	chr19	18300981	18301481	RPL18A	chr19	17859627	0.0	0.0	0	0
RPL18A|chr19:18414192-18414692:.	chr19	18303382	18303882	RPL18A	chr19	17859627	0.0	0.0	0	0
RPL18A|chr19:18518796-18519439:.	chr19	18407986	18408629	RPL18A	chr19	17859627	0.0	0.0	0	0
USE1|chr19:16995921-16996421:.	chr19	16885110	16885610	USE1	chr19	17215095	0.0	0.0	0	0
USE1|chr19:18155719-18156219:.	chr19	18044909	18045409	USE1	chr19	17215095	0.0	0.0	0	0
MVB12A|chr19:17400270-17400770:.	chr19	17289461	17289961	MVB12A	chr19	17419596	0.0	0.0	1	0
MVB12A|chr19:18402287-18403095:.	chr19	18291477	18292285	MVB12A	chr19	17419596	0.0	0.0	0	0
SMIM7|chr19:17400270-17400770:.	chr19	17289461	17289961	SMIM7	chr19	16660407	0.0	0.0	0	0
BST2|chr19:17509642-17510431:.	chr19	17398833	17399622	BST2	chr19	17405898	192.96145629882807	16267.3850515659	1	1
BST2|chr19:18155719-18156219:.	chr19	18044909	18045409	BST2	chr19	17405898	0.0	0.0	0	0
BST2|chr19:18400719-18401530:.	chr19	18289909	18290720	BST2	chr19	17405898	0.0	0.0	0	0
BST2|chr19:18402287-18403095:.	chr19	18291477	18292285	BST2	chr19	17405898	0.0	0.0	0	0
BST2|chr19:18411791-18412291:.	chr19	18300981	18301481	BST2	chr19	17405898	0.0	0.0	0	0
CCDC124|chr19:17509642-17510431:.	chr19	17398833	17399622	CCDC124	chr19	17934845	0.0	0.0	0	0
CCDC124|chr19:18155719-18156219:.	chr19	18044909	18045409	CCDC124	chr19	17934845	0.0	0.0	1	0
CCDC124|chr19:18400719-18401530:.	chr19	18289909	18290720	CCDC124	chr19	17934845	0.0	0.0	0	0
CCDC124|chr19:18402287-18403095:.	chr19	18291477	18292285	CCDC124	chr19	17934845	0.0	0.0	0	0
CCDC124|chr19:18414192-18414692:.	chr19	18303382	18303882	CCDC124	chr19	17934845	0.0	0.0	0	0
LSM4|chr19:17509642-17510431:.	chr19	17398833	17399622	LSM4	chr19	18323441	0.0	0.0	0	0
LSM4|chr19:18155719-18156219:.	chr19	18044909	18045409	LSM4	chr19	18323441	0.0	0.0	0	0
LSM4|chr19:18518796-18519439:.	chr19	18407986	18408629	LSM4	chr19	18323441	2.68459701538086	427.0926270400313	1	0
LSM4|chr19:19173170-19173670:.	chr19	19062361	19062861	LSM4	chr19	18323441	0.0	0.0	0	0
MPV17L2|chr19:17509642-17510431:.	chr19	17398833	17399622	MPV17L2	chr19	18192979	0.0	0.0	0	0
OCEL1|chr19:17509642-17510431:.	chr19	17398833	17399622	OCEL1	chr19	17225953	0.0	0.0	1	0
PGLS|chr19:17509642-17510431:.	chr19	17398833	17399622	PGLS	chr19	17511372	0.0	0.0	1	0
PGLS|chr19:18155719-18156219:.	chr19	18044909	18045409	PGLS	chr19	17511372	0.0	0.0	0	0
PGLS|chr19:18402287-18403095:.	chr19	18291477	18292285	PGLS	chr19	17511372	0.0	0.0	0	0
PGPEP1|chr19:17509642-17510431:.	chr19	17398833	17399622	PGPEP1	chr19	18340336	0.0	0.0	0	0
PGPEP1|chr19:18400719-18401530:.	chr19	18289909	18290720	PGPEP1	chr19	18340336	12.189984321594238	1429.335874809894	1	0
SLC35E1|chr19:17509642-17510431:.	chr19	17398833	17399622	SLC35E1	chr19	16572632	0.0	0.0	0	0
C19orf60|chr19:18155719-18156219:.	chr19	18044909	18045409	C19orf60	chr19	18588434	0.0	0.0	0	0
C19orf60|chr19:18411791-18412291:.	chr19	18300981	18301481	C19orf60	chr19	18588434	0.0	0.0	0	0
C19orf60|chr19:18518796-18519439:.	chr19	18407986	18408629	C19orf60	chr19	18588434	0.0	0.0	1	0
C19orf60|chr19:19475476-19476147:.	chr19	19364667	19365338	C19orf60	chr19	18588434	0.0	0.0	0	0
COPE|chr19:18155719-18156219:.	chr19	18044909	18045409	COPE	chr19	18919640	0.0	0.0	0	0
COPE|chr19:18400719-18401530:.	chr19	18289909	18290720	COPE	chr19	18919640	0.0	0.0	0	0
COPE|chr19:18402287-18403095:.	chr19	18291477	18292285	COPE	chr19	18919640	0.0	0.0	0	0
COPE|chr19:18411791-18412291:.	chr19	18300981	18301481	COPE	chr19	18919640	0.0	0.0	0	0
COPE|chr19:19173170-19173670:.	chr19	19062361	19062861	COPE	chr19	18919640	0.0	0.0	1	0
COPE|chr19:19475476-19476147:.	chr19	19364667	19365338	COPE	chr19	18919640	0.0	0.0	0	0
COPE|chr19:19483797-19484297:.	chr19	19372988	19373488	COPE	chr19	18919640	0.0	0.0	0	0
DDA1|chr19:18155719-18156219:.	chr19	18044909	18045409	DDA1	chr19	17309277	0.0	0.0	0	0
FKBP8|chr19:18155719-18156219:.	chr19	18044909	18045409	FKBP8	chr19	18543846	0.0	0.0	0	0
FKBP8|chr19:18400719-18401530:.	chr19	18289909	18290720	FKBP8	chr19	18543846	0.0	0.0	0	0
FKBP8|chr19:18402287-18403095:.	chr19	18291477	18292285	FKBP8	chr19	18543846	0.0	0.0	0	0
FKBP8|chr19:18411791-18412291:.	chr19	18300981	18301481	FKBP8	chr19	18543846	0.0	0.0	0	0
FKBP8|chr19:18414192-18414692:.	chr19	18303382	18303882	FKBP8	chr19	18543846	0.0	0.0	0	0
FKBP8|chr19:18518796-18519439:.	chr19	18407986	18408629	FKBP8	chr19	18543846	0.0	0.0	1	0
FKBP8|chr19:19475476-19476147:.	chr19	19364667	19365338	FKBP8	chr19	18543846	0.0	0.0	0	0
FKBP8|chr19:19483797-19484297:.	chr19	19372988	19373488	FKBP8	chr19	18543846	0.0	0.0	0	0
KXD1|chr19:18155719-18156219:.	chr19	18044909	18045409	KXD1	chr19	18557511	0.0	0.0	0	0
KXD1|chr19:18400719-18401530:.	chr19	18289909	18290720	KXD1	chr19	18557511	0.0	0.0	0	0
KXD1|chr19:18402287-18403095:.	chr19	18291477	18292285	KXD1	chr19	18557511	0.0	0.0	0	0
KXD1|chr19:18411791-18412291:.	chr19	18300981	18301481	KXD1	chr19	18557511	0.0	0.0	0	0
KXD1|chr19:18414192-18414692:.	chr19	18303382	18303882	KXD1	chr19	18557511	0.0	0.0	0	0
KXD1|chr19:18518796-18519439:.	chr19	18407986	18408629	KXD1	chr19	18557511	0.0	0.0	1	0
KXD1|chr19:19173170-19173670:.	chr19	19062361	19062861	KXD1	chr19	18557511	0.0	0.0	0	0
KXD1|chr19:19475476-19476147:.	chr19	19364667	19365338	KXD1	chr19	18557511	0.0	0.0	0	0
KXD1|chr19:19483797-19484297:.	chr19	19372988	19373488	KXD1	chr19	18557511	0.0	0.0	0	0
UBA52|chr19:18155719-18156219:.	chr19	18044909	18045409	UBA52	chr19	18571551	0.0	0.0	0	0
UBA52|chr19:18400719-18401530:.	chr19	18289909	18290720	UBA52	chr19	18571551	0.0	0.0	0	0
UBA52|chr19:18402287-18403095:.	chr19	18291477	18292285	UBA52	chr19	18571551	0.0	0.0	0	0
UBA52|chr19:18411791-18412291:.	chr19	18300981	18301481	UBA52	chr19	18571551	0.0	0.0	0	0
UBA52|chr19:18414192-18414692:.	chr19	18303382	18303882	UBA52	chr19	18571551	0.0	0.0	0	0
UBA52|chr19:18518796-18519439:.	chr19	18407986	18408629	UBA52	chr19	18571551	0.0	0.0	1	0
UBA52|chr19:19475476-19476147:.	chr19	19364667	19365338	UBA52	chr19	18571551	0.0	0.0	0	0
UBA52|chr19:19483797-19484297:.	chr19	19372988	19373488	UBA52	chr19	18571551	0.0	0.0	0	0
ISYNA1|chr19:18400719-18401530:.	chr19	18289909	18290720	ISYNA1	chr19	18438551	0.0	0.0	1	0
ISYNA1|chr19:19475476-19476147:.	chr19	19364667	19365338	ISYNA1	chr19	18438551	0.0	0.0	0	0
ISYNA1|chr19:19483797-19484297:.	chr19	19372988	19373488	ISYNA1	chr19	18438551	0.0	0.0	0	0
SSBP4|chr19:18411791-18412291:.	chr19	18300981	18301481	SSBP4	chr19	18419085	0.0	0.0	1	0
SUGP2|chr19:18411791-18412291:.	chr19	18300981	18301481	SUGP2	chr19	19033821	0.0	0.0	0	0
DDX49|chr19:18414192-18414692:.	chr19	18303382	18303882	DDX49	chr19	18919424	0.0	0.0	0	0
DDX49|chr19:19173170-19173670:.	chr19	19062361	19062861	DDX49	chr19	18919424	0.0	0.0	1	0
UQCRFS1|chr19:30384537-30385037:.	chr19	29893630	29894130	UQCRFS1	chr19	29213479	0.0	0.0	0	0
POP4|chr19:30178052-30178883:.	chr19	29687145	29687976	POP4	chr19	29606012	17.464096069335938	1504.0911773948658	1	0
FXYD5|chr19:34656095-34656679:.	chr19	34165190	34165774	FXYD5	chr19	35154471	0.0	0.0	0	0
FXYD5|chr19:35203513-35204013:.	chr19	34712608	34713108	FXYD5	chr19	35154471	0.0	0.0	0	0
FXYD5|chr19:35360843-35361343:.	chr19	34869939	34870439	FXYD5	chr19	35154471	0.0	0.0	0	0
FXYD5|chr19:35464042-35464542:.	chr19	34973138	34973638	FXYD5	chr19	35154471	0.0	0.0	1	0
FXYD5|chr19:35466756-35467256:.	chr19	34975852	34976352	FXYD5	chr19	35154471	0.0	0.0	1	0
FXYD5|chr19:35880284-35880784:.	chr19	35389382	35389882	FXYD5	chr19	35154471	0.0	0.0	0	0
FXYD5|chr19:36310827-36311327:.	chr19	35819925	35820425	FXYD5	chr19	35154471	0.0	0.0	0	0
UBA2|chr19:34656095-34656679:.	chr19	34165190	34165774	UBA2	chr19	34428112	0.0	0.0	0	0
UBA2|chr19:35203513-35204013:.	chr19	34712608	34713108	UBA2	chr19	34428112	0.0	0.0	0	0
UBA2|chr19:35360843-35361343:.	chr19	34869939	34870439	UBA2	chr19	34428112	0.0	0.0	0	0
UBA2|chr19:35711083-35711897:.	chr19	35220180	35220994	UBA2	chr19	34428112	0.0	0.0	0	0
UBA2|chr19:35880284-35880784:.	chr19	35389382	35389882	UBA2	chr19	34428112	0.0	0.0	0	0
COX6B1|chr19:35203513-35204013:.	chr19	34712608	34713108	COX6B1	chr19	35647972	0.0	0.0	0	0
COX6B1|chr19:35222354-35222854:.	chr19	34731449	34731949	COX6B1	chr19	35647972	0.0	0.0	0	0
COX6B1|chr19:35360843-35361343:.	chr19	34869939	34870439	COX6B1	chr19	35647972	0.0	0.0	0	0
COX6B1|chr19:35464042-35464542:.	chr19	34973138	34973638	COX6B1	chr19	35647972	0.0	0.0	0	0
COX6B1|chr19:35711083-35711897:.	chr19	35220180	35220994	COX6B1	chr19	35647972	0.0	0.0	0	0
COX6B1|chr19:35808309-35808966:.	chr19	35317406	35318063	COX6B1	chr19	35647972	0.0	0.0	0	0
COX6B1|chr19:35880284-35880784:.	chr19	35389382	35389882	COX6B1	chr19	35647972	0.0	0.0	0	0
COX6B1|chr19:36310827-36311327:.	chr19	35819925	35820425	COX6B1	chr19	35647972	0.0	0.0	1	0
COX6B1|chr19:36618356-36619564:.	chr19	36127454	36128662	COX6B1	chr19	35647972	0.0	0.0	0	0
GPI|chr19:35464042-35464542:.	chr19	34973138	34973638	GPI	chr19	34364869	0.0	0.0	0	0
GPI|chr19:35466756-35467256:.	chr19	34975852	34976352	GPI	chr19	34364869	0.0	0.0	0	0
GPI|chr19:35711083-35711897:.	chr19	35220180	35220994	GPI	chr19	34364869	0.0	0.0	0	0
LSM14A|chr19:35464042-35464542:.	chr19	34973138	34973638	LSM14A	chr19	34172196	0.0	0.0	0	0
RBM42|chr19:35464042-35464542:.	chr19	34973138	34973638	RBM42	chr19	35628765	0.0	0.0	0	0
RBM42|chr19:35466756-35467256:.	chr19	34975852	34976352	RBM42	chr19	35628765	0.0	0.0	0	0
RBM42|chr19:35701559-35702186:.	chr19	35210656	35211283	RBM42	chr19	35628765	0.0	0.0	0	0
RBM42|chr19:35711083-35711897:.	chr19	35220180	35220994	RBM42	chr19	35628765	0.0	0.0	0	0
RBM42|chr19:35880284-35880784:.	chr19	35389382	35389882	RBM42	chr19	35628765	0.0	0.0	0	0
TMEM147|chr19:35464042-35464542:.	chr19	34973138	34973638	TMEM147	chr19	35545349	0.0	0.0	0	0
TMEM147|chr19:35808309-35808966:.	chr19	35317406	35318063	TMEM147	chr19	35545349	0.0	0.0	0	0
TMEM147|chr19:35880284-35880784:.	chr19	35389382	35389882	TMEM147	chr19	35545349	0.0	0.0	1	0
PDCD2L|chr19:35466756-35467256:.	chr19	34975852	34976352	PDCD2L	chr19	34404147	0.0	0.0	0	0
USF2|chr19:36310827-36311327:.	chr19	35819925	35820425	USF2	chr19	35268727	0.0	0.0	0	0
TBCB|chr19:35701559-35702186:.	chr19	35210656	35211283	TBCB	chr19	36114735	0.0	0.0	0	0
TBCB|chr19:36310827-36311327:.	chr19	35819925	35820425	TBCB	chr19	36114735	0.0	0.0	0	0
POLR2I|chr19:35808309-35808966:.	chr19	35317406	35318063	POLR2I	chr19	36115554	0.0	0.0	0	0
POLR2I|chr19:35880284-35880784:.	chr19	35389382	35389882	POLR2I	chr19	36115554	0.0	0.0	0	0
PSENEN|chr19:35880284-35880784:.	chr19	35389382	35389882	PSENEN	chr19	35745326	0.0	0.0	0	0
SDHAF1|chr19:36310827-36311327:.	chr19	35819925	35820425	SDHAF1	chr19	35994937	0.0	0.0	1	0
EIF3K|chr19:39536676-39537176:.	chr19	39046036	39046536	EIF3K	chr19	38618823	0.0	0.0	0	0
EIF3K|chr19:39921236-39921736:.	chr19	39430596	39431096	EIF3K	chr19	38618823	0.0	0.0	0	0
PSMD8|chr19:39536676-39537176:.	chr19	39046036	39046536	PSMD8	chr19	38374299	0.0	0.0	0	0
PSMD8|chr19:39743058-39743558:.	chr19	39252418	39252918	PSMD8	chr19	38374299	0.0	0.0	0	0
PSMD8|chr19:39748884-39750198:.	chr19	39258244	39259558	PSMD8	chr19	38374299	0.0	0.0	0	0
ACTN4|chr19:39748884-39750198:.	chr19	39258244	39259558	ACTN4	chr19	38647365	0.0	0.0	0	0
RPS16|chr19:39748884-39750198:.	chr19	39258244	39259558	RPS16	chr19	39436270	0.0	0.0	1	0
RPS16|chr19:40922713-40923381:.	chr19	40416806	40417474	RPS16	chr19	39436270	0.0	0.0	0	0
BLVRB|chr19:40922713-40923381:.	chr19	40416806	40417474	BLVRB	chr19	40466068	16.442350387573242	1420.6275790680077	1	0
BLVRB|chr19:41168585-41170237:.	chr19	40662680	40664332	BLVRB	chr19	40466068	0.0	0.0	1	0
BLVRB|chr19:41426731-41427444:.	chr19	40920826	40921539	BLVRB	chr19	40466068	0.0	0.0	0	0
FBL|chr19:40922713-40923381:.	chr19	40416806	40417474	FBL	chr19	39846664	0.0	0.0	0	0
FBL|chr19:40941087-40941587:.	chr19	40435180	40435680	FBL	chr19	39846664	0.0	0.0	0	0
FBL|chr19:40951770-40952270:.	chr19	40445863	40446363	FBL	chr19	39846664	0.0	0.0	0	0
HNRNPUL1|chr19:40922713-40923381:.	chr19	40416806	40417474	HNRNPUL1	chr19	41264799	0.0	0.0	0	0
SNRPA|chr19:40922713-40923381:.	chr19	40416806	40417474	SNRPA	chr19	40750603	0.0	0.0	0	0
TIMM50|chr19:40939183-40940442:.	chr19	40433276	40434535	TIMM50	chr19	39480161	0.0	0.0	0	0
TGFB1|chr19:40951770-40952270:.	chr19	40445863	40446363	TGFB1	chr19	41354133	0.0	0.0	0	0
PSMC4|chr19:41168585-41170237:.	chr19	40662680	40664332	PSMC4	chr19	39970754	0.0	0.0	0	0
RPS19|chr19:41426731-41427444:.	chr19	40920826	40921539	RPS19	chr19	41859667	0.0	0.0	0	0
ERCC1|chr19:45225230-45226044:.	chr19	44721966	44722780	ERCC1	chr19	45424169	0.0	0.0	0	0
SNRPD2|chr19:45225230-45226044:.	chr19	44721966	44722780	SNRPD2	chr19	45692566	0.0	0.0	0	0
SNRPD2|chr19:46581621-46582121:.	chr19	46078363	46078863	SNRPD2	chr19	45692566	0.0	0.0	0	0
SNRPD2|chr19:47132216-47132716:.	chr19	46628959	46629459	SNRPD2	chr19	45692566	0.0	0.0	0	0
TOMM40|chr19:45225230-45226044:.	chr19	44721966	44722780	TOMM40	chr19	44890969	0.0	0.0	1	0
TOMM40|chr19:45244996-45245496:.	chr19	44741739	44742239	TOMM40	chr19	44890969	0.0	0.0	1	0
VASP|chr19:45225230-45226044:.	chr19	44721966	44722780	VASP	chr19	45507179	0.0	0.0	0	0
CALM3|chr19:46581621-46582121:.	chr19	46078363	46078863	CALM3	chr19	46600899	0.0	0.0	0	0
CALM3|chr19:47366191-47366691:.	chr19	46862934	46863434	CALM3	chr19	46600899	0.0	0.0	0	0
CALM3|chr19:47746177-47746945:.	chr19	47242920	47243688	CALM3	chr19	46600899	0.0	0.0	0	0
CALM3|chr19:47747285-47747898:.	chr19	47244028	47244641	CALM3	chr19	46600899	0.0	0.0	0	0
TMEM160|chr19:46581621-46582121:.	chr19	46078363	46078863	TMEM160	chr19	47048874	0.0	0.0	0	0
TMEM160|chr19:47366191-47366691:.	chr19	46862934	46863434	TMEM160	chr19	47048874	0.0	0.0	1	0
AP2S1|chr19:47132216-47132716:.	chr19	46628959	46629459	AP2S1	chr19	46851245	0.0	0.0	0	0
SELENOW|chr19:47366191-47366691:.	chr19	46862934	46863434	SELENOW	chr19	47778334	0.0	0.0	0	0
SLC1A5|chr19:47366191-47366691:.	chr19	46862934	46863434	SLC1A5	chr19	46788835	9.31450080871582	830.1993381982924	1	0
EMP3|chr19:47827725-47828225:.	chr19	47324468	47324968	EMP3	chr19	48325121	0.0	0.0	0	0
KDELR1|chr19:48394936-48395843:.	chr19	47891679	47892586	KDELR1	chr19	48391803	0.0	0.0	0	0
RPL18|chr19:48394936-48395843:.	chr19	47891679	47892586	RPL18	chr19	48619668	0.0	0.0	0	0
RPL18|chr19:48762863-48763819:.	chr19	48259606	48260562	RPL18	chr19	48619668	0.0	0.0	0	0
RPL18|chr19:49283678-49284629:.	chr19	48780421	48781372	RPL18	chr19	48619668	0.0	0.0	1	0
RPL18|chr19:49381718-49382218:.	chr19	48878461	48878961	RPL18	chr19	48619668	0.0	0.0	0	0
RPL18|chr19:49454108-49454834:.	chr19	48950851	48951577	RPL18	chr19	48619668	0.0	0.0	0	0
SAE1|chr19:48394936-48395843:.	chr19	47891679	47892586	SAE1	chr19	47130572	0.0	0.0	0	0
RPL13A|chr19:49283678-49284629:.	chr19	48780421	48781372	RPL13A	chr19	49487303	0.0	0.0	0	0
RPL13A|chr19:49381718-49382218:.	chr19	48878461	48878961	RPL13A	chr19	49487303	0.0	0.0	0	0
RPL13A|chr19:49454108-49454834:.	chr19	48950851	48951577	RPL13A	chr19	49487303	0.0	0.0	0	0
RPL13A|chr19:50220671-50221171:.	chr19	49717414	49717914	RPL13A	chr19	49487303	0.0	0.0	0	0
RPL13A|chr19:50585509-50586009:.	chr19	50082252	50082752	RPL13A	chr19	49487303	0.0	0.0	0	0
RPS11|chr19:50220671-50221171:.	chr19	49717414	49717914	RPS11	chr19	49496114	0.0	0.0	0	0
RPS11|chr19:50585509-50586009:.	chr19	50082252	50082752	RPS11	chr19	49496114	0.0	0.0	0	0
BCL2L12|chr19:49454108-49454834:.	chr19	48950851	48951577	BCL2L12	chr19	49664891	0.0	0.0	0	0
BCL2L12|chr19:50585509-50586009:.	chr19	50082252	50082752	BCL2L12	chr19	49664891	0.0	0.0	0	0
PIH1D1|chr19:49454108-49454834:.	chr19	48950851	48951577	PIH1D1	chr19	49452108	0.0	0.0	0	0
PIH1D1|chr19:50585509-50586009:.	chr19	50082252	50082752	PIH1D1	chr19	49452108	0.0	0.0	0	0
SNRNP70|chr19:50220671-50221171:.	chr19	49717414	49717914	SNRNP70	chr19	49084889	0.0	0.0	0	0
ETFB|chr19:51106103-51106603:.	chr19	50602846	50603346	ETFB	chr19	51366668	0.0	0.0	0	0
ETFB|chr19:51244475-51244975:.	chr19	50741218	50741718	ETFB	chr19	51366668	0.0	0.0	0	0
ETFB|chr19:51433028-51433528:.	chr19	50929772	50930272	ETFB	chr19	51366668	0.0	0.0	0	0
ETFB|chr19:51974265-51974765:.	chr19	51471011	51471511	ETFB	chr19	51366668	0.0	0.0	1	0
ETFB|chr19:51976124-51976624:.	chr19	51472870	51473370	ETFB	chr19	51366668	0.0	0.0	1	0
ETFB|chr19:52051606-52052106:.	chr19	51548353	51548853	ETFB	chr19	51366668	0.0	0.0	1	0
ETFB|chr19:52056084-52056893:.	chr19	51552831	51553640	ETFB	chr19	51366668	0.0	0.0	1	0
CLEC11A|chr19:51231557-51232057:.	chr19	50728300	50728800	CLEC11A	chr19	50723097	190.58889770507807	19911.351014229946	1	1
C19orf48|chr19:51244475-51244975:.	chr19	50741218	50741718	C19orf48	chr19	50805103	2.334510326385498	905.4236768771372	1	0
C19orf48|chr19:51246337-51246837:.	chr19	50743080	50743580	C19orf48	chr19	50805103	1.9045276641845703	738.657876527837	1	0
C19orf48|chr19:51433028-51433528:.	chr19	50929772	50930272	C19orf48	chr19	50805103	0.0	0.0	1	0
C19orf48|chr19:51974265-51974765:.	chr19	51471011	51471511	C19orf48	chr19	50805103	0.0	0.0	0	0
CD33|chr19:52044933-52045605:.	chr19	51541680	51542352	CD33	chr19	51224828	0.0	0.0	0	0
PPP2R1A|chr19:52049817-52050447:.	chr19	51546564	51547194	PPP2R1A	chr19	52189551	0.0	0.0	0	0
PPP2R1A|chr19:52051606-52052106:.	chr19	51548353	51548853	PPP2R1A	chr19	52189551	0.0	0.0	0	0
RPL28|chr19:55985001-55985501:.	chr19	55473634	55474134	RPL28	chr19	55385681	7.531436443328857	386.8223868756903	1	0
RPL28|chr19:56673579-56674079:.	chr19	56162210	56162710	RPL28	chr19	55385681	0.0	0.0	0	0
RPL28|chr19:56698160-56698660:.	chr19	56186791	56187291	RPL28	chr19	55385681	0.0	0.0	0	0
EPN1|chr19:55985001-55985501:.	chr19	55473634	55474134	EPN1	chr19	55674944	0.0	0.0	0	0
EPN1|chr19:56058587-56059638:.	chr19	55547221	55548272	EPN1	chr19	55674944	0.0	0.0	1	0
EPN1|chr19:56673579-56674079:.	chr19	56162210	56162710	EPN1	chr19	55674944	0.0	0.0	0	0
ISOC2|chr19:55985001-55985501:.	chr19	55473634	55474134	ISOC2	chr19	55461932	47.40147018432617	3898.838072734756	1	0
ISOC2|chr19:56058587-56059638:.	chr19	55547221	55548272	ISOC2	chr19	55461932	9.284454345703123	763.6595225176047	1	0
ZNF581|chr19:56673579-56674079:.	chr19	56162210	56162710	ZNF581	chr19	55643369	0.0	0.0	0	0
ZNF580|chr19:56058587-56059638:.	chr19	55547221	55548272	ZNF580	chr19	55641801	0.3421463072299957	1400.2226042760794	1	0
ZNF550|chr19:57610306-57610806:.	chr19	57098938	57099438	ZNF550	chr19	57560113	0.0	0.0	0	1
ITGB1BP1|chr2:8666174-8666788:.	chr2	8526044	8526658	ITGB1BP1	chr2	9423819	0.0	0.0	0	0
ITGB1BP1|chr2:8676600-8677421:.	chr2	8536470	8537291	ITGB1BP1	chr2	9423819	0.0	0.0	0	0
ITGB1BP1|chr2:8733302-8733802:.	chr2	8593172	8593672	ITGB1BP1	chr2	9423819	0.0	0.0	0	0
ITGB1BP1|chr2:9308929-9309910:.	chr2	9168800	9169781	ITGB1BP1	chr2	9423819	0.0	0.0	0	0
ITGB1BP1|chr2:10168326-10168826:.	chr2	10028199	10028699	ITGB1BP1	chr2	9423819	0.0	0.0	0	0
ITGB1BP1|chr2:10423324-10423824:.	chr2	10283198	10283698	ITGB1BP1	chr2	9423819	0.0	0.0	0	0
MBOAT2|chr2:8676600-8677421:.	chr2	8536470	8537291	MBOAT2	chr2	9004000	0.0	0.0	0	0
YWHAQ|chr2:8776138-8776638:.	chr2	8636008	8636508	YWHAQ	chr2	9631305	0.0	0.0	0	0
YWHAQ|chr2:9173474-9173974:.	chr2	9033345	9033845	YWHAQ	chr2	9631305	0.0	0.0	0	0
YWHAQ|chr2:9341255-9342218:.	chr2	9201126	9202089	YWHAQ	chr2	9631305	0.0	0.0	0	0
YWHAQ|chr2:10168326-10168826:.	chr2	10028199	10028699	YWHAQ	chr2	9631305	0.0	0.0	0	0
YWHAQ|chr2:10170389-10170889:.	chr2	10030262	10030762	YWHAQ	chr2	9631305	0.0	0.0	0	0
YWHAQ|chr2:10258242-10258742:.	chr2	10118115	10118615	YWHAQ	chr2	9631305	0.0	0.0	0	0
YWHAQ|chr2:10355515-10356015:.	chr2	10215389	10215889	YWHAQ	chr2	9631305	0.0	0.0	0	0
PDIA6|chr2:10168326-10168826:.	chr2	10028199	10028699	PDIA6	chr2	10813089	0.0	0.0	0	0
PDIA6|chr2:10170389-10170889:.	chr2	10030262	10030762	PDIA6	chr2	10813089	0.0	0.0	0	0
PDIA6|chr2:10258242-10258742:.	chr2	10118115	10118615	PDIA6	chr2	10813089	0.0	0.0	0	0
PDIA6|chr2:10418460-10419365:.	chr2	10278334	10279239	PDIA6	chr2	10813089	0.0	0.0	0	0
PDIA6|chr2:10423324-10423824:.	chr2	10283198	10283698	PDIA6	chr2	10813089	0.0	0.0	0	1
PDIA6|chr2:10670693-10671449:.	chr2	10530567	10531323	PDIA6	chr2	10813089	0.0	0.0	0	0
PDIA6|chr2:11969273-11970817:.	chr2	11829147	11830691	PDIA6	chr2	10813089	0.0	0.0	0	0
NOL10|chr2:10170389-10170889:.	chr2	10030262	10030762	NOL10	chr2	10690237	0.0	0.0	0	0
IAH1|chr2:10437796-10438429:.	chr2	10297670	10298303	IAH1	chr2	9474278	0.0	0.0	0	0
PTRHD1|chr2:24679409-24679909:.	chr2	24456540	24457040	PTRHD1	chr2	24793632	0.0	0.0	0	0
PTRHD1|chr2:24680567-24681067:.	chr2	24457698	24458198	PTRHD1	chr2	24793632	0.0	0.0	0	0
SF3B6|chr2:24585142-24585642:.	chr2	24362273	24362773	SF3B6	chr2	24076694	0.0	0.0	0	0
SF3B6|chr2:24679409-24679909:.	chr2	24456540	24457040	SF3B6	chr2	24076694	0.0	0.0	0	0
SF3B6|chr2:24680567-24681067:.	chr2	24457698	24458198	SF3B6	chr2	24076694	0.0	0.0	0	0
SF3B6|chr2:24684292-24685006:.	chr2	24461423	24462137	SF3B6	chr2	24076694	0.0	0.0	0	0
SF3B6|chr2:24705187-24705942:.	chr2	24482318	24483073	SF3B6	chr2	24076694	0.0	0.0	0	0
HADHA|chr2:26881737-26882237:.	chr2	26658869	26659369	HADHA	chr2	26244976	0.0	0.0	0	0
ATRAID|chr2:26881737-26882237:.	chr2	26658869	26659369	ATRAID	chr2	27212100	0.0	0.0	0	0
ATRAID|chr2:27950041-27950541:.	chr2	27727174	27727674	ATRAID	chr2	27212100	0.0	0.0	0	0
OST4|chr2:26881737-26882237:.	chr2	26658869	26659369	OST4	chr2	27071949	0.0	0.0	0	0
OST4|chr2:27750113-27750613:.	chr2	27527246	27527746	OST4	chr2	27071949	0.0	0.0	0	0
OST4|chr2:27950041-27950541:.	chr2	27727174	27727674	OST4	chr2	27071949	0.0	0.0	0	0
PPM1G|chr2:26881737-26882237:.	chr2	26658869	26659369	PPM1G	chr2	27409933	0.0	0.0	0	0
PPM1G|chr2:28589204-28590058:.	chr2	28366337	28367191	PPM1G	chr2	27409933	0.0	0.0	0	0
GTF3C2|chr2:27950041-27950541:.	chr2	27727174	27727674	GTF3C2	chr2	27357284	0.0	0.0	0	0
MPV17|chr2:27950041-27950541:.	chr2	27727174	27727674	MPV17	chr2	27323352	0.0	0.0	0	0
SNX17|chr2:28589204-28590058:.	chr2	28366337	28367191	SNX17	chr2	27370245	0.0	0.0	0	0
CEBPZ|chr2:37788266-37789198:.	chr2	37561123	37562055	CEBPZ	chr2	37231847	0.0	0.0	0	0
SRSF7|chr2:38840207-38841390:.	chr2	38613065	38614248	SRSF7	chr2	38751744	0.0	0.0	1	1
SRSF7|chr2:39377204-39378314:.	chr2	39150063	39151173	SRSF7	chr2	38751744	0.0	0.0	0	1
GEMIN6|chr2:38870831-38871331:.	chr2	38643689	38644189	GEMIN6	chr2	38777934	0.0	0.0	1	0
COX7A2L|chr2:42057593-42058093:.	chr2	41830453	41830953	COX7A2L	chr2	42361493	0.0	0.0	0	0
COX7A2L|chr2:42149193-42149800:.	chr2	41922053	41922660	COX7A2L	chr2	42361493	0.0	0.0	0	0
COX7A2L|chr2:43154356-43155516:.	chr2	42927216	42928376	COX7A2L	chr2	42361493	0.0	0.0	0	0
COX7A2L|chr2:43155683-43156183:.	chr2	42928543	42929043	COX7A2L	chr2	42361493	0.0	0.0	0	0
COX7A2L|chr2:43158500-43159474:.	chr2	42931360	42932334	COX7A2L	chr2	42361493	0.0	0.0	0	0
COX7A2L|chr2:43286629-43287129:.	chr2	43059491	43059991	COX7A2L	chr2	42361493	0.0	0.0	0	0
COX7A2L|chr2:43300389-43301112:.	chr2	43073251	43073974	COX7A2L	chr2	42361493	0.0	0.0	0	0
COX7A2L|chr2:43395435-43396250:.	chr2	43168296	43169111	COX7A2L	chr2	42361493	0.0	0.0	0	0
COX7A2L|chr2:43411331-43411970:.	chr2	43184192	43184831	COX7A2L	chr2	42361493	0.0	0.0	0	0
COX7A2L|chr2:43412191-43412810:.	chr2	43185052	43185671	COX7A2L	chr2	42361493	0.0	0.0	0	0
COX7A2L|chr2:43413674-43414174:.	chr2	43186535	43187035	COX7A2L	chr2	42361493	0.0	0.0	0	0
COX7A2L|chr2:43421963-43422463:.	chr2	43194824	43195324	COX7A2L	chr2	42361493	0.0	0.0	0	0
COX7A2L|chr2:43424399-43424899:.	chr2	43197260	43197760	COX7A2L	chr2	42361493	0.0	0.0	0	0
COX7A2L|chr2:43445895-43446395:.	chr2	43218756	43219256	COX7A2L	chr2	42361493	0.0	0.0	0	0
ZFP36L2|chr2:43158500-43159474:.	chr2	42931360	42932334	ZFP36L2	chr2	43226856	0.0	0.0	0	0
ZFP36L2|chr2:43446624-43447479:.	chr2	43219485	43220340	ZFP36L2	chr2	43226856	151.0913543701172	15761.27516456839	1	0
EML4|chr2:43155683-43156183:.	chr2	42928543	42929043	EML4	chr2	42169087	0.0	0.0	0	0
LRPPRC|chr2:43300389-43301112:.	chr2	43073251	43073974	LRPPRC	chr2	43996255	0.0	0.0	0	0
LRPPRC|chr2:43395435-43396250:.	chr2	43168296	43169111	LRPPRC	chr2	43996255	0.0	0.0	0	0
LRPPRC|chr2:43424399-43424899:.	chr2	43197260	43197760	LRPPRC	chr2	43996255	0.0	0.0	0	0
LRPPRC|chr2:43446624-43447479:.	chr2	43219485	43220340	LRPPRC	chr2	43996255	0.0	0.0	0	0
CALM2|chr2:46451649-46452438:.	chr2	46224510	46225299	CALM2	chr2	47176873	0.0	0.0	0	0
CALM2|chr2:46485821-46486882:.	chr2	46258682	46259743	CALM2	chr2	47176873	0.0	0.0	0	0
CALM2|chr2:47406348-47406958:.	chr2	47179209	47179819	CALM2	chr2	47176873	146.07998657226562	11169.984219814123	1	0
RPS27A|chr2:55343104-55343604:.	chr2	55115968	55116468	RPS27A	chr2	55232154	0.0	0.0	1	0
RPS27A|chr2:55347664-55348551:.	chr2	55120528	55121415	RPS27A	chr2	55232154	0.0	0.0	1	0
RPS27A|chr2:55367486-55368618:.	chr2	55140350	55141482	RPS27A	chr2	55232154	55.16790008544922	3427.777135093759	1	0
RPS27A|chr2:55384439-55385584:.	chr2	55157303	55158448	RPS27A	chr2	55232154	28.4256591796875	1766.186939056617	1	0
RPS27A|chr2:55686349-55687812:.	chr2	55459213	55460676	RPS27A	chr2	55232154	0.0	0.0	0	0
RTN4|chr2:55686349-55687812:.	chr2	55459213	55460676	RTN4	chr2	55050848	0.0	0.0	0	0
CFAP36|chr2:55367486-55368618:.	chr2	55140350	55141482	CFAP36	chr2	55519344	0.0	0.0	0	0
MTIF2|chr2:55367486-55368618:.	chr2	55140350	55141482	MTIF2	chr2	55269498	0.0	0.0	1	0
XPO1|chr2:61393094-61393594:.	chr2	61165959	61166459	XPO1	chr2	61538533	0.0	0.0	0	0
CCT4|chr2:61847320-61848416:.	chr2	61620185	61621281	CCT4	chr2	61888921	0.0	0.0	0	0
CCT4|chr2:62531787-62532287:.	chr2	62304652	62305152	CCT4	chr2	61888921	0.0	0.0	0	0
ACTR2|chr2:65521816-65522316:.	chr2	65294682	65295182	ACTR2	chr2	65227444	67.29953002929688	3168.400569636015	1	0
RAB1A|chr2:64487837-64488337:.	chr2	64260703	64261203	RAB1A	chr2	65130551	0.0	0.0	0	0
RAB1A|chr2:64581880-64582380:.	chr2	64354746	64355246	RAB1A	chr2	65130551	0.0	0.0	0	0
RAB1A|chr2:65058207-65059294:.	chr2	64831073	64832160	RAB1A	chr2	65130551	0.0	0.0	0	0
MDH1|chr2:64581880-64582380:.	chr2	64354746	64355246	MDH1	chr2	63588358	0.0	0.0	0	0
UGP2|chr2:65058207-65059294:.	chr2	64831073	64832160	UGP2	chr2	63841629	0.0	0.0	0	0
PNO1|chr2:68579684-68580523:.	chr2	68352552	68353391	PNO1	chr2	68157579	0.0	0.0	1	0
C1D|chr2:68579684-68580523:.	chr2	68352552	68353391	C1D	chr2	68063277	0.0	0.0	0	0
C1D|chr2:68650967-68651467:.	chr2	68423835	68424335	C1D	chr2	68063277	0.0	0.0	0	0
C1D|chr2:69076730-69077230:.	chr2	68849598	68850098	C1D	chr2	68063277	0.0	0.0	0	0
NFU1|chr2:68668640-68669287:.	chr2	68441508	68442155	NFU1	chr2	69437878	0.0	0.0	0	0
NFU1|chr2:69136873-69137802:.	chr2	68909741	68910670	NFU1	chr2	69437878	0.0	0.0	0	0
NFU1|chr2:70368137-70368944:.	chr2	70141005	70141812	NFU1	chr2	69437878	0.0	0.0	0	0
SNRPG|chr2:70173638-70175063:.	chr2	69946506	69947931	SNRPG	chr2	70294021	0.0	0.0	0	0
SNRPG|chr2:70335619-70336423:.	chr2	70108487	70109291	SNRPG	chr2	70294021	0.0	0.0	1	0
SNRPG|chr2:70345802-70346302:.	chr2	70118670	70119170	SNRPG	chr2	70294021	0.0	0.0	1	0
SNRPG|chr2:70362927-70363621:.	chr2	70135795	70136489	SNRPG	chr2	70294021	0.0	0.0	1	0
AUP1|chr2:74148229-74148729:.	chr2	73921102	73921602	AUP1	chr2	74530147	0.0	0.0	0	0
AUP1|chr2:75693775-75694275:.	chr2	75466649	75467149	AUP1	chr2	74530147	0.0	0.0	0	0
CCT7|chr2:74412978-74413478:.	chr2	74185851	74186351	CCT7	chr2	73233985	0.0	0.0	0	0
DGUOK|chr2:74148229-74148729:.	chr2	73921102	73921602	DGUOK	chr2	73926575	84.39924621582031	5670.270873793572	1	0
DGUOK|chr2:74412978-74413478:.	chr2	74185851	74186351	DGUOK	chr2	73926575	0.0	0.0	0	0
HTRA2|chr2:74148229-74148729:.	chr2	73921102	73921602	HTRA2	chr2	74529154	0.0	0.0	0	0
TPRKB|chr2:74148229-74148729:.	chr2	73921102	73921602	TPRKB	chr2	73737656	0.0	0.0	1	0
TPRKB|chr2:74412978-74413478:.	chr2	74185851	74186351	TPRKB	chr2	73737656	0.0	0.0	0	0
BOLA3|chr2:74412978-74413478:.	chr2	74185851	74186351	BOLA3	chr2	74148162	82.02493286132812	2972.62184520102	1	0
MTHFD2|chr2:74412978-74413478:.	chr2	74185851	74186351	MTHFD2	chr2	74198312	125.46818542480467	8896.767341999497	1	0
POLE4|chr2:74412978-74413478:.	chr2	74185851	74186351	POLE4	chr2	74958392	0.0	0.0	0	0
POLE4|chr2:75836151-75836651:.	chr2	75609025	75609525	POLE4	chr2	74958392	0.0	0.0	0	0
POLE4|chr2:76098767-76099267:.	chr2	75871641	75872141	POLE4	chr2	74958392	0.0	0.0	0	0
TMSB10|chr2:84196187-84196687:.	chr2	83969063	83969563	TMSB10	chr2	84905388	0.0	0.0	0	0
TMSB10|chr2:85764598-85765248:.	chr2	85537475	85538125	TMSB10	chr2	84905388	0.0	0.0	0	0
KCMF1|chr2:84198396-84199133:.	chr2	83971272	83972009	KCMF1	chr2	84970857	0.0	0.0	0	0
TGOLN2|chr2:84722600-84723100:.	chr2	84495476	84495976	TGOLN2	chr2	85328546	0.0	0.0	0	0
TGOLN2|chr2:85751317-85752157:.	chr2	85524194	85525034	TGOLN2	chr2	85328546	0.0	0.0	1	0
MAT2A|chr2:86179369-86179990:.	chr2	85952246	85952867	MAT2A	chr2	85538727	0.0	0.0	0	0
MAT2A|chr2:86223635-86224135:.	chr2	85996512	85997012	MAT2A	chr2	85538727	0.0	0.0	0	0
MAT2A|chr2:86227288-86227788:.	chr2	86000165	86000665	MAT2A	chr2	85538727	0.0	0.0	0	0
RNF181|chr2:86178669-86179169:.	chr2	85951546	85952046	RNF181	chr2	85595463	0.0	0.0	0	0
RNF181|chr2:86220958-86221574:.	chr2	85993835	85994451	RNF181	chr2	85595463	0.0	0.0	0	0
RNF181|chr2:86227288-86227788:.	chr2	86000165	86000665	RNF181	chr2	85595463	0.0	0.0	0	0
VAMP8|chr2:85727171-85727671:.	chr2	85500048	85500548	VAMP8	chr2	85577240	12.11080837249756	1822.566472816516	1	0
VAMP8|chr2:86148768-86149268:.	chr2	85921645	85922145	VAMP8	chr2	85577240	0.0	0.0	0	0
VAMP8|chr2:86160933-86161682:.	chr2	85933810	85934559	VAMP8	chr2	85577240	0.0	0.0	0	0
VAMP8|chr2:86220958-86221574:.	chr2	85993835	85994451	VAMP8	chr2	85577240	0.0	0.0	0	0
VAMP8|chr2:86227288-86227788:.	chr2	86000165	86000665	VAMP8	chr2	85577240	0.0	0.0	0	0
IMMT|chr2:85764598-85765248:.	chr2	85537475	85538125	IMMT	chr2	86196020	0.0	0.0	0	0
IMMT|chr2:86160933-86161682:.	chr2	85933810	85934559	IMMT	chr2	86196020	0.0	0.0	0	0
IMMT|chr2:86223635-86224135:.	chr2	85996512	85997012	IMMT	chr2	86196020	0.0	0.0	0	0
MRPL35|chr2:85764598-85765248:.	chr2	85537475	85538125	MRPL35	chr2	86199182	0.0	0.0	0	0
MRPL35|chr2:86160933-86161682:.	chr2	85933810	85934559	MRPL35	chr2	86199182	0.0	0.0	0	0
MRPL35|chr2:86179369-86179990:.	chr2	85952246	85952867	MRPL35	chr2	86199182	0.0	0.0	0	0
TMEM150A|chr2:86178669-86179169:.	chr2	85951546	85952046	TMEM150A	chr2	85602949	0.0	0.0	0	0
STARD7|chr2:96216670-96217377:.	chr2	95550922	95551629	STARD7	chr2	96209085	0.0	0.0	0	0
MRPS5|chr2:96760464-96761350:.	chr2	96094716	96095602	MRPS5	chr2	95122277	0.0	0.0	0	0
CIAO1|chr2:97062307-97062807:.	chr2	96396569	96397069	CIAO1	chr2	96265895	0.0	0.0	1	0
CNOT11|chr2:101130058-101130558:.	chr2	100513596	100514096	CNOT11	chr2	101252632	0.0	0.0	0	0
RPL31|chr2:101130058-101130558:.	chr2	100513596	100514096	RPL31	chr2	101001978	0.0	0.0	0	0
RPL31|chr2:102305865-102306365:.	chr2	101689403	101689903	RPL31	chr2	101001978	0.0	0.0	0	0
C2orf49|chr2:106584728-106585348:.	chr2	105968272	105968892	C2orf49	chr2	105337108	0.0	0.0	0	0
CHCHD5|chr2:112400435-112400935:.	chr2	111642858	111643358	CHCHD5	chr2	112584186	0.0	0.0	0	0
CHCHD5|chr2:112459638-112460138:.	chr2	111702061	111702561	CHCHD5	chr2	112584186	0.0	0.0	0	0
CHCHD5|chr2:113444040-113444540:.	chr2	112686463	112686963	CHCHD5	chr2	112584186	0.0	0.0	1	0
CHCHD5|chr2:113662340-113662948:.	chr2	112904763	112905371	CHCHD5	chr2	112584186	0.0	0.0	0	0
CHCHD5|chr2:114129918-114130418:.	chr2	113372341	113372841	CHCHD5	chr2	112584186	0.0	0.0	0	0
ZC3H8|chr2:113442659-113443306:.	chr2	112685082	112685729	ZC3H8	chr2	112255337	0.0	0.0	0	0
MIR4435-2HG|chr2:113030002-113031035:.	chr2	112272425	112273458	MIR4435-2HG	chr2	111495411	0.0	0.0	0	0
ACTR3|chr2:114129918-114130418:.	chr2	113372341	113372841	ACTR3	chr2	113889683	0.0	0.0	0	0
NIFK|chr2:122568751-122569251:.	chr2	121811175	121811675	NIFK	chr2	121737177	15.59623908996582	611.93477033219	1	0
NIFK|chr2:122659782-122660282:.	chr2	121902206	121902706	NIFK	chr2	121737177	0.0	0.0	1	0
TSN|chr2:122568751-122569251:.	chr2	121811175	121811675	TSN	chr2	121755294	47.08081817626953	1976.6138954077403	1	0
GYPC|chr2:127751847-127752457:.	chr2	126994271	126994881	GYPC	chr2	126655684	0.0	0.0	0	0
IWS1|chr2:127402807-127403307:.	chr2	126645231	126645731	IWS1	chr2	127526761	0.0	0.0	0	0
IMP4|chr2:131135663-131136863:.	chr2	130378090	130379290	IMP4	chr2	130341974	30.939424514770508	1988.2430169976212	1	0
MZT2B|chr2:131137602-131138102:.	chr2	130380029	130380529	MZT2B	chr2	130181671	0.0	0.0	0	0
MZT2A|chr2:133095400-133095900:.	chr2	132337827	132338327	MZT2A	chr2	131492741	0.0	0.0	0	0
DARS|chr2:135807700-135808710:.	chr2	135050130	135051140	DARS	chr2	135985934	0.0	0.0	0	0
ARL5A|chr2:152639058-152639732:.	chr2	151782544	151783218	ARL5A	chr2	151828745	85.07616424560547	5752.910311546496	1	0
ARL5A|chr2:153057039-153057539:.	chr2	152200525	152201025	ARL5A	chr2	151828745	0.0	0.0	0	0
ARL6IP6|chr2:152616827-152617327:.	chr2	151760313	151760813	ARL6IP6	chr2	152717642	0.0	0.0	0	0
NMI|chr2:152616827-152617327:.	chr2	151760313	151760813	NMI	chr2	151290166	0.0	0.0	0	0
NMI|chr2:152622972-152623472:.	chr2	151766458	151766958	NMI	chr2	151290166	0.0	0.0	0	0
NMI|chr2:152639058-152639732:.	chr2	151782544	151783218	NMI	chr2	151290166	0.0	0.0	0	0
PRPF40A|chr2:152616827-152617327:.	chr2	151760313	151760813	PRPF40A	chr2	152717711	0.0	0.0	0	0
PRPF40A|chr2:152622972-152623472:.	chr2	151766458	151766958	PRPF40A	chr2	152717711	0.0	0.0	0	0
PRPF40A|chr2:152624023-152624523:.	chr2	151767509	151768009	PRPF40A	chr2	152717711	0.0	0.0	0	0
PRPF40A|chr2:152639058-152639732:.	chr2	151782544	151783218	PRPF40A	chr2	152717711	0.0	0.0	0	0
RIF1|chr2:152616827-152617327:.	chr2	151760313	151760813	RIF1	chr2	151409632	0.0	0.0	0	0
RIF1|chr2:152622972-152623472:.	chr2	151766458	151766958	RIF1	chr2	151409632	0.0	0.0	0	0
METTL5|chr2:169890741-169891241:.	chr2	169034231	169034731	METTL5	chr2	169825181	0.0	0.0	0	0
METTL5|chr2:169907282-169907782:.	chr2	169050772	169051272	METTL5	chr2	169825181	0.0	0.0	0	0
METTL5|chr2:170271725-170272421:.	chr2	169415215	169415911	METTL5	chr2	169825181	0.0	0.0	0	0
SSB|chr2:169890741-169891241:.	chr2	169034231	169034731	SSB	chr2	169798561	0.0	0.0	0	0
SSB|chr2:169907282-169907782:.	chr2	169050772	169051272	SSB	chr2	169798561	0.0	0.0	0	0
SSB|chr2:171011523-171012217:.	chr2	170155013	170155707	SSB	chr2	169798561	0.0	0.0	0	0
PPIG|chr2:171011523-171012217:.	chr2	170155013	170155707	PPIG	chr2	169584089	0.0	0.0	0	0
CDCA7|chr2:174156045-174156545:.	chr2	173291317	173291817	CDCA7	chr2	173354582	51.28509521484375	3935.454942962356	1	0
CDCA7|chr2:174265452-174265952:.	chr2	173400724	173401224	CDCA7	chr2	173354582	61.516700744628906	4720.595779455909	1	0
CDCA7|chr2:174896506-174897279:.	chr2	174031778	174032551	CDCA7	chr2	173354582	0.0	0.0	0	0
CDCA7|chr2:174916370-174916870:.	chr2	174051642	174052142	CDCA7	chr2	173354582	0.0	0.0	0	0
OLA1|chr2:174156045-174156545:.	chr2	173291317	173291817	OLA1	chr2	174248920	0.0	0.0	0	0
OLA1|chr2:174265452-174265952:.	chr2	173400724	173401224	OLA1	chr2	174248920	0.0	0.0	0	0
ATP5G3|chr2:175901258-175901758:.	chr2	175036530	175037030	ATP5G3	chr2	175182012	0.0	0.0	1	1
ATP5G3|chr2:176883370-176883870:.	chr2	176018642	176019142	ATP5G3	chr2	175182012	0.0	0.0	0	0
ATP5G3|chr2:176952944-176953444:.	chr2	176088216	176088716	ATP5G3	chr2	175182012	0.0	0.0	0	0
MTX2|chr2:176883370-176883870:.	chr2	176018642	176019142	MTX2	chr2	176269144	0.0	0.0	0	0
MTX2|chr2:176952944-176953444:.	chr2	176088216	176088716	MTX2	chr2	176269144	0.0	0.0	1	0
ORMDL1|chr2:190074834-190075334:.	chr2	189210108	189210608	ORMDL1	chr2	189784621	0.0	0.0	0	0
ORMDL1|chr2:190370089-190371725:.	chr2	189505363	189506999	ORMDL1	chr2	189784621	0.0	0.0	0	0
C2orf88|chr2:190370089-190371725:.	chr2	189505363	189506999	C2orf88	chr2	190180704	0.0	0.0	0	0
BZW1|chr2:201039005-201039505:.	chr2	200174282	200174782	BZW1	chr2	200811671	0.0	0.0	0	0
SUMO1|chr2:202771545-202772352:.	chr2	201906822	201907629	SUMO1	chr2	202238849	0.0	0.0	0	0
NDUFB3|chr2:202934110-202934965:.	chr2	202069387	202070242	NDUFB3	chr2	201071488	0.0	0.0	0	0
RPL37A|chr2:216370182-216370682:.	chr2	215505459	215505959	RPL37A	chr2	216498546	0.0	0.0	0	0
RPL37A|chr2:217942598-217943098:.	chr2	217077875	217078375	RPL37A	chr2	216498546	0.0	0.0	0	0
RPL37A|chr2:217970368-217970868:.	chr2	217105645	217106145	RPL37A	chr2	216498546	0.0	0.0	0	0
RPL37A|chr2:217971329-217971962:.	chr2	217106606	217107239	RPL37A	chr2	216498546	0.0	0.0	0	0
RPL37A|chr2:217972160-217972660:.	chr2	217107437	217107937	RPL37A	chr2	216498546	0.0	0.0	0	0
RPL37A|chr2:217973317-217973817:.	chr2	217108594	217109094	RPL37A	chr2	216498546	0.0	0.0	0	0
RPL37A|chr2:218012227-218012982:.	chr2	217147504	217148259	RPL37A	chr2	216498546	0.0	0.0	0	0
XRCC5|chr2:217957413-217957913:.	chr2	217092690	217093190	XRCC5	chr2	216109046	0.0	0.0	0	0
DNPEP|chr2:220525895-220527247:.	chr2	219661173	219662525	DNPEP	chr2	219388190	0.0	0.0	0	0
CHPF|chr2:220525895-220527247:.	chr2	219661173	219662525	CHPF	chr2	219544015	0.0	0.0	1	1
GMPPA|chr2:220525895-220527247:.	chr2	219661173	219662525	GMPPA	chr2	219498614	0.0	0.0	1	0
NCL|chr2:231525198-231525698:.	chr2	230660483	230660983	NCL	chr2	231464744	0.0	0.0	0	0
NCL|chr2:231531850-231532592:.	chr2	230667135	230667877	NCL	chr2	231464744	0.0	0.0	0	0
NCL|chr2:231575857-231576488:.	chr2	230711142	230711773	NCL	chr2	231464744	0.0	0.0	0	0
PTMA|chr2:231575857-231576488:.	chr2	230711142	230711773	PTMA	chr2	231708274	0.0	0.0	0	0
AGAP1|chr2:236369193-236369693:.	chr2	235460549	235461049	AGAP1	chr2	235493838	40.30294036865234	6427.088987707347	1	1
HES6|chr2:239330794-239331417:.	chr2	238422153	238422776	HES6	chr2	238240374	0.0	0.0	1	0
UBE2F|chr2:239329908-239330408:.	chr2	238421267	238421767	UBE2F	chr2	237966694	0.0	0.0	0	0
NDUFA10|chr2:241000148-241000822:.	chr2	240060731	240061405	NDUFA10	chr2	240025652	17.087196350097656	2379.4546757093176	1	0
FKBP1A|chr20:557653-558354:.	chr20	577009	577710	FKBP1A	chr20	1393422	0.0	0.0	0	0
RBCK1|chr20:809587-810087:.	chr20	828944	829444	RBCK1	chr20	407799	0.0	0.0	0	0
RBCK1|chr20:1192586-1193227:.	chr20	1211942	1212583	RBCK1	chr20	407799	0.0	0.0	0	0
RBCK1|chr20:1195895-1196847:.	chr20	1215251	1216203	RBCK1	chr20	407799	0.0	0.0	0	0
SNRPB|chr20:3057375-3057875:.	chr20	3076729	3077229	SNRPB	chr20	2471103	0.0	0.0	0	0
SNRPB|chr20:3427354-3428467:.	chr20	3446707	3447820	SNRPB	chr20	2471103	0.0	0.0	0	0
C20orf27|chr20:3633205-3633705:.	chr20	3652558	3653058	C20orf27	chr20	3768055	0.0	0.0	1	0
C20orf27|chr20:3819924-3820424:.	chr20	3839277	3839777	C20orf27	chr20	3768055	7.939188480377197	1110.3206981481608	1	0
C20orf27|chr20:3824098-3824598:.	chr20	3843451	3843951	C20orf27	chr20	3768055	5.408451557159424	756.3891100064236	1	0
C20orf27|chr20:4018618-4019118:.	chr20	4037971	4038471	C20orf27	chr20	3768055	0.0	0.0	0	1
IDH3B|chr20:3633205-3633705:.	chr20	3652558	3653058	IDH3B	chr20	2664473	0.0	0.0	0	0
MRPS26|chr20:3819924-3820424:.	chr20	3839277	3839777	MRPS26	chr20	3045778	0.0	0.0	0	0
MRPS26|chr20:4006252-4007068:.	chr20	4025605	4026421	MRPS26	chr20	3045778	0.0	0.0	0	0
DDRGK1|chr20:4006252-4007068:.	chr20	4025605	4026421	DDRGK1	chr20	3204947	0.0	0.0	0	0
TMEM230|chr20:4100009-4100509:.	chr20	4119362	4119862	TMEM230	chr20	5113337	0.0	0.0	0	0
TMEM230|chr20:5640210-5640710:.	chr20	5659564	5660064	TMEM230	chr20	5113337	0.0	0.0	0	0
TMEM230|chr20:5656032-5656532:.	chr20	5675386	5675886	TMEM230	chr20	5113337	0.0	0.0	0	0
TMEM230|chr20:5700185-5700951:.	chr20	5719539	5720305	TMEM230	chr20	5113337	0.0	0.0	0	0
TMEM230|chr20:5717641-5718308:.	chr20	5736995	5737662	TMEM230	chr20	5113337	0.0	0.0	0	0
CRLS1|chr20:5640210-5640710:.	chr20	5659564	5660064	CRLS1	chr20	6005822	0.0	0.0	0	0
PCNA|chr20:5640210-5640710:.	chr20	5659564	5660064	PCNA	chr20	5126872	0.0	0.0	0	0
PCNA|chr20:5656032-5656532:.	chr20	5675386	5675886	PCNA	chr20	5126872	0.0	0.0	0	0
DTD1|chr20:17905699-17906605:.	chr20	17925055	17925961	DTD1	chr20	18587642	0.0	0.0	0	0
LINC00493|chr20:17905699-17906605:.	chr20	17925055	17925961	LINC00493	chr20	18567178	0.0	0.0	0	0
NAA20|chr20:20926948-20927448:.	chr20	20946305	20946806	NAA20	chr20	20017039	0.0	0.0	0	0
CST3|chr20:22817419-22817919:.	chr20	22836781	22837281	CST3	chr20	23638298	0.0	0.0	0	0
CST3|chr20:22902021-22903217:.	chr20	22921384	22922580	CST3	chr20	23638298	0.0	0.0	0	0
CST3|chr20:22904939-22905439:.	chr20	22924302	22924802	CST3	chr20	23638298	0.0	0.0	0	0
CST3|chr20:22909291-22909791:.	chr20	22928654	22929154	CST3	chr20	23638298	0.0	0.0	0	0
CST3|chr20:23072223-23073526:.	chr20	23091586	23092889	CST3	chr20	23638298	0.0	0.0	0	0
CST3|chr20:23641039-23641539:.	chr20	23660402	23660902	CST3	chr20	23638298	75.17656707763672	7227.65392350647	1	0
NXT1|chr20:22902021-22903217:.	chr20	22921384	22922580	NXT1	chr20	23350485	0.0	0.0	0	0
NXT1|chr20:22904939-22905439:.	chr20	22924302	22924802	NXT1	chr20	23350485	0.0	0.0	0	0
NXT1|chr20:22909291-22909791:.	chr20	22928654	22929154	NXT1	chr20	23350485	0.0	0.0	0	0
HM13|chr20:30178528-30179028:.	chr20	31590725	31591225	HM13	chr20	31514159	8.938522338867188	902.5119801435676	1	0
ID1|chr20:30196323-30196823:.	chr20	31608520	31609020	ID1	chr20	31605032	259.906005859375	22742.47815537603	1	1
ID1|chr20:30198365-30198865:.	chr20	31610562	31611062	ID1	chr20	31605032	185.29144287109372	16213.502177221637	1	1
PDRG1|chr20:30196323-30196823:.	chr20	31608520	31609020	PDRG1	chr20	31952330	0.0	0.0	0	0
BCL2L1|chr20:31273390-31274258:.	chr20	32685588	32686456	BCL2L1	chr20	31724249	0.0	0.0	0	0
MAPRE1|chr20:31216895-31217395:.	chr20	32629093	32629593	MAPRE1	chr20	32819642	0.0	0.0	1	0
MAPRE1|chr20:31268894-31270028:.	chr20	32681092	32682226	MAPRE1	chr20	32819642	0.0	0.0	1	0
MAPRE1|chr20:31844967-31845467:.	chr20	33257161	33257661	MAPRE1	chr20	32819642	0.0	0.0	0	0
MAPRE1|chr20:31927241-31927741:.	chr20	33339435	33339935	MAPRE1	chr20	32819642	0.0	0.0	0	0
MAPRE1|chr20:32277777-32278277:.	chr20	33689971	33690471	MAPRE1	chr20	32819642	0.0	0.0	0	0
ASXL1|chr20:31273390-31274258:.	chr20	32685588	32686456	ASXL1	chr20	32358093	0.0	0.0	0	0
EIF2S2|chr20:31844967-31845467:.	chr20	33257161	33257661	EIF2S2	chr20	34112606	0.0	0.0	0	0
EIF2S2|chr20:32277777-32278277:.	chr20	33689971	33690471	EIF2S2	chr20	34112606	0.0	0.0	0	0
RALY|chr20:31844967-31845467:.	chr20	33257161	33257661	RALY	chr20	33993401	0.0	0.0	0	0
RALY|chr20:31927241-31927741:.	chr20	33339435	33339935	RALY	chr20	33993401	0.0	0.0	0	0
RALY|chr20:32277777-32278277:.	chr20	33689971	33690471	RALY	chr20	33993401	0.0	0.0	0	0
AHCY|chr20:32276714-32277214:.	chr20	33688908	33689408	AHCY	chr20	34303256	0.0	0.0	0	0
AHCY|chr20:32277777-32278277:.	chr20	33689971	33690471	AHCY	chr20	34303256	0.0	0.0	0	0
DYNLRB1|chr20:32276714-32277214:.	chr20	33688908	33689408	DYNLRB1	chr20	34516133	0.0	0.0	0	0
DYNLRB1|chr20:32277777-32278277:.	chr20	33689971	33690471	DYNLRB1	chr20	34516133	0.0	0.0	0	0
E2F1|chr20:32276714-32277214:.	chr20	33688908	33689408	E2F1	chr20	33686654	214.19216918945312	15567.71013512003	1	1
COMMD7|chr20:32277777-32278277:.	chr20	33689971	33690471	COMMD7	chr20	32744258	0.0	0.0	0	0
C20orf24|chr20:34623671-34624171:.	chr20	36035749	36036249	C20orf24	chr20	36605483	0.0	0.0	0	0
ERGIC3|chr20:34623671-34624171:.	chr20	36035749	36036249	ERGIC3	chr20	35541778	0.0	0.0	0	0
RBM39|chr20:34623671-34624171:.	chr20	36035749	36036249	RBM39	chr20	35742586	0.0	0.0	0	0
RPN2|chr20:36601453-36602267:.	chr20	37973051	37973865	RPN2	chr20	37178795	0.0	0.0	0	0
ZMYND8|chr20:45987402-45987902:.	chr20	47358658	47359158	ZMYND8	chr20	47357139	26.475879669189453	22705.123554420454	1	1
ZMYND8|chr20:45989210-45989879:.	chr20	47360466	47361135	ZMYND8	chr20	47357139	26.10678482055664	22388.5960491508	1	1
CSE1L|chr20:48406012-48407344:.	chr20	49789475	49790807	CSE1L	chr20	49045995	0.0	0.0	0	0
STAU1|chr20:48364227-48364727:.	chr20	49747690	49748190	STAU1	chr20	49188620	0.0	0.0	0	0
STAU1|chr20:48402215-48402715:.	chr20	49785678	49786178	STAU1	chr20	49188620	0.0	0.0	0	0
ZFAS1|chr20:47536698-47537198:.	chr20	48920161	48920661	ZFAS1	chr20	49277927	0.0	0.0	0	0
ZFAS1|chr20:48381557-48382204:.	chr20	49765020	49765667	ZFAS1	chr20	49277927	0.0	0.0	0	0
ZFAS1|chr20:48391614-48392319:.	chr20	49775077	49775782	ZFAS1	chr20	49277927	0.0	0.0	0	0
ZFAS1|chr20:48392570-48393333:.	chr20	49776033	49776796	ZFAS1	chr20	49277927	0.0	0.0	0	0
ZFAS1|chr20:48402215-48402715:.	chr20	49785678	49786178	ZFAS1	chr20	49277927	0.0	0.0	0	0
RNF114|chr20:48406012-48407344:.	chr20	49789475	49790807	RNF114	chr20	49936126	0.0	0.0	1	0
RNF114|chr20:49092311-49092811:.	chr20	50475774	50476274	RNF114	chr20	49936126	0.0	0.0	0	0
RNF114|chr20:49099970-49100470:.	chr20	50483433	50483933	RNF114	chr20	49936126	0.0	0.0	0	0
RNF114|chr20:49120521-49121194:.	chr20	50503984	50504657	RNF114	chr20	49936126	0.0	0.0	0	0
RNF114|chr20:49327560-49328060:.	chr20	50711023	50711523	RNF114	chr20	49936126	0.0	0.0	0	0
DPM1|chr20:49099970-49100470:.	chr20	50483433	50483933	DPM1	chr20	50958814	0.0	0.0	0	0
DPM1|chr20:49955898-49957413:.	chr20	51339361	51340876	DPM1	chr20	50958814	0.0	0.0	0	0
PTPN1|chr20:49955898-49957413:.	chr20	51339361	51340876	PTPN1	chr20	50510070	0.0	0.0	0	0
RAE1|chr20:55990735-55991562:.	chr20	57415679	57416506	RAE1	chr20	57350838	26.944759368896484	1155.5753613648678	1	0
RTFDC1|chr20:55990735-55991562:.	chr20	57415679	57416506	RTFDC1	chr20	56468334	0.0	0.0	0	0
ATP5E|chr20:56784628-56785317:.	chr20	58209572	58210261	ATP5E	chr20	59032617	0.0	0.0	0	0
ATP5E|chr20:57198890-57199390:.	chr20	58623834	58624334	ATP5E	chr20	59032617	0.0	0.0	0	0
CTSZ|chr20:57198890-57199390:.	chr20	58623834	58624334	CTSZ	chr20	59007504	0.0	0.0	0	0
ADRM1|chr20:60663457-60663957:.	chr20	62088401	62088901	ADRM1	chr20	62302645	0.0	0.0	0	0
ADRM1|chr20:61506816-61507316:.	chr20	62875464	62875964	ADRM1	chr20	62302645	0.0	0.0	0	0
GID8|chr20:60663457-60663957:.	chr20	62088401	62088901	GID8	chr20	62937838	0.0	0.0	0	0
MRGBP|chr20:60663457-60663957:.	chr20	62088401	62088901	MRGBP	chr20	62796154	0.0	0.0	0	0
PSMA7|chr20:60663457-60663957:.	chr20	62088401	62088901	PSMA7	chr20	62143708	45.1903190612793	1503.3708872215589	1	0
LINC00659|chr20:61408017-61408722:.	chr20	62776665	62777370	LINC00659	chr20	62777106	6.004253387451172	53694.6000951848	1	1
RPS21|chr20:61506816-61507316:.	chr20	62875464	62875964	RPS21	chr20	62386814	0.0	0.0	0	0
SOD1|chr21:33238225-33238725:.	chr21	31865912	31866412	SOD1	chr21	31659371	0.0	0.0	0	0
SOD1|chr21:33918213-33918876:.	chr21	32545903	32546566	SOD1	chr21	31659371	0.0	0.0	0	0
MRPS6|chr21:34752734-34753234:.	chr21	33380428	33380928	MRPS6	chr21	34073272	0.0	0.0	0	0
ATP5O|chr21:35815763-35816263:.	chr21	34443465	34443965	ATP5O	chr21	33916104	0.0	0.0	0	0
DSCR8|chr21:38710843-38711932:.	chr21	37338541	37339630	DSCR8	chr21	38121200	0.0	0.0	0	0
DSCR8|chr21:38728871-38729371:.	chr21	37356569	37357069	DSCR8	chr21	38121200	0.0	0.0	0	0
DSCR8|chr21:38936593-38937843:.	chr21	37564291	37565541	DSCR8	chr21	38121200	0.0	0.0	0	0
HMGN1|chr21:40222162-40222792:.	chr21	38850238	38850868	HMGN1	chr21	39349371	0.0	0.0	0	0
PSMG1|chr21:40222162-40222792:.	chr21	38850238	38850868	PSMG1	chr21	39183764	0.0	0.0	0	0
NDUFV3|chr21:43377148-43377962:.	chr21	41957039	41957853	NDUFV3	chr21	42893017	0.0	0.0	0	0
NDUFV3|chr21:44529073-44529573:.	chr21	43108963	43109463	NDUFV3	chr21	42893017	0.0	0.0	0	0
NDUFV3|chr21:44817622-44818713:.	chr21	43397742	43398833	NDUFV3	chr21	42893017	0.0	0.0	0	0
NDUFV3|chr21:45280579-45281079:.	chr21	43860698	43861198	NDUFV3	chr21	42893017	0.0	0.0	0	0
CSTB|chr21:44350019-44350618:.	chr21	42929909	42930508	CSTB	chr21	43776625	0.0	0.0	0	0
CSTB|chr21:44469846-44470346:.	chr21	43049736	43050236	CSTB	chr21	43776625	0.0	0.0	0	0
CSTB|chr21:44529073-44529573:.	chr21	43108963	43109463	CSTB	chr21	43776625	0.0	0.0	0	0
CSTB|chr21:44559024-44559524:.	chr21	43138914	43139414	CSTB	chr21	43776625	0.0	0.0	0	0
CSTB|chr21:44817622-44818713:.	chr21	43397742	43398833	CSTB	chr21	43776625	0.0	0.0	0	0
CBS|chr21:44529073-44529573:.	chr21	43108963	43109463	CBS	chr21	43076642	7.963887691497803	4396.861293541343	1	0
CBS|chr21:45188002-45188907:.	chr21	43768121	43769026	CBS	chr21	43076642	0.0	0.0	0	0
C21orf33|chr21:44559024-44559524:.	chr21	43138914	43139414	C21orf33	chr21	44133361	0.0	0.0	0	0
C21orf33|chr21:46487353-46488206:.	chr21	45067438	45068291	C21orf33	chr21	44133361	0.0	0.0	0	0
U2AF1|chr21:44559024-44559524:.	chr21	43138914	43139414	U2AF1	chr21	43107828	36.65312957763672	2874.610011388105	1	0
U2AF1|chr21:45280579-45281079:.	chr21	43860698	43861198	U2AF1	chr21	43107828	0.0	0.0	0	0
PKNOX1|chr21:44817622-44818713:.	chr21	43397742	43398833	PKNOX1	chr21	42974259	0.0	0.0	0	1
RRP1|chr21:45280579-45281079:.	chr21	43860698	43861198	RRP1	chr21	43789286	19.619930267333984	1596.4562817610642	1	0
RRP1B|chr21:45188002-45188907:.	chr21	43768121	43769026	RRP1B	chr21	43659300	0.0	0.0	1	0
SUMO3|chr21:45280579-45281079:.	chr21	43860698	43861198	SUMO3	chr21	44818379	0.0	0.0	0	0
SUMO3|chr21:46256237-46256881:.	chr21	44836322	44836966	SUMO3	chr21	44818379	61.72626495361328	4523.8562419696345	1	0
SUMO3|chr21:46487353-46488206:.	chr21	45067438	45068291	SUMO3	chr21	44818379	0.0	0.0	0	0
SUMO3|chr21:46780110-46780610:.	chr21	45360195	45360695	SUMO3	chr21	44818379	0.0	0.0	0	0
PTTG1IP|chr21:46487353-46488206:.	chr21	45067438	45068291	PTTG1IP	chr21	44874153	0.0	0.0	1	0
UBE2G2|chr21:46487353-46488206:.	chr21	45067438	45068291	UBE2G2	chr21	44802086	0.0	0.0	0	0
C22orf29|chr22:19614790-19615456:.	chr22	19627267	19627933	C22orf29	chr22	19855098	0.0	0.0	0	0
COMT|chr22:19614790-19615456:.	chr22	19627267	19627933	COMT	chr22	19941489	0.0	0.0	0	0
MRPL40|chr22:19614790-19615456:.	chr22	19627267	19627933	MRPL40	chr22	19431651	0.0	0.0	1	0
RANBP1|chr22:19614790-19615456:.	chr22	19627267	19627933	RANBP1	chr22	20117173	0.0	0.0	0	0
SLC25A1|chr22:19630935-19632164:.	chr22	19643412	19644641	SLC25A1	chr22	19179113	0.0	0.0	0	0
C22orf39|chr22:20063902-20064759:.	chr22	20076379	20077236	C22orf39	chr22	19448482	0.0	0.0	0	0
DDT|chr22:23864888-23865388:.	chr22	23522701	23523201	DDT	chr22	23980078	0.0	0.0	0	0
SRRD|chr22:27028418-27029323:.	chr22	26632454	26633359	SRRD	chr22	26483633	0.0	0.0	1	0
EWSR1|chr22:29591532-29592456:.	chr22	29195544	29196468	EWSR1	chr22	29267758	18.91565322875977	1893.864653270135	1	0
UQCR10|chr22:29699458-29699958:.	chr22	29303468	29303968	UQCR10	chr22	29767118	0.0	0.0	0	0
UQCR10|chr22:30612608-30613108:.	chr22	30216619	30217119	UQCR10	chr22	29767118	0.0	0.0	0	0
LIMK2|chr22:30612608-30613108:.	chr22	30216619	30217119	LIMK2	chr22	31248111	0.0	0.0	0	1
EIF3D|chr22:36448592-36449092:.	chr22	36052544	36053044	EIF3D	chr22	36529480	0.0	0.0	0	0
EIF3D|chr22:36819421-36819921:.	chr22	36423376	36423876	EIF3D	chr22	36529480	0.0	0.0	1	0
EIF3D|chr22:36826813-36827313:.	chr22	36430768	36431268	EIF3D	chr22	36529480	1.1888686418533323	135.54347214926915	1	0
EIF3D|chr22:37376646-37377146:.	chr22	36980605	36981105	EIF3D	chr22	36529480	0.0	0.0	0	0
EIF3D|chr22:37378153-37378653:.	chr22	36982112	36982612	EIF3D	chr22	36529480	0.0	0.0	0	0
MPST|chr22:36519943-36520443:.	chr22	36123895	36124395	MPST	chr22	37019391	0.0	0.0	0	0
MPST|chr22:36826813-36827313:.	chr22	36430768	36431268	MPST	chr22	37019391	0.0	0.0	0	0
MPST|chr22:37376646-37377146:.	chr22	36980605	36981105	MPST	chr22	37019391	27.30047607421875	1933.5364100175857	1	0
TXN2|chr22:36519943-36520443:.	chr22	36123895	36124395	TXN2	chr22	36481890	0.0	0.0	0	0
TXN2|chr22:37376646-37377146:.	chr22	36980605	36981105	TXN2	chr22	36481890	0.0	0.0	0	0
TXN2|chr22:37378153-37378653:.	chr22	36982112	36982612	TXN2	chr22	36481890	0.0	0.0	0	0
TXN2|chr22:37654785-37656002:.	chr22	37258745	37259962	TXN2	chr22	36481890	0.0	0.0	0	0
EIF3L|chr22:37376646-37377146:.	chr22	36980605	36981105	EIF3L	chr22	37849121	0.0	0.0	0	0
EIF3L|chr22:37378153-37378653:.	chr22	36982112	36982612	EIF3L	chr22	37849121	0.0	0.0	0	0
EIF3L|chr22:37654785-37656002:.	chr22	37258745	37259962	EIF3L	chr22	37849121	0.0	0.0	0	0
EIF3L|chr22:38910516-38911016:.	chr22	38514511	38515011	EIF3L	chr22	37849121	0.0	0.0	0	0
EIF3L|chr22:39242899-39243399:.	chr22	38846894	38847394	EIF3L	chr22	37849121	0.0	0.0	0	0
POLR2F|chr22:37376646-37377146:.	chr22	36980605	36981105	POLR2F	chr22	37953412	0.0	0.0	0	0
POLR2F|chr22:37378153-37378653:.	chr22	36982112	36982612	POLR2F	chr22	37953412	0.0	0.0	0	0
POLR2F|chr22:38680973-38681623:.	chr22	38284967	38285617	POLR2F	chr22	37953412	0.0	0.0	0	0
POLR2F|chr22:38857440-38857940:.	chr22	38461435	38461935	POLR2F	chr22	37953412	0.0	0.0	0	0
POLR2F|chr22:39242899-39243399:.	chr22	38846894	38847394	POLR2F	chr22	37953412	0.0	0.0	0	0
CDC42EP1|chr22:37378153-37378653:.	chr22	36982112	36982612	CDC42EP1	chr22	37560213	0.0	0.0	0	0
GCAT|chr22:37378153-37378653:.	chr22	36982112	36982612	GCAT	chr22	37807654	0.0	0.0	0	0
DDX17|chr22:39670148-39670648:.	chr22	39274143	39274643	DDX17	chr22	38506590	0.0	0.0	0	0
DDX17|chr22:39677161-39678127:.	chr22	39281156	39282122	DDX17	chr22	38506590	0.0	0.0	0	0
DDX17|chr22:39848412-39849172:.	chr22	39452407	39453167	DDX17	chr22	38506590	0.0	0.0	0	0
RPL3|chr22:38910516-38911016:.	chr22	38514511	38515011	RPL3	chr22	39319915	0.0	0.0	0	0
RPL3|chr22:39242899-39243399:.	chr22	38846894	38847394	RPL3	chr22	39319915	0.0	0.0	0	0
RPL3|chr22:39670148-39670648:.	chr22	39274143	39274643	RPL3	chr22	39319915	8.279034614562988	1021.2310572238512	1	0
RPL3|chr22:39678877-39679377:.	chr22	39282872	39283372	RPL3	chr22	39319915	37.33796691894531	4605.6929589533365	1	0
RPL3|chr22:39848412-39849172:.	chr22	39452407	39453167	RPL3	chr22	39319915	0.0	0.0	1	0
ATF4|chr22:39677161-39678127:.	chr22	39281156	39282122	ATF4	chr22	39520308	0.0	0.0	0	0
ATF4|chr22:39848412-39849172:.	chr22	39452407	39453167	ATF4	chr22	39520308	15.660587310791016	980.167120391047	1	0
ATF4|chr22:40384491-40384991:.	chr22	39988487	39988987	ATF4	chr22	39520308	0.0	0.0	0	0
NPTXR|chr22:39242899-39243399:.	chr22	38846894	38847394	NPTXR	chr22	38844262	6.2048540115356445	17088.559582825317	1	1
RPS19BP1|chr22:39670148-39670648:.	chr22	39274143	39274643	RPS19BP1	chr22	39533105	0.0	0.0	0	0
RPS19BP1|chr22:39678877-39679377:.	chr22	39282872	39283372	RPS19BP1	chr22	39533105	0.0	0.0	0	0
RPS19BP1|chr22:39848412-39849172:.	chr22	39452407	39453167	RPS19BP1	chr22	39533105	5.54755163192749	496.4083592567228	1	0
RPS19BP1|chr22:40384491-40384991:.	chr22	39988487	39988987	RPS19BP1	chr22	39533105	0.0	0.0	0	0
TOMM22|chr22:39670148-39670648:.	chr22	39274143	39274643	TOMM22	chr22	38681698	0.0	0.0	0	0
TOMM22|chr22:39678877-39679377:.	chr22	39282872	39283372	TOMM22	chr22	38681698	0.0	0.0	0	0
TOMM22|chr22:39739463-39740559:.	chr22	39343458	39344554	TOMM22	chr22	38681698	0.0	0.0	0	0
ADSL|chr22:39848412-39849172:.	chr22	39452407	39453167	ADSL	chr22	40346249	0.0	0.0	0	0
APOBEC3C|chr22:39848412-39849172:.	chr22	39452407	39453167	APOBEC3C	chr22	39014009	0.0	0.0	0	0
APOBEC3C|chr22:40384491-40384991:.	chr22	39988487	39988987	APOBEC3C	chr22	39014009	0.0	0.0	0	0
MGAT3|chr22:39848412-39849172:.	chr22	39452407	39453167	MGAT3	chr22	39457069	102.12095642089844	13973.446492360126	1	1
SYNGR1|chr22:39848412-39849172:.	chr22	39452407	39453167	SYNGR1	chr22	39349698	0.0	0.0	1	1
TNRC6B|chr22:39848412-39849172:.	chr22	39452407	39453167	TNRC6B	chr22	40177674	0.0	0.0	0	0
DESI1|chr22:41047327-41048409:.	chr22	40651323	40652405	DESI1	chr22	41621307	0.0	0.0	0	0
RBX1|chr22:41047327-41048409:.	chr22	40651323	40652405	RBX1	chr22	40951096	0.0	0.0	0	0
RBX1|chr22:41107528-41108028:.	chr22	40711524	40712024	RBX1	chr22	40951096	0.0	0.0	0	0
RBX1|chr22:42062613-42063113:.	chr22	41666609	41667109	RBX1	chr22	40951096	0.0	0.0	0	0
RBX1|chr22:42063149-42063813:.	chr22	41667145	41667809	RBX1	chr22	40951096	0.0	0.0	0	0
ST13|chr22:41809410-41810644:.	chr22	41413406	41414640	ST13	chr22	40857258	0.0	0.0	0	0
ST13|chr22:42062613-42063113:.	chr22	41666609	41667109	ST13	chr22	40857258	0.0	0.0	0	0
XRCC6|chr22:41047327-41048409:.	chr22	40651323	40652405	XRCC6	chr22	41620912	0.0	0.0	0	0
XRCC6|chr22:41107528-41108028:.	chr22	40711524	40712024	XRCC6	chr22	41620912	0.0	0.0	0	0
SNU13|chr22:41107528-41108028:.	chr22	40711524	40712024	SNU13	chr22	41689159	0.0	0.0	0	0
SMDT1|chr22:43150656-43151156:.	chr22	42754650	42755150	SMDT1	chr22	42079440	0.0	0.0	0	0
NDUFA6|chr22:43150656-43151156:.	chr22	42754650	42755150	NDUFA6	chr22	42091205	0.0	0.0	0	0
TSPO|chr22:43150656-43151156:.	chr22	42754650	42755150	TSPO	chr22	43151263	0.0	0.0	0	0
SCO2|chr22:50417977-50418477:.	chr22	49979548	49980048	SCO2	chr22	50525855	0.0	0.0	0	0
BRK1|chr3:9687606-9688465:.	chr3	9645922	9646781	BRK1	chr3	10115398	0.0	0.0	0	0
EMC3|chr3:9687606-9688465:.	chr3	9645922	9646781	EMC3	chr3	10011498	0.0	0.0	0	0
RPUSD3|chr3:9687606-9688465:.	chr3	9645922	9646781	RPUSD3	chr3	9844268	0.0	0.0	0	0
RPL32|chr3:12234935-12235435:.	chr3	12193435	12193935	RPL32	chr3	12841832	0.0	0.0	0	0
RPL32|chr3:13319389-13319889:.	chr3	13277889	13278389	RPL32	chr3	12841832	0.0	0.0	0	0
RPL32|chr3:13579255-13579755:.	chr3	13537755	13538255	RPL32	chr3	12841832	0.0	0.0	0	0
LSM3|chr3:13319389-13319889:.	chr3	13277889	13278389	LSM3	chr3	14178477	0.0	0.0	0	0
LSM3|chr3:14294208-14295128:.	chr3	14252708	14253628	LSM3	chr3	14178477	20.5562744140625	964.3110731787064	1	0
LSM3|chr3:14687996-14688496:.	chr3	14646489	14646989	LSM3	chr3	14178477	0.0	0.0	0	0
CHCHD4|chr3:13579255-13579755:.	chr3	13537755	13538255	CHCHD4	chr3	14125121	0.0	0.0	0	0
CHCHD4|chr3:14245902-14246844:.	chr3	14204402	14205344	CHCHD4	chr3	14125121	28.153949737548828	1502.134404200038	1	0
CHCHD4|chr3:14273867-14274612:.	chr3	14232367	14233112	CHCHD4	chr3	14125121	0.0	0.0	1	0
FGD5-AS1|chr3:14273867-14274612:.	chr3	14232367	14233112	FGD5-AS1	chr3	14947755	0.0	0.0	0	0
FGD5-AS1|chr3:14687996-14688496:.	chr3	14646489	14646989	FGD5-AS1	chr3	14947755	0.0	0.0	0	0
MRPS25|chr3:14273867-14274612:.	chr3	14232367	14233112	MRPS25	chr3	15065587	0.0	0.0	0	0
RPL15|chr3:23780739-23781456:.	chr3	23739248	23739965	RPL15	chr3	23916553	0.0	0.0	1	0
PDCD6IP|chr3:33943307-33944100:.	chr3	33901815	33902608	PDCD6IP	chr3	33798320	0.0	0.0	1	0
EIF1B|chr3:40665045-40665545:.	chr3	40623554	40624054	EIF1B	chr3	40309431	0.0	0.0	0	0
RPL14|chr3:39681301-39681801:.	chr3	39639810	39640310	RPL14	chr3	40457041	0.0	0.0	0	0
RPL14|chr3:41067710-41068483:.	chr3	41026219	41026992	RPL14	chr3	40457041	0.0	0.0	0	0
HIGD1A|chr3:43812099-43812599:.	chr3	43770607	43771107	HIGD1A	chr3	42804785	0.0	0.0	0	0
HIGD1A|chr3:43814478-43815168:.	chr3	43772986	43773676	HIGD1A	chr3	42804785	0.0	0.0	0	0
EXOSC7|chr3:45224555-45225234:.	chr3	45183063	45183742	EXOSC7	chr3	44975998	0.0	0.0	0	0
ZDHHC3|chr3:44277355-44279145:.	chr3	44235863	44237653	ZDHHC3	chr3	44976432	0.0	0.0	0	0
CCDC12|chr3:46120242-46120742:.	chr3	46078750	46079250	CCDC12	chr3	46982260	0.0	0.0	0	0
CCDC12|chr3:47520657-47521157:.	chr3	47479167	47479667	CCDC12	chr3	46982260	0.0	0.0	0	0
TMA7|chr3:47520657-47521157:.	chr3	47479167	47479667	TMA7	chr3	48439987	0.0	0.0	0	0
TMA7|chr3:48952715-48953215:.	chr3	48915282	48915782	TMA7	chr3	48439987	0.0	0.0	0	0
UQCRC1|chr3:48779599-48780099:.	chr3	48742166	48742666	UQCRC1	chr3	48609915	0.0	0.0	1	0
UQCRC1|chr3:49503002-49503502:.	chr3	49465569	49466069	UQCRC1	chr3	48609915	0.0	0.0	0	0
RPL29|chr3:52223021-52223599:.	chr3	52189005	52189583	RPL29	chr3	51996192	0.0	0.0	1	0
RPL29|chr3:52462490-52462990:.	chr3	52428474	52428974	RPL29	chr3	51996192	0.0	0.0	0	0
SPCS1|chr3:52026098-52026598:.	chr3	51992082	51992582	SPCS1	chr3	52705590	0.0	0.0	0	0
GNL3|chr3:52223021-52223599:.	chr3	52189005	52189583	GNL3	chr3	52685669	0.0	0.0	0	0
MITF|chr3:69773694-69774782:.	chr3	69724543	69725631	MITF	chr3	69936349	0.0	0.0	0	1
RPL24|chr3:100860968-100861468:.	chr3	101142124	101142624	RPL24	chr3	101686969	0.0	0.0	0	0
RPL24|chr3:100866811-100867311:.	chr3	101147967	101148467	RPL24	chr3	101686969	0.0	0.0	0	0
RPL24|chr3:101248590-101249606:.	chr3	101529746	101530762	RPL24	chr3	101686969	0.0	0.0	1	0
RPL24|chr3:101353449-101353949:.	chr3	101634605	101635105	RPL24	chr3	101686969	40.92348098754883	2290.2437417794567	1	0
RPL24|chr3:101354773-101355428:.	chr3	101635929	101636584	RPL24	chr3	101686969	46.27192687988281	2589.564435854598	1	0
RPL24|chr3:101361147-101361647:.	chr3	101642303	101642803	RPL24	chr3	101686969	56.2111701965332	3145.804747154306	1	0
RPL24|chr3:101587515-101588278:.	chr3	101868671	101869434	RPL24	chr3	101686969	0.0	0.0	1	0
TFG|chr3:100866811-100867311:.	chr3	101147967	101148467	TFG	chr3	100709080	0.0	0.0	0	0
CD47|chr3:107823096-107823596:.	chr3	108104249	108104749	CD47	chr3	108091338	75.94352722167969	6087.157726626597	1	1
NAA50|chr3:112504908-112505408:.	chr3	112786061	112786561	NAA50	chr3	113746549	0.0	0.0	0	0
COX17|chr3:120277595-120278872:.	chr3	120558748	120560025	COX17	chr3	119677646	0.0	0.0	0	0
COX17|chr3:120341815-120342675:.	chr3	120622968	120623828	COX17	chr3	119677646	0.0	0.0	0	0
GSK3B|chr3:120290798-120291298:.	chr3	120571951	120572451	GSK3B	chr3	120094667	0.0	0.0	0	1
CCDC58|chr3:122074378-122075018:.	chr3	122355531	122356171	CCDC58	chr3	122383481	149.98548889160156	13470.133135108385	1	0
PODXL2|chr3:127174319-127174819:.	chr3	127455476	127455976	PODXL2	chr3	127628908	0.0	0.0	1	0
GATA2|chr3:128224601-128225101:.	chr3	128505758	128506258	GATA2	chr3	128493437	67.49099731445312	4617.672589784486	1	0
GATA2|chr3:128914500-128915000:.	chr3	129195657	129196157	GATA2	chr3	128493437	0.0	0.0	0	0
MBD4|chr3:128224601-128225101:.	chr3	128505758	128506258	MBD4	chr3	129440429	0.0	0.0	0	0
MBD4|chr3:128268039-128268539:.	chr3	128549196	128549696	MBD4	chr3	129440429	0.0	0.0	0	0
RUVBL1|chr3:128251475-128252246:.	chr3	128532632	128533403	RUVBL1	chr3	128124078	0.0	0.0	0	0
RUVBL1|chr3:128268039-128268539:.	chr3	128549196	128549696	RUVBL1	chr3	128124078	0.0	0.0	0	0
GATA2-AS1|chr3:128268039-128268539:.	chr3	128549196	128549696	GATA2-AS1	chr3	128488952	103.8480987548828	10778.96849844991	1	0
RNF7|chr3:141348665-141349335:.	chr3	141629823	141630493	RNF7	chr3	141737958	0.0	0.0	1	0
ATP1B3|chr3:141567789-141568685:.	chr3	141848947	141849843	ATP1B3	chr3	141876341	59.26170349121094	3589.259033289667	1	1
TFDP2|chr3:142803824-142804324:.	chr3	143084982	143085482	TFDP2	chr3	142028915	0.0	0.0	0	0
U2SURP|chr3:142803824-142804324:.	chr3	143084982	143085482	U2SURP	chr3	143001279	36.05516052246094	2184.66949109846	1	0
U2SURP|chr3:142902177-142902838:.	chr3	143183335	143183996	U2SURP	chr3	143001279	0.0	0.0	1	0
EIF2A|chr3:150505502-150506002:.	chr3	150787715	150788215	EIF2A	chr3	150546427	0.0	0.0	0	0
GMPS|chr3:156322413-156323827:.	chr3	156604624	156606038	GMPS	chr3	155870285	0.0	0.0	0	0
TNIK|chr3:171188491-171189194:.	chr3	171470702	171471405	TNIK	chr3	171460658	500.2431640625	35537.59415798631	1	1
NDUFB5|chr3:178986024-178986688:.	chr3	179268236	179268900	NDUFB5	chr3	179604536	0.0	0.0	0	0
TRA2B|chr3:185276046-185277257:.	chr3	185558258	185559469	TRA2B	chr3	185938386	0.0	0.0	0	0
TRA2B|chr3:186600524-186601024:.	chr3	186882735	186883235	TRA2B	chr3	185938386	0.0	0.0	0	0
EIF4A2|chr3:185618000-185618500:.	chr3	185900212	185900712	EIF4A2	chr3	186783321	0.0	0.0	0	0
EIF4A2|chr3:186588120-186589741:.	chr3	186870331	186871952	EIF4A2	chr3	186783321	20.645244598388672	1168.4288025428266	1	0
DNAJB11|chr3:186606308-186607401:.	chr3	186888519	186889612	DNAJB11	chr3	186570425	0.0	0.0	0	0
RFC4|chr3:186626661-186627873:.	chr3	186908872	186910084	RFC4	chr3	186806751	0.0	0.0	1	0
RPL39L|chr3:187465705-187466205:.	chr3	187747917	187748417	RPL39L	chr3	187139773	0.0	0.0	0	0
NCBP2|chr3:195835041-195835869:.	chr3	196108170	196108998	NCBP2	chr3	196942843	0.0	0.0	0	0
NCBP2|chr3:195837015-195837725:.	chr3	196110144	196110854	NCBP2	chr3	196942843	0.0	0.0	0	0
NCBP2|chr3:195867766-195868266:.	chr3	196140895	196141395	NCBP2	chr3	196942843	0.0	0.0	0	0
NCBP2|chr3:195910325-195910825:.	chr3	196183454	196183954	NCBP2	chr3	196942843	0.0	0.0	0	0
NCBP2|chr3:196338814-196339314:.	chr3	196611943	196612443	NCBP2	chr3	196942843	0.0	0.0	0	0
NCBP2|chr3:197160447-197160947:.	chr3	197433576	197434076	NCBP2	chr3	196942843	0.0	0.0	0	0
NCBP2-AS2|chr3:195835041-195835869:.	chr3	196108170	196108998	NCBP2-AS2	chr3	196942372	0.0	0.0	0	0
NCBP2-AS2|chr3:195837015-195837725:.	chr3	196110144	196110854	NCBP2-AS2	chr3	196942372	0.0	0.0	0	0
NCBP2-AS2|chr3:196569515-196570015:.	chr3	196842644	196843144	NCBP2-AS2	chr3	196942372	0.0	0.0	1	0
NCBP2-AS2|chr3:197160447-197160947:.	chr3	197433576	197434076	NCBP2-AS2	chr3	196942372	0.0	0.0	0	0
PAK2|chr3:195835041-195835869:.	chr3	196108170	196108998	PAK2	chr3	196739606	0.0	0.0	0	0
PAK2|chr3:195910325-195910825:.	chr3	196183454	196183954	PAK2	chr3	196739606	0.0	0.0	0	0
ZDHHC19|chr3:195908618-195909221:.	chr3	196181747	196182350	ZDHHC19	chr3	196211687	0.0855081602931022	2290.5420660337472	1	1
RPL35A|chr3:196697941-196698441:.	chr3	196971070	196971570	RPL35A	chr3	197949930	0.0	0.0	0	0
RPL35A|chr3:197160447-197160947:.	chr3	197433576	197434076	RPL35A	chr3	197949930	0.0	0.0	0	0
RPL35A|chr3:197819038-197819538:.	chr3	198092167	198092667	RPL35A	chr3	197949930	0.0	0.0	1	0
RPL35A|chr3:197834217-197835620:.	chr3	198107346	198108749	RPL35A	chr3	197949930	0.0	0.0	1	0
FYTTD1|chr3:197160447-197160947:.	chr3	197433576	197434076	FYTTD1	chr3	197749502	0.0	0.0	0	0
ATP5I|chr4:181844-182344:.	chr4	188055	188555	ATP5I	chr4	674588	0.0	0.0	0	0
ATP5I|chr4:696246-696746:.	chr4	702457	702957	ATP5I	chr4	674588	50.19089126586914	2569.6748721739705	1	0
ATP5I|chr4:1591881-1592381:.	chr4	1590154	1590654	ATP5I	chr4	674588	0.0	0.0	0	0
SLBP|chr4:1591881-1592381:.	chr4	1590154	1590654	SLBP	chr4	1712991	0.0	0.0	1	0
SLBP|chr4:1790243-1790743:.	chr4	1788516	1789016	SLBP	chr4	1712991	1.6916064023971558	1117.3538821790034	1	0
C4orf48|chr4:1786811-1787311:.	chr4	1785084	1785584	C4orf48	chr4	2041799	0.0	0.0	0	0
NOP14|chr4:3625717-3626217:.	chr4	3623990	3624490	NOP14	chr4	2963756	0.0	0.0	0	0
BLOC1S4|chr4:6732227-6733056:.	chr4	6730500	6731329	BLOC1S4	chr4	6715864	3.538550853729248	9991.792743775524	1	0
BLOC1S4|chr4:6735657-6736565:.	chr4	6733930	6734838	BLOC1S4	chr4	6715864	1.2542983293533323	3541.7574775149264	1	0
BLOC1S4|chr4:6893441-6894500:.	chr4	6891714	6892773	BLOC1S4	chr4	6715864	0.0	0.0	1	0
GRPEL1|chr4:6732227-6733056:.	chr4	6730500	6731329	GRPEL1	chr4	7068460	0.0	0.0	0	0
GRPEL1|chr4:6734276-6734776:.	chr4	6732549	6733049	GRPEL1	chr4	7068460	0.0	0.0	0	0
GRPEL1|chr4:6735657-6736565:.	chr4	6733930	6734838	GRPEL1	chr4	7068460	0.0	0.0	0	0
MRFAP1|chr4:6732227-6733056:.	chr4	6730500	6731329	MRFAP1	chr4	6639840	0.0738818943500518	1045.1547500470149	1	0
MRFAP1|chr4:6734276-6734776:.	chr4	6732549	6733049	MRFAP1	chr4	6639840	0.0917728915810585	1298.2459966042495	1	0
MRFAP1|chr4:6735657-6736565:.	chr4	6733930	6734838	MRFAP1	chr4	6639840	0.0675215199589729	955.179045371423	1	0
MRFAP1|chr4:6765223-6765723:.	chr4	6763496	6763996	MRFAP1	chr4	6639840	0.0	0.0	1	0
MRFAP1|chr4:6893441-6894500:.	chr4	6891714	6892773	MRFAP1	chr4	6639840	0.0	0.0	0	0
MRFAP1|chr4:7083607-7084107:.	chr4	7081880	7082380	MRFAP1	chr4	6639840	0.0	0.0	0	0
MRFAP1L1|chr4:6732227-6733056:.	chr4	6730500	6731329	MRFAP1L1	chr4	6710129	91.024169921875	6398.497760616786	1	0
RPL9|chr4:38606685-38607968:.	chr4	38605064	38606347	RPL9	chr4	39459198	0.0	0.0	0	0
RPL9|chr4:38860416-38861275:.	chr4	38858795	38859654	RPL9	chr4	39459198	0.0	0.0	0	0
RPL9|chr4:40293854-40294563:.	chr4	40292234	40292943	RPL9	chr4	39459198	0.0	0.0	0	0
UBE2K|chr4:38860416-38861275:.	chr4	38858795	38859654	UBE2K	chr4	39697793	0.0	0.0	0	0
UBE2K|chr4:40293854-40294563:.	chr4	40292234	40292943	UBE2K	chr4	39697793	0.0	0.0	0	0
OCIAD1|chr4:48336885-48337385:.	chr4	48334868	48335368	OCIAD1	chr4	48830792	0.0	0.0	0	0
SLC10A4|chr4:48483574-48484074:.	chr4	48481557	48482057	SLC10A4	chr4	48483092	276.2533569335937	28752.108933387597	1	1
TMEM165|chr4:55339213-55339713:.	chr4	54473046	54473546	TMEM165	chr4	55395662	0.0	0.0	0	0
TMEM165|chr4:55454392-55454994:.	chr4	54588225	54588827	TMEM165	chr4	55395662	0.0	0.0	0	0
TMEM165|chr4:56589536-56590036:.	chr4	55723369	55723869	TMEM165	chr4	55395662	0.0	0.0	0	0
TMEM165|chr4:56595633-56597129:.	chr4	55729466	55730962	TMEM165	chr4	55395662	0.0	0.0	0	1
TMEM165|chr4:56599936-56600602:.	chr4	55733769	55734436	TMEM165	chr4	55395662	0.0	0.0	0	0
SRP72|chr4:56532175-56532904:.	chr4	55666008	55666737	SRP72	chr4	56467345	0.0	0.0	0	0
SRP72|chr4:56589536-56590036:.	chr4	55723369	55723869	SRP72	chr4	56467345	0.0	0.0	0	0
SRP72|chr4:56595633-56597129:.	chr4	55729466	55730962	SRP72	chr4	56467345	0.0	0.0	0	0
SRP72|chr4:56599936-56600602:.	chr4	55733769	55734436	SRP72	chr4	56467345	0.0	0.0	0	0
NMU|chr4:56589536-56590036:.	chr4	55723369	55723869	NMU	chr4	55636548	12.734867095947266	848.3713983638598	1	1
NMU|chr4:57255665-57256165:.	chr4	56389499	56389999	NMU	chr4	55636548	0.0	0.0	0	0
PAICS|chr4:56595633-56597129:.	chr4	55729466	55730962	PAICS	chr4	56435852	0.0	0.0	0	0
PAICS|chr4:56599936-56600602:.	chr4	55733769	55734436	PAICS	chr4	56435852	0.0	0.0	0	0
PPAT|chr4:56595633-56597129:.	chr4	55729466	55730962	PPAT	chr4	56435886	0.0	0.0	0	0
YTHDC1|chr4:69729971-69730708:.	chr4	68864253	68864990	YTHDC1	chr4	68350367	0.0	0.0	0	0
EREG|chr4:75195820-75196610:.	chr4	74330103	74330893	EREG	chr4	74364892	372.7999267578125	27717.319912543306	1	1
CCNI|chr4:77724512-77725012:.	chr4	76803359	76803859	CCNI	chr4	77076222	0.0	0.0	0	0
CCNI|chr4:78539742-78540242:.	chr4	77618588	77619088	CCNI	chr4	77076222	0.0	0.0	0	0
SDAD1|chr4:77724512-77725012:.	chr4	76803359	76803859	SDAD1	chr4	75991212	0.0	0.0	0	0
BMP2K|chr4:79653673-79654310:.	chr4	78732519	78733156	BMP2K	chr4	78776127	216.5589904785156	16421.416884205646	1	1
HNRNPDL|chr4:84173752-84174401:.	chr4	83252599	83253248	HNRNPDL	chr4	82430475	0.0	0.0	0	0
MRPS18C|chr4:84540055-84540555:.	chr4	83618902	83619402	MRPS18C	chr4	83455681	0.0	0.0	1	0
SEC31A|chr4:84540055-84540555:.	chr4	83618902	83619402	SEC31A	chr4	82891530	0.0	0.0	0	0
SEC31A|chr4:84550993-84551751:.	chr4	83629840	83630598	SEC31A	chr4	82891530	0.0	0.0	0	0
TSPAN5|chr4:99603780-99604280:.	chr4	98682629	98683129	TSPAN5	chr4	98658911	1.3562278747558594	5240.542182639538	1	1
ADH5|chr4:99782211-99782711:.	chr4	98861060	98861560	ADH5	chr4	99089038	0.0	0.0	0	0
OSTC|chr4:109280456-109282292:.	chr4	108359300	108361136	OSTC	chr4	108650334	0.0	0.0	0	0
OSTC|chr4:109282308-109282808:.	chr4	108361152	108361652	OSTC	chr4	108650334	0.0	0.0	0	0
OSTC|chr4:109282969-109283469:.	chr4	108361813	108362313	OSTC	chr4	108650334	0.0	0.0	0	0
OSTC|chr4:109398576-109399076:.	chr4	108477420	108477920	OSTC	chr4	108650334	0.0	0.0	1	0
RPL34|chr4:109282308-109282808:.	chr4	108361152	108361652	RPL34	chr4	108620339	0.0	0.0	0	0
RPL34|chr4:109398576-109399076:.	chr4	108477420	108477920	RPL34	chr4	108620339	0.0	0.0	1	0
MND1|chr4:154262790-154263290:.	chr4	153341638	153342138	MND1	chr4	153344398	12.752941131591797	10832.828026131898	1	0
HMGB2|chr4:173972788-173973288:.	chr4	173051637	173052137	HMGB2	chr4	173334694	0.0	0.0	0	0
SPCS3|chr4:177211596-177212096:.	chr4	176290445	176290945	SPCS3	chr4	176319688	64.19241333007812	4299.087495703873	1	1
RWDD4|chr4:183984514-183985902:.	chr4	183063361	183064749	RWDD4	chr4	183659469	0.0	0.0	0	0
ING2|chr4:184270016-184271341:.	chr4	183348863	183350188	ING2	chr4	183504799	0.0	0.0	1	0
CENPU|chr4:186037032-186037532:.	chr4	185115878	185116378	CENPU	chr4	184734382	0.0	0.0	0	0
MRPL36|chr5:1190792-1191515:.	chr5	1190677	1191400	MRPL36	chr5	1800092	0.0	0.0	0	0
NDUFS6|chr5:1190792-1191515:.	chr5	1190677	1191400	NDUFS6	chr5	1801131	0.0	0.0	0	0
CMBL|chr5:10310357-10310857:.	chr5	10310245	10310745	CMBL	chr5	10308306	122.28234100341795	17373.46121627446	1	1
CMBL|chr5:10320857-10321357:.	chr5	10320745	10321245	CMBL	chr5	10308306	14.023225784301758	1992.3724659786872	1	0
CCT5|chr5:10319307-10319943:.	chr5	10319195	10319831	CCT5	chr5	10249670	1.9375951290130613	738.6482789692582	1	0
CCT5|chr5:10320857-10321357:.	chr5	10320745	10321245	CCT5	chr5	10249670	1.5660371780395508	597.0032898204041	1	0
MARCH6|chr5:10319307-10319943:.	chr5	10319195	10319831	MARCH6	chr5	10353388	20.62159919738769	1215.8177536133385	1	0
MARCH6|chr5:10320857-10321357:.	chr5	10320745	10321245	MARCH6	chr5	10353388	16.62143325805664	979.9741257799468	1	0
DAP|chr5:10320857-10321357:.	chr5	10320745	10321245	DAP	chr5	10761525	0.0	0.0	0	0
SUB1|chr5:33475061-33476212:.	chr5	33474956	33476107	SUB1	chr5	32585248	0.0	0.0	0	0
TARS|chr5:33475061-33476212:.	chr5	33474956	33476107	TARS	chr5	33440525	47.79021453857422	3913.979694933592	1	0
DNAJC21|chr5:34497054-34497554:.	chr5	34496949	34497449	DNAJC21	chr5	34929342	0.0	0.0	0	0
DNAJC21|chr5:34553572-34554072:.	chr5	34553467	34553967	DNAJC21	chr5	34929342	0.0	0.0	0	0
NUP155|chr5:36442238-36443378:.	chr5	36442136	36443276	NUP155	chr5	37371376	0.0	0.0	0	0
NNT-AS1|chr5:42993242-42995428:.	chr5	42993140	42995326	NNT-AS1	chr5	43603480	0.0	0.0	0	0
PAIP1|chr5:43010703-43011203:.	chr5	43010601	43011101	PAIP1	chr5	43557343	0.0	0.0	0	0
PAIP1|chr5:43320606-43321334:.	chr5	43320504	43321232	PAIP1	chr5	43557343	0.0	0.0	0	0
MOCS2|chr5:52414542-52415199:.	chr5	53118712	53119369	MOCS2	chr5	53110022	21.544382095336918	2739.09020711385	1	1
MOCS2|chr5:52415930-52416430:.	chr5	53120100	53120600	MOCS2	chr5	53110022	15.74337673187256	2001.567222599048	1	1
NDUFS4|chr5:52414542-52415199:.	chr5	53118712	53119369	NDUFS4	chr5	53560382	0.0	0.0	0	0
LINC01033|chr5:53607581-53608081:.	chr5	54311751	54312251	LINC01033	chr5	54320693	9.581583023071287	20933.21326346922	1	1
LINC01033|chr5:53609076-53609576:.	chr5	54313246	54313746	LINC01033	chr5	54320693	15.901236534118652	34739.97717496972	1	1
DHX29|chr5:54038137-54038637:.	chr5	54742309	54742809	DHX29	chr5	55307972	0.0	0.0	0	0
GPBP1|chr5:56059473-56060130:.	chr5	56763646	56764303	GPBP1	chr5	57173697	0.0	0.0	0	0
GPBP1|chr5:56362739-56364186:.	chr5	57066912	57068359	GPBP1	chr5	57173697	0.0	0.0	1	0
KIF2A|chr5:60870864-60871364:.	chr5	61575037	61575537	KIF2A	chr5	62305911	0.0	0.0	0	0
DIMT1|chr5:61557009-61557946:.	chr5	62261182	62262119	DIMT1	chr5	62404210	0.0	0.0	1	0
MRPS36|chr5:67612136-67612636:.	chr5	68316308	68316808	MRPS36	chr5	69217495	0.0	0.0	0	0
MRPS36|chr5:67640196-67641061:.	chr5	68344368	68345233	MRPS36	chr5	69217495	0.0	0.0	0	0
MRPS36|chr5:67715279-67716907:.	chr5	68419452	68421080	MRPS36	chr5	69217495	0.0	0.0	0	0
MRPS36|chr5:67719006-67719506:.	chr5	68423179	68423679	MRPS36	chr5	69217495	0.0	0.0	0	0
MRPS36|chr5:67723951-67724732:.	chr5	68428124	68428905	MRPS36	chr5	69217495	0.0	0.0	0	0
CENPH|chr5:67620526-67621290:.	chr5	68324698	68325462	CENPH	chr5	69189297	0.0	0.0	0	0
CENPH|chr5:67640196-67641061:.	chr5	68344368	68345233	CENPH	chr5	69189297	0.0	0.0	0	0
CENPH|chr5:67715279-67716907:.	chr5	68419452	68421080	CENPH	chr5	69189297	0.0	0.0	0	0
CENPH|chr5:67723951-67724732:.	chr5	68428124	68428905	CENPH	chr5	69189297	0.0	0.0	0	0
CENPH|chr5:67748066-67748566:.	chr5	68452239	68452739	CENPH	chr5	69189297	0.0	0.0	0	0
CENPH|chr5:67752422-67752922:.	chr5	68456595	68457095	CENPH	chr5	69189297	0.0	0.0	0	0
CENPH|chr5:67993995-67994495:.	chr5	68698168	68698668	CENPH	chr5	69189297	0.0	0.0	0	0
AK6|chr5:67715279-67716907:.	chr5	68419452	68421080	AK6	chr5	69369832	0.0	0.0	0	0
AK6|chr5:67723951-67724732:.	chr5	68428124	68428905	AK6	chr5	69369832	0.0	0.0	0	0
AK6|chr5:67748066-67748566:.	chr5	68452239	68452739	AK6	chr5	69369832	0.0	0.0	0	0
AK6|chr5:67752422-67752922:.	chr5	68456595	68457095	AK6	chr5	69369832	0.0	0.0	0	0
CCNB1|chr5:67715279-67716907:.	chr5	68419452	68421080	CCNB1	chr5	69166759	0.0	0.0	0	0
CDK7|chr5:67715279-67716907:.	chr5	68419452	68421080	CDK7	chr5	69234544	0.0	0.0	0	0
RAD17|chr5:67715279-67716907:.	chr5	68419452	68421080	RAD17	chr5	69370454	0.0	0.0	0	0
SLC30A5|chr5:67715279-67716907:.	chr5	68419452	68421080	SLC30A5	chr5	69093698	0.0	0.0	0	0
SLC30A5|chr5:67748066-67748566:.	chr5	68452239	68452739	SLC30A5	chr5	69093698	0.0	0.0	0	0
SLC30A5|chr5:67752422-67752922:.	chr5	68456595	68457095	SLC30A5	chr5	69093698	0.0	0.0	0	0
BTF3|chr5:71856902-71857967:.	chr5	72561075	72562140	BTF3	chr5	73498174	0.0	0.0	0	0
BTF3|chr5:71861056-71861803:.	chr5	72565229	72565976	BTF3	chr5	73498174	0.0	0.0	0	0
NSA2|chr5:73887660-73888298:.	chr5	74591835	74592473	NSA2	chr5	74766740	0.0	0.0	1	0
NSA2|chr5:73890932-73891432:.	chr5	74595107	74595607	NSA2	chr5	74766740	0.0	0.0	1	0
TBCA|chr5:76242840-76243340:.	chr5	76947015	76947515	TBCA	chr5	77776611	0.0	0.0	0	0
TBCA|chr5:78067056-78067924:.	chr5	78771233	78772101	TBCA	chr5	77776611	0.0	0.0	0	0
AGGF1|chr5:77177295-77177929:.	chr5	77881471	77882105	AGGF1	chr5	77030134	0.0	0.0	0	0
RPS23|chr5:81250531-81251031:.	chr5	81954712	81955212	RPS23	chr5	82278666	0.0	0.0	0	0
RPS23|chr5:81684588-81685088:.	chr5	82388769	82389269	RPS23	chr5	82278666	0.0	0.0	1	0
RPS23|chr5:81718043-81718974:.	chr5	82422224	82423155	RPS23	chr5	82278666	0.0	0.0	1	0
SSBP2|chr5:81050398-81050898:.	chr5	81754579	81755079	SSBP2	chr5	81751503	15.709991455078123	17275.03083558282	1	1
SSBP2|chr5:81054494-81054994:.	chr5	81758675	81759175	SSBP2	chr5	81751503	7.262136459350586	7985.595130730626	1	1
TMEM167A|chr5:81684588-81685088:.	chr5	82388769	82389269	TMEM167A	chr5	83077703	0.0	0.0	0	0
TMEM167A|chr5:81716884-81717488:.	chr5	82421065	82421669	TMEM167A	chr5	83077703	0.0	0.0	0	0
COX7C|chr5:84942422-84942922:.	chr5	85646604	85647104	COX7C	chr5	86617716	0.0	0.0	0	0
COX7C|chr5:84943458-84943958:.	chr5	85647640	85648140	COX7C	chr5	86617716	0.0	0.0	0	0
COX7C|chr5:85119543-85120043:.	chr5	85823725	85824225	COX7C	chr5	86617716	0.0	0.0	0	0
COX7C|chr5:86082809-86083309:.	chr5	86786992	86787492	COX7C	chr5	86617716	0.0	0.0	1	0
SRP19|chr5:111827932-111828432:.	chr5	112492235	112492735	SRP19	chr5	112860937	0.0	0.0	0	0
DCP2|chr5:112309532-112310032:.	chr5	112973835	112974335	DCP2	chr5	112976459	157.35174560546875	11167.026077565966	1	1
HINT1|chr5:131433741-131434241:.	chr5	132098048	132098548	HINT1	chr5	131165598	0.0	0.0	0	0
HINT1|chr5:131438944-131439786:.	chr5	132103251	132104093	HINT1	chr5	131165598	0.0	0.0	0	0
LYRM7|chr5:130233141-130233985:.	chr5	130897448	130898292	LYRM7	chr5	131170663	0.0	0.0	0	0
LYRM7|chr5:131438944-131439786:.	chr5	132103251	132104093	LYRM7	chr5	131170663	0.0	0.0	0	0
UQCRQ|chr5:131433741-131434241:.	chr5	132098048	132098548	UQCRQ	chr5	132866376	0.0	0.0	0	0
UQCRQ|chr5:131513365-131513865:.	chr5	132177672	132178172	UQCRQ	chr5	132866376	0.0	0.0	0	0
RAD50|chr5:131450197-131450697:.	chr5	132114504	132115004	RAD50	chr5	132556673	0.0	0.0	0	0
DDX46|chr5:133242152-133242652:.	chr5	133906461	133906961	DDX46	chr5	134758483	0.0	0.0	0	0
DDX46|chr5:133265887-133266798:.	chr5	133930196	133931107	DDX46	chr5	134758483	0.0	0.0	0	1
DDX46|chr5:133354087-133354587:.	chr5	134018396	134018896	DDX46	chr5	134758483	0.0	0.0	0	0
DDX46|chr5:133838981-133839481:.	chr5	134503290	134503790	DDX46	chr5	134758483	0.0	0.0	0	0
SKP1|chr5:133242152-133242652:.	chr5	133906461	133906961	SKP1	chr5	134177283	0.0	0.0	0	0
SKP1|chr5:133265887-133266798:.	chr5	133930196	133931107	SKP1	chr5	134177283	0.0	0.0	0	0
SKP1|chr5:133268241-133269129:.	chr5	133932550	133933438	SKP1	chr5	134177283	0.0	0.0	0	0
SKP1|chr5:133272221-133272721:.	chr5	133936530	133937030	SKP1	chr5	134177283	0.0	0.0	0	0
SKP1|chr5:133273767-133274593:.	chr5	133938076	133938902	SKP1	chr5	134177283	0.0	0.0	0	0
SKP1|chr5:133838981-133839481:.	chr5	134503290	134503790	SKP1	chr5	134177283	0.0	0.0	0	0
UBE2B|chr5:133242152-133242652:.	chr5	133906461	133906961	UBE2B	chr5	134370925	0.0	0.0	0	0
UBE2B|chr5:133268241-133269129:.	chr5	133932550	133933438	UBE2B	chr5	134370925	0.0	0.0	0	0
VDAC1|chr5:133242152-133242652:.	chr5	133906461	133906961	VDAC1	chr5	134005216	1.0674080848693848	287.4253802336689	1	0
VDAC1|chr5:133838981-133839481:.	chr5	134503290	134503790	VDAC1	chr5	134005216	0.0	0.0	0	0
HSPA4|chr5:133265887-133266798:.	chr5	133930196	133931107	HSPA4	chr5	133051719	0.0	0.0	0	0
C5orf24|chr5:133268241-133269129:.	chr5	133932550	133933438	C5orf24	chr5	134845717	0.0	0.0	0	0
CAMLG|chr5:133268241-133269129:.	chr5	133932550	133933438	CAMLG	chr5	134738229	0.0	0.0	0	0
PCBD2|chr5:133268241-133269129:.	chr5	133932550	133933438	PCBD2	chr5	134904869	0.0	0.0	0	0
PPP2CA|chr5:133268241-133269129:.	chr5	133932550	133933438	PPP2CA	chr5	134226509	0.0	0.0	0	0
SAR1B|chr5:133268241-133269129:.	chr5	133932550	133933438	SAR1B	chr5	134633093	0.0	0.0	0	0
SAR1B|chr5:133838981-133839481:.	chr5	134503290	134503790	SAR1B	chr5	134633093	0.0	0.0	1	0
ZCCHC10|chr5:133268241-133269129:.	chr5	133932550	133933438	ZCCHC10	chr5	133026854	0.0	0.0	0	0
H2AFY|chr5:133838981-133839481:.	chr5	134503290	134503790	H2AFY	chr5	135399488	0.0	0.0	0	0
H2AFY|chr5:134769733-134770233:.	chr5	135434043	135434543	H2AFY	chr5	135399488	105.6385498046875	3906.6968653855015	1	0
PITX1|chr5:133838981-133839481:.	chr5	134503290	134503790	PITX1	chr5	135034524	0.0	0.0	0	0
PITX1|chr5:134862593-134863093:.	chr5	135526903	135527403	PITX1	chr5	135034524	0.0	0.0	0	0
ETF1|chr5:137558396-137559119:.	chr5	138222707	138223430	ETF1	chr5	138543550	0.0	0.0	0	0
HNRNPA0|chr5:137558396-137559119:.	chr5	138222707	138223430	HNRNPA0	chr5	137754600	0.0	0.0	0	0
MATR3|chr5:137811994-137813153:.	chr5	138476305	138477464	MATR3	chr5	139273501	0.0	0.0	0	0
MATR3|chr5:139015280-139016096:.	chr5	139635695	139636511	MATR3	chr5	139273501	0.0	0.0	0	0
MATR3|chr5:139016454-139018456:.	chr5	139636869	139638871	MATR3	chr5	139273501	0.0	0.0	0	0
HSPA9|chr5:137826572-137827072:.	chr5	138490883	138491383	HSPA9	chr5	138575879	2.6184816360473637	1389.0440413476367	1	0
HSPA9|chr5:138897205-138898264:.	chr5	139517620	139518679	HSPA9	chr5	138575879	0.0	0.0	0	0
CXXC5|chr5:138883449-138883949:.	chr5	139503864	139504364	CXXC5	chr5	139675189	0.0	0.0	1	0
CYSTM1|chr5:138883449-138883949:.	chr5	139503864	139504364	CYSTM1	chr5	140174817	0.0	0.0	0	0
CYSTM1|chr5:138897205-138898264:.	chr5	139517620	139518679	CYSTM1	chr5	140174817	0.0	0.0	0	0
PFDN1|chr5:138883449-138883949:.	chr5	139503864	139504364	PFDN1	chr5	140303354	0.0	0.0	0	0
PFDN1|chr5:138897205-138898264:.	chr5	139517620	139518679	PFDN1	chr5	140303354	0.0	0.0	0	0
PFDN1|chr5:139990663-139991163:.	chr5	140611078	140611578	PFDN1	chr5	140303354	0.0	0.0	0	0
PAIP2|chr5:139015280-139016096:.	chr5	139635695	139636511	PAIP2	chr5	139341581	0.0	0.0	0	0
SLC35A4|chr5:139012801-139013301:.	chr5	139633216	139633716	SLC35A4	chr5	140564314	0.0	0.0	0	0
SLC35A4|chr5:139015280-139016096:.	chr5	139635695	139636511	SLC35A4	chr5	140564314	0.0	0.0	0	0
PURA|chr5:139015280-139016096:.	chr5	139635695	139636511	PURA	chr5	140113872	0.0	0.0	0	0
SRA1|chr5:139015280-139016096:.	chr5	139635695	139636511	SRA1	chr5	140558343	0.0	0.0	0	0
HDAC3|chr5:141072407-141073164:.	chr5	141692840	141693597	HDAC3	chr5	141637106	51.75703811645508	4899.446929765652	1	0
HDAC3|chr5:141393800-141394300:.	chr5	142014235	142014735	HDAC3	chr5	141637106	0.0	0.0	0	0
GNPDA1|chr5:141393800-141394300:.	chr5	142014235	142014735	GNPDA1	chr5	142013305	133.97659301757812	18395.039340810945	1	1
GNPDA1|chr5:141675507-141676613:.	chr5	142295942	142297048	GNPDA1	chr5	142013305	0.0	0.0	0	0
TAF7|chr5:141468347-141469155:.	chr5	142088782	142089590	TAF7	chr5	141321034	0.0	0.0	0	0
TCERG1|chr5:145233860-145235113:.	chr5	145854297	145855550	TCERG1	chr5	146447059	0.0	0.0	0	0
TCOF1|chr5:148819367-148819867:.	chr5	149439804	149440304	TCOF1	chr5	150357388	0.0	0.0	0	0
TCOF1|chr5:149045683-149046183:.	chr5	149666120	149666620	TCOF1	chr5	150357388	0.0	0.0	0	0
RPS14|chr5:148835410-148836054:.	chr5	149455847	149456491	RPS14	chr5	150450006	0.0	0.0	0	0
RPS14|chr5:148836245-148836745:.	chr5	149456682	149457182	RPS14	chr5	150450006	0.0	0.0	0	0
RPS14|chr5:149045683-149046183:.	chr5	149666120	149666620	RPS14	chr5	150450006	0.0	0.0	0	0
RPS14|chr5:149046760-149047765:.	chr5	149667197	149668202	RPS14	chr5	150450006	0.0	0.0	0	0
RPS14|chr5:149942354-149942854:.	chr5	150562792	150563292	RPS14	chr5	150450006	0.0	0.0	1	0
RPS14|chr5:150395394-150396264:.	chr5	151015833	151016703	RPS14	chr5	150450006	0.0	0.0	0	0
ATOX1|chr5:150395394-150396264:.	chr5	151015833	151016703	ATOX1	chr5	151758899	0.0	0.0	0	0
LARP1|chr5:153358516-153359322:.	chr5	153978956	153979762	LARP1	chr5	154712651	0.0	0.0	0	0
MRPL22|chr5:153358516-153359322:.	chr5	153978956	153979762	MRPL22	chr5	154940822	0.0	0.0	0	0
RNF145|chr5:158555065-158555565:.	chr5	159128057	159128557	RNF145	chr5	159208076	6.412603378295898	5848.763683724955	1	0
NPM1|chr5:170921487-170922231:.	chr5	171494483	171495227	NPM1	chr5	171387453	0.0	0.0	1	0
NPM1|chr5:170960913-170961413:.	chr5	171533909	171534409	NPM1	chr5	171387453	0.0	0.0	1	0
NPM1|chr5:170961499-170961999:.	chr5	171534495	171534995	NPM1	chr5	171387453	0.0	0.0	1	0
NPM1|chr5:171268085-171268585:.	chr5	171841081	171841581	NPM1	chr5	171387453	0.0	0.0	0	0
RPL26L1|chr5:172229565-172230413:.	chr5	172802562	172803410	RPL26L1	chr5	172959173	0.0	0.0	1	0
RPL26L1|chr5:172234136-172234636:.	chr5	172807133	172807633	RPL26L1	chr5	172959173	0.0	0.0	1	0
RPL26L1|chr5:173098038-173098538:.	chr5	173671035	173671535	RPL26L1	chr5	172959173	0.0	0.0	0	0
RPL26L1|chr5:173189139-173189639:.	chr5	173762136	173762636	RPL26L1	chr5	172959173	0.0	0.0	0	0
RPL26L1|chr5:173189834-173190782:.	chr5	173762831	173763779	RPL26L1	chr5	172959173	0.0	0.0	0	0
RPL26L1|chr5:173193273-173193773:.	chr5	173766270	173766770	RPL26L1	chr5	172959173	0.0	0.0	0	0
RPL26L1|chr5:173286266-173287112:.	chr5	173859263	173860109	RPL26L1	chr5	172959173	0.0	0.0	0	0
ATP6V0E1|chr5:173098038-173098538:.	chr5	173671035	173671535	ATP6V0E1	chr5	172983509	0.0	0.0	0	0
ATP6V0E1|chr5:173180268-173180768:.	chr5	173753265	173753765	ATP6V0E1	chr5	172983509	0.0	0.0	0	0
ATP6V0E1|chr5:173193273-173193773:.	chr5	173766270	173766770	ATP6V0E1	chr5	172983509	0.0	0.0	0	0
ATP6V0E1|chr5:173209588-173210088:.	chr5	173782585	173783085	ATP6V0E1	chr5	172983509	0.0	0.0	0	0
ATP6V0E1|chr5:173249404-173249904:.	chr5	173822401	173822901	ATP6V0E1	chr5	172983509	0.0	0.0	0	0
ATP6V0E1|chr5:173287530-173288176:.	chr5	173860527	173861173	ATP6V0E1	chr5	172983509	0.0	0.0	0	0
ATP6V0E1|chr5:173288885-173289563:.	chr5	173861882	173862560	ATP6V0E1	chr5	172983509	0.0	0.0	0	0
ATP6V0E1|chr5:173291354-173291854:.	chr5	173864351	173864851	ATP6V0E1	chr5	172983509	0.0	0.0	0	0
HIGD2A|chr5:175644156-175644656:.	chr5	176217153	176217653	HIGD2A	chr5	176388275	0.0	0.0	1	0
LMAN2|chr5:176543297-176544429:.	chr5	177116296	177117428	LMAN2	chr5	177352134	0.0	0.0	0	0
LMAN2|chr5:176983958-176984639:.	chr5	177556957	177557638	LMAN2	chr5	177352134	0.0	0.0	0	0
LMAN2|chr5:177554331-177554953:.	chr5	178127330	178127952	LMAN2	chr5	177352134	0.0	0.0	0	0
NOP16|chr5:176543297-176544429:.	chr5	177116296	177117428	NOP16	chr5	176389177	0.0	0.0	0	0
TMED9|chr5:176543297-176544429:.	chr5	177116296	177117428	TMED9	chr5	177591897	0.0	0.0	0	0
TMED9|chr5:176995288-176995788:.	chr5	177568287	177568787	TMED9	chr5	177591897	4.780099868774414	2414.2892990045625	1	0
TMED9|chr5:177554331-177554953:.	chr5	178127330	178127952	TMED9	chr5	177591897	0.0	0.0	0	1
NHP2|chr5:176983958-176984639:.	chr5	177556957	177557638	NHP2	chr5	178154210	0.0	0.0	0	0
NHP2|chr5:176995288-176995788:.	chr5	177568287	177568787	NHP2	chr5	178154210	0.0	0.0	0	0
NHP2|chr5:177508501-177509350:.	chr5	178081500	178082349	NHP2	chr5	178154210	11.698396682739258	971.605727980944	1	0
NHP2|chr5:177554331-177554953:.	chr5	178127330	178127952	NHP2	chr5	178154210	80.51065063476562	6686.780371846144	1	0
NHP2|chr5:178110695-178111195:.	chr5	178683694	178684194	NHP2	chr5	178154210	0.0	0.0	0	0
RGS14|chr5:176995288-176995788:.	chr5	177568287	177568787	RGS14	chr5	177357592	0.0	0.0	0	0
RGS14|chr5:177508501-177509350:.	chr5	178081500	178082349	RGS14	chr5	177357592	0.0	0.0	0	0
RGS14|chr5:177554331-177554953:.	chr5	178127330	178127952	RGS14	chr5	177357592	0.0	0.0	0	0
DDX41|chr5:177508501-177509350:.	chr5	178081500	178082349	DDX41	chr5	177517576	0.0	0.0	0	0
DDX41|chr5:177554331-177554953:.	chr5	178127330	178127952	DDX41	chr5	177517576	0.0	0.0	0	0
GRK6|chr5:177508501-177509350:.	chr5	178081500	178082349	GRK6	chr5	177426435	0.0	0.0	0	0
HNRNPAB|chr5:177609168-177609668:.	chr5	178182167	178182667	HNRNPAB	chr5	178204256	73.20201110839844	3798.417874351019	1	0
HNRNPAB|chr5:178110695-178111195:.	chr5	178683694	178684194	HNRNPAB	chr5	178204256	0.0	0.0	0	0
NSD1|chr5:177554331-177554953:.	chr5	178127330	178127952	NSD1	chr5	177133581	0.0	0.0	0	0
PRELID1|chr5:177554331-177554953:.	chr5	178127330	178127952	PRELID1	chr5	177303511	0.0	0.0	0	0
CANX|chr5:178110695-178111195:.	chr5	178683694	178684194	CANX	chr5	179698678	0.0	0.0	0	0
RACK1|chr5:180209685-180210185:.	chr5	180782685	180783185	RACK1	chr5	181244156	0.0	0.0	0	0
RACK1|chr5:180300490-180301330:.	chr5	180873490	180874330	RACK1	chr5	181244156	0.0	0.0	0	0
RACK1|chr5:180560566-180561066:.	chr5	181133566	181134066	RACK1	chr5	181244156	0.0	0.0	1	0
RACK1|chr5:180565227-180565727:.	chr5	181138227	181138727	RACK1	chr5	181244156	0.0	0.0	1	0
RACK1|chr5:180586216-180586716:.	chr5	181159216	181159716	RACK1	chr5	181244156	10.289785385131836	748.5836003646388	1	0
RACK1|chr5:180588024-180588954:.	chr5	181161024	181161954	RACK1	chr5	181244156	14.986856460571287	1090.2963033236051	1	0
PSMG4|chr6:2973864-2974364:.	chr6	2973630	2974130	PSMG4	chr6	3258677	0.0	0.0	0	0
PSMG4|chr6:3472961-3473764:.	chr6	3472727	3473530	PSMG4	chr6	3258677	0.0	0.0	0	0
SERPINB1|chr6:3209301-3210109:.	chr6	3209067	3209875	SERPINB1	chr6	2842299	0.0	0.0	0	0
SERPINB1|chr6:3648944-3649444:.	chr6	3648710	3649210	SERPINB1	chr6	2842299	0.0	0.0	0	0
SERPINB6|chr6:3160416-3160916:.	chr6	3160182	3160682	SERPINB6	chr6	2972415	0.0	0.0	1	0
SERPINB6|chr6:3162235-3163750:.	chr6	3162001	3163516	SERPINB6	chr6	2972415	0.0	0.0	1	0
SERPINB6|chr6:3209301-3210109:.	chr6	3209067	3209875	SERPINB6	chr6	2972415	0.0	0.0	0	0
ECI2|chr6:3162235-3163750:.	chr6	3162001	3163516	ECI2	chr6	4135847	0.0	0.0	0	0
ECI2|chr6:3472961-3473764:.	chr6	3472727	3473530	ECI2	chr6	4135847	0.0	0.0	0	0
PRPF4B|chr6:3162235-3163750:.	chr6	3162001	3163516	PRPF4B	chr6	4021084	0.0	0.0	0	0
LYRM4|chr6:4291820-4292650:.	chr6	4291586	4292416	LYRM4	chr6	5261200	0.0	0.0	0	0
LYRM4|chr6:4358865-4359365:.	chr6	4358631	4359131	LYRM4	chr6	5261200	0.0	0.0	0	0
LYRM4|chr6:4371589-4372089:.	chr6	4371355	4371855	LYRM4	chr6	5261200	0.0	0.0	0	0
LYRM4|chr6:4620439-4621497:.	chr6	4620205	4621263	LYRM4	chr6	5261200	0.0	0.0	0	0
LYRM4|chr6:4688150-4688955:.	chr6	4687916	4688721	LYRM4	chr6	5261200	0.0	0.0	0	0
LYRM4|chr6:4987152-4987777:.	chr6	4986918	4987543	LYRM4	chr6	5261200	0.0	0.0	0	0
SSR1|chr6:6749906-6750850:.	chr6	6749673	6750617	SSR1	chr6	7313564	0.0	0.0	0	0
SSR1|chr6:6885607-6886997:.	chr6	6885374	6886764	SSR1	chr6	7313564	0.0	0.0	0	0
SSR1|chr6:7042166-7042978:.	chr6	7041933	7042745	SSR1	chr6	7313564	0.0	0.0	0	0
SSR1|chr6:7048150-7048650:.	chr6	7047917	7048417	SSR1	chr6	7313564	0.0	0.0	0	0
SSR1|chr6:7057767-7058267:.	chr6	7057534	7058034	SSR1	chr6	7313564	0.0	0.0	0	0
SSR1|chr6:7058548-7059048:.	chr6	7058315	7058815	SSR1	chr6	7313564	0.0	0.0	0	0
RIOK1|chr6:6885607-6886997:.	chr6	6885374	6886764	RIOK1	chr6	7389578	0.0	0.0	0	0
RIOK1|chr6:7058548-7059048:.	chr6	7058315	7058815	RIOK1	chr6	7389578	0.0	0.0	0	0
EEF1E1|chr6:8140041-8140541:.	chr6	8139808	8140308	EEF1E1	chr6	8102845	71.07853698730469	4295.786400086289	1	0
TMEM14B|chr6:10313844-10315267:.	chr6	10313611	10315034	TMEM14B	chr6	10747508	0.0	0.0	0	0
TMEM14B|chr6:10347915-10348415:.	chr6	10347682	10348182	TMEM14B	chr6	10747508	0.0	0.0	0	0
TMEM14B|chr6:10640555-10641193:.	chr6	10640322	10640960	TMEM14B	chr6	10747508	0.0	0.0	1	0
TMEM14C|chr6:10313844-10315267:.	chr6	10313611	10315034	TMEM14C	chr6	10722664	0.0	0.0	0	0
TMEM14C|chr6:10347915-10348415:.	chr6	10347682	10348182	TMEM14C	chr6	10722664	0.0	0.0	0	0
TMEM14C|chr6:11143902-11144402:.	chr6	11143669	11144169	TMEM14C	chr6	10722664	0.0	0.0	0	0
MCUR1|chr6:14038806-14039762:.	chr6	14038575	14039531	MCUR1	chr6	13814810	0.0	0.0	0	0
MCUR1|chr6:14108436-14109577:.	chr6	14108205	14109346	MCUR1	chr6	13814810	0.0	0.0	0	0
MCUR1|chr6:14449489-14450190:.	chr6	14449258	14449959	MCUR1	chr6	13814810	0.0	0.0	0	0
NOL7|chr6:13987272-13988009:.	chr6	13987041	13987778	NOL7	chr6	13615076	0.0	0.0	0	0
NOL7|chr6:13992632-13993317:.	chr6	13992401	13993086	NOL7	chr6	13615076	0.0	0.0	0	0
NOL7|chr6:14449489-14450190:.	chr6	14449258	14449959	NOL7	chr6	13615076	0.0	0.0	0	0
NOL7|chr6:14452741-14453379:.	chr6	14452510	14453148	NOL7	chr6	13615076	0.0	0.0	0	0
NOL7|chr6:14477057-14477557:.	chr6	14476826	14477326	NOL7	chr6	13615076	0.0	0.0	0	0
TBC1D7|chr6:14038806-14039762:.	chr6	14038575	14039531	TBC1D7	chr6	13328833	0.0	0.0	0	0
RANBP9|chr6:14108436-14109577:.	chr6	14108205	14109346	RANBP9	chr6	13711814	0.0	0.0	0	0
DTNBP1|chr6:15908360-15909039:.	chr6	15908129	15908808	DTNBP1	chr6	15663308	0.0	0.0	0	0
JARID2|chr6:15922619-15923207:.	chr6	15922388	15922976	JARID2	chr6	15245724	0.0	0.0	0	0
GMPR|chr6:16224370-16225548:.	chr6	16224139	16225317	GMPR	chr6	16238329	36.7594108581543	3810.484319127119	1	1
DEK|chr6:17715304-17715804:.	chr6	17715073	17715573	DEK	chr6	18264818	0.0	0.0	0	0
DEK|chr6:18053304-18054155:.	chr6	18053073	18053924	DEK	chr6	18264818	0.0	0.0	0	0
DEK|chr6:18090443-18091153:.	chr6	18090212	18090922	DEK	chr6	18264818	0.0	0.0	1	0
ABT1|chr6:27173486-27174342:.	chr6	27205707	27206563	ABT1	chr6	26596692	0.0	0.0	0	0
ABT1|chr6:27559933-27560877:.	chr6	27592154	27593098	ABT1	chr6	26596692	0.0	0.0	0	0
ABT1|chr6:27569429-27570617:.	chr6	27601650	27602838	ABT1	chr6	26596692	0.0	0.0	0	0
ABT1|chr6:27573180-27573774:.	chr6	27605401	27605995	ABT1	chr6	26596692	0.0	0.0	0	0
HIST1H2BK|chr6:26296845-26297679:.	chr6	26296617	26297451	HIST1H2BK	chr6	27147108	0.0	0.0	0	0
HIST1H2BK|chr6:26327422-26328649:.	chr6	26327194	26328421	HIST1H2BK	chr6	27147108	0.0	0.0	0	0
HIST1H2BK|chr6:26331093-26331969:.	chr6	26330865	26331741	HIST1H2BK	chr6	27147108	0.0	0.0	0	0
HIST1H2BK|chr6:26532870-26533641:.	chr6	26532642	26533413	HIST1H2BK	chr6	27147108	0.0	0.0	0	0
HIST1H2BK|chr6:26553300-26554757:.	chr6	26553072	26554529	HIST1H2BK	chr6	27147108	0.0	0.0	0	0
HIST1H2BK|chr6:26555258-26555758:.	chr6	26555030	26555530	HIST1H2BK	chr6	27147108	0.0	0.0	0	0
HIST1H2BK|chr6:26556327-26557202:.	chr6	26556099	26556974	HIST1H2BK	chr6	27147108	0.0	0.0	0	0
HIST1H2BK|chr6:26592842-26593342:.	chr6	26592614	26593114	HIST1H2BK	chr6	27147108	0.0	0.0	0	0
HIST1H2BK|chr6:27125069-27126302:.	chr6	27157290	27158523	HIST1H2BK	chr6	27147108	169.3857879638672	6086.112432868977	1	0
HIST1H2BK|chr6:27142386-27143214:.	chr6	27174607	27175435	HIST1H2BK	chr6	27147108	83.95922088623047	3016.694990955685	1	0
HIST1H2BK|chr6:27156062-27157040:.	chr6	27188283	27189261	HIST1H2BK	chr6	27147108	68.49552917480469	2461.077146541032	1	0
HIST1H2BK|chr6:27446342-27447683:.	chr6	27478563	27479904	HIST1H2BK	chr6	27147108	0.0	0.0	0	0
HIST1H2BK|chr6:27462924-27463990:.	chr6	27495145	27496211	HIST1H2BK	chr6	27147108	0.0	0.0	0	0
HIST1H2BK|chr6:27486110-27487536:.	chr6	27518331	27519757	HIST1H2BK	chr6	27147108	0.0	0.0	0	0
HIST1H2BK|chr6:27520054-27521653:.	chr6	27552275	27553874	HIST1H2BK	chr6	27147108	0.0	0.0	0	0
HIST1H2BK|chr6:27567992-27568652:.	chr6	27600213	27600873	HIST1H2BK	chr6	27147108	0.0	0.0	0	0
HIST1H2BK|chr6:27585952-27586452:.	chr6	27618173	27618673	HIST1H2BK	chr6	27147108	0.0	0.0	0	0
HIST1H2BK|chr6:27719970-27720601:.	chr6	27752191	27752822	HIST1H2BK	chr6	27147108	0.0	0.0	0	0
HIST1H4C|chr6:26312585-26314270:.	chr6	26312357	26314042	HIST1H4C	chr6	26103697	0.0	0.0	0	0
HIST1H1C|chr6:26327422-26328649:.	chr6	26327194	26328421	HIST1H1C	chr6	26056721	0.0	0.0	0	0
HIST1H2AC|chr6:26331093-26331969:.	chr6	26330865	26331741	HIST1H2AC	chr6	26123894	0.0	0.0	0	0
HIST1H2BC|chr6:26331093-26331969:.	chr6	26330865	26331741	HIST1H2BC	chr6	26124154	0.0	0.0	0	0
HIST1H2BD|chr6:26331093-26331969:.	chr6	26330865	26331741	HIST1H2BD	chr6	26157870	0.0	0.0	1	0
HIST1H2BN|chr6:27486110-27487536:.	chr6	27518331	27519757	HIST1H2BN	chr6	27838411	0.0	0.0	0	0
HIST1H2BN|chr6:27511932-27512432:.	chr6	27544153	27544653	HIST1H2BN	chr6	27838411	0.0	0.0	0	0
HIST1H2BN|chr6:27559933-27560877:.	chr6	27592154	27593098	HIST1H2BN	chr6	27838411	0.0	0.0	0	0
HIST1H2BN|chr6:28710292-28711539:.	chr6	28742515	28743762	HIST1H2BN	chr6	27838411	0.0	0.0	0	0
ZSCAN16-AS1|chr6:27559933-27560877:.	chr6	27592154	27593098	ZSCAN16-AS1	chr6	28137566	0.0	0.0	0	0
ZSCAN16-AS1|chr6:27618315-27618957:.	chr6	27650536	27651178	ZSCAN16-AS1	chr6	28137566	0.0	0.0	0	0
ZSCAN16-AS1|chr6:27863221-27863721:.	chr6	27895443	27895943	ZSCAN16-AS1	chr6	28137566	0.0	0.0	0	0
ZSCAN16-AS1|chr6:27869515-27871228:.	chr6	27901737	27903450	ZSCAN16-AS1	chr6	28137566	0.0	0.0	0	0
ZSCAN16-AS1|chr6:28702817-28703663:.	chr6	28735040	28735886	ZSCAN16-AS1	chr6	28137566	0.0	0.0	0	0
ZSCAN16-AS1|chr6:28770055-28770731:.	chr6	28802278	28802954	ZSCAN16-AS1	chr6	28137566	0.0	0.0	0	0
ZSCAN16-AS1|chr6:28908005-28909701:.	chr6	28940228	28941924	ZSCAN16-AS1	chr6	28137566	0.0	0.0	0	0
HIST1H2BJ|chr6:27869515-27871228:.	chr6	27901737	27903450	HIST1H2BJ	chr6	27133046	0.0	0.0	0	0
MRPS18B|chr6:29815759-29816259:.	chr6	29847982	29848482	MRPS18B	chr6	30617458	0.0	0.0	0	0
MRPS18B|chr6:29933599-29934219:.	chr6	29965822	29966442	MRPS18B	chr6	30617458	0.0	0.0	0	0
MRPS18B|chr6:30464321-30464821:.	chr6	30496544	30497044	MRPS18B	chr6	30617458	0.0	0.0	1	0
MRPS18B|chr6:30476693-30477421:.	chr6	30508916	30509644	MRPS18B	chr6	30617458	0.0	0.0	1	0
MRPS18B|chr6:30761489-30761989:.	chr6	30793712	30794212	MRPS18B	chr6	30617458	0.0	0.0	1	0
MRPS18B|chr6:30805515-30806015:.	chr6	30837738	30838238	MRPS18B	chr6	30617458	0.0	0.0	0	0
MRPS18B|chr6:31458136-31458636:.	chr6	31490359	31490859	MRPS18B	chr6	30617458	0.0	0.0	0	0
MRPS18B|chr6:31530799-31531546:.	chr6	31563022	31563769	MRPS18B	chr6	30617458	0.0	0.0	0	0
MRPS18B|chr6:31535353-31535853:.	chr6	31567576	31568076	MRPS18B	chr6	30617458	0.0	0.0	0	0
TUBB|chr6:29815759-29816259:.	chr6	29847982	29848482	TUBB	chr6	30719950	0.0	0.0	0	0
TUBB|chr6:29933599-29934219:.	chr6	29965822	29966442	TUBB	chr6	30719950	0.0	0.0	0	0
TUBB|chr6:30325298-30325798:.	chr6	30357521	30358021	TUBB	chr6	30719950	0.0	0.0	0	0
TUBB|chr6:30464321-30464821:.	chr6	30496544	30497044	TUBB	chr6	30719950	0.0	0.0	0	0
TUBB|chr6:30476693-30477421:.	chr6	30508916	30509644	TUBB	chr6	30719950	0.0	0.0	0	0
TUBB|chr6:30761489-30761989:.	chr6	30793712	30794212	TUBB	chr6	30719950	14.35879135131836	1507.659175526289	1	0
TUBB|chr6:30805515-30806015:.	chr6	30837738	30838238	TUBB	chr6	30719950	0.0	0.0	1	0
TUBB|chr6:31458136-31458636:.	chr6	31490359	31490859	TUBB	chr6	30719950	0.0	0.0	0	0
TUBB|chr6:31530799-31531546:.	chr6	31563022	31563769	TUBB	chr6	30719950	0.0	0.0	0	0
TUBB|chr6:31535353-31535853:.	chr6	31567576	31568076	TUBB	chr6	30719950	0.0	0.0	0	0
ABCF1|chr6:30065609-30066109:.	chr6	30097832	30098332	ABCF1	chr6	30571142	0.0	0.0	0	0
ABCF1|chr6:30464321-30464821:.	chr6	30496544	30497044	ABCF1	chr6	30571142	14.522380828857422	1134.9808712545305	1	0
ABCF1|chr6:30805515-30806015:.	chr6	30837738	30838238	ABCF1	chr6	30571142	0.0	0.0	0	0
ABCF1|chr6:31535353-31535853:.	chr6	31567576	31568076	ABCF1	chr6	30571142	0.0	0.0	0	0
FLOT1|chr6:30065609-30066109:.	chr6	30097832	30098332	FLOT1	chr6	30743101	0.0	0.0	0	0
FLOT1|chr6:30325298-30325798:.	chr6	30357521	30358021	FLOT1	chr6	30743101	0.0	0.0	0	0
FLOT1|chr6:30464321-30464821:.	chr6	30496544	30497044	FLOT1	chr6	30743101	0.0	0.0	0	0
FLOT1|chr6:30476693-30477421:.	chr6	30508916	30509644	FLOT1	chr6	30743101	0.0	0.0	0	0
GNL1|chr6:29933599-29934219:.	chr6	29965822	29966442	GNL1	chr6	30557844	0.0	0.0	0	0
GNL1|chr6:29935200-29935700:.	chr6	29967423	29967923	GNL1	chr6	30557844	0.0	0.0	0	0
GNL1|chr6:30325298-30325798:.	chr6	30357521	30358021	GNL1	chr6	30557844	0.0	0.0	0	0
GNL1|chr6:30464321-30464821:.	chr6	30496544	30497044	GNL1	chr6	30557844	0.618938684463501	1455.2876630078356	1	0
GNL1|chr6:30476693-30477421:.	chr6	30508916	30509644	GNL1	chr6	30557844	1.792999505996704	4215.813498744107	1	0
HCG18|chr6:29933599-29934219:.	chr6	29965822	29966442	HCG18	chr6	30327406	0.0	0.0	0	0
PPP1R11|chr6:30065609-30066109:.	chr6	30097832	30098332	PPP1R11	chr6	30066904	36.64239501953125	4276.265344755453	1	0
PPP1R11|chr6:30464321-30464821:.	chr6	30496544	30497044	PPP1R11	chr6	30066904	0.0	0.0	0	0
PPP1R11|chr6:30476693-30477421:.	chr6	30508916	30509644	PPP1R11	chr6	30066904	0.0	0.0	0	0
PRR3|chr6:29933599-29934219:.	chr6	29965822	29966442	PRR3	chr6	30556458	0.0	0.0	0	0
ZNRD1|chr6:29933599-29934219:.	chr6	29965822	29966442	ZNRD1	chr6	30060989	23.101978302001957	2104.945370051291	1	0
ZNRD1|chr6:30464321-30464821:.	chr6	30496544	30497044	ZNRD1	chr6	30060989	0.0	0.0	0	0
ZNRD1|chr6:30476693-30477421:.	chr6	30508916	30509644	ZNRD1	chr6	30060989	0.0	0.0	0	0
CLIC1|chr6:32099240-32099740:.	chr6	32131463	32131963	CLIC1	chr6	31736814	0.0	0.0	0	0
CLIC1|chr6:32381319-32381819:.	chr6	32413542	32414042	CLIC1	chr6	31736814	0.0	0.0	0	0
GPANK1|chr6:30761489-30761989:.	chr6	30793712	30794212	GPANK1	chr6	31666112	0.0	0.0	0	0
GPANK1|chr6:32099240-32099740:.	chr6	32131463	32131963	GPANK1	chr6	31666112	0.0	0.0	0	0
C6orf48|chr6:30805515-30806015:.	chr6	30837738	30838238	C6orf48	chr6	31834664	0.0	0.0	0	0
C6orf48|chr6:31458136-31458636:.	chr6	31490359	31490859	C6orf48	chr6	31834664	0.0	0.0	0	0
C6orf48|chr6:31530799-31531546:.	chr6	31563022	31563769	C6orf48	chr6	31834664	0.0	0.0	0	0
C6orf48|chr6:31788944-31790232:.	chr6	31821167	31822455	C6orf48	chr6	31834664	110.70134735107422	9492.100457537688	1	0
C6orf48|chr6:32099240-32099740:.	chr6	32131463	32131963	C6orf48	chr6	31834664	0.0	0.0	0	0
C6orf48|chr6:32381319-32381819:.	chr6	32413542	32414042	C6orf48	chr6	31834664	0.0	0.0	0	0
BAG6|chr6:32099240-32099740:.	chr6	32131463	32131963	BAG6	chr6	31652950	0.0	0.0	0	0
BAG6|chr6:32381319-32381819:.	chr6	32413542	32414042	BAG6	chr6	31652950	0.0	0.0	0	0
CSNK2B|chr6:31535353-31535853:.	chr6	31567576	31568076	CSNK2B	chr6	31665629	9.035982131958008	748.6009270714848	1	0
CSNK2B|chr6:32099240-32099740:.	chr6	32131463	32131963	CSNK2B	chr6	31665629	0.0	0.0	0	0
CSNK2B|chr6:32381319-32381819:.	chr6	32413542	32414042	CSNK2B	chr6	31665629	0.0	0.0	0	0
LSM2|chr6:31458136-31458636:.	chr6	31490359	31490859	LSM2	chr6	31807234	0.0	0.0	0	0
LSM2|chr6:31528009-31528509:.	chr6	31560232	31560732	LSM2	chr6	31807234	0.0	0.0	0	0
LSM2|chr6:32099240-32099740:.	chr6	32131463	32131963	LSM2	chr6	31807234	0.0	0.0	0	0
LSM2|chr6:32381319-32381819:.	chr6	32413542	32414042	LSM2	chr6	31807234	0.0	0.0	0	0
NELFE|chr6:31530799-31531546:.	chr6	31563022	31563769	NELFE	chr6	31959337	0.0	0.0	0	0
NELFE|chr6:31788944-31790232:.	chr6	31821167	31822455	NELFE	chr6	31959337	0.0	0.0	1	0
NELFE|chr6:32381319-32381819:.	chr6	32413542	32414042	NELFE	chr6	31959337	0.0	0.0	0	0
NEU1|chr6:32099240-32099740:.	chr6	32131463	32131963	NEU1	chr6	31863182	0.0	0.0	0	0
RNF5|chr6:31528009-31528509:.	chr6	31560232	31560732	RNF5	chr6	32178134	0.0	0.0	0	0
AGPAT1|chr6:31530799-31531546:.	chr6	31563022	31563769	AGPAT1	chr6	32176389	0.0	0.0	0	0
ATF6B|chr6:32381319-32381819:.	chr6	32413542	32414042	ATF6B	chr6	32128490	0.0	0.0	0	0
FKBPL|chr6:31788944-31790232:.	chr6	31821167	31822455	FKBPL	chr6	32130540	0.0	0.0	0	0
FKBPL|chr6:32099240-32099740:.	chr6	32131463	32131963	FKBPL	chr6	32130540	94.59889221191406	20946.90025429341	1	1
PRRC2A|chr6:31788944-31790232:.	chr6	31821167	31822455	PRRC2A	chr6	31620422	0.0	0.0	0	0
SLC44A4|chr6:31788944-31790232:.	chr6	31821167	31822455	SLC44A4	chr6	31879296	0.1413934677839279	1948.93116231122	1	0
SLC44A4|chr6:32381319-32381819:.	chr6	32413542	32414042	SLC44A4	chr6	31879296	0.0	0.0	0	0
VARS|chr6:31788944-31790232:.	chr6	31821167	31822455	VARS	chr6	31796185	23.137252807617188	4767.67671080426	1	0
VARS|chr6:32099240-32099740:.	chr6	32131463	32131963	VARS	chr6	31796185	0.0	0.0	0	0
BRD2|chr6:32099240-32099740:.	chr6	32131463	32131963	BRD2	chr6	32970637	0.0	0.0	0	0
C6orf47|chr6:32099240-32099740:.	chr6	32131463	32131963	C6orf47	chr6	31661022	0.0	0.0	0	0
DAXX|chr6:32381319-32381819:.	chr6	32413542	32414042	DAXX	chr6	33323266	0.0	0.0	0	0
PFDN6|chr6:32381319-32381819:.	chr6	32413542	32414042	PFDN6	chr6	33289346	0.0	0.0	0	0
PFDN6|chr6:34240979-34241479:.	chr6	34273202	34273702	PFDN6	chr6	33289346	0.0	0.0	0	0
PFDN6|chr6:34244589-34245529:.	chr6	34276812	34277752	PFDN6	chr6	33289346	0.0	0.0	0	0
RPS18|chr6:32381319-32381819:.	chr6	32413542	32414042	RPS18	chr6	33271824	0.0	0.0	0	0
RPS18|chr6:33808886-33809386:.	chr6	33841109	33841609	RPS18	chr6	33271824	0.0	0.0	0	0
RPS18|chr6:33957770-33958270:.	chr6	33989993	33990493	RPS18	chr6	33271824	0.0	0.0	0	0
RPS18|chr6:34168352-34168852:.	chr6	34200575	34201075	RPS18	chr6	33271824	0.0	0.0	0	0
WDR46|chr6:32381319-32381819:.	chr6	32413542	32414042	WDR46	chr6	33289777	0.0	0.0	0	0
WDR46|chr6:33808886-33809386:.	chr6	33841109	33841609	WDR46	chr6	33289777	0.0	0.0	0	0
WDR46|chr6:33957770-33958270:.	chr6	33989993	33990493	WDR46	chr6	33289777	0.0	0.0	0	0
CUTA|chr6:33348182-33348898:.	chr6	33380405	33381121	CUTA	chr6	33418538	15.916597366333008	1463.9571499730032	1	0
CUTA|chr6:33807756-33808647:.	chr6	33839979	33840870	CUTA	chr6	33418538	0.0	0.0	0	0
CUTA|chr6:33808886-33809386:.	chr6	33841109	33841609	CUTA	chr6	33418538	0.0	0.0	0	0
CUTA|chr6:34168352-34168852:.	chr6	34200575	34201075	CUTA	chr6	33418538	0.0	0.0	0	0
CUTA|chr6:34240979-34241479:.	chr6	34273202	34273702	CUTA	chr6	33418538	0.0	0.0	0	0
CUTA|chr6:34244589-34245529:.	chr6	34276812	34277752	CUTA	chr6	33418538	0.0	0.0	0	0
HMGA1|chr6:33807756-33808647:.	chr6	33839979	33840870	HMGA1	chr6	34236549	0.0	0.0	0	0
HMGA1|chr6:33808886-33809386:.	chr6	33841109	33841609	HMGA1	chr6	34236549	0.0	0.0	0	0
HMGA1|chr6:33957770-33958270:.	chr6	33989993	33990493	HMGA1	chr6	34236549	0.0	0.0	0	0
HMGA1|chr6:34244589-34245529:.	chr6	34276812	34277752	HMGA1	chr6	34236549	33.23516845703125	2183.8567496836663	1	0
HMGA1|chr6:34528253-34529075:.	chr6	34560476	34561298	HMGA1	chr6	34236549	0.0	0.0	0	0
RPS10|chr6:33807756-33808647:.	chr6	33839979	33840870	RPS10	chr6	34426375	0.0	0.0	0	0
RPS10|chr6:33808886-33809386:.	chr6	33841109	33841609	RPS10	chr6	34426375	0.0	0.0	0	0
RPS10|chr6:34528253-34529075:.	chr6	34560476	34561298	RPS10	chr6	34426375	0.0	0.0	1	0
SNRPC|chr6:33807756-33808647:.	chr6	33839979	33840870	SNRPC	chr6	34756843	0.0	0.0	0	0
SNRPC|chr6:33808886-33809386:.	chr6	33841109	33841609	SNRPC	chr6	34756843	0.0	0.0	0	0
SNRPC|chr6:33811345-33811845:.	chr6	33843568	33844068	SNRPC	chr6	34756843	0.0	0.0	0	0
SNRPC|chr6:33957770-33958270:.	chr6	33989993	33990493	SNRPC	chr6	34756843	0.0	0.0	0	0
SNRPC|chr6:34168352-34168852:.	chr6	34200575	34201075	SNRPC	chr6	34756843	0.0	0.0	0	0
SNRPC|chr6:34240979-34241479:.	chr6	34273202	34273702	SNRPC	chr6	34756843	0.0	0.0	0	0
SNRPC|chr6:34244589-34245529:.	chr6	34276812	34277752	SNRPC	chr6	34756843	0.0	0.0	0	0
SNRPC|chr6:34528253-34529075:.	chr6	34560476	34561298	SNRPC	chr6	34756843	0.0	0.0	1	0
SNRPC|chr6:35699049-35700596:.	chr6	35731272	35732819	SNRPC	chr6	34756843	0.0	0.0	0	0
NUDT3|chr6:33808886-33809386:.	chr6	33841109	33841609	NUDT3	chr6	34392930	0.0	0.0	0	0
RING1|chr6:33808886-33809386:.	chr6	33841109	33841609	RING1	chr6	33208258	0.0	0.0	0	0
UQCC2|chr6:33808886-33809386:.	chr6	33841109	33841609	UQCC2	chr6	33712001	0.0	0.0	1	0
UQCC2|chr6:33957770-33958270:.	chr6	33989993	33990493	UQCC2	chr6	33712001	0.0	0.0	0	0
UQCC2|chr6:34528253-34529075:.	chr6	34560476	34561298	UQCC2	chr6	33712001	0.0	0.0	0	0
TAF11|chr6:34244589-34245529:.	chr6	34276812	34277752	TAF11	chr6	34888321	0.0	0.0	0	0
TAF11|chr6:35699049-35700596:.	chr6	35731272	35732819	TAF11	chr6	34888321	0.0	0.0	0	0
TAPBP|chr6:34244589-34245529:.	chr6	34276812	34277752	TAPBP	chr6	33314637	0.0	0.0	0	0
RPL10A|chr6:34528253-34529075:.	chr6	34560476	34561298	RPL10A	chr6	35468150	0.0	0.0	0	0
RPL10A|chr6:36084170-36085147:.	chr6	36116393	36117370	RPL10A	chr6	35468150	0.0	0.0	0	0
RPL10A|chr6:36086268-36086768:.	chr6	36118491	36118991	RPL10A	chr6	35468150	0.0	0.0	0	0
RPL10A|chr6:36091543-36092043:.	chr6	36123766	36124266	RPL10A	chr6	35468150	0.0	0.0	0	0
RPL10A|chr6:36315409-36315909:.	chr6	36347632	36348132	RPL10A	chr6	35468150	0.0	0.0	0	0
KCTD20|chr6:35699049-35700596:.	chr6	35731272	35732819	KCTD20	chr6	36442516	0.0	0.0	0	0
KCTD20|chr6:36816344-36817329:.	chr6	36848568	36849553	KCTD20	chr6	36442516	0.0	0.0	0	0
KCTD20|chr6:37005994-37006872:.	chr6	37038218	37039096	KCTD20	chr6	36442516	0.0	0.0	0	0
KCTD20|chr6:37026990-37027814:.	chr6	37059214	37060038	KCTD20	chr6	36442516	0.0	0.0	0	0
KCTD20|chr6:37172789-37173942:.	chr6	37205013	37206166	KCTD20	chr6	36442516	0.0	0.0	0	0
SRPK1|chr6:35699049-35700596:.	chr6	35731272	35732819	SRPK1	chr6	35921430	0.0	0.0	1	0
SRPK1|chr6:36816344-36817329:.	chr6	36848568	36849553	SRPK1	chr6	35921430	0.0	0.0	0	0
SRSF3|chr6:35699049-35700596:.	chr6	35731272	35732819	SRSF3	chr6	36594062	0.0	0.0	0	0
SRSF3|chr6:37017932-37018829:.	chr6	37050156	37051053	SRSF3	chr6	36594062	0.0	0.0	0	0
SRSF3|chr6:37025767-37026267:.	chr6	37057991	37058491	SRSF3	chr6	36594062	0.0	0.0	0	0
SRSF3|chr6:37026990-37027814:.	chr6	37059214	37060038	SRSF3	chr6	36594062	0.0	0.0	0	0
SRSF3|chr6:37096218-37097016:.	chr6	37128442	37129240	SRSF3	chr6	36594062	0.0	0.0	0	0
SRSF3|chr6:37123048-37123548:.	chr6	37155272	37155772	SRSF3	chr6	36594062	0.0	0.0	0	0
SRSF3|chr6:37154921-37155421:.	chr6	37187145	37187645	SRSF3	chr6	36594062	0.0	0.0	0	0
SRSF3|chr6:37159476-37159976:.	chr6	37191700	37192200	SRSF3	chr6	36594062	0.0	0.0	0	0
SRSF3|chr6:37172789-37173942:.	chr6	37205013	37206166	SRSF3	chr6	36594062	0.0	0.0	0	0
SRSF3|chr6:37175726-37176226:.	chr6	37207950	37208450	SRSF3	chr6	36594062	0.0	0.0	0	0
SRSF3|chr6:37391330-37391979:.	chr6	37423554	37424203	SRSF3	chr6	36594062	0.0	0.0	0	0
SRSF3|chr6:37393577-37395623:.	chr6	37425801	37427847	SRSF3	chr6	36594062	0.0	0.0	0	0
C6orf89|chr6:36084170-36085147:.	chr6	36116393	36117370	C6orf89	chr6	36885613	0.0	0.0	0	0
C6orf89|chr6:37159476-37159976:.	chr6	37191700	37192200	C6orf89	chr6	36885613	0.0	0.0	0	0
C6orf89|chr6:37391330-37391979:.	chr6	37423554	37424203	C6orf89	chr6	36885613	0.0	0.0	0	0
C6orf89|chr6:37681373-37682095:.	chr6	37713597	37714319	C6orf89	chr6	36885613	0.0	0.0	0	0
MTCH1|chr6:36084170-36085147:.	chr6	36116393	36117370	MTCH1	chr6	36986801	0.0	0.0	0	0
MTCH1|chr6:37017932-37018829:.	chr6	37050156	37051053	MTCH1	chr6	36986801	0.684124767780304	4436.846397475251	1	0
MTCH1|chr6:37026990-37027814:.	chr6	37059214	37060038	MTCH1	chr6	36986801	0.2851362824440002	1849.232694287451	1	0
MTCH1|chr6:37030197-37030697:.	chr6	37062421	37062921	MTCH1	chr6	36986801	0.1117389649152755	724.6757423364656	1	0
MTCH1|chr6:37079698-37080198:.	chr6	37111922	37112422	MTCH1	chr6	36986801	0.0	0.0	1	0
MTCH1|chr6:37143441-37146132:.	chr6	37175665	37178356	MTCH1	chr6	36986801	0.0	0.0	1	0
MTCH1|chr6:37159476-37159976:.	chr6	37191700	37192200	MTCH1	chr6	36986801	0.0	0.0	0	0
MTCH1|chr6:37172789-37173942:.	chr6	37205013	37206166	MTCH1	chr6	36986801	0.0	0.0	0	0
MTCH1|chr6:37175726-37176226:.	chr6	37207950	37208450	MTCH1	chr6	36986801	0.0	0.0	0	0
MTCH1|chr6:37391330-37391979:.	chr6	37423554	37424203	MTCH1	chr6	36986801	0.0	0.0	0	0
MTCH1|chr6:37678957-37679796:.	chr6	37711181	37712020	MTCH1	chr6	36986801	0.0	0.0	0	0
MTCH1|chr6:37681373-37682095:.	chr6	37713597	37714319	MTCH1	chr6	36986801	0.0	0.0	0	0
PPIL1|chr6:36084170-36085147:.	chr6	36116393	36117370	PPIL1	chr6	36875274	0.0	0.0	0	0
PPIL1|chr6:36086268-36086768:.	chr6	36118491	36118991	PPIL1	chr6	36875274	0.0	0.0	0	0
PPIL1|chr6:37005994-37006872:.	chr6	37038218	37039096	PPIL1	chr6	36875274	0.0	0.0	1	0
PPIL1|chr6:37123048-37123548:.	chr6	37155272	37155772	PPIL1	chr6	36875274	0.0	0.0	0	0
PPIL1|chr6:37159476-37159976:.	chr6	37191700	37192200	PPIL1	chr6	36875274	0.0	0.0	0	0
PPIL1|chr6:37172789-37173942:.	chr6	37205013	37206166	PPIL1	chr6	36875274	0.0	0.0	0	0
PPIL1|chr6:37175726-37176226:.	chr6	37207950	37208450	PPIL1	chr6	36875274	0.0	0.0	0	0
PPIL1|chr6:37681373-37682095:.	chr6	37713597	37714319	PPIL1	chr6	36875274	0.0	0.0	0	0
CCDC167|chr6:37025767-37026267:.	chr6	37057991	37058491	CCDC167	chr6	37500174	0.0	0.0	0	0
CCDC167|chr6:37026990-37027814:.	chr6	37059214	37060038	CCDC167	chr6	37500174	0.0	0.0	0	0
CCDC167|chr6:37154921-37155421:.	chr6	37187145	37187645	CCDC167	chr6	37500174	0.0	0.0	0	0
CCDC167|chr6:37172789-37173942:.	chr6	37205013	37206166	CCDC167	chr6	37500174	0.0	0.0	0	0
CCDC167|chr6:37391330-37391979:.	chr6	37423554	37424203	CCDC167	chr6	37500174	9.515337944030762	905.8321970059416	1	0
CCDC167|chr6:37678957-37679796:.	chr6	37711181	37712020	CCDC167	chr6	37500174	0.0	0.0	0	0
RNF8|chr6:37026990-37027814:.	chr6	37059214	37060038	RNF8	chr6	37353721	0.0	0.0	0	0
RNF8|chr6:37159476-37159976:.	chr6	37191700	37192200	RNF8	chr6	37353721	0.0	0.0	1	0
GLO1|chr6:37678957-37679796:.	chr6	37711181	37712020	GLO1	chr6	38703426	0.0	0.0	0	0
OARD1|chr6:40107136-40107636:.	chr6	40139397	40139897	OARD1	chr6	41072864	0.0	0.0	0	0
MRPS10|chr6:41288212-41288712:.	chr6	41320474	41320974	MRPS10	chr6	42218145	0.0	0.0	0	0
RPL7L1|chr6:42165246-42166125:.	chr6	42197508	42198387	RPL7L1	chr6	42879365	0.0	0.0	0	0
RPL7L1|chr6:42167042-42167542:.	chr6	42199304	42199804	RPL7L1	chr6	42879365	0.0	0.0	0	0
RPL7L1|chr6:43358418-43359655:.	chr6	43390680	43391917	RPL7L1	chr6	42879365	0.0	0.0	0	0
RPL7L1|chr6:43682127-43682627:.	chr6	43714390	43714890	RPL7L1	chr6	42879365	0.0	0.0	0	0
RPL7L1|chr6:43823842-43824600:.	chr6	43856105	43856863	RPL7L1	chr6	42879365	0.0	0.0	0	0
BYSL|chr6:42167042-42167542:.	chr6	42199304	42199804	BYSL	chr6	41920976	0.0	0.0	0	0
CCND3|chr6:42167042-42167542:.	chr6	42199304	42199804	CCND3	chr6	41942098	0.0	0.0	0	0
KLHDC3|chr6:42167042-42167542:.	chr6	42199304	42199804	KLHDC3	chr6	43013852	0.0	0.0	0	0
KLHDC3|chr6:43358418-43359655:.	chr6	43390680	43391917	KLHDC3	chr6	43013852	0.0	0.0	0	0
KLHDC3|chr6:43682127-43682627:.	chr6	43714390	43714890	KLHDC3	chr6	43013852	0.0	0.0	0	0
KLHDC3|chr6:43823842-43824600:.	chr6	43856105	43856863	KLHDC3	chr6	43013852	0.0	0.0	0	0
KLHDC3|chr6:43914284-43915195:.	chr6	43946547	43947458	KLHDC3	chr6	43013852	0.0	0.0	0	0
KLHDC3|chr6:43918878-43919378:.	chr6	43951141	43951641	KLHDC3	chr6	43013852	0.0	0.0	0	0
MEA1|chr6:42167042-42167542:.	chr6	42199304	42199804	MEA1	chr6	43014164	0.0	0.0	0	0
MEA1|chr6:42515011-42515991:.	chr6	42547273	42548253	MEA1	chr6	43014164	0.0	0.0	0	0
MEA1|chr6:43358418-43359655:.	chr6	43390680	43391917	MEA1	chr6	43014164	0.0	0.0	0	0
MEA1|chr6:43682127-43682627:.	chr6	43714390	43714890	MEA1	chr6	43014164	0.0	0.0	0	0
MEA1|chr6:43883800-43884785:.	chr6	43916063	43917048	MEA1	chr6	43014164	0.0	0.0	0	0
MEA1|chr6:43914284-43915195:.	chr6	43946547	43947458	MEA1	chr6	43014164	0.0	0.0	0	0
MEA1|chr6:43918878-43919378:.	chr6	43951141	43951641	MEA1	chr6	43014164	0.0	0.0	0	0
MEA1|chr6:43937103-43937603:.	chr6	43969366	43969866	MEA1	chr6	43014164	0.0	0.0	0	0
MEA1|chr6:43938502-43939428:.	chr6	43970765	43971691	MEA1	chr6	43014164	0.0	0.0	0	0
MRPL2|chr6:42167042-42167542:.	chr6	42199304	42199804	MRPL2	chr6	43059795	0.0	0.0	0	0
MRPL2|chr6:42515011-42515991:.	chr6	42547273	42548253	MRPL2	chr6	43059795	0.0	0.0	0	0
MRPL2|chr6:43358418-43359655:.	chr6	43390680	43391917	MRPL2	chr6	43059795	0.0	0.0	0	0
MRPL2|chr6:43823842-43824600:.	chr6	43856105	43856863	MRPL2	chr6	43059795	0.0	0.0	0	0
MRPL2|chr6:43894330-43894830:.	chr6	43926593	43927093	MRPL2	chr6	43059795	0.0	0.0	0	0
MRPL2|chr6:43914284-43915195:.	chr6	43946547	43947458	MRPL2	chr6	43059795	0.0	0.0	0	0
MRPL2|chr6:43918878-43919378:.	chr6	43951141	43951641	MRPL2	chr6	43059795	0.0	0.0	0	0
TBCC|chr6:42167042-42167542:.	chr6	42199304	42199804	TBCC	chr6	42746396	0.0	0.0	0	0
DNPH1|chr6:43682127-43682627:.	chr6	43714390	43714890	DNPH1	chr6	43229723	0.0	0.0	0	0
DNPH1|chr6:43823842-43824600:.	chr6	43856105	43856863	DNPH1	chr6	43229723	0.0	0.0	0	0
DNPH1|chr6:43883800-43884785:.	chr6	43916063	43917048	DNPH1	chr6	43229723	0.0	0.0	0	0
DNPH1|chr6:43894330-43894830:.	chr6	43926593	43927093	DNPH1	chr6	43229723	0.0	0.0	0	0
DNPH1|chr6:43914284-43915195:.	chr6	43946547	43947458	DNPH1	chr6	43229723	0.0	0.0	0	0
DNPH1|chr6:43918878-43919378:.	chr6	43951141	43951641	DNPH1	chr6	43229723	0.0	0.0	0	0
DNPH1|chr6:43938502-43939428:.	chr6	43970765	43971691	DNPH1	chr6	43229723	0.0	0.0	0	0
DNPH1|chr6:44046829-44047329:.	chr6	44079092	44079592	DNPH1	chr6	43229723	0.0	0.0	0	0
HSP90AB1|chr6:43358418-43359655:.	chr6	43390680	43391917	HSP90AB1	chr6	44246707	0.0	0.0	0	0
HSP90AB1|chr6:43682127-43682627:.	chr6	43714390	43714890	HSP90AB1	chr6	44246707	0.0	0.0	0	0
HSP90AB1|chr6:43823842-43824600:.	chr6	43856105	43856863	HSP90AB1	chr6	44246707	0.0	0.0	0	0
HSP90AB1|chr6:43883800-43884785:.	chr6	43916063	43917048	HSP90AB1	chr6	44246707	0.0	0.0	0	0
HSP90AB1|chr6:43914284-43915195:.	chr6	43946547	43947458	HSP90AB1	chr6	44246707	0.0	0.0	0	0
HSP90AB1|chr6:43918878-43919378:.	chr6	43951141	43951641	HSP90AB1	chr6	44246707	0.0	0.0	0	0
HSP90AB1|chr6:43932848-43933348:.	chr6	43965111	43965611	HSP90AB1	chr6	44246707	0.0	0.0	0	0
HSP90AB1|chr6:43937103-43937603:.	chr6	43969366	43969866	HSP90AB1	chr6	44246707	0.0	0.0	0	0
HSP90AB1|chr6:43938502-43939428:.	chr6	43970765	43971691	HSP90AB1	chr6	44246707	0.0	0.0	0	0
HSP90AB1|chr6:43954193-43954693:.	chr6	43986456	43986956	HSP90AB1	chr6	44246707	0.0	0.0	0	0
HSP90AB1|chr6:44046829-44047329:.	chr6	44079092	44079592	HSP90AB1	chr6	44246707	0.0	0.0	1	0
HSP90AB1|chr6:44064389-44064889:.	chr6	44096652	44097152	HSP90AB1	chr6	44246707	0.0	0.0	1	0
HSP90AB1|chr6:44429896-44430616:.	chr6	44462159	44462879	HSP90AB1	chr6	44246707	0.0	0.0	0	0
HSP90AB1|chr6:44439275-44439775:.	chr6	44471538	44472038	HSP90AB1	chr6	44246707	0.0	0.0	0	0
HSP90AB1|chr6:44443387-44443887:.	chr6	44475650	44476150	HSP90AB1	chr6	44246707	0.0	0.0	0	0
MRPS18A|chr6:43358418-43359655:.	chr6	43390680	43391917	MRPS18A	chr6	43688062	0.0	0.0	0	0
MRPS18A|chr6:43766432-43766932:.	chr6	43798695	43799195	MRPS18A	chr6	43688062	0.0	0.0	1	0
MRPS18A|chr6:43914284-43915195:.	chr6	43946547	43947458	MRPS18A	chr6	43688062	0.0	0.0	0	0
MRPS18A|chr6:43918878-43919378:.	chr6	43951141	43951641	MRPS18A	chr6	43688062	0.0	0.0	0	0
MRPS18A|chr6:43932848-43933348:.	chr6	43965111	43965611	MRPS18A	chr6	43688062	0.0	0.0	0	0
MRPS18A|chr6:43938502-43939428:.	chr6	43970765	43971691	MRPS18A	chr6	43688062	0.0	0.0	0	0
MRPS18A|chr6:44064389-44064889:.	chr6	44096652	44097152	MRPS18A	chr6	43688062	0.0	0.0	0	0
MRPS18A|chr6:44429896-44430616:.	chr6	44462159	44462879	MRPS18A	chr6	43688062	0.0	0.0	0	0
RRP36|chr6:43358418-43359655:.	chr6	43390680	43391917	RRP36	chr6	43021351	0.0	0.0	0	0
RRP36|chr6:43918878-43919378:.	chr6	43951141	43951641	RRP36	chr6	43021351	0.0	0.0	0	0
RRP36|chr6:43938502-43939428:.	chr6	43970765	43971691	RRP36	chr6	43021351	0.0	0.0	0	0
XPO5|chr6:43358418-43359655:.	chr6	43390680	43391917	XPO5	chr6	43576325	0.0	0.0	1	0
MRPL14|chr6:43682127-43682627:.	chr6	43714390	43714890	MRPL14	chr6	44127741	0.0	0.0	0	0
MRPL14|chr6:43766432-43766932:.	chr6	43798695	43799195	MRPL14	chr6	44127741	0.0	0.0	0	0
MRPL14|chr6:43914284-43915195:.	chr6	43946547	43947458	MRPL14	chr6	44127741	0.0	0.0	1	0
MRPL14|chr6:43918878-43919378:.	chr6	43951141	43951641	MRPL14	chr6	44127741	0.0	0.0	1	0
MRPL14|chr6:43937103-43937603:.	chr6	43969366	43969866	MRPL14	chr6	44127741	0.0	0.0	1	0
MRPL14|chr6:43938502-43939428:.	chr6	43970765	43971691	MRPL14	chr6	44127741	0.0	0.0	1	0
MRPL14|chr6:43954193-43954693:.	chr6	43986456	43986956	MRPL14	chr6	44127741	0.0	0.0	1	0
POLR1C|chr6:43682127-43682627:.	chr6	43714390	43714890	POLR1C	chr6	43516773	0.0	0.0	0	0
POLR1C|chr6:44443387-44443887:.	chr6	44475650	44476150	POLR1C	chr6	43516773	0.0	0.0	0	0
SLC29A1|chr6:43766432-43766932:.	chr6	43798695	43799195	SLC29A1	chr6	44219254	0.0	0.0	0	0
SLC29A1|chr6:43914284-43915195:.	chr6	43946547	43947458	SLC29A1	chr6	44219254	0.0	0.0	0	0
SLC29A1|chr6:43918878-43919378:.	chr6	43951141	43951641	SLC29A1	chr6	44219254	0.0	0.0	0	0
SLC29A1|chr6:44064389-44064889:.	chr6	44096652	44097152	SLC29A1	chr6	44219254	0.0	0.0	1	0
CDC5L|chr6:43914284-43915195:.	chr6	43946547	43947458	CDC5L	chr6	44387263	0.0	0.0	0	0
CDC5L|chr6:43918878-43919378:.	chr6	43951141	43951641	CDC5L	chr6	44387263	0.0	0.0	0	0
MAD2L1BP|chr6:43914284-43915195:.	chr6	43946547	43947458	MAD2L1BP	chr6	43635589	0.0	0.0	0	0
YIPF3|chr6:43914284-43915195:.	chr6	43946547	43947458	YIPF3	chr6	43517240	0.0	0.0	0	0
YIPF3|chr6:43932848-43933348:.	chr6	43965111	43965611	YIPF3	chr6	43517240	0.0	0.0	0	0
YIPF3|chr6:44064389-44064889:.	chr6	44096652	44097152	YIPF3	chr6	43517240	0.0	0.0	0	0
CD2AP|chr6:47103388-47103888:.	chr6	47135652	47136152	CD2AP	chr6	47477538	0.0	0.0	0	0
EEF1A1|chr6:73290003-73290503:.	chr6	72580284	72580784	EEF1A1	chr6	73521282	0.0	0.0	0	0
LYRM2|chr6:91177708-91178208:.	chr6	90467989	90468489	LYRM2	chr6	89638747	0.0	0.0	0	0
PNISR|chr6:100564629-100565129:.	chr6	100116753	100117253	PNISR	chr6	99425595	0.0	0.0	0	0
PNISR|chr6:100705642-100706285:.	chr6	100257766	100258409	PNISR	chr6	99425595	0.0	0.0	0	0
PNISR|chr6:100719307-100719935:.	chr6	100271431	100272059	PNISR	chr6	99425595	0.0	0.0	0	0
SNX3|chr6:109059093-109059593:.	chr6	108737890	108738390	SNX3	chr6	108261510	0.0	0.0	0	0
HDDC2|chr6:126264905-126265405:.	chr6	125943759	125944259	HDDC2	chr6	125302386	0.0	0.0	0	0
HDDC2|chr6:126375399-126375899:.	chr6	126054253	126054753	HDDC2	chr6	125302386	0.0	0.0	0	0
HDDC2|chr6:126433248-126433884:.	chr6	126112102	126112738	HDDC2	chr6	125302386	0.0	0.0	0	0
HDDC2|chr6:126444312-126444812:.	chr6	126123166	126123666	HDDC2	chr6	125302386	0.0	0.0	0	0
TPD52L1|chr6:126375399-126375899:.	chr6	126054253	126054753	TPD52L1	chr6	125153478	0.0	0.0	0	0
CENPW|chr6:126264905-126265405:.	chr6	125943759	125944259	CENPW	chr6	126339538	0.0	0.0	0	0
CENPW|chr6:126439144-126439644:.	chr6	126117998	126118498	CENPW	chr6	126339538	0.0	0.0	0	0
TBPL1|chr6:135143992-135144492:.	chr6	134822854	134823354	TBPL1	chr6	133952912	0.0	0.0	0	0
HEBP2|chr6:138224562-138225062:.	chr6	137903425	137903925	HEBP2	chr6	138403948	0.0	0.0	0	0
ABRACL|chr6:139837320-139838119:.	chr6	139516183	139516982	ABRACL	chr6	139028431	0.0	0.0	0	0
PCMT1|chr6:149439873-149440829:.	chr6	149118737	149119693	PCMT1	chr6	149749444	0.0	0.0	0	0
PCMT1|chr6:149449571-149450071:.	chr6	149128435	149128935	PCMT1	chr6	149749444	0.0	0.0	0	0
PCMT1|chr6:149461057-149462448:.	chr6	149139921	149141312	PCMT1	chr6	149749444	0.0	0.0	0	0
PCMT1|chr6:150588796-150589697:.	chr6	150267660	150268561	PCMT1	chr6	149749444	0.0	0.0	0	0
PCMT1|chr6:150590840-150591340:.	chr6	150269704	150270204	PCMT1	chr6	149749444	0.0	0.0	0	0
PCMT1|chr6:150598800-150599300:.	chr6	150277664	150278164	PCMT1	chr6	149749444	0.0	0.0	0	0
PCMT1|chr6:150618398-150618898:.	chr6	150297262	150297762	PCMT1	chr6	149749444	0.0	0.0	0	0
PCMT1|chr6:150881071-150881571:.	chr6	150559935	150560435	PCMT1	chr6	149749444	0.0	0.0	0	0
GINM1|chr6:149461057-149462448:.	chr6	149139921	149141312	GINM1	chr6	149565957	0.0	0.0	0	0
GINM1|chr6:150588796-150589697:.	chr6	150267660	150268561	GINM1	chr6	149565957	0.0	0.0	0	0
GINM1|chr6:150590840-150591340:.	chr6	150269704	150270204	GINM1	chr6	149565957	0.0	0.0	0	0
KATNA1|chr6:149461057-149462448:.	chr6	149139921	149141312	KATNA1	chr6	149649054	0.0	0.0	0	0
MTHFD1L|chr6:150574107-150574607:.	chr6	150252971	150253471	MTHFD1L	chr6	150865428	0.0	0.0	0	0
FBXO5|chr6:153196041-153196541:.	chr6	152874906	152875406	FBXO5	chr6	152983332	0.0	0.0	1	0
GTF2H5|chr6:157756801-157757301:.	chr6	157335769	157336269	GTF2H5	chr6	158168096	0.0	0.0	0	0
SNX9|chr6:157756801-157757301:.	chr6	157335769	157336269	SNX9	chr6	157822920	0.0	0.0	0	0
DYNLT1|chr6:158384820-158385581:.	chr6	157963788	157964549	DYNLT1	chr6	158645036	0.0	0.0	0	0
DYNLT1|chr6:159246071-159247349:.	chr6	158825039	158826317	DYNLT1	chr6	158645036	0.0	0.0	1	0
MRPL18|chr6:159246071-159247349:.	chr6	158825039	158826317	MRPL18	chr6	159789616	0.0	0.0	0	0
WTAP|chr6:159507045-159507545:.	chr6	159086013	159086513	WTAP	chr6	159726747	0.0	0.0	0	0
AFDN|chr6:168053231-168053731:.	chr6	167652551	167653051	AFDN	chr6	167826740	0.0	0.0	1	0
PSMG3|chr7:1457049-1457549:.	chr7	1417413	1417913	PSMG3	chr7	1570243	0.0	0.0	1	0
EIF3B|chr7:1452376-1452876:.	chr7	1412740	1413240	EIF3B	chr7	2354588	0.0	0.0	0	0
MRM2|chr7:1457049-1457549:.	chr7	1417413	1417913	MRM2	chr7	2242448	0.0	0.0	0	0
ACTB|chr7:4652485-4653382:.	chr7	4612854	4613751	ACTB	chr7	5530851	0.0	0.0	0	0
ACTB|chr7:4660050-4660550:.	chr7	4620419	4620919	ACTB	chr7	5530851	0.0	0.0	0	0
ACTB|chr7:4813254-4813754:.	chr7	4773623	4774123	ACTB	chr7	5530851	0.0	0.0	0	0
ACTB|chr7:5279735-5280479:.	chr7	5240104	5240848	ACTB	chr7	5530851	0.0	0.0	0	0
ACTB|chr7:6407193-6407966:.	chr7	6367562	6368335	ACTB	chr7	5530851	0.0	0.0	0	0
FSCN1|chr7:4680937-4682099:.	chr7	4641306	4642468	FSCN1	chr7	5592554	0.0	0.0	0	0
FSCN1|chr7:4813254-4813754:.	chr7	4773623	4774123	FSCN1	chr7	5592554	0.0	0.0	0	0
FSCN1|chr7:5011156-5011656:.	chr7	4971525	4972025	FSCN1	chr7	5592554	0.0	0.0	0	0
FSCN1|chr7:5279735-5280479:.	chr7	5240104	5240848	FSCN1	chr7	5592554	0.0	0.0	0	0
FSCN1|chr7:5649138-5649638:.	chr7	5609507	5610007	FSCN1	chr7	5592554	56.77873992919922	5260.570852276059	1	0
FSCN1|chr7:6407193-6407966:.	chr7	6367562	6368335	FSCN1	chr7	5592554	0.0	0.0	0	0
WIPI2|chr7:5613793-5614944:.	chr7	5574162	5575313	WIPI2	chr7	5189953	0.0	0.0	0	0
EIF2AK1|chr7:5279735-5280479:.	chr7	5240104	5240848	EIF2AK1	chr7	6059479	0.0	0.0	0	0
EIF2AK1|chr7:5613793-5614944:.	chr7	5574162	5575313	EIF2AK1	chr7	6059479	0.0	0.0	0	0
EIF2AK1|chr7:5649138-5649638:.	chr7	5609507	5610007	EIF2AK1	chr7	6059479	0.0	0.0	0	0
EIF2AK1|chr7:6407193-6407966:.	chr7	6367562	6368335	EIF2AK1	chr7	6059479	0.0	0.0	0	0
KDELR2|chr7:5564743-5566664:.	chr7	5525112	5527033	KDELR2	chr7	6484468	0.0	0.0	0	0
KDELR2|chr7:5613793-5614944:.	chr7	5574162	5575313	KDELR2	chr7	6484468	0.0	0.0	0	0
KDELR2|chr7:7139111-7139611:.	chr7	7099480	7099980	KDELR2	chr7	6484468	0.0	0.0	0	1
KDELR2|chr7:7144473-7145148:.	chr7	7104842	7105517	KDELR2	chr7	6484468	0.0	0.0	0	0
AIMP2|chr7:5613793-5614944:.	chr7	5574162	5575313	AIMP2	chr7	6009000	0.0	0.0	0	0
CCZ1|chr7:5613793-5614944:.	chr7	5574162	5575313	CCZ1	chr7	5898459	0.0	0.0	0	0
RAC1|chr7:5613793-5614944:.	chr7	5574162	5575313	RAC1	chr7	6374244	0.0	0.0	0	0
RAC1|chr7:5649138-5649638:.	chr7	5609507	5610007	RAC1	chr7	6374244	0.0	0.0	0	0
RAC1|chr7:6407193-6407966:.	chr7	6367562	6368335	RAC1	chr7	6374244	86.51068115234375	6917.082448208176	1	0
RAC1|chr7:7081926-7082569:.	chr7	7042295	7042938	RAC1	chr7	6374244	0.0	0.0	0	0
RAC1|chr7:7139111-7139611:.	chr7	7099480	7099980	RAC1	chr7	6374244	0.0	0.0	0	0
RAC1|chr7:7143685-7144407:.	chr7	7104054	7104776	RAC1	chr7	6374244	0.0	0.0	0	0
RAC1|chr7:7188427-7189264:.	chr7	7148796	7149633	RAC1	chr7	6374244	0.0	0.0	0	0
RNF216|chr7:5613793-5614944:.	chr7	5574162	5575313	RNF216	chr7	5781980	0.0	0.0	0	0
ZDHHC4|chr7:5649138-5649638:.	chr7	5609507	5610007	ZDHHC4	chr7	6577183	0.0	0.0	0	0
ZDHHC4|chr7:6407193-6407966:.	chr7	6367562	6368335	ZDHHC4	chr7	6577183	0.0	0.0	0	0
ZDHHC4|chr7:7081926-7082569:.	chr7	7042295	7042938	ZDHHC4	chr7	6577183	0.0	0.0	0	0
ZDHHC4|chr7:7139111-7139611:.	chr7	7099480	7099980	ZDHHC4	chr7	6577183	0.0	0.0	0	0
ZDHHC4|chr7:7139869-7140510:.	chr7	7100238	7100879	ZDHHC4	chr7	6577183	0.0	0.0	0	0
RPA3|chr7:7081926-7082569:.	chr7	7042295	7042938	RPA3	chr7	7718857	0.0	0.0	0	0
RPA3|chr7:7143685-7144407:.	chr7	7104054	7104776	RPA3	chr7	7718857	0.0	0.0	0	0
RPA3|chr7:7144473-7145148:.	chr7	7104842	7105517	RPA3	chr7	7718857	0.0	0.0	0	0
RPA3|chr7:7188427-7189264:.	chr7	7148796	7149633	RPA3	chr7	7718857	0.0	0.0	0	0
RPA3|chr7:8430719-8431427:.	chr7	8391089	8391797	RPA3	chr7	7718857	0.0	0.0	0	0
RPA3|chr7:8435795-8436295:.	chr7	8396165	8396665	RPA3	chr7	7718857	0.0	0.0	0	0
C7orf26|chr7:7139111-7139611:.	chr7	7099480	7099980	C7orf26	chr7	6589770	0.0	0.0	0	1
NDUFA4|chr7:10843278-10843778:.	chr7	10803651	10804151	NDUFA4	chr7	10940436	0.0	0.0	1	0
TSPAN13|chr7:16473155-16473655:.	chr7	16433530	16434030	TSPAN13	chr7	16753475	0.0	0.0	0	0
TOMM7|chr7:22412941-22413441:.	chr7	22373322	22373822	TOMM7	chr7	22823102	0.0	0.0	0	0
TOMM7|chr7:22720022-22720613:.	chr7	22680403	22680994	TOMM7	chr7	22823102	0.0	0.0	1	0
TOMM7|chr7:22721416-22722545:.	chr7	22681797	22682926	TOMM7	chr7	22823102	0.0	0.0	1	0
TOMM7|chr7:22740199-22740699:.	chr7	22700580	22701080	TOMM7	chr7	22823102	0.0	0.0	1	0
MALSU1|chr7:22706302-22706802:.	chr7	22666683	22667183	MALSU1	chr7	23299070	0.0	0.0	0	0
MALSU1|chr7:22720022-22720613:.	chr7	22680403	22680994	MALSU1	chr7	23299070	0.0	0.0	0	0
MALSU1|chr7:22721416-22722545:.	chr7	22681797	22682926	MALSU1	chr7	23299070	0.0	0.0	0	0
IGF2BP3|chr7:22720022-22720613:.	chr7	22680403	22680994	IGF2BP3	chr7	23470626	0.0	0.0	0	0
NUPL2|chr7:22720022-22720613:.	chr7	22680403	22680994	NUPL2	chr7	23181576	0.0	0.0	0	0
STEAP1B|chr7:22720022-22720613:.	chr7	22680403	22680994	STEAP1B	chr7	22500532	0.0	0.0	1	1
CYCS|chr7:24802603-24803366:.	chr7	24762984	24763747	CYCS	chr7	25125611	0.0	0.0	0	0
CYCS|chr7:25966673-25967173:.	chr7	25927053	25927553	CYCS	chr7	25125611	0.0	0.0	0	0
CYCS|chr7:25980508-25981008:.	chr7	25940888	25941388	CYCS	chr7	25125611	0.0	0.0	0	0
MPP6|chr7:24802603-24803366:.	chr7	24762984	24763747	MPP6	chr7	24573095	0.0	0.0	1	0
CBX3|chr7:25966673-25967173:.	chr7	25927053	25927553	CBX3	chr7	26200960	0.0	0.0	0	0
HNRNPA2B1|chr7:26273412-26274175:.	chr7	26233792	26234555	HNRNPA2B1	chr7	26201043	49.55315399169922	3039.451467284643	1	0
GGCT|chr7:29789128-29789935:.	chr7	29749512	29750319	GGCT	chr7	30505091	0.0	0.0	0	0
MPLKIP|chr7:39761487-39762152:.	chr7	39721888	39722553	MPLKIP	chr7	40134902	0.0	0.0	0	0
MPLKIP|chr7:39849727-39850227:.	chr7	39810128	39810628	MPLKIP	chr7	40134902	0.0	0.0	0	0
MRPL32|chr7:43796174-43797108:.	chr7	43756575	43757509	MRPL32	chr7	42932089	0.0	0.0	0	0
COA1|chr7:42908901-42909401:.	chr7	42869302	42869802	COA1	chr7	43729791	0.0	0.0	0	0
COA1|chr7:42928338-42929189:.	chr7	42888739	42889590	COA1	chr7	43729791	0.0	0.0	0	0
COA1|chr7:44601756-44602256:.	chr7	44562157	44562657	COA1	chr7	43729791	0.0	0.0	0	0
PSMA2|chr7:43796174-43797108:.	chr7	43756575	43757509	PSMA2	chr7	42932456	0.0	0.0	0	0
POLD2|chr7:43612046-43612546:.	chr7	43572447	43572947	POLD2	chr7	44123820	0.0	0.0	0	0
POLD2|chr7:43775107-43776238:.	chr7	43735508	43736639	POLD2	chr7	44123820	0.0	0.0	0	0
POLD2|chr7:43796174-43797108:.	chr7	43756575	43757509	POLD2	chr7	44123820	0.0	0.0	0	0
POLD2|chr7:44601756-44602256:.	chr7	44562157	44562657	POLD2	chr7	44123820	0.0	0.0	0	0
POLD2|chr7:44961165-44962119:.	chr7	44921566	44922520	POLD2	chr7	44123820	0.0	0.0	0	0
POLD2|chr7:44995250-44995750:.	chr7	44955651	44956151	POLD2	chr7	44123820	0.0	0.0	0	0
YKT6|chr7:43775107-43776238:.	chr7	43735508	43736639	YKT6	chr7	44200728	0.0	0.0	0	0
YKT6|chr7:43796174-43797108:.	chr7	43756575	43757509	YKT6	chr7	44200728	0.0	0.0	0	0
YKT6|chr7:44995250-44995750:.	chr7	44955651	44956151	YKT6	chr7	44200728	0.0	0.0	0	0
YKT6|chr7:45034664-45035164:.	chr7	44995065	44995565	YKT6	chr7	44200728	0.0	0.0	0	0
TMED4|chr7:44170684-44171184:.	chr7	44131085	44131585	TMED4	chr7	44582545	0.0	0.0	0	0
TMED4|chr7:44995250-44995750:.	chr7	44955651	44956151	TMED4	chr7	44582545	0.0	0.0	0	0
PPIA|chr7:44601756-44602256:.	chr7	44562157	44562657	PPIA	chr7	44796385	0.0	0.0	0	0
PPIA|chr7:44994433-44995196:.	chr7	44954834	44955597	PPIA	chr7	44796385	0.0	0.0	1	0
PPIA|chr7:44995250-44995750:.	chr7	44955651	44956151	PPIA	chr7	44796385	0.0	0.0	1	0
PPIA|chr7:45034664-45035164:.	chr7	44995065	44995565	PPIA	chr7	44796385	0.0	0.0	0	0
H2AFV|chr7:44961165-44962119:.	chr7	44921566	44922520	H2AFV	chr7	44848376	8.724465370178223	1035.6139814158637	1	0
H2AFV|chr7:44994433-44995196:.	chr7	44954834	44955597	H2AFV	chr7	44848376	0.0	0.0	1	0
H2AFV|chr7:44995250-44995750:.	chr7	44955651	44956151	H2AFV	chr7	44848376	0.0	0.0	1	0
H2AFV|chr7:45034664-45035164:.	chr7	44995065	44995565	H2AFV	chr7	44848376	0.0	0.0	1	0
H2AFV|chr7:45178200-45179083:.	chr7	45138601	45139484	H2AFV	chr7	44848376	0.0	0.0	0	0
CCM2|chr7:45034664-45035164:.	chr7	44995065	44995565	CCM2	chr7	44999937	53.760501861572266	8668.954511553575	1	1
SNHG15|chr7:45034664-45035164:.	chr7	44995065	44995565	SNHG15	chr7	44986910	175.2765655517578	12165.385834746852	1	1
VKORC1L1|chr7:64405157-64405829:.	chr7	64944779	64945451	VKORC1L1	chr7	65872848	0.0	0.0	0	0
ZNF138|chr7:64405157-64405829:.	chr7	64944779	64945451	ZNF138	chr7	64794137	0.0	0.0	1	0
SBDS|chr7:65480932-65481432:.	chr7	66015945	66016445	SBDS	chr7	66995946	0.0	0.0	0	0
SBDS|chr7:66373449-66374085:.	chr7	66908462	66909098	SBDS	chr7	66995946	8.190202713012695	637.797835278252	1	0
GUSB|chr7:66373449-66374085:.	chr7	66908462	66909098	GUSB	chr7	65982564	0.0	0.0	0	0
EIF4H|chr7:72976271-72977161:.	chr7	73561941	73562831	EIF4H	chr7	74174125	0.0	0.0	0	0
EIF4H|chr7:73189074-73189731:.	chr7	73774744	73775401	EIF4H	chr7	74174125	0.0	0.0	0	0
EIF4H|chr7:73579258-73579907:.	chr7	74164928	74165577	EIF4H	chr7	74174125	31.1564998626709	3054.1931054885567	1	0
EIF4H|chr7:73684232-73684732:.	chr7	74269902	74270402	EIF4H	chr7	74174125	6.561346054077148	643.1922061019685	1	0
EIF4H|chr7:73686037-73686537:.	chr7	74271707	74272207	EIF4H	chr7	74174125	3.143608331680298	308.1599966393428	1	0
BAZ1B|chr7:73189074-73189731:.	chr7	73774744	73775401	BAZ1B	chr7	73522535	0.0	0.0	0	0
BAZ1B|chr7:73684232-73684732:.	chr7	74269902	74270402	BAZ1B	chr7	73522535	0.0	0.0	0	0
BAZ1B|chr7:73686641-73687355:.	chr7	74272311	74273025	BAZ1B	chr7	73522535	0.0	0.0	0	0
BAZ1B|chr7:73693888-73694388:.	chr7	74279558	74280058	BAZ1B	chr7	73522535	0.0	0.0	0	0
NSUN5|chr7:73207830-73208330:.	chr7	73793500	73794000	NSUN5	chr7	73309117	0.0	0.0	0	0
NSUN5|chr7:73579258-73579907:.	chr7	74164928	74165577	NSUN5	chr7	73309117	0.0	0.0	0	0
NSUN5|chr7:73684232-73684732:.	chr7	74269902	74270402	NSUN5	chr7	73309117	0.0	0.0	0	0
NSUN5|chr7:73685275-73685775:.	chr7	74270945	74271445	NSUN5	chr7	73309117	0.0	0.0	0	0
NSUN5|chr7:73693888-73694388:.	chr7	74279558	74280058	NSUN5	chr7	73309117	0.0	0.0	0	0
ABHD11|chr7:73684232-73684732:.	chr7	74269902	74270402	ABHD11	chr7	73739117	0.0	0.0	0	0
ABHD11|chr7:73686037-73686537:.	chr7	74271707	74272207	ABHD11	chr7	73739117	0.0	0.0	0	0
BCL7B|chr7:73684232-73684732:.	chr7	74269902	74270402	BCL7B	chr7	73557985	0.0	0.0	0	0
BCL7B|chr7:73686037-73686537:.	chr7	74271707	74272207	BCL7B	chr7	73557985	0.0	0.0	0	0
HSPB1|chr7:75370205-75371307:.	chr7	75740887	75741989	HSPB1	chr7	76302307	0.0	0.0	0	0
HSPB1|chr7:75425145-75425645:.	chr7	75795827	75796327	HSPB1	chr7	76302307	0.0	0.0	0	0
HSPB1|chr7:75428026-75428526:.	chr7	75798708	75799208	HSPB1	chr7	76302307	0.0	0.0	0	0
HSPB1|chr7:75795472-75796195:.	chr7	76166154	76166877	HSPB1	chr7	76302307	0.0	0.0	1	0
HSPB1|chr7:76002146-76002982:.	chr7	76372829	76373665	HSPB1	chr7	76302307	22.27250862121582	982.8696972827606	1	0
HSPB1|chr7:76012377-76012877:.	chr7	76383060	76383560	HSPB1	chr7	76302307	10.27237606048584	453.31252624713306	1	0
MDH2|chr7:75370205-75371307:.	chr7	75740887	75741989	MDH2	chr7	76047768	0.0	0.0	0	0
MDH2|chr7:75425145-75425645:.	chr7	75795827	75796327	MDH2	chr7	76047768	0.0	0.0	0	0
MDH2|chr7:75428026-75428526:.	chr7	75798708	75799208	MDH2	chr7	76047768	0.0	0.0	0	0
MDH2|chr7:75993369-75993869:.	chr7	76364052	76364552	MDH2	chr7	76047768	0.0	0.0	0	0
MDH2|chr7:76002146-76002982:.	chr7	76372829	76373665	MDH2	chr7	76047768	0.0	0.0	0	0
YWHAG|chr7:75425145-75425645:.	chr7	75795827	75796327	YWHAG	chr7	76359275	0.0	0.0	0	0
YWHAG|chr7:75993369-75993869:.	chr7	76364052	76364552	YWHAG	chr7	76359275	125.05696105957033	7402.627980249545	1	0
YWHAG|chr7:76002146-76002982:.	chr7	76372829	76373665	YWHAG	chr7	76359275	24.15479278564453	1429.820006956408	1	0
BET1|chr7:92634123-92634752:.	chr7	93004809	93005438	BET1	chr7	94004632	0.0	0.0	0	0
FAM133B|chr7:92634123-92634752:.	chr7	93004809	93005438	FAM133B	chr7	92590644	0.0	0.0	0	0
GATAD1|chr7:92634123-92634752:.	chr7	93004809	93005438	GATAD1	chr7	92447197	0.0	0.0	0	0
SEM1|chr7:96827843-96828343:.	chr7	97198531	97199031	SEM1	chr7	96710141	0.0	0.0	0	0
SEM1|chr7:97079738-97080346:.	chr7	97450426	97451034	SEM1	chr7	96710141	0.0	0.0	0	0
SEM1|chr7:97142059-97142559:.	chr7	97512747	97513247	SEM1	chr7	96710141	0.0	0.0	0	0
ASNS|chr7:97079738-97080346:.	chr7	97450426	97451034	ASNS	chr7	97872792	0.0	0.0	0	0
BRI3|chr7:97079738-97080346:.	chr7	97450426	97451034	BRI3	chr7	98281416	0.0	0.0	0	0
BRI3|chr7:97464718-97465218:.	chr7	97835406	97835906	BRI3	chr7	98281416	0.0	0.0	0	0
ARPC1A|chr7:98048112-98048612:.	chr7	98418800	98419300	ARPC1A	chr7	99325622	0.0	0.0	0	0
PDAP1|chr7:98048112-98048612:.	chr7	98418800	98419300	PDAP1	chr7	99408932	0.0	0.0	0	0
PDAP1|chr7:99404294-99405206:.	chr7	99806671	99807583	PDAP1	chr7	99408932	0.0	0.0	0	0
ARPC1B|chr7:99404294-99405206:.	chr7	99806671	99807583	ARPC1B	chr7	99374424	0.0	0.0	0	0
ATP5J2|chr7:99404294-99405206:.	chr7	99806671	99807583	ATP5J2	chr7	99466451	0.0	0.0	0	0
ATP5J2|chr7:100041981-100042913:.	chr7	100444358	100445290	ATP5J2	chr7	99466451	0.0	0.0	0	0
ATP5J2|chr7:100047975-100048754:.	chr7	100450352	100451131	ATP5J2	chr7	99466451	0.0	0.0	0	0
BUD31|chr7:99404294-99405206:.	chr7	99806671	99807583	BUD31	chr7	99408727	0.0	0.0	0	0
COPS6|chr7:99404294-99405206:.	chr7	99806671	99807583	COPS6	chr7	100088709	0.0	0.0	0	0
COPS6|chr7:100041981-100042913:.	chr7	100444358	100445290	COPS6	chr7	100088709	0.0	0.0	0	0
COPS6|chr7:100047975-100048754:.	chr7	100450352	100451131	COPS6	chr7	100088709	0.0	0.0	0	0
GNB2|chr7:99404294-99405206:.	chr7	99806671	99807583	GNB2	chr7	100673489	0.0	0.0	0	0
GNB2|chr7:100130818-100131318:.	chr7	100533195	100533695	GNB2	chr7	100673489	0.0	0.0	1	0
GNB2|chr7:100743349-100743849:.	chr7	101100068	101100568	GNB2	chr7	100673489	0.0	0.0	0	0
GNB2|chr7:100825632-100826132:.	chr7	101182351	101182851	GNB2	chr7	100673489	0.0	0.0	0	0
LAMTOR4|chr7:99404294-99405206:.	chr7	99806671	99807583	LAMTOR4	chr7	100148648	0.0	0.0	0	0
LAMTOR4|chr7:100047975-100048754:.	chr7	100450352	100451131	LAMTOR4	chr7	100148648	0.0	0.0	0	0
LAMTOR4|chr7:100130818-100131318:.	chr7	100533195	100533695	LAMTOR4	chr7	100148648	0.0	0.0	0	0
LAMTOR4|chr7:100743349-100743849:.	chr7	101100068	101100568	LAMTOR4	chr7	100148648	0.0	0.0	0	0
FIS1|chr7:100041981-100042913:.	chr7	100444358	100445290	FIS1	chr7	101245340	0.0	0.0	0	0
FIS1|chr7:100047975-100048754:.	chr7	100450352	100451131	FIS1	chr7	101245340	0.0	0.0	0	0
FIS1|chr7:100130205-100130705:.	chr7	100532582	100533082	FIS1	chr7	101245340	0.0	0.0	0	0
FIS1|chr7:100130818-100131318:.	chr7	100533195	100533695	FIS1	chr7	101245340	0.0	0.0	0	0
FIS1|chr7:100743349-100743849:.	chr7	101100068	101100568	FIS1	chr7	101245340	0.0	0.0	1	0
FIS1|chr7:101457202-101457702:.	chr7	101813922	101814422	FIS1	chr7	101245340	0.0	0.0	0	0
TRIP6|chr7:100041981-100042913:.	chr7	100444358	100445290	TRIP6	chr7	100867077	0.0	0.0	0	0
TRIP6|chr7:100743349-100743849:.	chr7	101100068	101100568	TRIP6	chr7	100867077	0.0	0.0	0	0
TRIP6|chr7:101457202-101457702:.	chr7	101813922	101814422	TRIP6	chr7	100867077	0.0	0.0	0	0
ZNHIT1|chr7:100041981-100042913:.	chr7	100444358	100445290	ZNHIT1	chr7	101217453	0.0	0.0	0	0
ZNHIT1|chr7:100047975-100048754:.	chr7	100450352	100451131	ZNHIT1	chr7	101217453	0.0	0.0	0	0
ZNHIT1|chr7:100743349-100743849:.	chr7	101100068	101100568	ZNHIT1	chr7	101217453	0.0	0.0	1	0
ZNHIT1|chr7:101377040-101377728:.	chr7	101733760	101734448	ZNHIT1	chr7	101217453	0.0	0.0	0	0
ZNHIT1|chr7:101457202-101457702:.	chr7	101813922	101814422	ZNHIT1	chr7	101217453	0.0	0.0	0	0
AP1S1|chr7:100130205-100130705:.	chr7	100532582	100533082	AP1S1	chr7	101154154	0.0	0.0	0	0
AP1S1|chr7:101377040-101377728:.	chr7	101733760	101734448	AP1S1	chr7	101154154	0.0	0.0	0	0
AP1S1|chr7:101457202-101457702:.	chr7	101813922	101814422	AP1S1	chr7	101154154	0.0	0.0	0	0
TAF6|chr7:100130205-100130705:.	chr7	100532582	100533082	TAF6	chr7	100119622	0.0	0.0	0	0
TAF6|chr7:100130818-100131318:.	chr7	100533195	100533695	TAF6	chr7	100119622	0.0	0.0	0	0
MCM7|chr7:100130818-100131318:.	chr7	100533195	100533695	MCM7	chr7	100102190	0.0	0.0	0	0
MOSPD3|chr7:100130818-100131318:.	chr7	100533195	100533695	MOSPD3	chr7	100612240	3.608458042144776	376.90106002614834	1	0
ZNF655|chr7:100130818-100131318:.	chr7	100533195	100533695	ZNF655	chr7	99558171	0.0	0.0	0	0
POP7|chr7:100743349-100743849:.	chr7	101100068	101100568	POP7	chr7	100705802	0.0	0.0	0	0
TFR2|chr7:100743349-100743849:.	chr7	101100068	101100568	TFR2	chr7	100641800	0.0	0.0	0	0
POLR2J|chr7:101372520-101373020:.	chr7	101729240	101729740	POLR2J	chr7	102479184	0.0	0.0	0	0
POLR2J|chr7:101377040-101377728:.	chr7	101733760	101734448	POLR2J	chr7	102479184	0.0	0.0	0	0
POLR2J|chr7:101457202-101457702:.	chr7	101813922	101814422	POLR2J	chr7	102479184	0.0	0.0	0	0
CUX1|chr7:101377040-101377728:.	chr7	101733760	101734448	CUX1	chr7	101815653	16.9119930267334	1106.8025255108228	1	0
RELN|chr7:103636347-103637002:.	chr7	103995900	103996555	RELN	chr7	103989766	329.837646484375	32360.49522430721	1	1
PRKAR2B|chr7:105712442-105713159:.	chr7	106071996	106072713	PRKAR2B	chr7	107044482	0.0	0.0	0	0
PRKAR2B|chr7:105986999-105987499:.	chr7	106346553	106347053	PRKAR2B	chr7	107044482	0.0	0.0	0	0
PRKAR2B|chr7:105998550-105999206:.	chr7	106358104	106358760	PRKAR2B	chr7	107044482	0.0	0.0	0	0
PRKAR2B|chr7:106618961-106619461:.	chr7	106978516	106979016	PRKAR2B	chr7	107044482	142.32484436035156	9395.00327760717	1	1
PRKAR2B|chr7:106619476-106619976:.	chr7	106979031	106979531	PRKAR2B	chr7	107044482	156.60455322265625	10337.620936298965	1	1
PRKAR2B|chr7:106650546-106651539:.	chr7	107010101	107011094	PRKAR2B	chr7	107044482	26.640573501586918	1758.5705186582893	1	1
SYPL1|chr7:105998550-105999206:.	chr7	106358104	106358760	SYPL1	chr7	106112897	0.0	0.0	0	0
SYPL1|chr7:106503919-106504419:.	chr7	106863474	106863974	SYPL1	chr7	106112897	0.0	0.0	0	0
SYPL1|chr7:106593001-106593683:.	chr7	106952556	106953238	SYPL1	chr7	106112897	0.0	0.0	0	0
SYPL1|chr7:106647580-106648721:.	chr7	107007135	107008276	SYPL1	chr7	106112897	0.0	0.0	0	0
SYPL1|chr7:106650546-106651539:.	chr7	107010101	107011094	SYPL1	chr7	106112897	0.0	0.0	0	0
SYPL1|chr7:106658380-106659239:.	chr7	107017935	107018794	SYPL1	chr7	106112897	0.0	0.0	0	0
NAMPT|chr7:106620074-106620909:.	chr7	106979629	106980464	NAMPT	chr7	106285442	0.0	0.0	0	0
BCAP29|chr7:106489177-106489936:.	chr7	106848732	106849491	BCAP29	chr7	107579726	0.0	0.0	0	0
BCAP29|chr7:106618961-106619461:.	chr7	106978516	106979016	BCAP29	chr7	107579726	0.0	0.0	0	0
BCAP29|chr7:106620074-106620909:.	chr7	106979629	106980464	BCAP29	chr7	107579726	0.0	0.0	0	0
BCAP29|chr7:106647580-106648721:.	chr7	107007135	107008276	BCAP29	chr7	107579726	0.0	0.0	0	0
BCAP29|chr7:106650546-106651539:.	chr7	107010101	107011094	BCAP29	chr7	107579726	0.0	0.0	0	0
DLD|chr7:106593001-106593683:.	chr7	106952556	106953238	DLD	chr7	107890856	0.0	0.0	0	0
DLD|chr7:106647580-106648721:.	chr7	107007135	107008276	DLD	chr7	107890856	0.0	0.0	0	0
DLD|chr7:106650546-106651539:.	chr7	107010101	107011094	DLD	chr7	107890856	0.0	0.0	0	0
CAPZA2|chr7:116588929-116589429:.	chr7	116948875	116949375	CAPZA2	chr7	116862258	19.960006713867188	1659.6226580978434	1	0
ARF5|chr7:127739251-127739751:.	chr7	128099199	128099699	ARF5	chr7	127588101	0.0	0.0	0	0
ARF5|chr7:127876902-127877600:.	chr7	128236849	128237547	ARF5	chr7	127588101	0.0	0.0	0	0
ATP6V1F|chr7:127844420-127844920:.	chr7	128204367	128204867	ATP6V1F	chr7	128862552	0.0	0.0	0	0
ATP6V1F|chr7:129199308-129199808:.	chr7	129559467	129559967	ATP6V1F	chr7	128862552	0.0	0.0	0	0
CALU|chr7:129199308-129199808:.	chr7	129559467	129559967	CALU	chr7	128739041	0.0	0.0	0	0
C7orf73|chr7:135201791-135202291:.	chr7	135517043	135517543	C7orf73	chr7	135662222	0.0	0.0	1	0
C7orf73|chr7:135608361-135608861:.	chr7	135923613	135924113	C7orf73	chr7	135662222	0.0	0.0	0	0
MTPN|chr7:135203684-135204455:.	chr7	135518936	135519707	MTPN	chr7	135977706	0.0	0.0	0	0
C7orf49|chr7:135608361-135608861:.	chr7	135923613	135924113	C7orf49	chr7	135171076	0.0	0.0	0	0
MRPS33|chr7:139923323-139924057:.	chr7	140223523	140224257	MRPS33	chr7	141014929	0.0	0.0	0	0
MRPS33|chr7:139945468-139946150:.	chr7	140245668	140246350	MRPS33	chr7	141014929	0.0	0.0	0	0
NDUFB2|chr7:139934889-139935678:.	chr7	140235089	140235878	NDUFB2	chr7	140696430	0.0	0.0	0	0
NDUFB2|chr7:139945468-139946150:.	chr7	140245668	140246350	NDUFB2	chr7	140696430	0.0	0.0	0	0
NDUFB2|chr7:140206495-140206995:.	chr7	140506695	140507195	NDUFB2	chr7	140696430	0.0	0.0	1	0
NDUFB2|chr7:140207707-140208676:.	chr7	140507907	140508876	NDUFB2	chr7	140696430	0.0	0.0	1	1
GSTK1|chr7:142502261-142502761:.	chr7	142804577	142805077	GSTK1	chr7	143263178	0.0	0.0	0	0
GSTK1|chr7:142661283-142661989:.	chr7	142964196	142964902	GSTK1	chr7	143263178	0.0	0.0	0	0
KEL|chr7:142661283-142661989:.	chr7	142964196	142964902	KEL	chr7	142962666	121.8263702392578	13081.705460866971	1	1
ABCF2|chr7:151622628-151623303:.	chr7	151925543	151926218	ABCF2	chr7	151227624	0.0	0.0	0	0
RHEB|chr7:151622628-151623303:.	chr7	151925543	151926218	RHEB	chr7	151520174	0.0	0.0	0	0
TMUB1|chr7:151622628-151623303:.	chr7	151925543	151926218	TMUB1	chr7	151083576	0.0	0.0	0	0
INSIG1|chr7:155762146-155762646:.	chr7	155969452	155969952	INSIG1	chr7	155297521	0.0	0.0	0	0
CNOT7|chr8:17980146-17980646:.	chr8	18122637	18123137	CNOT7	chr8	17247159	0.0	0.0	0	0
SARAF|chr8:29130314-29130814:.	chr8	29272797	29273297	SARAF	chr8	30083458	0.0	0.0	0	0
LEPROTL1|chr8:29146548-29147467:.	chr8	29289031	29289950	LEPROTL1	chr8	30095155	0.0	0.0	0	0
TEX15|chr8:30770282-30770782:.	chr8	30912766	30913266	TEX15	chr8	30849267	4.0228590965271	29448.525577541765	1	1
LSM1|chr8:37763004-37763792:.	chr8	37905486	37906274	LSM1	chr8	38176980	0.0	0.0	0	0
LSM1|chr8:37947904-37948404:.	chr8	38090386	38090886	LSM1	chr8	38176980	18.9344482421875	1239.5333950945978	1	0
EIF4EBP1|chr8:37949116-37950485:.	chr8	38091598	38092967	EIF4EBP1	chr8	38030251	52.52745056152344	2714.7712709246985	1	0
NSD3|chr8:37938481-37940553:.	chr8	38080963	38083035	NSD3	chr8	38382522	0.0	0.0	0	0
NSD3|chr8:37949116-37950485:.	chr8	38091598	38092967	NSD3	chr8	38382522	0.0	0.0	0	0
RAB11FIP1|chr8:37938481-37940553:.	chr8	38080963	38083035	RAB11FIP1	chr8	37899747	0.0	0.0	1	0
TM2D2|chr8:37938481-37940553:.	chr8	38080963	38083035	TM2D2	chr8	38996772	0.0	0.0	0	0
ANK1|chr8:42072200-42073112:.	chr8	42214682	42215594	ANK1	chr8	41797872	0.0	0.0	0	0
ANK1|chr8:42269784-42270737:.	chr8	42412266	42413219	ANK1	chr8	41797872	0.0	0.0	0	0
VDAC3|chr8:42072200-42073112:.	chr8	42214682	42215594	VDAC3	chr8	42391510	0.0	0.0	1	0
SMIM19|chr8:42072200-42073112:.	chr8	42214682	42215594	SMIM19	chr8	42541324	0.0	0.0	0	0
LYPLA1|chr8:54405003-54405503:.	chr8	53492443	53492943	LYPLA1	chr8	54102267	0.0	0.0	0	0
CHCHD7|chr8:56765717-56766791:.	chr8	55853158	55854232	CHCHD7	chr8	56211387	0.0	0.0	0	0
LYN|chr8:56765717-56766791:.	chr8	55853158	55854232	LYN	chr8	55879576	38.9676513671875	3093.305215373242	1	1
RPS20|chr8:56760333-56761210:.	chr8	55847774	55848651	RPS20	chr8	56074831	0.0	0.0	0	0
RPS20|chr8:56764170-56764670:.	chr8	55851611	55852111	RPS20	chr8	56074831	0.0	0.0	0	0
RPS20|chr8:56765717-56766791:.	chr8	55853158	55854232	RPS20	chr8	56074831	0.0	0.0	0	0
RPS20|chr8:56776913-56777413:.	chr8	55864354	55864854	RPS20	chr8	56074831	0.0	0.0	0	0
TGS1|chr8:56765717-56766791:.	chr8	55853158	55854232	TGS1	chr8	55772981	25.194652557373047	1488.337169290326	1	0
LINC00534|chr8:91209535-91210035:.	chr8	90197307	90197807	LINC00534	chr8	90221237	78.5770034790039	5375.4309548546025	1	1
RPL30|chr8:98337695-98338519:.	chr8	97325467	97326291	RPL30	chr8	98045840	0.0	0.0	0	0
RPL30|chr8:97053457-97054202:.	chr8	97053457	97054202	RPL30	chr8	98045840	0.0	0.0	0	0
RPL30|chr8:97207659-97208762:.	chr8	97207659	97208762	RPL30	chr8	98045840	0.0	0.0	0	0
RPL30|chr8:97214000-97215639:.	chr8	97214000	97215639	RPL30	chr8	98045840	0.0	0.0	0	0
RPL30|chr8:97215642-97216411:.	chr8	97215642	97216411	RPL30	chr8	98045840	0.0	0.0	0	0
RPL30|chr8:97293738-97294155:.	chr8	97293738	97294155	RPL30	chr8	98045840	0.0	0.0	0	0
RPL30|chr8:97655247-97655461:.	chr8	97655247	97655461	RPL30	chr8	98045840	0.0	0.0	0	0
RPL30|chr8:97762799-97763104:.	chr8	97762799	97763104	RPL30	chr8	98045840	0.0	0.0	0	0
RPL30|chr8:97763612-97763946:.	chr8	97763612	97763946	RPL30	chr8	98045840	0.0	0.0	0	0
RPL30|chr8:97783591-97783687:.	chr8	97783591	97783687	RPL30	chr8	98045840	0.0	0.0	0	0
RPL30|chr8:97783753-97784368:.	chr8	97783753	97784368	RPL30	chr8	98045840	0.0	0.0	0	0
RPL30|chr8:97798618-97799167:.	chr8	97798618	97799167	RPL30	chr8	98045840	0.0	0.0	0	0
RPL30|chr8:97890795-97891270:.	chr8	97890795	97891270	RPL30	chr8	98045840	0.0	0.0	1	0
RPL30|chr8:97893300-97893499:.	chr8	97893300	97893499	RPL30	chr8	98045840	0.0	0.0	1	0
RPL30|chr8:98093145-98093675:.	chr8	98093145	98093675	RPL30	chr8	98045840	17.64620590209961	1976.7452907666868	1	0
RPL30|chr8:98132385-98132830:.	chr8	98132385	98132830	RPL30	chr8	98045840	6.710967063903809	751.7691119360549	1	0
RPL30|chr8:98165829-98166323:.	chr8	98165829	98166323	RPL30	chr8	98045840	0.0	0.0	1	0
RPL30|chr8:98170046-98170332:.	chr8	98170046	98170332	RPL30	chr8	98045840	0.0	0.0	1	0
RPL30|chr8:98179110-98179594:.	chr8	98179110	98179594	RPL30	chr8	98045840	0.0	0.0	1	0
RPL30|chr8:98300477-98301112:.	chr8	98300477	98301112	RPL30	chr8	98045840	0.0	0.0	0	0
RPL30|chr8:98304673-98306993:.	chr8	98304673	98306993	RPL30	chr8	98045840	0.0	0.0	0	0
RPL30|chr8:98377782-98378007:.	chr8	98377782	98378007	RPL30	chr8	98045840	0.0	0.0	0	0
RPL30|chr8:98382054-98383459:.	chr8	98382054	98383459	RPL30	chr8	98045840	0.0	0.0	0	0
RPL30|chr8:98454061-98454843:.	chr8	98454061	98454843	RPL30	chr8	98045840	0.0	0.0	0	0
RPL30|chr8:98540572-98541431:.	chr8	98540572	98541431	RPL30	chr8	98045840	0.0	0.0	0	0
RPL30|chr8:98605441-98606037:.	chr8	98605441	98606037	RPL30	chr8	98045840	0.0	0.0	0	0
RPL30|chr8:98612764-98613320:.	chr8	98612764	98613320	RPL30	chr8	98045840	0.0	0.0	0	0
RPL30|chr8:98751301-98751378:.	chr8	98751301	98751378	RPL30	chr8	98045840	0.0	0.0	0	0
RPL30|chr8:98751380-98751491:.	chr8	98751380	98751491	RPL30	chr8	98045840	0.0	0.0	0	0
RPL30|chr8:98755534-98755887:.	chr8	98755534	98755887	RPL30	chr8	98045840	0.0	0.0	0	0
RPL30|chr8:98761904-98762182:.	chr8	98761904	98762182	RPL30	chr8	98045840	0.0	0.0	0	0
RPL30|chr8:98768474-98769227:.	chr8	98768474	98769227	RPL30	chr8	98045840	0.0	0.0	0	0
RPL30|chr8:98775329-98775916:.	chr8	98775329	98775916	RPL30	chr8	98045840	0.0	0.0	0	0
RPL30|chr8:98776103-98776239:.	chr8	98776103	98776239	RPL30	chr8	98045840	0.0	0.0	0	0
RPL30|chr8:98776474-98776840:.	chr8	98776474	98776840	RPL30	chr8	98045840	0.0	0.0	0	0
RPL30|chr8:98790942-98791147:.	chr8	98790942	98791147	RPL30	chr8	98045840	0.0	0.0	0	0
RPL30|chr8:98807574-98808451:.	chr8	98807574	98808451	RPL30	chr8	98045840	0.0	0.0	0	0
RPL30|chr8:98808491-98808883:.	chr8	98808491	98808883	RPL30	chr8	98045840	0.0	0.0	0	0
RPL30|chr8:98851007-98851646:.	chr8	98851007	98851646	RPL30	chr8	98045840	0.0	0.0	0	0
RPL30|chr8:98853262-98854026:.	chr8	98853262	98854026	RPL30	chr8	98045840	0.0	0.0	0	0
RPL30|chr8:98888812-98889784:.	chr8	98888812	98889784	RPL30	chr8	98045840	0.0	0.0	0	0
RPL30|chr8:98910586-98911185:.	chr8	98910586	98911185	RPL30	chr8	98045840	0.0	0.0	0	0
RPL30|chr8:98931413-98931791:.	chr8	98931413	98931791	RPL30	chr8	98045840	0.0	0.0	0	0
RPL30|chr8:99034282-99034889:.	chr8	99034282	99034889	RPL30	chr8	98045840	0.0	0.0	0	0
COX6C|chr8:101470772-101471272:.	chr8	100458544	100459044	COX6C	chr8	99894264	0.0	0.0	0	0
COX6C|chr8:101484012-101484901:.	chr8	100471784	100472673	COX6C	chr8	99894264	0.0	0.0	0	0
COX6C|chr8:101776053-101776553:.	chr8	100763825	100764325	COX6C	chr8	99894264	0.0	0.0	0	0
COX6C|chr8:101894156-101894656:.	chr8	100881928	100882428	COX6C	chr8	99894264	0.0	0.0	0	0
COX6C|chr8:101894972-101895472:.	chr8	100882744	100883244	COX6C	chr8	99894264	0.0	0.0	0	0
COX6C|chr8:101896035-101896535:.	chr8	100883807	100884307	COX6C	chr8	99894264	0.0	0.0	0	0
PABPC1|chr8:101470772-101471272:.	chr8	100458544	100459044	PABPC1	chr8	100722337	0.0	0.0	0	0
PABPC1|chr8:101484012-101484901:.	chr8	100471784	100472673	PABPC1	chr8	100722337	0.0	0.0	0	0
PABPC1|chr8:101894156-101894656:.	chr8	100881928	100882428	PABPC1	chr8	100722337	0.0	0.0	1	0
PABPC1|chr8:101894972-101895472:.	chr8	100882744	100883244	PABPC1	chr8	100722337	0.0	0.0	1	0
PABPC1|chr8:101896035-101896535:.	chr8	100883807	100884307	PABPC1	chr8	100722337	0.0	0.0	1	0
PABPC1|chr8:101993433-101993933:.	chr8	100981205	100981705	PABPC1	chr8	100722337	0.0	0.0	0	0
PABPC1|chr8:101997825-101999242:.	chr8	100985597	100987014	PABPC1	chr8	100722337	0.0	0.0	0	0
PABPC1|chr8:102060890-102061390:.	chr8	101048662	101049162	PABPC1	chr8	100722337	0.0	0.0	0	0
PABPC1|chr8:102161770-102162578:.	chr8	101149542	101150350	PABPC1	chr8	100722337	0.0	0.0	0	0
PABPC1|chr8:102166854-102167607:.	chr8	101154626	101155379	PABPC1	chr8	100722337	0.0	0.0	0	0
PABPC1|chr8:102169770-102170270:.	chr8	101157542	101158042	PABPC1	chr8	100722337	0.0	0.0	0	0
PABPC1|chr8:102386155-102386655:.	chr8	101373927	101374427	PABPC1	chr8	100722337	0.0	0.0	0	0
PABPC1|chr8:102388206-102388706:.	chr8	101375978	101376478	PABPC1	chr8	100722337	0.0	0.0	0	0
POLR2K|chr8:101470772-101471272:.	chr8	100458544	100459044	POLR2K	chr8	100150360	0.0	0.0	0	0
POLR2K|chr8:101776053-101776553:.	chr8	100763825	100764325	POLR2K	chr8	100150360	0.0	0.0	0	0
POLR2K|chr8:101894972-101895472:.	chr8	100882744	100883244	POLR2K	chr8	100150360	0.0	0.0	0	0
POLR2K|chr8:101993433-101993933:.	chr8	100981205	100981705	POLR2K	chr8	100150360	0.0	0.0	0	0
POLR2K|chr8:102015511-102016251:.	chr8	101003283	101004023	POLR2K	chr8	100150360	0.0	0.0	0	0
POLR2K|chr8:99635962-99636201:.	chr8	99635962	99636201	POLR2K	chr8	100150360	0.0	0.0	0	0
POLR2K|chr8:99637309-99637769:.	chr8	99637309	99637769	POLR2K	chr8	100150360	0.0	0.0	0	0
POLR2K|chr8:99682406-99682767:.	chr8	99682406	99682767	POLR2K	chr8	100150360	0.0	0.0	0	0
POLR2K|chr8:99682770-99682881:.	chr8	99682770	99682881	POLR2K	chr8	100150360	0.0	0.0	0	0
POLR2K|chr8:99682895-99683039:.	chr8	99682895	99683039	POLR2K	chr8	100150360	0.0	0.0	0	0
POLR2K|chr8:99686109-99686386:.	chr8	99686109	99686386	POLR2K	chr8	100150360	0.0	0.0	0	0
POLR2K|chr8:99770135-99770918:.	chr8	99770135	99770918	POLR2K	chr8	100150360	0.0	0.0	0	0
POLR2K|chr8:99837529-99837759:.	chr8	99837529	99837759	POLR2K	chr8	100150360	0.0	0.0	0	0
POLR2K|chr8:99859655-99860435:.	chr8	99859655	99860435	POLR2K	chr8	100150360	0.0	0.0	0	0
POLR2K|chr8:100242945-100243312:.	chr8	100242945	100243312	POLR2K	chr8	100150360	15.451169967651367	957.6150315466374	1	0
POLR2K|chr8:100395272-100395928:.	chr8	100395272	100395928	POLR2K	chr8	100150360	0.0	0.0	0	0
POLR2K|chr8:100398298-100398569:.	chr8	100398298	100398569	POLR2K	chr8	100150360	0.0	0.0	0	0
POLR2K|chr8:100398573-100398832:.	chr8	100398573	100398832	POLR2K	chr8	100150360	0.0	0.0	0	0
POLR2K|chr8:100499221-100499700:.	chr8	100499221	100499700	POLR2K	chr8	100150360	0.0	0.0	0	0
POLR2K|chr8:100500106-100500492:.	chr8	100500106	100500492	POLR2K	chr8	100150360	0.0	0.0	0	0
POLR2K|chr8:100501567-100502011:.	chr8	100501567	100502011	POLR2K	chr8	100150360	0.0	0.0	0	0
POLR2K|chr8:100847117-100847841:.	chr8	100847117	100847841	POLR2K	chr8	100150360	0.0	0.0	0	0
POLR2K|chr8:100868484-100868705:.	chr8	100868484	100868705	POLR2K	chr8	100150360	0.0	0.0	0	0
POLR2K|chr8:100883878-100884222:.	chr8	100883878	100884222	POLR2K	chr8	100150360	0.0	0.0	0	0
POLR2K|chr8:100900342-100900805:.	chr8	100900342	100900805	POLR2K	chr8	100150360	0.0	0.0	0	0
POLR2K|chr8:100985717-100986907:.	chr8	100985717	100986907	POLR2K	chr8	100150360	0.0	0.0	0	0
POLR2K|chr8:101009824-101010085:.	chr8	101009824	101010085	POLR2K	chr8	100150360	0.0	0.0	0	0
POLR2K|chr8:101026163-101026605:.	chr8	101026163	101026605	POLR2K	chr8	100150360	0.0	0.0	0	0
POLR2K|chr8:101027359-101027697:.	chr8	101027359	101027697	POLR2K	chr8	100150360	0.0	0.0	0	0
POLR2K|chr8:101048600-101049180:.	chr8	101048600	101049180	POLR2K	chr8	100150360	0.0	0.0	0	0
POLR2K|chr8:101080370-101081174:.	chr8	101080370	101081174	POLR2K	chr8	100150360	0.0	0.0	0	0
POLR2K|chr8:101090859-101091353:.	chr8	101090859	101091353	POLR2K	chr8	100150360	0.0	0.0	0	0
POLR2K|chr8:101097776-101098095:.	chr8	101097776	101098095	POLR2K	chr8	100150360	0.0	0.0	0	0
POLR2K|chr8:101098529-101098879:.	chr8	101098529	101098879	POLR2K	chr8	100150360	0.0	0.0	0	0
POLR2K|chr8:101109486-101109834:.	chr8	101109486	101109834	POLR2K	chr8	100150360	0.0	0.0	0	0
POLR2K|chr8:101117931-101118073:.	chr8	101117931	101118073	POLR2K	chr8	100150360	0.0	0.0	0	0
YWHAZ|chr8:101470772-101471272:.	chr8	100458544	100459044	YWHAZ	chr8	100951582	0.0	0.0	0	0
YWHAZ|chr8:101776053-101776553:.	chr8	100763825	100764325	YWHAZ	chr8	100951582	0.0	0.0	1	0
YWHAZ|chr8:100238192-100238718:.	chr8	100238192	100238718	YWHAZ	chr8	100951582	0.0	0.0	0	0
YWHAZ|chr8:100242945-100243312:.	chr8	100242945	100243312	YWHAZ	chr8	100951582	0.0	0.0	0	0
YWHAZ|chr8:100373086-100373296:.	chr8	100373086	100373296	YWHAZ	chr8	100951582	0.0	0.0	0	0
YWHAZ|chr8:100395272-100395928:.	chr8	100395272	100395928	YWHAZ	chr8	100951582	0.0	0.0	0	0
YWHAZ|chr8:100398298-100398569:.	chr8	100398298	100398569	YWHAZ	chr8	100951582	0.0	0.0	0	0
YWHAZ|chr8:100398573-100398832:.	chr8	100398573	100398832	YWHAZ	chr8	100951582	0.0	0.0	0	0
YWHAZ|chr8:100409709-100409969:.	chr8	100409709	100409969	YWHAZ	chr8	100951582	0.0	0.0	0	0
YWHAZ|chr8:100438072-100438504:.	chr8	100438072	100438504	YWHAZ	chr8	100951582	0.0	0.0	0	0
YWHAZ|chr8:100463365-100464044:.	chr8	100463365	100464044	YWHAZ	chr8	100951582	0.0	0.0	0	0
YWHAZ|chr8:100471901-100472670:.	chr8	100471901	100472670	YWHAZ	chr8	100951582	0.0	0.0	0	0
YWHAZ|chr8:100499221-100499700:.	chr8	100499221	100499700	YWHAZ	chr8	100951582	0.0	0.0	0	0
YWHAZ|chr8:100500106-100500492:.	chr8	100500106	100500492	YWHAZ	chr8	100951582	0.0	0.0	0	0
YWHAZ|chr8:100501567-100502011:.	chr8	100501567	100502011	YWHAZ	chr8	100951582	0.0	0.0	0	0
YWHAZ|chr8:100754230-100754394:.	chr8	100754230	100754394	YWHAZ	chr8	100951582	0.0	0.0	1	0
YWHAZ|chr8:100761704-100762052:.	chr8	100761704	100762052	YWHAZ	chr8	100951582	0.0	0.0	1	0
YWHAZ|chr8:101048600-101049180:.	chr8	101048600	101049180	YWHAZ	chr8	100951582	6.504136562347412	495.470481294362	1	0
YWHAZ|chr8:101090859-101091353:.	chr8	101090859	101091353	YWHAZ	chr8	100951582	0.0	0.0	1	0
YWHAZ|chr8:101222405-101223342:.	chr8	101222405	101223342	YWHAZ	chr8	100951582	0.0	0.0	0	0
YWHAZ|chr8:101245377-101245860:.	chr8	101245377	101245860	YWHAZ	chr8	100951582	0.0	0.0	0	0
YWHAZ|chr8:101332915-101333286:.	chr8	101332915	101333286	YWHAZ	chr8	100951582	0.0	0.0	0	0
YWHAZ|chr8:101373870-101374527:.	chr8	101373870	101374527	YWHAZ	chr8	100951582	0.0	0.0	0	0
YWHAZ|chr8:101759841-101760659:.	chr8	101759841	101760659	YWHAZ	chr8	100951582	0.0	0.0	0	0
YWHAZ|chr8:101902242-101903034:.	chr8	101902242	101903034	YWHAZ	chr8	100951582	0.0	0.0	0	0
YWHAZ|chr8:101947790-101948495:.	chr8	101947790	101948495	YWHAZ	chr8	100951582	0.0	0.0	0	0
ZNF706|chr8:101484012-101484901:.	chr8	100471784	100472673	ZNF706	chr8	101205982	0.0	0.0	0	0
ZNF706|chr8:101894156-101894656:.	chr8	100881928	100882428	ZNF706	chr8	101205982	0.0	0.0	0	0
ZNF706|chr8:101993433-101993933:.	chr8	100981205	100981705	ZNF706	chr8	101205982	0.0	0.0	0	0
ZNF706|chr8:102060890-102061390:.	chr8	101048662	101049162	ZNF706	chr8	101205982	0.0	0.0	1	0
ZNF706|chr8:100238192-100238718:.	chr8	100238192	100238718	ZNF706	chr8	101205982	0.0	0.0	0	0
ZNF706|chr8:100242945-100243312:.	chr8	100242945	100243312	ZNF706	chr8	101205982	0.0	0.0	0	0
ZNF706|chr8:100398573-100398832:.	chr8	100398573	100398832	ZNF706	chr8	101205982	0.0	0.0	0	0
ZNF706|chr8:100409709-100409969:.	chr8	100409709	100409969	ZNF706	chr8	101205982	0.0	0.0	0	0
ZNF706|chr8:100410131-100410263:.	chr8	100410131	100410263	ZNF706	chr8	101205982	0.0	0.0	0	0
ZNF706|chr8:100410507-100410868:.	chr8	100410507	100410868	ZNF706	chr8	101205982	0.0	0.0	0	0
ZNF706|chr8:100415516-100416528:.	chr8	100415516	100416528	ZNF706	chr8	101205982	0.0	0.0	0	0
ZNF706|chr8:100419152-100419545:.	chr8	100419152	100419545	ZNF706	chr8	101205982	0.0	0.0	0	0
ZNF706|chr8:100458674-100459019:.	chr8	100458674	100459019	ZNF706	chr8	101205982	0.0	0.0	0	0
ZNF706|chr8:100463365-100464044:.	chr8	100463365	100464044	ZNF706	chr8	101205982	0.0	0.0	0	0
ZNF706|chr8:100499221-100499700:.	chr8	100499221	100499700	ZNF706	chr8	101205982	0.0	0.0	0	0
ZNF706|chr8:100500106-100500492:.	chr8	100500106	100500492	ZNF706	chr8	101205982	0.0	0.0	0	0
ZNF706|chr8:100501567-100502011:.	chr8	100501567	100502011	ZNF706	chr8	101205982	0.0	0.0	0	0
ZNF706|chr8:100680901-100681197:.	chr8	100680901	100681197	ZNF706	chr8	101205982	0.0	0.0	0	0
ZNF706|chr8:100763868-100764487:.	chr8	100763868	100764487	ZNF706	chr8	101205982	0.0	0.0	0	0
ZNF706|chr8:100900342-100900805:.	chr8	100900342	100900805	ZNF706	chr8	101205982	0.0	0.0	0	0
ZNF706|chr8:100985717-100986907:.	chr8	100985717	100986907	ZNF706	chr8	101205982	0.0	0.0	0	0
ZNF706|chr8:101009824-101010085:.	chr8	101009824	101010085	ZNF706	chr8	101205982	0.0	0.0	1	0
ZNF706|chr8:101036935-101037450:.	chr8	101036935	101037450	ZNF706	chr8	101205982	0.0	0.0	1	0
ZNF706|chr8:101117931-101118073:.	chr8	101117931	101118073	ZNF706	chr8	101205982	8.433120727539062	739.3400796794471	1	0
ZNF706|chr8:101245377-101245860:.	chr8	101245377	101245860	ZNF706	chr8	101205982	16.392898559570312	1437.181717039953	1	0
ZNF706|chr8:101332915-101333286:.	chr8	101332915	101333286	ZNF706	chr8	101205982	0.0	0.0	1	0
ZNF706|chr8:101373870-101374527:.	chr8	101373870	101374527	ZNF706	chr8	101205982	0.0	0.0	1	0
ZNF706|chr8:101375874-101376802:.	chr8	101375874	101376802	ZNF706	chr8	101205982	0.0	0.0	1	0
ZNF706|chr8:101902242-101903034:.	chr8	101902242	101903034	ZNF706	chr8	101205982	0.0	0.0	0	0
ZNF706|chr8:102007578-102007984:.	chr8	102007578	102007984	ZNF706	chr8	101205982	0.0	0.0	0	0
ZNF706|chr8:102011313-102011437:.	chr8	102011313	102011437	ZNF706	chr8	101205982	0.0	0.0	0	0
ZNF706|chr8:102067792-102068241:.	chr8	102067792	102068241	ZNF706	chr8	101205982	0.0	0.0	0	0
DCAF13|chr8:103602556-103604008:.	chr8	102590328	102591780	DCAF13	chr8	103414463	0.0	0.0	0	0
ATP6V1C1|chr8:103754892-103755392:.	chr8	102742664	102743164	ATP6V1C1	chr8	103020769	0.0	0.0	0	0
ATP6V1C1|chr8:102380913-102381177:.	chr8	102380913	102381177	ATP6V1C1	chr8	103020769	0.0	0.0	0	0
ATP6V1C1|chr8:102598672-102599048:.	chr8	102598672	102599048	ATP6V1C1	chr8	103020769	0.0	0.0	0	0
ATP6V1C1|chr8:102600830-102601871:.	chr8	102600830	102601871	ATP6V1C1	chr8	103020769	0.0	0.0	0	0
ATP6V1C1|chr8:102627424-102627489:.	chr8	102627424	102627489	ATP6V1C1	chr8	103020769	0.0	0.0	0	0
ATP6V1C1|chr8:102685695-102686357:.	chr8	102685695	102686357	ATP6V1C1	chr8	103020769	0.0	0.0	0	0
ATP6V1C1|chr8:102701977-102702250:.	chr8	102701977	102702250	ATP6V1C1	chr8	103020769	0.0	0.0	0	0
ATP6V1C1|chr8:102745362-102745769:.	chr8	102745362	102745769	ATP6V1C1	chr8	103020769	0.0	0.0	0	0
ATP6V1C1|chr8:102788927-102790018:.	chr8	102788927	102790018	ATP6V1C1	chr8	103020769	0.0	0.0	0	0
ATP6V1C1|chr8:102813658-102814258:.	chr8	102813658	102814258	ATP6V1C1	chr8	103020769	0.0	0.0	0	0
AZIN1|chr8:103754892-103755392:.	chr8	102742664	102743164	AZIN1	chr8	102864450	0.0	0.0	1	0
AZIN1|chr8:101902242-101903034:.	chr8	101902242	101903034	AZIN1	chr8	102864450	0.0	0.0	0	0
AZIN1|chr8:101947790-101948495:.	chr8	101947790	101948495	AZIN1	chr8	102864450	0.0	0.0	0	0
AZIN1|chr8:102007578-102007984:.	chr8	102007578	102007984	AZIN1	chr8	102864450	0.0	0.0	0	0
AZIN1|chr8:102009717-102010299:.	chr8	102009717	102010299	AZIN1	chr8	102864450	0.0	0.0	0	0
AZIN1|chr8:102011313-102011437:.	chr8	102011313	102011437	AZIN1	chr8	102864450	0.0	0.0	0	0
AZIN1|chr8:102067792-102068241:.	chr8	102067792	102068241	AZIN1	chr8	102864450	0.0	0.0	0	0
AZIN1|chr8:102381181-102381419:.	chr8	102381181	102381419	AZIN1	chr8	102864450	0.0	0.0	0	0
AZIN1|chr8:102381428-102381724:.	chr8	102381428	102381724	AZIN1	chr8	102864450	0.0	0.0	0	0
AZIN1|chr8:102443891-102444580:.	chr8	102443891	102444580	AZIN1	chr8	102864450	0.0	0.0	0	0
AZIN1|chr8:102541069-102541205:.	chr8	102541069	102541205	AZIN1	chr8	102864450	0.0	0.0	0	0
AZIN1|chr8:102541217-102542107:.	chr8	102541217	102542107	AZIN1	chr8	102864450	0.0	0.0	0	0
AZIN1|chr8:102553691-102554174:.	chr8	102553691	102554174	AZIN1	chr8	102864450	0.0	0.0	0	0
AZIN1|chr8:102579106-102579452:.	chr8	102579106	102579452	AZIN1	chr8	102864450	0.0	0.0	0	0
AZIN1|chr8:102584159-102584361:.	chr8	102584159	102584361	AZIN1	chr8	102864450	0.0	0.0	0	0
AZIN1|chr8:102584404-102584989:.	chr8	102584404	102584989	AZIN1	chr8	102864450	0.0	0.0	0	0
AZIN1|chr8:102584993-102586256:.	chr8	102584993	102586256	AZIN1	chr8	102864450	0.0	0.0	0	0
AZIN1|chr8:102589609-102591751:.	chr8	102589609	102591751	AZIN1	chr8	102864450	0.0	0.0	0	0
AZIN1|chr8:102598672-102599048:.	chr8	102598672	102599048	AZIN1	chr8	102864450	0.0	0.0	0	0
AZIN1|chr8:102600830-102601871:.	chr8	102600830	102601871	AZIN1	chr8	102864450	0.0	0.0	0	0
AZIN1|chr8:102603513-102603663:.	chr8	102603513	102603663	AZIN1	chr8	102864450	0.0	0.0	0	0
AZIN1|chr8:102614168-102614247:.	chr8	102614168	102614247	AZIN1	chr8	102864450	0.0	0.0	0	0
AZIN1|chr8:102614270-102614361:.	chr8	102614270	102614361	AZIN1	chr8	102864450	0.0	0.0	0	0
AZIN1|chr8:102627424-102627489:.	chr8	102627424	102627489	AZIN1	chr8	102864450	0.0	0.0	0	0
AZIN1|chr8:102628494-102628722:.	chr8	102628494	102628722	AZIN1	chr8	102864450	0.0	0.0	0	0
AZIN1|chr8:102667600-102667802:.	chr8	102667600	102667802	AZIN1	chr8	102864450	0.0	0.0	1	0
AZIN1|chr8:102685695-102686357:.	chr8	102685695	102686357	AZIN1	chr8	102864450	0.0	0.0	1	0
AZIN1|chr8:102701977-102702250:.	chr8	102701977	102702250	AZIN1	chr8	102864450	0.0	0.0	1	0
AZIN1|chr8:102738663-102738854:.	chr8	102738663	102738854	AZIN1	chr8	102864450	0.0	0.0	1	0
AZIN1|chr8:102745362-102745769:.	chr8	102745362	102745769	AZIN1	chr8	102864450	0.0	0.0	1	0
AZIN1|chr8:102746812-102747223:.	chr8	102746812	102747223	AZIN1	chr8	102864450	0.0	0.0	1	0
AZIN1|chr8:102788927-102790018:.	chr8	102788927	102790018	AZIN1	chr8	102864450	34.612579345703125	2625.7079544615567	1	0
UBR5|chr8:103754892-103755392:.	chr8	102742664	102743164	UBR5	chr8	102412939	0.0	0.0	0	0
EIF3E|chr8:110077930-110078430:.	chr8	109065701	109066201	EIF3E	chr8	108248980	0.0	0.0	0	0
EIF3E|chr8:109366216-109366605:.	chr8	109366216	109366605	EIF3E	chr8	108248980	0.0	0.0	0	0
ZHX1|chr8:122683252-122683718:.	chr8	122683252	122683718	ZHX1	chr8	123274737	0.0	0.0	0	0
ZHX1|chr8:122921411-122921509:.	chr8	122921411	122921509	ZHX1	chr8	123274737	0.0	0.0	0	0
ZHX1|chr8:123014836-123015351:.	chr8	123014836	123015351	ZHX1	chr8	123274737	0.0	0.0	0	0
ZHX1|chr8:123057792-123058060:.	chr8	123057792	123058060	ZHX1	chr8	123274737	0.0	0.0	0	0
ZHX1|chr8:123060893-123061164:.	chr8	123060893	123061164	ZHX1	chr8	123274737	0.0	0.0	0	0
ZHX1|chr8:123065470-123066085:.	chr8	123065470	123066085	ZHX1	chr8	123274737	0.0	0.0	0	0
ZHX1|chr8:123149022-123149416:.	chr8	123149022	123149416	ZHX1	chr8	123274737	0.0	0.0	1	0
ZHX1|chr8:123171804-123172060:.	chr8	123171804	123172060	ZHX1	chr8	123274737	0.0	0.0	1	0
ZHX1|chr8:123198179-123198436:.	chr8	123198179	123198436	ZHX1	chr8	123274737	15.127037048339844	2219.384675832401	1	0
ZHX1|chr8:123286299-123286494:.	chr8	123286299	123286494	ZHX1	chr8	123274737	27.147693634033203	3983.012340290298	1	0
ZHX1|chr8:123446478-123447157:.	chr8	123446478	123447157	ZHX1	chr8	123274737	0.0	0.0	1	0
ZHX1|chr8:123450816-123451413:.	chr8	123450816	123451413	ZHX1	chr8	123274737	0.0	0.0	1	0
ZHX1|chr8:123592506-123592735:.	chr8	123592506	123592735	ZHX1	chr8	123274737	0.0	0.0	0	0
ZHX1|chr8:123616425-123616516:.	chr8	123616425	123616516	ZHX1	chr8	123274737	0.0	0.0	0	0
ZHX1|chr8:123630310-123630825:.	chr8	123630310	123630825	ZHX1	chr8	123274737	0.0	0.0	0	0
ZHX1|chr8:123858353-123858875:.	chr8	123858353	123858875	ZHX1	chr8	123274737	0.0	0.0	0	0
ZHX1|chr8:123921922-123922774:.	chr8	123921922	123922774	ZHX1	chr8	123274737	0.0	0.0	0	0
ZHX1|chr8:123962107-123962701:.	chr8	123962107	123962701	ZHX1	chr8	123274737	0.0	0.0	0	0
ZHX1|chr8:123985295-123985365:.	chr8	123985295	123985365	ZHX1	chr8	123274737	0.0	0.0	0	0
ZHX1|chr8:124012173-124012442:.	chr8	124012173	124012442	ZHX1	chr8	123274737	0.0	0.0	0	0
ZHX1|chr8:124015052-124015422:.	chr8	124015052	124015422	ZHX1	chr8	123274737	0.0	0.0	0	0
ZHX1|chr8:124036103-124036222:.	chr8	124036103	124036222	ZHX1	chr8	123274737	0.0	0.0	0	0
ZHX1|chr8:124071666-124072453:.	chr8	124071666	124072453	ZHX1	chr8	123274737	0.0	0.0	0	0
ZHX1|chr8:124194693-124194895:.	chr8	124194693	124194895	ZHX1	chr8	123274737	0.0	0.0	0	0
ZHX1|chr8:124199472-124199658:.	chr8	124199472	124199658	ZHX1	chr8	123274737	0.0	0.0	0	0
ZHX1|chr8:124199819-124200404:.	chr8	124199819	124200404	ZHX1	chr8	123274737	0.0	0.0	0	0
ZHX1|chr8:124228336-124229349:.	chr8	124228336	124229349	ZHX1	chr8	123274737	0.0	0.0	0	0
NDUFB9|chr8:125747864-125748582:.	chr8	124735622	124736340	NDUFB9	chr8	124538851	0.0	0.0	1	0
NDUFB9|chr8:123589318-123589600:.	chr8	123589318	123589600	NDUFB9	chr8	124538851	0.0	0.0	0	0
NDUFB9|chr8:123592506-123592735:.	chr8	123592506	123592735	NDUFB9	chr8	124538851	0.0	0.0	0	0
NDUFB9|chr8:123606397-123606639:.	chr8	123606397	123606639	NDUFB9	chr8	124538851	0.0	0.0	0	0
NDUFB9|chr8:123616425-123616516:.	chr8	123616425	123616516	NDUFB9	chr8	124538851	0.0	0.0	0	0
NDUFB9|chr8:123622859-123623014:.	chr8	123622859	123623014	NDUFB9	chr8	124538851	0.0	0.0	0	0
NDUFB9|chr8:123630310-123630825:.	chr8	123630310	123630825	NDUFB9	chr8	124538851	0.0	0.0	0	0
NDUFB9|chr8:123760676-123761206:.	chr8	123760676	123761206	NDUFB9	chr8	124538851	0.0	0.0	0	0
NDUFB9|chr8:123766149-123766605:.	chr8	123766149	123766605	NDUFB9	chr8	124538851	0.0	0.0	0	0
NDUFB9|chr8:123858353-123858875:.	chr8	123858353	123858875	NDUFB9	chr8	124538851	0.0	0.0	0	0
NDUFB9|chr8:123877778-123878964:.	chr8	123877778	123878964	NDUFB9	chr8	124538851	0.0	0.0	0	0
NDUFB9|chr8:123921922-123922774:.	chr8	123921922	123922774	NDUFB9	chr8	124538851	0.0	0.0	0	0
NDUFB9|chr8:123923016-123923228:.	chr8	123923016	123923228	NDUFB9	chr8	124538851	0.0	0.0	0	0
NDUFB9|chr8:123936483-123936894:.	chr8	123936483	123936894	NDUFB9	chr8	124538851	0.0	0.0	0	0
NDUFB9|chr8:123962107-123962701:.	chr8	123962107	123962701	NDUFB9	chr8	124538851	0.0	0.0	0	0
NDUFB9|chr8:123985295-123985365:.	chr8	123985295	123985365	NDUFB9	chr8	124538851	0.0	0.0	0	0
NDUFB9|chr8:124006559-124007997:.	chr8	124006559	124007997	NDUFB9	chr8	124538851	0.0	0.0	0	0
NDUFB9|chr8:124012173-124012442:.	chr8	124012173	124012442	NDUFB9	chr8	124538851	0.0	0.0	0	0
NDUFB9|chr8:124015052-124015422:.	chr8	124015052	124015422	NDUFB9	chr8	124538851	0.0	0.0	0	0
NDUFB9|chr8:124031544-124031866:.	chr8	124031544	124031866	NDUFB9	chr8	124538851	0.0	0.0	0	0
NDUFB9|chr8:124036103-124036222:.	chr8	124036103	124036222	NDUFB9	chr8	124538851	0.0	0.0	0	0
NDUFB9|chr8:124037753-124038225:.	chr8	124037753	124038225	NDUFB9	chr8	124538851	0.0	0.0	0	0
NDUFB9|chr8:124071666-124072453:.	chr8	124071666	124072453	NDUFB9	chr8	124538851	0.0	0.0	0	0
NDUFB9|chr8:124109039-124109236:.	chr8	124109039	124109236	NDUFB9	chr8	124538851	0.0	0.0	0	0
NDUFB9|chr8:124109238-124109566:.	chr8	124109238	124109566	NDUFB9	chr8	124538851	0.0	0.0	0	0
NDUFB9|chr8:124162559-124162955:.	chr8	124162559	124162955	NDUFB9	chr8	124538851	0.0	0.0	0	0
NDUFB9|chr8:124194693-124194895:.	chr8	124194693	124194895	NDUFB9	chr8	124538851	0.0	0.0	0	0
NDUFB9|chr8:124195914-124196626:.	chr8	124195914	124196626	NDUFB9	chr8	124538851	0.0	0.0	0	0
NDUFB9|chr8:124197721-124198489:.	chr8	124197721	124198489	NDUFB9	chr8	124538851	0.0	0.0	0	0
NDUFB9|chr8:124199472-124199658:.	chr8	124199472	124199658	NDUFB9	chr8	124538851	0.0	0.0	0	0
NDUFB9|chr8:124199819-124200404:.	chr8	124199819	124200404	NDUFB9	chr8	124538851	0.0	0.0	0	0
NDUFB9|chr8:124228336-124229349:.	chr8	124228336	124229349	NDUFB9	chr8	124538851	0.0	0.0	0	0
NDUFB9|chr8:124280348-124280605:.	chr8	124280348	124280605	NDUFB9	chr8	124538851	0.0	0.0	0	0
NDUFB9|chr8:124287967-124288402:.	chr8	124287967	124288402	NDUFB9	chr8	124538851	0.0	0.0	0	0
NDUFB9|chr8:124290990-124291491:.	chr8	124290990	124291491	NDUFB9	chr8	124538851	0.0	0.0	0	0
NDUFB9|chr8:124307723-124308411:.	chr8	124307723	124308411	NDUFB9	chr8	124538851	0.0	0.0	0	0
NDUFB9|chr8:124380484-124380571:.	chr8	124380484	124380571	NDUFB9	chr8	124538851	0.0	0.0	1	0
NDUFB9|chr8:124425826-124426357:.	chr8	124425826	124426357	NDUFB9	chr8	124538851	0.0	0.0	1	0
NDUFB9|chr8:124440427-124440951:.	chr8	124440427	124440951	NDUFB9	chr8	124538851	12.389446258544922	684.3796778922525	1	0
NDUFB9|chr8:124465700-124465990:.	chr8	124465700	124465990	NDUFB9	chr8	124538851	17.187414169311523	949.4142617456762	1	0
NDUFB9|chr8:124527176-124527667:.	chr8	124527176	124527667	NDUFB9	chr8	124538851	104.72775268554688	5785.048351122333	1	0
NDUFB9|chr8:124530505-124530795:.	chr8	124530505	124530795	NDUFB9	chr8	124538851	57.681549072265625	3186.266694298537	1	0
NDUFB9|chr8:124610229-124610637:.	chr8	124610229	124610637	NDUFB9	chr8	124538851	17.102630615234375	944.7309094618838	1	0
NDUFB9|chr8:124620991-124621262:.	chr8	124620991	124621262	NDUFB9	chr8	124538851	26.85932159423828	1483.68001906391	1	0
NDUFB9|chr8:124626550-124627024:.	chr8	124626550	124627024	NDUFB9	chr8	124538851	14.319369316101074	790.9865506228367	1	0
NDUFB9|chr8:124628148-124628501:.	chr8	124628148	124628501	NDUFB9	chr8	124538851	21.41473388671875	1182.926853525263	1	0
NDUFB9|chr8:124629522-124630171:.	chr8	124629522	124630171	NDUFB9	chr8	124538851	26.217124938964844	1448.2057669538617	1	0
NDUFB9|chr8:124630227-124630285:.	chr8	124630227	124630285	NDUFB9	chr8	124538851	25.856964111328125	1428.310870437609	1	0
NDUFB9|chr8:124635310-124635815:.	chr8	124635310	124635815	NDUFB9	chr8	124538851	10.454362869262695	577.4877539906306	1	0
NDUFB9|chr8:124649001-124649543:.	chr8	124649001	124649543	NDUFB9	chr8	124538851	0.0	0.0	1	0
NDUFB9|chr8:124649599-124649959:.	chr8	124649599	124649959	NDUFB9	chr8	124538851	0.0	0.0	1	0
NDUFB9|chr8:124651086-124651884:.	chr8	124651086	124651884	NDUFB9	chr8	124538851	0.0	0.0	1	0
NDUFB9|chr8:124655279-124655889:.	chr8	124655279	124655889	NDUFB9	chr8	124538851	0.0	0.0	1	0
NDUFB9|chr8:124660032-124660796:.	chr8	124660032	124660796	NDUFB9	chr8	124538851	0.0	0.0	1	0
NDUFB9|chr8:124666049-124666304:.	chr8	124666049	124666304	NDUFB9	chr8	124538851	0.0	0.0	1	0
NDUFB9|chr8:124684412-124685038:.	chr8	124684412	124685038	NDUFB9	chr8	124538851	0.0	0.0	1	0
NDUFB9|chr8:124720542-124721057:.	chr8	124720542	124721057	NDUFB9	chr8	124538851	0.0	0.0	1	0
NDUFB9|chr8:124731205-124731540:.	chr8	124731205	124731540	NDUFB9	chr8	124538851	0.0	0.0	1	0
NDUFB9|chr8:124748985-124749623:.	chr8	124748985	124749623	NDUFB9	chr8	124538851	0.0	0.0	0	0
NDUFB9|chr8:124751703-124752225:.	chr8	124751703	124752225	NDUFB9	chr8	124538851	0.0	0.0	0	0
NDUFB9|chr8:124772015-124772482:.	chr8	124772015	124772482	NDUFB9	chr8	124538851	0.0	0.0	0	0
NDUFB9|chr8:124782673-124783214:.	chr8	124782673	124783214	NDUFB9	chr8	124538851	0.0	0.0	0	0
NDUFB9|chr8:124803979-124804202:.	chr8	124803979	124804202	NDUFB9	chr8	124538851	0.0	0.0	0	0
NDUFB9|chr8:124808563-124808924:.	chr8	124808563	124808924	NDUFB9	chr8	124538851	0.0	0.0	0	0
NDUFB9|chr8:124817157-124817362:.	chr8	124817157	124817362	NDUFB9	chr8	124538851	0.0	0.0	0	0
NDUFB9|chr8:124842663-124843294:.	chr8	124842663	124843294	NDUFB9	chr8	124538851	0.0	0.0	0	0
NDUFB9|chr8:124853700-124854116:.	chr8	124853700	124854116	NDUFB9	chr8	124538851	0.0	0.0	0	0
NDUFB9|chr8:124866502-124866934:.	chr8	124866502	124866934	NDUFB9	chr8	124538851	0.0	0.0	0	0
NDUFB9|chr8:124895454-124897384:.	chr8	124895454	124897384	NDUFB9	chr8	124538851	0.0	0.0	0	0
NDUFB9|chr8:124897521-124897597:.	chr8	124897521	124897597	NDUFB9	chr8	124538851	0.0	0.0	0	0
NDUFB9|chr8:124916128-124916779:.	chr8	124916128	124916779	NDUFB9	chr8	124538851	0.0	0.0	0	0
NDUFB9|chr8:124967087-124967359:.	chr8	124967087	124967359	NDUFB9	chr8	124538851	0.0	0.0	0	0
NDUFB9|chr8:124968117-124968497:.	chr8	124968117	124968497	NDUFB9	chr8	124538851	0.0	0.0	0	0
NDUFB9|chr8:125110844-125111178:.	chr8	125110844	125111178	NDUFB9	chr8	124538851	0.0	0.0	0	0
NDUFB9|chr8:125163276-125163911:.	chr8	125163276	125163911	NDUFB9	chr8	124538851	0.0	0.0	0	0
NDUFB9|chr8:125180875-125181389:.	chr8	125180875	125181389	NDUFB9	chr8	124538851	0.0	0.0	0	0
NDUFB9|chr8:125191408-125192312:.	chr8	125191408	125192312	NDUFB9	chr8	124538851	0.0	0.0	0	0
NDUFB9|chr8:125192530-125193007:.	chr8	125192530	125193007	NDUFB9	chr8	124538851	0.0	0.0	0	0
NDUFB9|chr8:125219252-125219690:.	chr8	125219252	125219690	NDUFB9	chr8	124538851	0.0	0.0	0	0
NDUFB9|chr8:125219867-125220231:.	chr8	125219867	125220231	NDUFB9	chr8	124538851	0.0	0.0	0	0
NDUFB9|chr8:125228587-125229293:.	chr8	125228587	125229293	NDUFB9	chr8	124538851	0.0	0.0	0	0
NDUFB9|chr8:125258608-125258823:.	chr8	125258608	125258823	NDUFB9	chr8	124538851	0.0	0.0	0	0
NDUFB9|chr8:125260024-125260365:.	chr8	125260024	125260365	NDUFB9	chr8	124538851	0.0	0.0	0	0
NDUFB9|chr8:125271321-125271787:.	chr8	125271321	125271787	NDUFB9	chr8	124538851	0.0	0.0	0	0
NDUFB9|chr8:125273975-125274194:.	chr8	125273975	125274194	NDUFB9	chr8	124538851	0.0	0.0	0	0
NDUFB9|chr8:125278475-125278706:.	chr8	125278475	125278706	NDUFB9	chr8	124538851	0.0	0.0	0	0
NDUFB9|chr8:125279102-125279463:.	chr8	125279102	125279463	NDUFB9	chr8	124538851	0.0	0.0	0	0
NDUFB9|chr8:125289417-125289626:.	chr8	125289417	125289626	NDUFB9	chr8	124538851	0.0	0.0	0	0
NDUFB9|chr8:125294791-125295040:.	chr8	125294791	125295040	NDUFB9	chr8	124538851	0.0	0.0	0	0
NDUFB9|chr8:125307166-125307752:.	chr8	125307166	125307752	NDUFB9	chr8	124538851	0.0	0.0	0	0
NDUFB9|chr8:125312566-125313039:.	chr8	125312566	125313039	NDUFB9	chr8	124538851	0.0	0.0	0	0
NDUFB9|chr8:125333884-125334839:.	chr8	125333884	125334839	NDUFB9	chr8	124538851	0.0	0.0	0	0
NDUFB9|chr8:125342264-125342586:.	chr8	125342264	125342586	NDUFB9	chr8	124538851	0.0	0.0	0	0
NDUFB9|chr8:125352943-125353219:.	chr8	125352943	125353219	NDUFB9	chr8	124538851	0.0	0.0	0	0
NDUFB9|chr8:125357340-125357756:.	chr8	125357340	125357756	NDUFB9	chr8	124538851	0.0	0.0	0	0
NDUFB9|chr8:125360011-125360320:.	chr8	125360011	125360320	NDUFB9	chr8	124538851	0.0	0.0	0	0
NDUFB9|chr8:125382534-125383180:.	chr8	125382534	125383180	NDUFB9	chr8	124538851	0.0	0.0	0	0
NDUFB9|chr8:125422830-125423012:.	chr8	125422830	125423012	NDUFB9	chr8	124538851	0.0	0.0	0	0
NDUFB9|chr8:125445132-125445374:.	chr8	125445132	125445374	NDUFB9	chr8	124538851	0.0	0.0	0	0
NDUFB9|chr8:125446786-125447524:.	chr8	125446786	125447524	NDUFB9	chr8	124538851	0.0	0.0	0	0
NDUFB9|chr8:125528738-125529164:.	chr8	125528738	125529164	NDUFB9	chr8	124538851	0.0	0.0	0	0
NSMCE2|chr8:125747864-125748582:.	chr8	124735622	124736340	NSMCE2	chr8	125091590	0.0	0.0	0	0
NSMCE2|chr8:124199472-124199658:.	chr8	124199472	124199658	NSMCE2	chr8	125091590	0.0	0.0	0	0
NSMCE2|chr8:124287967-124288402:.	chr8	124287967	124288402	NSMCE2	chr8	125091590	0.0	0.0	0	0
NSMCE2|chr8:124425826-124426357:.	chr8	124425826	124426357	NSMCE2	chr8	125091590	0.0	0.0	0	0
NSMCE2|chr8:124530505-124530795:.	chr8	124530505	124530795	NSMCE2	chr8	125091590	0.0	0.0	0	0
NSMCE2|chr8:124630227-124630285:.	chr8	124630227	124630285	NSMCE2	chr8	125091590	0.0	0.0	0	0
NSMCE2|chr8:124630301-124630652:.	chr8	124630301	124630652	NSMCE2	chr8	125091590	0.0	0.0	0	0
NSMCE2|chr8:124635310-124635815:.	chr8	124635310	124635815	NSMCE2	chr8	125091590	0.0	0.0	0	0
NSMCE2|chr8:124637449-124637892:.	chr8	124637449	124637892	NSMCE2	chr8	125091590	0.0	0.0	0	1
NSMCE2|chr8:124687629-124688169:.	chr8	124687629	124688169	NSMCE2	chr8	125091590	0.0	0.0	0	0
NSMCE2|chr8:124731205-124731540:.	chr8	124731205	124731540	NSMCE2	chr8	125091590	0.0	0.0	0	0
NSMCE2|chr8:124853700-124854116:.	chr8	124853700	124854116	NSMCE2	chr8	125091590	0.0	0.0	0	0
NSMCE2|chr8:124897598-124897808:.	chr8	124897598	124897808	NSMCE2	chr8	125091590	0.0	0.0	1	0
NSMCE2|chr8:124921324-124921799:.	chr8	124921324	124921799	NSMCE2	chr8	125091590	0.0	0.0	1	0
NSMCE2|chr8:124967087-124967359:.	chr8	124967087	124967359	NSMCE2	chr8	125091590	0.0	0.0	1	0
NSMCE2|chr8:124968117-124968497:.	chr8	124968117	124968497	NSMCE2	chr8	125091590	0.0	0.0	1	0
NSMCE2|chr8:125544507-125545059:.	chr8	125544507	125545059	NSMCE2	chr8	125091590	0.0	0.0	0	0
NSMCE2|chr8:125664274-125664878:.	chr8	125664274	125664878	NSMCE2	chr8	125091590	0.0	0.0	0	0
NSMCE2|chr8:125694248-125694539:.	chr8	125694248	125694539	NSMCE2	chr8	125091590	0.0	0.0	0	0
NSMCE2|chr8:125971910-125972281:.	chr8	125971910	125972281	NSMCE2	chr8	125091590	0.0	0.0	0	0
SQLE|chr8:125747864-125748582:.	chr8	124735622	124736340	SQLE	chr8	124998227	0.0	0.0	0	0
SQLE|chr8:126394813-126395313:.	chr8	125382571	125383071	SQLE	chr8	124998227	0.0	0.0	0	0
SQLE|chr8:124012173-124012442:.	chr8	124012173	124012442	SQLE	chr8	124998227	0.0	0.0	0	0
SQLE|chr8:124290990-124291491:.	chr8	124290990	124291491	SQLE	chr8	124998227	0.0	0.0	0	0
SQLE|chr8:124425826-124426357:.	chr8	124425826	124426357	SQLE	chr8	124998227	0.0	0.0	0	0
SQLE|chr8:124530505-124530795:.	chr8	124530505	124530795	SQLE	chr8	124998227	0.0	0.0	0	0
SQLE|chr8:124583141-124583764:.	chr8	124583141	124583764	SQLE	chr8	124998227	0.0	0.0	0	0
SQLE|chr8:124583789-124584022:.	chr8	124583789	124584022	SQLE	chr8	124998227	0.0	0.0	0	0
SQLE|chr8:124748985-124749623:.	chr8	124748985	124749623	SQLE	chr8	124998227	0.0	0.0	0	0
SQLE|chr8:125445132-125445374:.	chr8	125445132	125445374	SQLE	chr8	124998227	0.0	0.0	0	0
TATDN1|chr8:125761357-125761857:.	chr8	124749115	124749615	TATDN1	chr8	124539338	0.0	0.0	0	0
CCDC26|chr8:130701583-130702083:.	chr8	129689337	129689837	CCDC26	chr8	129575268	0.0	0.0	1	1
FAM49B|chr8:131054136-131055470:.	chr8	130041890	130043224	FAM49B	chr8	129940122	0.0	0.0	1	0
FAM49B|chr8:131684221-131684721:.	chr8	130671975	130672475	FAM49B	chr8	129940122	0.0	0.0	0	0
CHRAC1|chr8:141655843-141656343:.	chr8	140645744	140646244	CHRAC1	chr8	140511047	0.0	0.0	1	0
EEF1D|chr8:144042541-144043410:.	chr8	142961124	142961993	EEF1D	chr8	143597925	0.0	0.0	0	0
LY6E|chr8:144042541-144043410:.	chr8	142961124	142961993	LY6E	chr8	143018234	50.64683151245117	3911.84788039624	1	1
EXOSC4|chr8:144973582-144974411:.	chr8	143899414	143900243	EXOSC4	chr8	144078368	0.0	0.0	1	0
HSF1|chr8:145916703-145917444:.	chr8	144691318	144692059	HSF1	chr8	144291318	0.0	0.0	0	0
RPS6|chr9:19154014-19154620:.	chr9	19154016	19154622	RPS6	chr9	19380487	0.0	0.0	0	0
NDUFB6|chr9:31847894-31849205:.	chr9	31847896	31849207	NDUFB6	chr9	32573434	0.0	0.0	0	0
DNAJA1|chr9:33619496-33620353:.	chr9	33619498	33620355	DNAJA1	chr9	33024952	0.0	0.0	0	0
STOML2|chr9:34158270-34158770:.	chr9	34158272	34158772	STOML2	chr9	35103445	0.0	0.0	0	0
EXOSC3|chr9:38170819-38171706:.	chr9	38170822	38171709	EXOSC3	chr9	37785342	0.0	0.0	0	0
FXN|chr9:71313993-71314493:.	chr9	68699077	68699577	FXN	chr9	69035312	0.0	0.0	0	0
FXN|chr9:72426998-72427627:.	chr9	69812082	69812711	FXN	chr9	69035312	0.0	0.0	0	0
ANXA1|chr9:75758774-75759413:.	chr9	73143858	73144497	ANXA1	chr9	73151480	152.77886962890625	15845.814485566463	1	1
ANXA1|chr9:75763292-75764854:.	chr9	73148376	73149938	ANXA1	chr9	73151480	147.76597595214844	15325.890601912177	1	1
ANP32B|chr9:99846752-99847252:.	chr9	97084470	97084970	ANP32B	chr9	97982956	0.0	0.0	0	0
ANP32B|chr9:100728703-100729203:.	chr9	97966421	97966921	ANP32B	chr9	97982956	54.613037109375	1454.6165948681996	1	0
ANP32B|chr9:101648966-101649580:.	chr9	98886684	98887298	ANP32B	chr9	97982956	0.0	0.0	0	0
ANP32B|chr9:101693780-101694747:.	chr9	98931498	98932465	ANP32B	chr9	97982956	0.0	0.0	0	0
NANS|chr9:100716795-100717295:.	chr9	97954513	97955013	NANS	chr9	98056426	0.0	0.0	1	0
NANS|chr9:100723051-100723551:.	chr9	97960769	97961269	NANS	chr9	98056426	5.702221393585205	833.4228115900763	1	0
NANS|chr9:101693780-101694747:.	chr9	98931498	98932465	NANS	chr9	98056426	0.0	0.0	0	0
HEMGN|chr9:100723051-100723551:.	chr9	97960769	97961269	HEMGN	chr9	97945165	0.5848311185836792	11660.968986441543	1	1
HEMGN|chr9:100807332-100808080:.	chr9	98045050	98045798	HEMGN	chr9	97945165	0.0	0.0	1	0
HEMGN|chr9:101693780-101694747:.	chr9	98931498	98932465	HEMGN	chr9	97945165	0.0	0.0	0	0
SEC61B|chr9:101648966-101649580:.	chr9	98886684	98887298	SEC61B	chr9	99222037	0.0	0.0	0	0
SEC61B|chr9:101693780-101694747:.	chr9	98931498	98932465	SEC61B	chr9	99222037	0.0	0.0	0	0
SEC61B|chr9:101836296-101836919:.	chr9	99074014	99074637	SEC61B	chr9	99222037	0.0	0.0	1	0
SEC61B|chr9:101837461-101838079:.	chr9	99075179	99075797	SEC61B	chr9	99222037	0.0	0.0	1	0
TGFBR1|chr9:101837461-101838079:.	chr9	99075179	99075797	TGFBR1	chr9	99104838	78.50870513916016	10481.555150647871	1	1
RAD23B|chr9:110777719-110778382:.	chr9	108015438	108016101	RAD23B	chr9	107282985	0.0	0.0	0	0
NDUFA8|chr9:124312694-124313194:.	chr9	121550415	121550915	NDUFA8	chr9	122160069	0.0	0.0	0	0
RPL35|chr9:126907007-126907507:.	chr9	124144728	124145228	RPL35	chr9	124862211	0.0	0.0	0	0
RPL35|chr9:126964619-126965119:.	chr9	124202340	124202840	RPL35	chr9	124862211	0.0	0.0	0	0
RPL35|chr9:128171704-128172204:.	chr9	125409425	125409925	RPL35	chr9	124862211	0.0	0.0	0	0
PSMB7|chr9:128171704-128172204:.	chr9	125409425	125409925	PSMB7	chr9	124415723	0.0	0.0	0	0
C9orf16|chr9:130184400-130184900:.	chr9	127422121	127422621	C9orf16	chr9	128160009	0.0	0.0	0	0
C9orf16|chr9:130763425-130764458:.	chr9	128001146	128002179	C9orf16	chr9	128160009	0.0	0.0	1	0
C9orf16|chr9:131058522-131059529:.	chr9	128296243	128297250	C9orf16	chr9	128160009	0.0	0.0	1	0
C9orf16|chr9:131545703-131546469:.	chr9	128783424	128784190	C9orf16	chr9	128160009	0.0	0.0	0	0
C9orf16|chr9:131795475-131795975:.	chr9	129033196	129033696	C9orf16	chr9	128160009	0.0	0.0	0	0
COQ4|chr9:130184400-130184900:.	chr9	127422121	127422621	COQ4	chr9	128322257	0.0	0.0	0	0
COQ4|chr9:130763425-130764458:.	chr9	128001146	128002179	COQ4	chr9	128322257	0.0	0.0	0	0
COQ4|chr9:131795475-131795975:.	chr9	129033196	129033696	COQ4	chr9	128322257	0.0	0.0	0	0
RPL12|chr9:130184400-130184900:.	chr9	127422121	127422621	RPL12	chr9	127451682	70.01321411132812	4067.004202876474	1	0
RPL12|chr9:130624629-130625697:.	chr9	127862350	127863418	RPL12	chr9	127451682	0.0	0.0	0	0
RPL12|chr9:130763425-130764458:.	chr9	128001146	128002179	RPL12	chr9	127451682	0.0	0.0	0	0
RPL12|chr9:131058522-131059529:.	chr9	128296243	128297250	RPL12	chr9	127451682	0.0	0.0	0	0
SET|chr9:130624629-130625697:.	chr9	127862350	127863418	SET	chr9	128688979	0.0	0.0	0	0
SET|chr9:130763425-130764458:.	chr9	128001146	128002179	SET	chr9	128688979	0.0	0.0	0	0
SET|chr9:131058522-131059529:.	chr9	128296243	128297250	SET	chr9	128688979	0.0	0.0	0	0
SET|chr9:131930094-131930769:.	chr9	129167815	129168490	SET	chr9	128688979	0.0	0.0	0	0
SET|chr9:132174320-132174820:.	chr9	129412041	129412541	SET	chr9	128688979	0.0	0.0	0	0
C9orf78|chr9:131795475-131795975:.	chr9	129033196	129033696	C9orf78	chr9	129835543	0.0	0.0	0	0
C9orf78|chr9:132169452-132169952:.	chr9	129407173	129407673	C9orf78	chr9	129835543	0.0	0.0	0	0
C9orf78|chr9:132174320-132174820:.	chr9	129412041	129412541	C9orf78	chr9	129835543	0.0	0.0	0	0
C9orf78|chr9:133411886-133412386:.	chr9	130536499	130536999	C9orf78	chr9	129835543	0.0	0.0	0	0
C9orf78|chr9:133424410-133424910:.	chr9	130549023	130549523	C9orf78	chr9	129835543	0.0	0.0	0	0
C9orf78|chr9:133451516-133452016:.	chr9	130576129	130576629	C9orf78	chr9	129835543	0.0	0.0	0	0
ZDHHC12|chr9:131930094-131930769:.	chr9	129167815	129168490	ZDHHC12	chr9	128724379	0.0	0.0	0	0
ENDOG|chr9:132168588-132169088:.	chr9	129406309	129406809	ENDOG	chr9	128818249	0.0	0.0	0	0
RPL7A|chr9:135874547-135875047:.	chr9	132999160	132999660	RPL7A	chr9	133347963	0.0	0.0	0	0
RPL7A|chr9:135878218-135878718:.	chr9	133002831	133003331	RPL7A	chr9	133347963	0.0	0.0	0	0
RPL7A|chr9:135897510-135898166:.	chr9	133022123	133022779	RPL7A	chr9	133347963	0.0	0.0	0	0
RPL7A|chr9:135902447-135902947:.	chr9	133027060	133027560	RPL7A	chr9	133347963	0.0	0.0	0	0
RPL7A|chr9:136158643-136159795:.	chr9	133283070	133284222	RPL7A	chr9	133347963	52.49022674560547	3346.975878094592	1	0
SURF1|chr9:135878218-135878718:.	chr9	133002831	133003331	SURF1	chr9	133356735	0.0	0.0	0	0
GFI1B|chr9:135879509-135880009:.	chr9	133004122	133004622	GFI1B	chr9	132945294	0.8627523183822632	6024.441820810266	1	1
GTF3C5|chr9:136158643-136159795:.	chr9	133283070	133284222	GTF3C5	chr9	133030424	0.0	0.0	0	0
UBAC1|chr9:138313134-138313634:.	chr9	135421288	135421788	UBAC1	chr9	135961630	0.0	0.0	0	0
UBAC1|chr9:138332243-138333881:.	chr9	135440397	135442035	UBAC1	chr9	135961630	0.0	0.0	0	0
DPP7|chr9:139035073-139035573:.	chr9	136143227	136143727	DPP7	chr9	137114993	0.0	0.0	0	0
DPP7|chr9:139678598-139679098:.	chr9	136784146	136784646	DPP7	chr9	137114993	0.0	0.0	0	0
EDF1|chr9:139035073-139035573:.	chr9	136143227	136143727	EDF1	chr9	136866586	0.0	0.0	0	0
EDF1|chr9:139678598-139679098:.	chr9	136784146	136784646	EDF1	chr9	136866586	12.290740966796877	1344.5035976026224	1	0
C9orf142|chr9:139538767-139539696:.	chr9	136644315	136645244	C9orf142	chr9	136992167	0.0	0.0	0	0
MRPL41|chr9:139678598-139679098:.	chr9	136784146	136784646	MRPL41	chr9	137551606	0.0	0.0	0	0
MRPL41|chr9:139682016-139682624:.	chr9	136787564	136788172	MRPL41	chr9	137551606	0.0	0.0	0	0
OFD1|chrX:12964849-12965769:.	chrX	12946730	12947650	OFD1	chrX	13734462	0.0	0.0	0	0
OFD1|chrX:13119782-13120282:.	chrX	13101663	13102163	OFD1	chrX	13734462	0.0	0.0	0	0
TMSB4X|chrX:12968211-12968711:.	chrX	12950092	12950592	TMSB4X	chrX	12974856	45.26619720458984	3556.3560186648174	1	1
TMSB4X|chrX:13077752-13078252:.	chrX	13059633	13060133	TMSB4X	chrX	12974856	22.121078491210938	1737.9509543513836	1	0
SYAP1|chrX:15965736-15966236:.	chrX	15947613	15948113	SYAP1	chrX	16719333	0.0	0.0	0	0
SYAP1|chrX:15995705-15996205:.	chrX	15977582	15978082	SYAP1	chrX	16719333	0.0	0.0	0	0
SYAP1|chrX:16948566-16949066:.	chrX	16930443	16930943	SYAP1	chrX	16719333	0.0	0.0	0	0
PRDX4|chrX:24249047-24249693:.	chrX	24230930	24231576	PRDX4	chrX	23667277	0.0	0.0	0	0
ATP6AP2|chrX:39716942-39717442:.	chrX	39857688	39858188	ATP6AP2	chrX	40580713	0.0	0.0	0	0
DDX3X|chrX:40403074-40404011:.	chrX	40543822	40544759	DDX3X	chrX	41333911	0.0	0.0	0	0
TIMP1|chrX:46988356-46989146:.	chrX	47128957	47129747	TIMP1	chrX	47582040	0.0	0.0	0	0
TIMP1|chrX:47524099-47524599:.	chrX	47664700	47665200	TIMP1	chrX	47582040	9.789178848266602	558.1214941102417	1	0
TIMP1|chrX:47535266-47536354:.	chrX	47675867	47676955	TIMP1	chrX	47582040	40.85176086425781	2329.1275155965886	1	0
UXT|chrX:47521352-47522055:.	chrX	47661953	47662656	UXT	chrX	47659430	160.0242919921875	10245.58764802375	1	1
UXT|chrX:47524099-47524599:.	chrX	47664700	47665200	UXT	chrX	47659430	111.09352111816406	7112.78515014018	1	0
UXT|chrX:47535266-47536354:.	chrX	47675867	47676955	UXT	chrX	47659430	182.2772216796875	11670.335970295482	1	0
UXT|chrX:48475850-48476350:.	chrX	48617462	48617962	UXT	chrX	47659430	0.0	0.0	0	0
NDUFB11|chrX:47400246-47400992:.	chrX	47540847	47541593	NDUFB11	chrX	47145460	0.0	0.0	0	0
NDUFB11|chrX:47521352-47522055:.	chrX	47661953	47662656	NDUFB11	chrX	47145460	0.0	0.0	0	0
NDUFB11|chrX:47524099-47524599:.	chrX	47664700	47665200	NDUFB11	chrX	47145460	0.0	0.0	0	0
NDUFB11|chrX:47535266-47536354:.	chrX	47675867	47676955	NDUFB11	chrX	47145460	0.0	0.0	0	0
NDUFB11|chrX:47542559-47543678:.	chrX	47683160	47684279	NDUFB11	chrX	47145460	0.0	0.0	0	0
NDUFB11|chrX:47676781-47677281:.	chrX	47817382	47817882	NDUFB11	chrX	47145460	0.0	0.0	0	0
EBP|chrX:47521352-47522055:.	chrX	47661953	47662656	EBP	chrX	48521525	0.0	0.0	0	0
EBP|chrX:48641226-48641726:.	chrX	48782818	48783318	EBP	chrX	48521525	0.0	0.0	0	0
RBM3|chrX:47521352-47522055:.	chrX	47661953	47662656	RBM3	chrX	48574102	0.0	0.0	0	0
RBM3|chrX:47524099-47524599:.	chrX	47664700	47665200	RBM3	chrX	48574102	0.0	0.0	0	0
RBM3|chrX:47676781-47677281:.	chrX	47817382	47817882	RBM3	chrX	48574102	0.0	0.0	0	0
RBM3|chrX:48489720-48490220:.	chrX	48631332	48631832	RBM3	chrX	48574102	98.52359771728516	5149.209236764881	1	0
RBM3|chrX:48641226-48641726:.	chrX	48782818	48783318	RBM3	chrX	48574102	0.0	0.0	0	0
RBM3|chrX:48726140-48726783:.	chrX	48867737	48868384	RBM3	chrX	48574102	0.0	0.0	0	0
WDR13|chrX:47521352-47522055:.	chrX	47661953	47662656	WDR13	chrX	48597227	0.0	0.0	0	0
WDR13|chrX:48641226-48641726:.	chrX	48782818	48783318	WDR13	chrX	48597227	0.0	0.0	1	0
CDK16|chrX:47524099-47524599:.	chrX	47664700	47665200	CDK16	chrX	47218426	0.0	0.0	0	0
SLC38A5|chrX:47524099-47524599:.	chrX	47664700	47665200	SLC38A5	chrX	48470506	0.0	0.0	0	0
UBA1|chrX:47524099-47524599:.	chrX	47664700	47665200	UBA1	chrX	47193551	0.0	0.0	0	0
TIMM17B|chrX:48389949-48390893:.	chrX	48531561	48532505	TIMM17B	chrX	48898393	0.0	0.0	0	0
TIMM17B|chrX:48475850-48476350:.	chrX	48617462	48617962	TIMM17B	chrX	48898393	0.0	0.0	0	0
TIMM17B|chrX:48641226-48641726:.	chrX	48782818	48783318	TIMM17B	chrX	48898393	0.0	0.0	1	0
TIMM17B|chrX:49004758-49005461:.	chrX	49148423	49149126	TIMM17B	chrX	48898393	0.0	0.0	0	0
TIMM17B|chrX:49633305-49633805:.	chrX	49868702	49869202	TIMM17B	chrX	48898393	0.0	0.0	0	0
CCDC22|chrX:48641226-48641726:.	chrX	48782818	48783318	CCDC22	chrX	49235216	0.0	0.0	0	1
FTSJ1|chrX:48641226-48641726:.	chrX	48782818	48783318	FTSJ1	chrX	48475770	0.0	0.0	0	1
HSD17B10|chrX:53858334-53858834:.	chrX	53831836	53832336	HSD17B10	chrX	53434626	0.0	0.0	0	0
MSN|chrX:65094590-65095886:.	chrX	65874748	65876044	MSN	chrX	65667393	0.0	0.0	0	0
MSN|chrX:65217859-65218359:.	chrX	65998017	65998517	MSN	chrX	65667393	0.0	0.0	0	1
MSN|chrX:65229035-65229535:.	chrX	66009193	66009693	MSN	chrX	65667393	0.0	0.0	0	1
YIPF6|chrX:67803982-67804482:.	chrX	68584140	68584640	YIPF6	chrX	68498531	6.335307121276856	1044.759862157143	1	0
NONO|chrX:70398716-70399216:.	chrX	71178866	71179366	NONO	chrX	71282941	0.0	0.0	1	0
PDZD11|chrX:70189437-70190154:.	chrX	70969587	70970304	PDZD11	chrX	70290198	0.0	0.0	0	0
MORF4L2|chrX:102379143-102379722:.	chrX	103124215	103124794	MORF4L2	chrX	103687068	0.0	0.0	0	0
MORF4L2|chrX:103588314-103588814:.	chrX	104343633	104344133	MORF4L2	chrX	103687068	0.0	0.0	0	0
NDUFA1|chrX:118082153-118082653:.	chrX	118948190	118948690	NDUFA1	chrX	119871520	0.0	0.0	0	0
RPL39|chrX:118082153-118082653:.	chrX	118948190	118948690	RPL39	chrX	119791909	0.0	0.0	0	0
RPL39|chrX:119462942-119463442:.	chrX	120329087	120329587	RPL39	chrX	119791909	0.0	0.0	0	0
RPL39|chrX:119619158-119620406:.	chrX	120485303	120486551	RPL39	chrX	119791909	0.0	0.0	0	0
SEPT6|chrX:118082153-118082653:.	chrX	118948190	118948690	SEPT6	chrX	119693620	0.0	0.0	0	0
SLC25A5|chrX:118082153-118082653:.	chrX	118948190	118948690	SLC25A5	chrX	119468149	0.0	0.0	0	0
SLC25A5|chrX:119462942-119463442:.	chrX	120329087	120329587	SLC25A5	chrX	119468149	0.0	0.0	0	0
MCTS1|chrX:120218695-120219515:.	chrX	121084841	121085661	MCTS1	chrX	120603638	0.0	0.0	0	0
MCTS1|chrX:120325461-120326116:.	chrX	121191607	121192262	MCTS1	chrX	120603638	0.0	0.0	0	0
MCTS1|chrX:120489926-120490812:.	chrX	121356072	121356958	MCTS1	chrX	120603638	0.0	0.0	0	0
AIFM1|chrX:129728283-129728981:.	chrX	130594309	130595007	AIFM1	chrX	130166137	0.0	0.0	0	0
UTP14A|chrX:129728283-129728981:.	chrX	130594309	130595007	UTP14A	chrX	129905870	0.0	0.0	0	0
SMIM10|chrX:134115907-134116407:.	chrX	134981877	134982377	SMIM10	chrX	134990687	33.10901641845703	3932.262536210036	1	1
HTATSF1|chrX:135966297-135966940:.	chrX	136884138	136884781	HTATSF1	chrX	136497261	0.0	0.0	0	0
HTATSF1|chrX:135978650-135979353:.	chrX	136896491	136897194	HTATSF1	chrX	136497261	0.0	0.0	0	0
RBMX|chrX:135978650-135979353:.	chrX	136896491	136897194	RBMX	chrX	136881030	59.17483901977539	2834.132918216736	1	0
VMA21|chrX:150267450-150267950:.	chrX	151098978	151099478	VMA21	chrX	151396934	0.0	0.0	0	0
CSAG1|chrX:152075569-152076069:.	chrX	152907025	152907525	CSAG1	chrX	152733986	0.0	0.0	1	0
MAGEA6|chrX:152075569-152076069:.	chrX	152907025	152907525	MAGEA6	chrX	152698503	0.0	0.0	0	0
MAGEA6|chrX:152647330-152648075:.	chrX	153381872	153382617	MAGEA6	chrX	152698503	0.0	0.0	0	0
SSR4|chrX:152075569-152076069:.	chrX	152907025	152907525	SSR4	chrX	153794198	0.0	0.0	0	0
SSR4|chrX:153267002-153268041:.	chrX	154001551	154002590	SSR4	chrX	153794198	0.0	0.0	0	0
RPL10|chrX:152645341-152645935:.	chrX	153379883	153380477	RPL10	chrX	154397814	0.0	0.0	0	0
RPL10|chrX:153118791-153119787:.	chrX	153853336	153854332	RPL10	chrX	154397814	0.0	0.0	0	0
RPL10|chrX:153267002-153268041:.	chrX	154001551	154002590	RPL10	chrX	154397814	0.0	0.0	0	0
RPL10|chrX:153985433-153986396:.	chrX	154757158	154758121	RPL10	chrX	154397814	0.0	0.0	0	0
EMD|chrX:153118791-153119787:.	chrX	153853336	153854332	EMD	chrX	154378986	0.0	0.0	0	0
ABCD1|chrX:153250930-153251430:.	chrX	153985479	153985979	ABCD1	chrX	153724617	0.0	0.0	0	1
IRAK1|chrX:153250930-153251430:.	chrX	153985479	153985979	IRAK1	chrX	154020141	47.79075622558594	7852.84016416812	1	1
BCAP31|chrX:153267002-153268041:.	chrX	154001551	154002590	BCAP31	chrX	153724633	0.0	0.0	0	0
MPP1|chrX:153267002-153268041:.	chrX	154001551	154002590	MPP1	chrX	154805777	0.0	0.0	0	0
MPP1|chrX:153755283-153755783:.	chrX	154527069	154527569	MPP1	chrX	154805777	0.0	0.0	0	0
NAA10|chrX:153267002-153268041:.	chrX	154001551	154002590	NAA10	chrX	153935404	10.068955421447754	1253.500552248914	1	0
NAA10|chrX:153755283-153755783:.	chrX	154527069	154527569	NAA10	chrX	153935404	0.0	0.0	0	0
NAA10|chrX:153985433-153986396:.	chrX	154757158	154758121	NAA10	chrX	153935404	0.0	0.0	0	0
FUNDC2|chrX:153755283-153755783:.	chrX	154527069	154527569	FUNDC2	chrX	155026538	0.0	0.0	0	0
UBL4A|chrX:154664416-154665069:.	chrX	155434755	155435408	UBL4A	chrX	154486920	0.0	0.0	0	0
DKC1|chrX:154664416-154665069:.	chrX	155434755	155435408	DKC1	chrX	154762491	0.0	0.0	0	0
VAMP7|chrX:154664416-154665069:.	chrX	155434755	155435408	VAMP7	chrX	155881029	0.0	0.0	0	0
IFITM1|chr11:297498-298134:.	chr11	297498	298134	IFITM1	chr11	313740	40.6939811706543	2869.3002888892743	1	0
IFITM1|chr11:334196-334635:.	chr11	334196	334635	IFITM1	chr11	313740	88.21807861328125	6220.186650916336	1	1
IFITM1|chr11:444368-444852:.	chr11	444368	444852	IFITM1	chr11	313740	0.0	0.0	1	0
IFITM1|chr11:459782-461114:.	chr11	459782	461114	IFITM1	chr11	313740	0.0	0.0	1	0
IFITM1|chr11:518540-519179:.	chr11	518540	519179	IFITM1	chr11	313740	0.0	0.0	0	0
IFITM1|chr11:551677-551880:.	chr11	551677	551880	IFITM1	chr11	313740	0.0	0.0	0	0
IFITM1|chr11:628527-628920:.	chr11	628527	628920	IFITM1	chr11	313740	0.0	0.0	0	0
IFITM1|chr11:690928-691358:.	chr11	690928	691358	IFITM1	chr11	313740	0.0	0.0	0	0
IFITM1|chr11:783641-783767:.	chr11	783641	783767	IFITM1	chr11	313740	0.0	0.0	0	0
IFITM1|chr11:816449-816652:.	chr11	816449	816652	IFITM1	chr11	313740	0.0	0.0	0	0
IFITM1|chr11:875735-876561:.	chr11	875735	876561	IFITM1	chr11	313740	0.0	0.0	0	0
IFITM1|chr11:919229-919287:.	chr11	919229	919287	IFITM1	chr11	313740	0.0	0.0	0	0
IFITM1|chr11:1053253-1053594:.	chr11	1053253	1053594	IFITM1	chr11	313740	0.0	0.0	0	0
IFITM1|chr11:1153976-1154339:.	chr11	1153976	1154339	IFITM1	chr11	313740	0.0	0.0	0	0
BET1L|chr11:551677-551880:.	chr11	551677	551880	BET1L	chr11	207672	0.0	0.0	0	0
BET1L|chr11:587844-588335:.	chr11	587844	588335	BET1L	chr11	207672	0.0	0.0	0	0
BET1L|chr11:628527-628920:.	chr11	628527	628920	BET1L	chr11	207672	0.0	0.0	0	0
BET1L|chr11:690928-691358:.	chr11	690928	691358	BET1L	chr11	207672	0.0	0.0	0	0
BET1L|chr11:741566-741825:.	chr11	741566	741825	BET1L	chr11	207672	0.0	0.0	0	0
BET1L|chr11:937643-938334:.	chr11	937643	938334	BET1L	chr11	207672	0.0	0.0	0	0
BET1L|chr11:1053253-1053594:.	chr11	1053253	1053594	BET1L	chr11	207672	0.0	0.0	0	0
DEAF1|chr11:316244-316608:.	chr11	316244	316608	DEAF1	chr11	696004	0.0	0.0	0	0
DEAF1|chr11:350704-351232:.	chr11	350704	351232	DEAF1	chr11	696004	0.0	0.0	0	0
DEAF1|chr11:355350-355535:.	chr11	355350	355535	DEAF1	chr11	696004	0.0	0.0	0	0
DEAF1|chr11:356034-356520:.	chr11	356034	356520	DEAF1	chr11	696004	0.0	0.0	0	0
DEAF1|chr11:518540-519179:.	chr11	518540	519179	DEAF1	chr11	696004	0.0	0.0	1	0
DEAF1|chr11:783641-783767:.	chr11	783641	783767	DEAF1	chr11	696004	1.6593549251556396	462.2910691879307	1	0
DEAF1|chr11:919229-919287:.	chr11	919229	919287	DEAF1	chr11	696004	0.0	0.0	0	0
DEAF1|chr11:937643-938334:.	chr11	937643	938334	DEAF1	chr11	696004	0.0	0.0	0	0
DEAF1|chr11:1153976-1154339:.	chr11	1153976	1154339	DEAF1	chr11	696004	0.0	0.0	0	0
DEAF1|chr11:1336631-1337056:.	chr11	1336631	1337056	DEAF1	chr11	696004	0.0	0.0	0	0
DEAF1|chr11:1512518-1512795:.	chr11	1512518	1512795	DEAF1	chr11	696004	0.0	0.0	0	0
DEAF1|chr11:1547101-1547191:.	chr11	1547101	1547191	DEAF1	chr11	696004	0.0	0.0	0	0
PHRF1|chr11:316244-316608:.	chr11	316244	316608	PHRF1	chr11	576195	0.0	0.0	0	0
PHRF1|chr11:783641-783767:.	chr11	783641	783767	PHRF1	chr11	576195	0.0	0.0	0	0
PHRF1|chr11:1153976-1154339:.	chr11	1153976	1154339	PHRF1	chr11	576195	0.0	0.0	0	0
TSPAN4|chr11:350704-351232:.	chr11	350704	351232	TSPAN4	chr11	842573	0.0	0.0	0	0
TSPAN4|chr11:355350-355535:.	chr11	355350	355535	TSPAN4	chr11	842573	0.0	0.0	0	0
CTSD|chr11:783641-783767:.	chr11	783641	783767	CTSD	chr11	1764242	0.0	0.0	0	0
CTSD|chr11:816449-816652:.	chr11	816449	816652	CTSD	chr11	1764242	0.0	0.0	0	0
CTSD|chr11:919287-919489:.	chr11	919287	919489	CTSD	chr11	1764242	0.0	0.0	0	0
CTSD|chr11:937643-938334:.	chr11	937643	938334	CTSD	chr11	1764242	0.0	0.0	0	0
CTSD|chr11:1262409-1263004:.	chr11	1262409	1263004	CTSD	chr11	1764242	0.0	0.0	0	0
CTSD|chr11:1336631-1337056:.	chr11	1336631	1337056	CTSD	chr11	1764242	0.0	0.0	0	0
CTSD|chr11:1382970-1383087:.	chr11	1382970	1383087	CTSD	chr11	1764242	0.0	0.0	0	0
CTSD|chr11:1412533-1412645:.	chr11	1412533	1412645	CTSD	chr11	1764242	0.0	0.0	0	0
CTSD|chr11:1512518-1512795:.	chr11	1512518	1512795	CTSD	chr11	1764242	0.0	0.0	0	0
CTSD|chr11:1520523-1520939:.	chr11	1520523	1520939	CTSD	chr11	1764242	0.0	0.0	0	0
CTSD|chr11:1540187-1540289:.	chr11	1540187	1540289	CTSD	chr11	1764242	0.0	0.0	0	0
CTSD|chr11:1547101-1547191:.	chr11	1547101	1547191	CTSD	chr11	1764242	0.0	0.0	0	0
CTSD|chr11:1968605-1968960:.	chr11	1968605	1968960	CTSD	chr11	1764242	0.0	0.0	0	0
CTSD|chr11:1969914-1970164:.	chr11	1969914	1970164	CTSD	chr11	1764242	0.0	0.0	0	0
CTSD|chr11:1988428-1988924:.	chr11	1988428	1988924	CTSD	chr11	1764242	0.0	0.0	0	0
CTSD|chr11:2305373-2305649:.	chr11	2305373	2305649	CTSD	chr11	1764242	0.0	0.0	0	0
CTSD|chr11:2532665-2534165:.	chr11	2532665	2534165	CTSD	chr11	1764242	0.0	0.0	0	0
CTSD|chr11:2740175-2740782:.	chr11	2740175	2740782	CTSD	chr11	1764242	0.0	0.0	0	0
CD81|chr11:1382970-1383087:.	chr11	1382970	1383087	CD81	chr11	2377066	0.0	0.0	0	0
CD81|chr11:1383171-1383564:.	chr11	1383171	1383564	CD81	chr11	2377066	0.0	0.0	0	0
CD81|chr11:1412533-1412645:.	chr11	1412533	1412645	CD81	chr11	2377066	0.0	0.0	0	0
CD81|chr11:1512518-1512795:.	chr11	1512518	1512795	CD81	chr11	2377066	0.0	0.0	0	0
CD81|chr11:1540187-1540289:.	chr11	1540187	1540289	CD81	chr11	2377066	0.0	0.0	0	0
CD81|chr11:1547101-1547191:.	chr11	1547101	1547191	CD81	chr11	2377066	0.0	0.0	0	0
CD81|chr11:1548508-1548658:.	chr11	1548508	1548658	CD81	chr11	2377066	0.0	0.0	0	0
CD81|chr11:1574600-1574957:.	chr11	1574600	1574957	CD81	chr11	2377066	0.0	0.0	0	0
CD81|chr11:1772159-1772971:.	chr11	1772159	1772971	CD81	chr11	2377066	0.0	0.0	0	0
CD81|chr11:1782876-1783330:.	chr11	1782876	1783330	CD81	chr11	2377066	0.0	0.0	0	0
CD81|chr11:1844457-1845003:.	chr11	1844457	1845003	CD81	chr11	2377066	0.0	0.0	0	0
CD81|chr11:1968605-1968960:.	chr11	1968605	1968960	CD81	chr11	2377066	0.0	0.0	0	0
CD81|chr11:1969914-1970164:.	chr11	1969914	1970164	CD81	chr11	2377066	0.0	0.0	0	0
CD81|chr11:1988428-1988924:.	chr11	1988428	1988924	CD81	chr11	2377066	0.0	0.0	0	0
CD81|chr11:2268904-2269616:.	chr11	2268904	2269616	CD81	chr11	2377066	0.0	0.0	1	0
CD81|chr11:2269981-2270201:.	chr11	2269981	2270201	CD81	chr11	2377066	0.0	0.0	1	0
CD81|chr11:2270601-2270710:.	chr11	2270601	2270710	CD81	chr11	2377066	0.0	0.0	1	0
CD81|chr11:2532665-2534165:.	chr11	2532665	2534165	CD81	chr11	2377066	0.0	0.0	1	0
CD81|chr11:2681445-2681778:.	chr11	2681445	2681778	CD81	chr11	2377066	0.0	0.0	0	0
CD81|chr11:2709478-2709760:.	chr11	2709478	2709760	CD81	chr11	2377066	0.0	0.0	0	0
CD81|chr11:2739163-2739634:.	chr11	2739163	2739634	CD81	chr11	2377066	0.0	0.0	0	0
CD81|chr11:2740175-2740782:.	chr11	2740175	2740782	CD81	chr11	2377066	0.0	0.0	0	0
CD81|chr11:2750745-2750882:.	chr11	2750745	2750882	CD81	chr11	2377066	0.0	0.0	0	0
CD81|chr11:2769076-2769417:.	chr11	2769076	2769417	CD81	chr11	2377066	0.0	0.0	0	0
CD81|chr11:2777932-2779869:.	chr11	2777932	2779869	CD81	chr11	2377066	0.0	0.0	0	0
CD81|chr11:2781507-2782742:.	chr11	2781507	2782742	CD81	chr11	2377066	0.0	0.0	0	0
CD81|chr11:2783299-2783656:.	chr11	2783299	2783656	CD81	chr11	2377066	0.0	0.0	0	0
CD81|chr11:2788563-2788915:.	chr11	2788563	2788915	CD81	chr11	2377066	0.0	0.0	0	0
CD81|chr11:2799862-2800446:.	chr11	2799862	2800446	CD81	chr11	2377066	0.0	0.0	0	0
CD81|chr11:2846075-2846561:.	chr11	2846075	2846561	CD81	chr11	2377066	0.0	0.0	0	0
CD81|chr11:2867150-2868525:.	chr11	2867150	2868525	CD81	chr11	2377066	0.0	0.0	0	0
CD81|chr11:2890517-2891614:.	chr11	2890517	2891614	CD81	chr11	2377066	0.0	0.0	0	0
CD81|chr11:2892013-2893170:.	chr11	2892013	2893170	CD81	chr11	2377066	0.0	0.0	0	0
CD81|chr11:2912576-2912939:.	chr11	2912576	2912939	CD81	chr11	2377066	0.0	0.0	0	0
CD81|chr11:2967682-2967993:.	chr11	2967682	2967993	CD81	chr11	2377066	0.0	0.0	0	0
CD81|chr11:3014423-3014722:.	chr11	3014423	3014722	CD81	chr11	2377066	0.0	0.0	0	0
CD81|chr11:3051520-3052182:.	chr11	3051520	3052182	CD81	chr11	2377066	0.0	0.0	0	0
CD81|chr11:3069623-3069895:.	chr11	3069623	3069895	CD81	chr11	2377066	0.0	0.0	0	0
CD81|chr11:3091739-3092205:.	chr11	3091739	3092205	CD81	chr11	2377066	0.0	0.0	0	0
CD81|chr11:3110187-3110626:.	chr11	3110187	3110626	CD81	chr11	2377066	0.0	0.0	0	0
CD81|chr11:3115396-3115674:.	chr11	3115396	3115674	CD81	chr11	2377066	0.0	0.0	0	0
CD81|chr11:3185020-3185280:.	chr11	3185020	3185280	CD81	chr11	2377066	0.0	0.0	0	0
CD81|chr11:3231538-3231688:.	chr11	3231538	3231688	CD81	chr11	2377066	0.0	0.0	0	0
CD81|chr11:3231715-3232162:.	chr11	3231715	3232162	CD81	chr11	2377066	0.0	0.0	0	0
CD81|chr11:3339894-3340510:.	chr11	3339894	3340510	CD81	chr11	2377066	0.0	0.0	0	0
CD81|chr11:3341337-3341637:.	chr11	3341337	3341637	CD81	chr11	2377066	0.0	0.0	0	0
CD81|chr11:3345651-3346117:.	chr11	3345651	3346117	CD81	chr11	2377066	0.0	0.0	0	0
NUP98|chr11:2846075-2846561:.	chr11	2846075	2846561	NUP98	chr11	3798042	0.0	0.0	0	0
NUP98|chr11:2867150-2868525:.	chr11	2867150	2868525	NUP98	chr11	3798042	0.0	0.0	0	0
NUP98|chr11:2890517-2891614:.	chr11	2890517	2891614	NUP98	chr11	3798042	0.0	0.0	0	0
NUP98|chr11:2912576-2912939:.	chr11	2912576	2912939	NUP98	chr11	3798042	0.0	0.0	0	0
NUP98|chr11:3014423-3014722:.	chr11	3014423	3014722	NUP98	chr11	3798042	0.0	0.0	0	0
NUP98|chr11:3051520-3052182:.	chr11	3051520	3052182	NUP98	chr11	3798042	0.0	0.0	0	0
NUP98|chr11:3168445-3168747:.	chr11	3168445	3168747	NUP98	chr11	3798042	0.0	0.0	0	0
NUP98|chr11:3185020-3185280:.	chr11	3185020	3185280	NUP98	chr11	3798042	0.0	0.0	0	0
NUP98|chr11:3404542-3404974:.	chr11	3404542	3404974	NUP98	chr11	3798042	0.0	0.0	0	0
NUP98|chr11:3408580-3408648:.	chr11	3408580	3408648	NUP98	chr11	3798042	0.0	0.0	0	0
NUP98|chr11:3895118-3895469:.	chr11	3895118	3895469	NUP98	chr11	3798042	8.69272232055664	1031.218089808271	1	0
RHOG|chr11:2846075-2846561:.	chr11	2846075	2846561	RHOG	chr11	3841233	0.0	0.0	0	0
RHOG|chr11:2867150-2868525:.	chr11	2867150	2868525	RHOG	chr11	3841233	0.0	0.0	0	0
RHOG|chr11:2888322-2888766:.	chr11	2888322	2888766	RHOG	chr11	3841233	0.0	0.0	0	0
RHOG|chr11:2890517-2891614:.	chr11	2890517	2891614	RHOG	chr11	3841233	0.0	0.0	0	0
RHOG|chr11:2892013-2893170:.	chr11	2892013	2893170	RHOG	chr11	3841233	0.0	0.0	0	0
RHOG|chr11:2912576-2912939:.	chr11	2912576	2912939	RHOG	chr11	3841233	0.0	0.0	0	0
RHOG|chr11:2967682-2967993:.	chr11	2967682	2967993	RHOG	chr11	3841233	0.0	0.0	0	0
RHOG|chr11:3014423-3014722:.	chr11	3014423	3014722	RHOG	chr11	3841233	0.0	0.0	0	0
RHOG|chr11:3051520-3052182:.	chr11	3051520	3052182	RHOG	chr11	3841233	0.0	0.0	0	0
RHOG|chr11:3091739-3092205:.	chr11	3091739	3092205	RHOG	chr11	3841233	0.0	0.0	0	0
RHOG|chr11:3110187-3110626:.	chr11	3110187	3110626	RHOG	chr11	3841233	0.0	0.0	0	0
RHOG|chr11:3168445-3168747:.	chr11	3168445	3168747	RHOG	chr11	3841233	0.0	0.0	0	0
RHOG|chr11:3185020-3185280:.	chr11	3185020	3185280	RHOG	chr11	3841233	0.0	0.0	0	0
RHOG|chr11:3341337-3341637:.	chr11	3341337	3341637	RHOG	chr11	3841233	0.0	0.0	0	0
RHOG|chr11:3345651-3346117:.	chr11	3345651	3346117	RHOG	chr11	3841233	0.0	0.0	0	0
RHOG|chr11:3404236-3404361:.	chr11	3404236	3404361	RHOG	chr11	3841233	0.0	0.0	0	0
RHOG|chr11:3408358-3408538:.	chr11	3408358	3408538	RHOG	chr11	3841233	0.0	0.0	0	0
RHOG|chr11:3408580-3408648:.	chr11	3408580	3408648	RHOG	chr11	3841233	0.0	0.0	0	0
RHOG|chr11:3444049-3444199:.	chr11	3444049	3444199	RHOG	chr11	3841233	0.0	0.0	0	0
RHOG|chr11:3508473-3508533:.	chr11	3508473	3508533	RHOG	chr11	3841233	0.0	0.0	0	0
RHOG|chr11:3508562-3508619:.	chr11	3508562	3508619	RHOG	chr11	3841233	0.0	0.0	0	0
RHOG|chr11:3509276-3509390:.	chr11	3509276	3509390	RHOG	chr11	3841233	0.0	0.0	0	0
RHOG|chr11:3509392-3509511:.	chr11	3509392	3509511	RHOG	chr11	3841233	0.0	0.0	0	0
RHOG|chr11:3511470-3511732:.	chr11	3511470	3511732	RHOG	chr11	3841233	0.0	0.0	0	0
RHOG|chr11:3517035-3517215:.	chr11	3517035	3517215	RHOG	chr11	3841233	0.0	0.0	0	0
RHOG|chr11:3517343-3517451:.	chr11	3517343	3517451	RHOG	chr11	3841233	0.0	0.0	0	0
RHOG|chr11:3614245-3614977:.	chr11	3614245	3614977	RHOG	chr11	3841233	0.0	0.0	0	0
RHOG|chr11:3643328-3643480:.	chr11	3643328	3643480	RHOG	chr11	3841233	0.0	0.0	0	0
RHOG|chr11:3802087-3802730:.	chr11	3802087	3802730	RHOG	chr11	3841233	56.0039291381836	4597.008394658416	1	0
RHOG|chr11:3892138-3892490:.	chr11	3892138	3892490	RHOG	chr11	3841233	11.232110977172852	921.9729623683546	1	0
RHOG|chr11:3965539-3965758:.	chr11	3965539	3965758	RHOG	chr11	3841233	0.0	0.0	1	0
RHOG|chr11:3995877-3996382:.	chr11	3995877	3996382	RHOG	chr11	3841233	0.0	0.0	1	0
RHOG|chr11:4044055-4044533:.	chr11	4044055	4044533	RHOG	chr11	3841233	0.0	0.0	0	0
RHOG|chr11:4102833-4103011:.	chr11	4102833	4103011	RHOG	chr11	3841233	0.0	0.0	0	0
RHOG|chr11:4144728-4145103:.	chr11	4144728	4145103	RHOG	chr11	3841233	0.0	0.0	0	0
RHOG|chr11:4659098-4659729:.	chr11	4659098	4659729	RHOG	chr11	3841233	0.0	0.0	0	0
RHOG|chr11:4659884-4660019:.	chr11	4659884	4660019	RHOG	chr11	3841233	0.0	0.0	0	0
ARFIP2|chr11:5591627-5592103:.	chr11	5591627	5592103	ARFIP2	chr11	6481729	0.0	0.0	0	0
ARFIP2|chr11:5809905-5810962:.	chr11	5809905	5810962	ARFIP2	chr11	6481729	0.0	0.0	0	0
ARFIP2|chr11:6639162-6639518:.	chr11	6639162	6639518	ARFIP2	chr11	6481729	0.0	0.0	1	0
ARFIP2|chr11:6728104-6728830:.	chr11	6728104	6728830	ARFIP2	chr11	6481729	0.0	0.0	0	0
TAF10|chr11:5620582-5621594:.	chr11	5620582	5621594	TAF10	chr11	6612494	0.0	0.0	0	0
TAF10|chr11:6225010-6225400:.	chr11	6225010	6225400	TAF10	chr11	6612494	0.0	0.0	0	0
TAF10|chr11:6228814-6228876:.	chr11	6228814	6228876	TAF10	chr11	6612494	0.0	0.0	0	0
TAF10|chr11:6229344-6229611:.	chr11	6229344	6229611	TAF10	chr11	6612494	0.0	0.0	0	0
TAF10|chr11:6249869-6250153:.	chr11	6249869	6250153	TAF10	chr11	6612494	0.0	0.0	0	0
TAF10|chr11:6251204-6251457:.	chr11	6251204	6251457	TAF10	chr11	6612494	0.0	0.0	0	0
TAF10|chr11:6252023-6252452:.	chr11	6252023	6252452	TAF10	chr11	6612494	0.0	0.0	0	0
TAF10|chr11:6357196-6357607:.	chr11	6357196	6357607	TAF10	chr11	6612494	0.0	0.0	0	0
TAF10|chr11:6371957-6372122:.	chr11	6371957	6372122	TAF10	chr11	6612494	0.0	0.0	0	0
TAF10|chr11:6469049-6469603:.	chr11	6469049	6469603	TAF10	chr11	6612494	0.0	0.0	1	0
TAF10|chr11:6501942-6502301:.	chr11	6501942	6502301	TAF10	chr11	6612494	0.0	0.0	1	0
TAF10|chr11:6531271-6531794:.	chr11	6531271	6531794	TAF10	chr11	6612494	12.66904354095459	1012.8818597469096	1	0
TAF10|chr11:6637971-6638297:.	chr11	6637971	6638297	TAF10	chr11	6612494	23.170804977416992	1852.4909131057184	1	0
TAF10|chr11:6638506-6638708:.	chr11	6638506	6638708	TAF10	chr11	6612494	27.706844329833984	2215.144333650763	1	0
TAF10|chr11:6639162-6639518:.	chr11	6639162	6639518	TAF10	chr11	6612494	29.50805282592773	2359.1497911596657	1	0
TAF10|chr11:6690392-6690548:.	chr11	6690392	6690548	TAF10	chr11	6612494	14.165512084960938	1132.5235546393474	1	0
TAF10|chr11:6694153-6694335:.	chr11	6694153	6694335	TAF10	chr11	6612494	14.159425735473633	1132.036954923446	1	0
TAF10|chr11:6728104-6728830:.	chr11	6728104	6728830	TAF10	chr11	6612494	0.0	0.0	1	0
TAF10|chr11:7079704-7080031:.	chr11	7079704	7080031	TAF10	chr11	6612494	0.0	0.0	0	0
TAF10|chr11:7600598-7600830:.	chr11	7600598	7600830	TAF10	chr11	6612494	0.0	0.0	0	0
ILK|chr11:6252023-6252452:.	chr11	6252023	6252452	ILK	chr11	6603457	0.0	0.0	0	0
ILK|chr11:6690392-6690548:.	chr11	6690392	6690548	ILK	chr11	6603457	17.502500534057617	1044.2994441017022	1	0
ILK|chr11:6692290-6692379:.	chr11	6692290	6692379	ILK	chr11	6603457	17.039812088012695	1016.6928009219592	1	0
ILK|chr11:6693926-6694150:.	chr11	6693926	6694150	ILK	chr11	6603457	15.450897216796877	921.8890376821398	1	0
ILK|chr11:6728104-6728830:.	chr11	6728104	6728830	ILK	chr11	6603457	0.0	0.0	1	0
RRP8|chr11:5809905-5810962:.	chr11	5809905	5810962	RRP8	chr11	6603900	0.0	0.0	0	0
RRP8|chr11:6251204-6251457:.	chr11	6251204	6251457	RRP8	chr11	6603900	0.0	0.0	0	0
RRP8|chr11:6252023-6252452:.	chr11	6252023	6252452	RRP8	chr11	6603900	0.0	0.0	0	0
RRP8|chr11:6694153-6694335:.	chr11	6694153	6694335	RRP8	chr11	6603900	14.138988494873049	1039.541868165387	1	0
RRP8|chr11:6728104-6728830:.	chr11	6728104	6728830	RRP8	chr11	6603900	0.0	0.0	1	0
MRPL17|chr11:7072498-7073149:.	chr11	7072498	7073149	MRPL17	chr11	6683651	0.0	0.0	0	0
USP47|chr11:12088211-12088534:.	chr11	12088211	12088534	USP47	chr11	11841172	0.0	0.0	0	0
USP47|chr11:12172681-12172959:.	chr11	12172681	12172959	USP47	chr11	11841172	0.0	0.0	0	0
USP47|chr11:12418371-12418740:.	chr11	12418371	12418740	USP47	chr11	11841172	0.0	0.0	0	0
PSMA1|chr11:13697577-13698557:.	chr11	13697577	13698557	PSMA1	chr11	14520695	0.0	0.0	0	0
PSMA1|chr11:13699988-13700134:.	chr11	13699988	13700134	PSMA1	chr11	14520695	0.0	0.0	0	0
PSMA1|chr11:13872775-13872933:.	chr11	13872775	13872933	PSMA1	chr11	14520695	0.0	0.0	0	0
PSMA1|chr11:13872949-13873977:.	chr11	13872949	13873977	PSMA1	chr11	14520695	0.0	0.0	0	0
PSMA1|chr11:13874649-13875052:.	chr11	13874649	13875052	PSMA1	chr11	14520695	0.0	0.0	0	0
PSMA1|chr11:13876219-13876939:.	chr11	13876219	13876939	PSMA1	chr11	14520695	0.0	0.0	0	0
PSMA1|chr11:13928701-13929129:.	chr11	13928701	13929129	PSMA1	chr11	14520695	0.0	0.0	0	0
PSMA1|chr11:14422208-14422698:.	chr11	14422208	14422698	PSMA1	chr11	14520695	17.774885177612305	1769.3192246867832	1	0
PSMA1|chr11:14668662-14669266:.	chr11	14668662	14669266	PSMA1	chr11	14520695	0.0	0.0	1	0
PSMA1|chr11:15579884-15580568:.	chr11	15579884	15580568	PSMA1	chr11	14520695	0.0	0.0	0	0
RPS13|chr11:16093912-16094852:.	chr11	16093912	16094852	RPS13	chr11	17077923	0.0	0.0	0	0
RPS13|chr11:16172835-16172925:.	chr11	16172835	16172925	RPS13	chr11	17077923	0.0	0.0	0	0
RPS13|chr11:16177767-16178184:.	chr11	16177767	16178184	RPS13	chr11	17077923	0.0	0.0	0	0
RPS13|chr11:16191403-16191920:.	chr11	16191403	16191920	RPS13	chr11	17077923	0.0	0.0	0	0
RPS13|chr11:16193801-16194521:.	chr11	16193801	16194521	RPS13	chr11	17077923	0.0	0.0	0	0
RPS13|chr11:16226440-16226561:.	chr11	16226440	16226561	RPS13	chr11	17077923	0.0	0.0	0	0
RPS13|chr11:16280147-16280873:.	chr11	16280147	16280873	RPS13	chr11	17077923	0.0	0.0	0	0
RPS13|chr11:16291879-16292121:.	chr11	16291879	16292121	RPS13	chr11	17077923	0.0	0.0	0	0
RPS13|chr11:16292204-16292580:.	chr11	16292204	16292580	RPS13	chr11	17077923	0.0	0.0	0	0
RPS13|chr11:16293128-16293959:.	chr11	16293128	16293959	RPS13	chr11	17077923	0.0	0.0	0	0
RPS13|chr11:16296373-16296487:.	chr11	16296373	16296487	RPS13	chr11	17077923	0.0	0.0	0	0
RPS13|chr11:16297308-16297829:.	chr11	16297308	16297829	RPS13	chr11	17077923	0.0	0.0	0	0
RPS13|chr11:16300473-16300657:.	chr11	16300473	16300657	RPS13	chr11	17077923	0.0	0.0	0	0
RPS13|chr11:16326626-16327226:.	chr11	16326626	16327226	RPS13	chr11	17077923	0.0	0.0	0	0
RPS13|chr11:16337783-16338593:.	chr11	16337783	16338593	RPS13	chr11	17077923	0.0	0.0	0	0
RPS13|chr11:16346860-16347288:.	chr11	16346860	16347288	RPS13	chr11	17077923	0.0	0.0	0	0
RPS13|chr11:16350272-16350327:.	chr11	16350272	16350327	RPS13	chr11	17077923	0.0	0.0	0	0
RPS13|chr11:16352855-16353291:.	chr11	16352855	16353291	RPS13	chr11	17077923	0.0	0.0	0	0
RPS13|chr11:16356344-16356641:.	chr11	16356344	16356641	RPS13	chr11	17077923	0.0	0.0	0	0
RPS13|chr11:16359172-16359874:.	chr11	16359172	16359874	RPS13	chr11	17077923	0.0	0.0	0	0
RPS13|chr11:16363745-16364036:.	chr11	16363745	16364036	RPS13	chr11	17077923	0.0	0.0	0	0
RPS13|chr11:16372437-16372672:.	chr11	16372437	16372672	RPS13	chr11	17077923	0.0	0.0	0	0
RPS13|chr11:16381276-16381451:.	chr11	16381276	16381451	RPS13	chr11	17077923	0.0	0.0	0	0
RPS13|chr11:16383510-16383574:.	chr11	16383510	16383574	RPS13	chr11	17077923	0.0	0.0	0	0
RPS13|chr11:16383784-16384032:.	chr11	16383784	16384032	RPS13	chr11	17077923	0.0	0.0	0	0
RPS13|chr11:16393524-16393621:.	chr11	16393524	16393621	RPS13	chr11	17077923	0.0	0.0	0	0
RPS13|chr11:16424329-16424701:.	chr11	16424329	16424701	RPS13	chr11	17077923	0.0	0.0	0	0
RPS13|chr11:16483571-16483698:.	chr11	16483571	16483698	RPS13	chr11	17077923	0.0	0.0	0	0
RPS13|chr11:16553294-16553477:.	chr11	16553294	16553477	RPS13	chr11	17077923	0.0	0.0	0	0
RPS13|chr11:16596079-16596729:.	chr11	16596079	16596729	RPS13	chr11	17077923	0.0	0.0	0	0
RPS13|chr11:16603104-16603770:.	chr11	16603104	16603770	RPS13	chr11	17077923	0.0	0.0	0	0
RPS13|chr11:16779336-16779783:.	chr11	16779336	16779783	RPS13	chr11	17077923	0.0	0.0	0	0
RPS13|chr11:16843360-16843676:.	chr11	16843360	16843676	RPS13	chr11	17077923	0.0	0.0	0	0
RPS13|chr11:16853225-16853648:.	chr11	16853225	16853648	RPS13	chr11	17077923	0.0	0.0	0	0
RPS13|chr11:16853798-16854654:.	chr11	16853798	16854654	RPS13	chr11	17077923	0.0	0.0	0	0
RPS13|chr11:16856991-16857712:.	chr11	16856991	16857712	RPS13	chr11	17077923	0.0	0.0	0	0
RPS13|chr11:16860662-16861004:.	chr11	16860662	16861004	RPS13	chr11	17077923	0.0	0.0	0	0
RPS13|chr11:16861869-16862206:.	chr11	16861869	16862206	RPS13	chr11	17077923	0.0	0.0	0	0
RPS13|chr11:16883181-16883714:.	chr11	16883181	16883714	RPS13	chr11	17077923	0.0	0.0	1	0
RPS13|chr11:17156323-17156541:.	chr11	17156323	17156541	RPS13	chr11	17077923	17.62628936767578	1083.1052749405844	1	0
RPS13|chr11:17164874-17165167:.	chr11	17164874	17165167	RPS13	chr11	17077923	24.01095199584961	1475.4318518531782	1	0
RPS13|chr11:17186007-17186314:.	chr11	17186007	17186314	RPS13	chr11	17077923	0.0	0.0	1	0
RPS13|chr11:17186950-17187381:.	chr11	17186950	17187381	RPS13	chr11	17077923	0.0	0.0	1	0
RPS13|chr11:17217558-17217688:.	chr11	17217558	17217688	RPS13	chr11	17077923	0.0	0.0	1	0
RPS13|chr11:17230200-17230410:.	chr11	17230200	17230410	RPS13	chr11	17077923	0.0	0.0	1	0
RPS13|chr11:17257296-17257610:.	chr11	17257296	17257610	RPS13	chr11	17077923	0.0	0.0	1	0
RPS13|chr11:17258614-17259128:.	chr11	17258614	17259128	RPS13	chr11	17077923	0.0	0.0	1	0
RPS13|chr11:17383983-17384261:.	chr11	17383983	17384261	RPS13	chr11	17077923	0.0	0.0	0	0
RPS13|chr11:17699566-17699816:.	chr11	17699566	17699816	RPS13	chr11	17077923	0.0	0.0	0	0
RPS13|chr11:17846839-17847251:.	chr11	17846839	17847251	RPS13	chr11	17077923	0.0	0.0	0	0
RPS13|chr11:17898862-17899180:.	chr11	17898862	17899180	RPS13	chr11	17077923	0.0	0.0	0	0
RPS13|chr11:17921727-17922409:.	chr11	17921727	17922409	RPS13	chr11	17077923	0.0	0.0	0	0
NCR3LG1|chr11:16883181-16883714:.	chr11	16883181	16883714	NCR3LG1	chr11	17351511	0.0	0.0	0	0
NCR3LG1|chr11:17164874-17165167:.	chr11	17164874	17165167	NCR3LG1	chr11	17351511	0.0	0.0	1	0
C8orf59|chr8:85191941-85192588:.	chr8	85191941	85192588	C8orf59	chr8	85220672	109.17277526855467	9693.53731549601	1	0
CPNE3|chr8:85835910-85836303:.	chr8	85835910	85836303	CPNE3	chr8	86514176	0.0	0.0	0	0
CPNE3|chr8:85866529-85867040:.	chr8	85866529	85867040	CPNE3	chr8	86514176	0.0	0.0	0	0
CPNE3|chr8:85958914-85959725:.	chr8	85958914	85959725	CPNE3	chr8	86514176	0.0	0.0	0	0
CPNE3|chr8:86367625-86368176:.	chr8	86367625	86368176	CPNE3	chr8	86514176	0.0	0.0	1	0
DECR1|chr8:89650188-89650782:.	chr8	89650188	89650782	DECR1	chr8	90001101	0.0	0.0	0	0
DECR1|chr8:90177545-90177805:.	chr8	90177545	90177805	DECR1	chr8	90001101	0.0	0.0	1	0
DECR1|chr8:90192682-90193081:.	chr8	90192682	90193081	DECR1	chr8	90001101	0.0	0.0	1	0
DECR1|chr8:90226541-90226826:.	chr8	90226541	90226826	DECR1	chr8	90001101	0.0	0.0	0	0
DECR1|chr8:90803611-90804140:.	chr8	90803611	90804140	DECR1	chr8	90001101	0.0	0.0	0	0
RIPK2|chr8:90187638-90188125:.	chr8	90187638	90188125	RIPK2	chr8	89757496	0.0	0.0	0	0
NDUFAF6|chr8:95168750-95169325:.	chr8	95168750	95169325	NDUFAF6	chr8	95024735	0.0	0.0	1	0
NDUFAF6|chr8:95214734-95215051:.	chr8	95214734	95215051	NDUFAF6	chr8	95024735	0.0	0.0	1	0
PTDSS1|chr8:95927030-95927478:.	chr8	95927030	95927478	PTDSS1	chr8	96261635	0.0	0.0	0	0
PTDSS1|chr8:95936967-95937108:.	chr8	95936967	95937108	PTDSS1	chr8	96261635	0.0	0.0	0	0
PTDSS1|chr8:96211781-96212604:.	chr8	96211781	96212604	PTDSS1	chr8	96261635	55.346221923828125	2593.27210741884	1	0
PTDSS1|chr8:96339216-96339925:.	chr8	96339216	96339925	PTDSS1	chr8	96261635	58.54312896728516	2743.0646240104493	1	0
PTDSS1|chr8:96398425-96398784:.	chr8	96398425	96398784	PTDSS1	chr8	96261635	0.0	0.0	1	0
PTDSS1|chr8:96525751-96526253:.	chr8	96525751	96526253	PTDSS1	chr8	96261635	0.0	0.0	0	0
PTDSS1|chr8:96620630-96621929:.	chr8	96620630	96621929	PTDSS1	chr8	96261635	0.0	0.0	0	0
PTDSS1|chr8:96633053-96633141:.	chr8	96633053	96633141	PTDSS1	chr8	96261635	0.0	0.0	0	0
PTDSS1|chr8:96812497-96813033:.	chr8	96812497	96813033	PTDSS1	chr8	96261635	0.0	0.0	0	0
PTDSS1|chr8:96827968-96828465:.	chr8	96827968	96828465	PTDSS1	chr8	96261635	0.0	0.0	0	0
PTDSS1|chr8:96828612-96828788:.	chr8	96828612	96828788	PTDSS1	chr8	96261635	0.0	0.0	0	0
PTDSS1|chr8:96829185-96829433:.	chr8	96829185	96829433	PTDSS1	chr8	96261635	0.0	0.0	0	0
PTDSS1|chr8:96829825-96830301:.	chr8	96829825	96830301	PTDSS1	chr8	96261635	0.0	0.0	0	0
PTDSS1|chr8:96878490-96879005:.	chr8	96878490	96879005	PTDSS1	chr8	96261635	0.0	0.0	0	0
PTDSS1|chr8:96893832-96894571:.	chr8	96893832	96894571	PTDSS1	chr8	96261635	0.0	0.0	0	0
PTDSS1|chr8:96949321-96950160:.	chr8	96949321	96950160	PTDSS1	chr8	96261635	0.0	0.0	0	0
PTDSS1|chr8:96988925-96989379:.	chr8	96988925	96989379	PTDSS1	chr8	96261635	0.0	0.0	0	0
PTDSS1|chr8:97045955-97046658:.	chr8	97045955	97046658	PTDSS1	chr8	96261635	0.0	0.0	0	0
PTDSS1|chr8:97207659-97208762:.	chr8	97207659	97208762	PTDSS1	chr8	96261635	0.0	0.0	0	0
PTDSS1|chr8:97214000-97215639:.	chr8	97214000	97215639	PTDSS1	chr8	96261635	0.0	0.0	0	0
PTDSS1|chr8:97215642-97216411:.	chr8	97215642	97216411	PTDSS1	chr8	96261635	0.0	0.0	0	0
MTDH|chr8:96812497-96813033:.	chr8	96812497	96813033	MTDH	chr8	97643928	0.0	0.0	0	0
MTDH|chr8:96827968-96828465:.	chr8	96827968	96828465	MTDH	chr8	97643928	0.0	0.0	0	0
MTDH|chr8:96828612-96828788:.	chr8	96828612	96828788	MTDH	chr8	97643928	0.0	0.0	0	0
MTDH|chr8:96829185-96829433:.	chr8	96829185	96829433	MTDH	chr8	97643928	0.0	0.0	0	0
MTDH|chr8:96829825-96830301:.	chr8	96829825	96830301	MTDH	chr8	97643928	0.0	0.0	0	0
MTDH|chr8:96878490-96879005:.	chr8	96878490	96879005	MTDH	chr8	97643928	0.0	0.0	0	0
MTDH|chr8:96988925-96989379:.	chr8	96988925	96989379	MTDH	chr8	97643928	0.0	0.0	0	0
MTDH|chr8:97045955-97046658:.	chr8	97045955	97046658	MTDH	chr8	97643928	0.0	0.0	0	0
MTDH|chr8:97053457-97054202:.	chr8	97053457	97054202	MTDH	chr8	97643928	0.0	0.0	0	0
MTDH|chr8:97207659-97208762:.	chr8	97207659	97208762	MTDH	chr8	97643928	0.0	0.0	0	0
MTDH|chr8:97214000-97215639:.	chr8	97214000	97215639	MTDH	chr8	97643928	0.0	0.0	0	0
MTDH|chr8:97293738-97294155:.	chr8	97293738	97294155	MTDH	chr8	97643928	0.0	0.0	0	0
MTDH|chr8:97325344-97325804:.	chr8	97325344	97325804	MTDH	chr8	97643928	0.0	0.0	0	0
MTDH|chr8:97763612-97763946:.	chr8	97763612	97763946	MTDH	chr8	97643928	0.0	0.0	1	0
MTDH|chr8:97783591-97783687:.	chr8	97783591	97783687	MTDH	chr8	97643928	0.0	0.0	1	0
MTDH|chr8:97783753-97784368:.	chr8	97783753	97784368	MTDH	chr8	97643928	0.0	0.0	1	0
MTDH|chr8:97865717-97866013:.	chr8	97865717	97866013	MTDH	chr8	97643928	0.0	0.0	0	0
MTDH|chr8:97890795-97891270:.	chr8	97890795	97891270	MTDH	chr8	97643928	0.0	0.0	0	0
MTDH|chr8:97893300-97893499:.	chr8	97893300	97893499	MTDH	chr8	97643928	0.0	0.0	0	0
MTDH|chr8:98093145-98093675:.	chr8	98093145	98093675	MTDH	chr8	97643928	0.0	0.0	0	0
MTDH|chr8:98132385-98132830:.	chr8	98132385	98132830	MTDH	chr8	97643928	0.0	0.0	0	0
MTDH|chr8:98165829-98166323:.	chr8	98165829	98166323	MTDH	chr8	97643928	0.0	0.0	0	0
MTDH|chr8:98170046-98170332:.	chr8	98170046	98170332	MTDH	chr8	97643928	0.0	0.0	0	0
MTDH|chr8:98179110-98179594:.	chr8	98179110	98179594	MTDH	chr8	97643928	0.0	0.0	0	0
MTDH|chr8:98300477-98301112:.	chr8	98300477	98301112	MTDH	chr8	97643928	0.0	0.0	0	0
MTDH|chr8:98304673-98306993:.	chr8	98304673	98306993	MTDH	chr8	97643928	0.0	0.0	0	0
MTDH|chr8:98377782-98378007:.	chr8	98377782	98378007	MTDH	chr8	97643928	0.0	0.0	0	0
MTDH|chr8:98382054-98383459:.	chr8	98382054	98383459	MTDH	chr8	97643928	0.0	0.0	0	0
MTDH|chr8:98605441-98606037:.	chr8	98605441	98606037	MTDH	chr8	97643928	0.0	0.0	0	0
MTDH|chr8:98612764-98613320:.	chr8	98612764	98613320	MTDH	chr8	97643928	0.0	0.0	0	0
LAPTM4B|chr8:96828612-96828788:.	chr8	96828612	96828788	LAPTM4B	chr8	97775330	0.0	0.0	0	0
LAPTM4B|chr8:96829185-96829433:.	chr8	96829185	96829433	LAPTM4B	chr8	97775330	0.0	0.0	0	0
LAPTM4B|chr8:96829825-96830301:.	chr8	96829825	96830301	LAPTM4B	chr8	97775330	0.0	0.0	0	0
LAPTM4B|chr8:97045955-97046658:.	chr8	97045955	97046658	LAPTM4B	chr8	97775330	0.0	0.0	0	0
LAPTM4B|chr8:97207659-97208762:.	chr8	97207659	97208762	LAPTM4B	chr8	97775330	0.0	0.0	0	0
LAPTM4B|chr8:97293738-97294155:.	chr8	97293738	97294155	LAPTM4B	chr8	97775330	0.0	0.0	0	0
LAPTM4B|chr8:97325804-97326322:.	chr8	97325804	97326322	LAPTM4B	chr8	97775330	0.0	0.0	0	0
LAPTM4B|chr8:98170046-98170332:.	chr8	98170046	98170332	LAPTM4B	chr8	97775330	0.0	0.0	0	0
LAPTM4B|chr8:98179110-98179594:.	chr8	98179110	98179594	LAPTM4B	chr8	97775330	0.0	0.0	0	0
LAPTM4B|chr8:98382054-98383459:.	chr8	98382054	98383459	LAPTM4B	chr8	97775330	0.0	0.0	0	0
LAPTM4B|chr8:98605441-98606037:.	chr8	98605441	98606037	LAPTM4B	chr8	97775330	0.0	0.0	0	0
RNF19A|chr8:100900342-100900805:.	chr8	100900342	100900805	RNF19A	chr8	100303509	0.0	0.0	0	0
SLC25A32|chr8:102537503-102537809:.	chr8	102537503	102537809	SLC25A32	chr8	103415585	0.0	0.0	0	0
ENY2|chr8:109065783-109066120:.	chr8	109065783	109066120	ENY2	chr8	109334072	0.0	0.0	0	0
ENY2|chr8:109133698-109133843:.	chr8	109133698	109133843	ENY2	chr8	109334072	0.0	0.0	0	0
ENY2|chr8:109362905-109363498:.	chr8	109362905	109363498	ENY2	chr8	109334072	366.97161865234375	16313.22121109067	1	0
ENY2|chr8:109411565-109412454:.	chr8	109411565	109412454	ENY2	chr8	109334072	34.85158920288086	1549.2797135444728	1	0
ENY2|chr8:109450723-109451356:.	chr8	109450723	109451356	ENY2	chr8	109334072	0.0	0.0	1	0
ENY2|chr8:109520993-109521228:.	chr8	109520993	109521228	ENY2	chr8	109334072	0.0	0.0	1	0
ENY2|chr8:109546372-109546620:.	chr8	109546372	109546620	ENY2	chr8	109334072	0.0	0.0	0	0
EIF3H|chr8:115774095-115774382:.	chr8	115774095	115774382	EIF3H	chr8	116756073	0.0	0.0	0	0
EIF3H|chr8:115774557-115775164:.	chr8	115774557	115775164	EIF3H	chr8	116756073	0.0	0.0	0	0
EIF3H|chr8:115778303-115778563:.	chr8	115778303	115778563	EIF3H	chr8	116756073	0.0	0.0	0	0
EIF3H|chr8:116366299-116366543:.	chr8	116366299	116366543	EIF3H	chr8	116756073	0.0	0.0	0	0
EIF3H|chr8:116444535-116444765:.	chr8	116444535	116444765	EIF3H	chr8	116756073	0.0	0.0	0	0
EIF3H|chr8:116528462-116528603:.	chr8	116528462	116528603	EIF3H	chr8	116756073	0.0	0.0	0	0
EIF3H|chr8:116544988-116545435:.	chr8	116544988	116545435	EIF3H	chr8	116756073	0.0	0.0	0	0
EIF3H|chr8:116627817-116628191:.	chr8	116627817	116628191	EIF3H	chr8	116756073	0.0	0.0	1	0
RAD21|chr8:116730126-116730396:.	chr8	116730126	116730396	RAD21	chr8	116875116	0.0	0.0	1	0
DERL1|chr8:122638864-122639380:.	chr8	122638864	122639380	DERL1	chr8	123042673	0.0	0.0	0	0
DERL1|chr8:123060893-123061164:.	chr8	123060893	123061164	DERL1	chr8	123042673	44.69834899902344	4067.5992974476567	1	0
TRMT12|chr8:123450816-123451413:.	chr8	123450816	123451413	TRMT12	chr8	124450556	0.0	0.0	0	0
TRMT12|chr8:124530505-124530795:.	chr8	124530505	124530795	TRMT12	chr8	124450556	4.471800327301025	995.3840658065292	1	0
TRMT12|chr8:125110844-125111178:.	chr8	125110844	125111178	TRMT12	chr8	124450556	0.0	0.0	0	0
RNF139|chr8:123616425-123616516:.	chr8	123616425	123616516	RNF139	chr8	124474516	0.0	0.0	0	0
RNF139|chr8:123622859-123623014:.	chr8	123622859	123623014	RNF139	chr8	124474516	0.0	0.0	0	0
RNF139|chr8:123630310-123630825:.	chr8	123630310	123630825	RNF139	chr8	124474516	0.0	0.0	0	0
RNF139|chr8:123766149-123766605:.	chr8	123766149	123766605	RNF139	chr8	124474516	0.0	0.0	0	0
RNF139|chr8:123921922-123922774:.	chr8	123921922	123922774	RNF139	chr8	124474516	0.0	0.0	0	0
RNF139|chr8:123985295-123985365:.	chr8	123985295	123985365	RNF139	chr8	124474516	0.0	0.0	0	0
RNF139|chr8:124012173-124012442:.	chr8	124012173	124012442	RNF139	chr8	124474516	0.0	0.0	0	0
RNF139|chr8:124031544-124031866:.	chr8	124031544	124031866	RNF139	chr8	124474516	0.0	0.0	0	0
RNF139|chr8:124440427-124440951:.	chr8	124440427	124440951	RNF139	chr8	124474516	61.29124450683594	4804.805045550491	1	0
RNF139|chr8:124465700-124465990:.	chr8	124465700	124465990	RNF139	chr8	124474516	56.416412353515625	4422.652287600326	1	0
RNF139|chr8:124574287-124575062:.	chr8	124574287	124575062	RNF139	chr8	124474516	0.0	0.0	1	0
RNF139|chr8:124583141-124583764:.	chr8	124583141	124583764	RNF139	chr8	124474516	0.0	0.0	1	0
RNF139|chr8:124628148-124628501:.	chr8	124628148	124628501	RNF139	chr8	124474516	0.0	0.0	1	0
RNF139|chr8:124630227-124630285:.	chr8	124630227	124630285	RNF139	chr8	124474516	0.0	0.0	1	0
RNF139|chr8:124687629-124688169:.	chr8	124687629	124688169	RNF139	chr8	124474516	0.0	0.0	0	0
RNF139|chr8:124731205-124731540:.	chr8	124731205	124731540	RNF139	chr8	124474516	0.0	0.0	0	0
RNF139|chr8:124735760-124736511:.	chr8	124735760	124736511	RNF139	chr8	124474516	0.0	0.0	0	0
RNF139|chr8:124803979-124804202:.	chr8	124803979	124804202	RNF139	chr8	124474516	0.0	0.0	0	0
RNF139|chr8:124853700-124854116:.	chr8	124853700	124854116	RNF139	chr8	124474516	0.0	0.0	0	0
RNF139|chr8:124887829-124889105:.	chr8	124887829	124889105	RNF139	chr8	124474516	0.0	0.0	0	0
RNF139|chr8:124921324-124921799:.	chr8	124921324	124921799	RNF139	chr8	124474516	0.0	0.0	0	0
RNF139|chr8:124967087-124967359:.	chr8	124967087	124967359	RNF139	chr8	124474516	0.0	0.0	0	0
RNF139|chr8:125110844-125111178:.	chr8	125110844	125111178	RNF139	chr8	124474516	0.0	0.0	0	0
RNF139|chr8:125175391-125175700:.	chr8	125175391	125175700	RNF139	chr8	124474516	0.0	0.0	0	0
RNF139|chr8:125260024-125260365:.	chr8	125260024	125260365	RNF139	chr8	124474516	0.0	0.0	0	0
RNF139|chr8:125333884-125334839:.	chr8	125333884	125334839	RNF139	chr8	124474516	0.0	0.0	0	0
RNF139|chr8:125357340-125357756:.	chr8	125357340	125357756	RNF139	chr8	124474516	0.0	0.0	0	0
RNF139|chr8:125445132-125445374:.	chr8	125445132	125445374	RNF139	chr8	124474516	0.0	0.0	0	0
