chr	start	end	gene_symbol	label	track_id	track_index	score	raw_gradient_score	mean_abs_gradient	target_scalar	outside_context
chr10	125816658	125816735	UROS	1	ENCSR056HPM	1989	4.436601359459725	0.0012738252989947796	0.00028710736660286784	9.316919326782227	False
chr11	3261795	3262295	HBE1	0	ENCSR056HPM	1989	0.0	0.0			True
chr11	3262515	3263015	HBE1	0	ENCSR056HPM	1989	0.0	0.0			True
chr11	3307615	3308115	HBE1	0	ENCSR056HPM	1989	0.0	0.0			True
chr11	3324555	3325055	HBE1	0	ENCSR056HPM	1989	0.0	0.0			True
chr11	3339935	3340435	HBE1	0	ENCSR056HPM	1989	0.0	0.0			True
chr11	3341195	3341715	HBE1	0	ENCSR056HPM	1989	0.0	0.0			True
chr11	3345635	3346135	HBE1	0	ENCSR056HPM	1989	0.0	0.0			True
chr11	3404095	3405035	HBE1	0	ENCSR056HPM	1989	0.0	0.0			True
chr11	3408215	3409115	HBE1	0	ENCSR056HPM	1989	0.0	0.0			True
chr11	3416895	3417395	HBE1	0	ENCSR056HPM	1989	0.0	0.0			True
chr11	3422455	3422955	HBE1	0	ENCSR056HPM	1989	0.0	0.0			True
chr11	3505975	3506475	HBE1	0	ENCSR056HPM	1989	0.0	0.0			True
chr11	3579575	3580075	HBE1	0	ENCSR056HPM	1989	0.0	0.0			True
chr11	3609575	3610115	HBE1	0	ENCSR056HPM	1989	0.0	0.0			True
chr11	3614155	3615035	HBE1	0	ENCSR056HPM	1989	0.0	0.0			True
chr11	3801895	3802395	HBE1	0	ENCSR056HPM	1989	0.0	0.0			True
chr11	3824675	3825195	HBE1	0	ENCSR056HPM	1989	0.0	0.0			True
chr11	3825255	3825755	HBE1	0	ENCSR056HPM	1989	0.0	0.0			True
chr11	3825855	3826395	HBE1	0	ENCSR056HPM	1989	0.0	0.0			True
chr11	3831615	3832135	HBE1	0	ENCSR056HPM	1989	0.0	0.0			True
chr11	3834495	3835395	HBE1	0	ENCSR056HPM	1989	0.0	0.0			True
chr11	3837695	3838215	HBE1	0	ENCSR056HPM	1989	0.0	0.0			True
chr11	3839095	3839635	HBE1	0	ENCSR056HPM	1989	0.0	0.0			True
chr11	3849115	3849635	HBE1	0	ENCSR056HPM	1989	0.0	0.0			True
chr11	3859475	3860235	HBE1	0	ENCSR056HPM	1989	0.0	0.0			True
chr11	3860795	3861295	HBE1	0	ENCSR056HPM	1989	0.0	0.0			True
chr11	3865695	3866655	HBE1	0	ENCSR056HPM	1989	0.0	0.0			True
chr11	3867355	3867855	HBE1	0	ENCSR056HPM	1989	0.0	0.0			True
chr11	3871155	3871655	HBE1	0	ENCSR056HPM	1989	0.0	0.0			True
chr11	3878615	3879135	HBE1	0	ENCSR056HPM	1989	0.0	0.0			True
chr11	3894095	3894675	HBE1	0	ENCSR056HPM	1989	0.0	0.0			True
chr11	3903475	3903975	HBE1	0	ENCSR056HPM	1989	0.0	0.0			True
chr11	3904915	3905415	HBE1	0	ENCSR056HPM	1989	0.0	0.0			True
chr11	3954395	3954915	HBE1	0	ENCSR056HPM	1989	0.0	0.0			True
chr11	3958755	3959375	HBE1	0	ENCSR056HPM	1989	0.0	0.0			True
chr11	3971415	3972295	HBE1	0	ENCSR056HPM	1989	0.0	0.0			True
chr11	3976935	3977495	HBE1	0	ENCSR056HPM	1989	0.0	0.0			True
chr11	3984855	3985355	HBE1	0	ENCSR056HPM	1989	0.0	0.0			True
chr11	3993915	3994415	HBE1	0	ENCSR056HPM	1989	0.0	0.0			True
chr11	3995895	3996415	HBE1	0	ENCSR056HPM	1989	0.0	0.0			True
chr11	4043955	4044495	HBE1	0	ENCSR056HPM	1989	0.0	0.0			True
chr11	4072595	4073155	HBE1	0	ENCSR056HPM	1989	0.0	0.0			True
chr11	4091955	4092475	HBE1	0	ENCSR056HPM	1989	0.0	0.0			True
chr11	4145695	4146935	HBE1	0	ENCSR056HPM	1989	0.0	0.0			True
chr11	4182015	4182535	HBE1	0	ENCSR056HPM	1989	0.0	0.0			True
chr11	4184495	4184995	HBE1	0	ENCSR056HPM	1989	0.0	0.0			True
chr11	4194815	4195335	HBE1	0	ENCSR056HPM	1989	0.0	0.0			True
chr11	4493195	4493695	HBE1	0	ENCSR056HPM	1989	0.0	0.0			True
chr11	4539475	4539975	HBE1	0	ENCSR056HPM	1989	0.0	0.0			True
chr11	4626095	4626635	HBE1	0	ENCSR056HPM	1989	0.0	0.0			True
chr11	4636835	4637355	HBE1	0	ENCSR056HPM	1989	0.0	0.0			True
chr11	4658455	4659495	HBE1	0	ENCSR056HPM	1989	0.0	0.0			True
chr11	4890355	4890855	HBE1	0	ENCSR056HPM	1989	0.0	0.0			True
chr11	4891935	4892475	HBE1	0	ENCSR056HPM	1989	0.0	0.0			True
chr11	4990975	4991535	HBE1	0	ENCSR056HPM	1989	0.0	0.0			True
chr11	5124035	5124535	HBE1	0	ENCSR056HPM	1989	0.0	0.0			True
chr11	5129295	5129835	HBE1	0	ENCSR056HPM	1989	0.0	0.0			True
chr11	5171815	5172315	HBE1	0	ENCSR056HPM	1989	0.0	0.0			True
chr11	5196035	5196535	HBE1	0	ENCSR056HPM	1989	0.0	0.0			True
chr11	5204735	5205255	HBE1	0	ENCSR056HPM	1989	0.0	0.0			True
chr11	5224435	5225275	HBE1	0	ENCSR056HPM	1989	0.0	0.0			True
chr11	5225415	5225955	HBE1	0	ENCSR056HPM	1989	0.0	0.0			True
chr11	5258555	5259055	HBE1	0	ENCSR056HPM	1989	0.0	0.0			True
chr11	5291175	5291675	HBE1	0	ENCSR056HPM	1989	0.0	0.0			True
chr11	5335115	5335635	HBE1	0	ENCSR056HPM	1989	0.0	0.0			True
chr11	5363635	5364635	HBE1	0	ENCSR056HPM	1989	0.0	0.0			True
chr11	5369755	5370295	HBE1	0	ENCSR056HPM	1989	0.0	0.0			True
chr11	5380675	5381175	HBE1	0	ENCSR056HPM	1989	0.0	0.0			True
chr11	5476135	5476675	HBE1	0	ENCSR056HPM	1989	0.7413436128943595	0.0005340982461348176	0.000720436277333647	8.975192070007324	False
chr11	5506995	5507615	HBE1	0	ENCSR056HPM	1989	3.2169821531625	0.0023176628164947033	0.000720436277333647	8.975192070007324	False
chr11	5530995	5531795	HBE1	0	ENCSR056HPM	1989	0.5812133042822445	0.0004187329614069313	0.000720436277333647	8.975192070007324	False
chr11	5600255	5600775	HBE1	0	ENCSR056HPM	1989	0.0	0.0			True
chr11	5690235	5691935	HBE1	0	ENCSR056HPM	1989	0.0	0.0			True
chr11	5809875	5810895	HBE1	0	ENCSR056HPM	1989	0.0	0.0			True
chr11	6249775	6250295	HBE1	0	ENCSR056HPM	1989	0.0	0.0			True
chr11	6251055	6251595	HBE1	0	ENCSR056HPM	1989	0.0	0.0			True
chr11	6251815	6252335	HBE1	0	ENCSR056HPM	1989	0.0	0.0			True
chr11	6315775	6316275	HBE1	0	ENCSR056HPM	1989	0.0	0.0			True
chr11	6353295	6353855	HBE1	0	ENCSR056HPM	1989	0.0	0.0			True
chr11	6357155	6357655	HBE1	0	ENCSR056HPM	1989	0.0	0.0			True
chr11	6362975	6363495	HBE1	0	ENCSR056HPM	1989	0.0	0.0			True
chr11	6367235	6367775	HBE1	0	ENCSR056HPM	1989	0.0	0.0			True
chr11	6379155	6379675	HBE1	0	ENCSR056HPM	1989	0.0	0.0			True
chr11	6438895	6439415	HBE1	0	ENCSR056HPM	1989	0.0	0.0			True
chr11	6443335	6443835	HBE1	0	ENCSR056HPM	1989	0.0	0.0			True
chr11	6468995	6469535	HBE1	0	ENCSR056HPM	1989	0.0	0.0			True
chr11	6475215	6475715	HBE1	0	ENCSR056HPM	1989	0.0	0.0			True
chr11	6531235	6531735	HBE1	0	ENCSR056HPM	1989	0.0	0.0			True
chr11	6554775	6555735	HBE1	0	ENCSR056HPM	1989	0.0	0.0			True
chr11	6563215	6563735	HBE1	0	ENCSR056HPM	1989	0.0	0.0			True
chr11	6568415	6568955	HBE1	0	ENCSR056HPM	1989	0.0	0.0			True
chr11	6576575	6577075	HBE1	0	ENCSR056HPM	1989	0.0	0.0			True
chr11	6606855	6607355	HBE1	0	ENCSR056HPM	1989	0.0	0.0			True
chr11	6635214	6636014	HBE1	0	ENCSR056HPM	1989	0.0	0.0			True
chr11	6637894	6638894	HBE1	0	ENCSR056HPM	1989	0.0	0.0			True
chr11	6646034	6647474	HBE1	0	ENCSR056HPM	1989	0.0	0.0			True
chr11	6650894	6651414	HBE1	0	ENCSR056HPM	1989	0.0	0.0			True
chr11	6667734	6668234	HBE1	0	ENCSR056HPM	1989	0.0	0.0			True
chr11	6681914	6682414	HBE1	0	ENCSR056HPM	1989	0.0	0.0			True
chr11	6690234	6691234	HBE1	0	ENCSR056HPM	1989	0.0	0.0			True
chr11	6693894	6694414	HBE1	0	ENCSR056HPM	1989	0.0	0.0			True
chr11	6703394	6703914	HBE1	0	ENCSR056HPM	1989	0.0	0.0			True
chr11	6705834	6706354	HBE1	0	ENCSR056HPM	1989	0.0	0.0			True
chr11	6711454	6711954	HBE1	0	ENCSR056HPM	1989	0.0	0.0			True
chr11	6728154	6728694	HBE1	0	ENCSR056HPM	1989	0.0	0.0			True
chr11	6737794	6738294	HBE1	0	ENCSR056HPM	1989	0.0	0.0			True
chr11	6744974	6746094	HBE1	0	ENCSR056HPM	1989	0.0	0.0			True
chr11	6747194	6747694	HBE1	0	ENCSR056HPM	1989	0.0	0.0			True
chr11	6755254	6755754	HBE1	0	ENCSR056HPM	1989	0.0	0.0			True
chr11	6757334	6757834	HBE1	0	ENCSR056HPM	1989	0.0	0.0			True
chr11	6812294	6812834	HBE1	0	ENCSR056HPM	1989	0.0	0.0			True
chr11	7072514	7073014	HBE1	0	ENCSR056HPM	1989	0.0	0.0			True
chr11	7079654	7080194	HBE1	0	ENCSR056HPM	1989	0.0	0.0			True
chr11	7080774	7081274	HBE1	0	ENCSR056HPM	1989	0.0	0.0			True
chr11	7098154	7098654	HBE1	0	ENCSR056HPM	1989	0.0	0.0			True
chr11	7278294	7278834	HBE1	0	ENCSR056HPM	1989	0.0	0.0			True
chr11	7442474	7443054	HBE1	0	ENCSR056HPM	1989	0.0	0.0			True
chr11	61841784	61841802	FADS1	1	ENCSR056HPM	1989	0.8562970946299115	0.0007188085583038628	0.0008394282776862383	7.764701843261719	False
chr12	53696201	53696701	COPZ1	0	ENCSR056HPM	1989	0.0	0.0			True
chr12	53696201	53696701	HNRNPA1	0	ENCSR056HPM	1989	0.0	0.0			True
chr12	53696201	53696701	ITGA5	0	ENCSR056HPM	1989	0.0	0.0			True
chr12	53696201	53696701	NFE2	0	ENCSR056HPM	1989	0.0	0.0			True
chr12	53701681	53702221	COPZ1	0	ENCSR056HPM	1989	0.0	0.0			True
chr12	53701681	53702221	HNRNPA1	0	ENCSR056HPM	1989	0.0	0.0			True
chr12	53701681	53702221	ITGA5	0	ENCSR056HPM	1989	0.0	0.0			True
chr12	53701681	53702221	NFE2	0	ENCSR056HPM	1989	0.0	0.0			True
chr12	53719581	53720101	COPZ1	0	ENCSR056HPM	1989	0.0	0.0			True
chr12	53719581	53720101	HNRNPA1	0	ENCSR056HPM	1989	0.0	0.0			True
chr12	53719581	53720101	ITGA5	0	ENCSR056HPM	1989	0.0	0.0			True
chr12	53719581	53720101	NFE2	0	ENCSR056HPM	1989	0.0	0.0			True
chr12	53726221	53726741	COPZ1	0	ENCSR056HPM	1989	0.0	0.0			True
chr12	53726221	53726741	ITGA5	0	ENCSR056HPM	1989	0.0	0.0			True
chr12	53726221	53726741	NFE2	0	ENCSR056HPM	1989	0.0	0.0			True
chr12	53743501	53744041	COPZ1	0	ENCSR056HPM	1989	0.0	0.0			True
chr12	53743501	53744041	HNRNPA1	0	ENCSR056HPM	1989	0.0	0.0			True
chr12	53743501	53744041	ITGA5	0	ENCSR056HPM	1989	0.0	0.0			True
chr12	53743501	53744041	NFE2	0	ENCSR056HPM	1989	0.0	0.0			True
chr12	53746561	53747061	COPZ1	0	ENCSR056HPM	1989	0.0	0.0			True
chr12	53746561	53747061	HNRNPA1	0	ENCSR056HPM	1989	0.0	0.0			True
chr12	53746561	53747061	ITGA5	0	ENCSR056HPM	1989	0.0	0.0			True
chr12	53746561	53747061	NFE2	0	ENCSR056HPM	1989	0.0	0.0			True
chr12	53767601	53768121	COPZ1	0	ENCSR056HPM	1989	0.0	0.0			True
chr12	53767601	53768121	HNRNPA1	0	ENCSR056HPM	1989	0.0	0.0			True
chr12	53767601	53768121	ITGA5	0	ENCSR056HPM	1989	0.0	0.0			True
chr12	53767601	53768121	NFE2	0	ENCSR056HPM	1989	0.0	0.0			True
chr12	53791661	53792161	COPZ1	0	ENCSR056HPM	1989	0.0	0.0			True
chr12	53791661	53792161	HNRNPA1	0	ENCSR056HPM	1989	0.0	0.0			True
chr12	53791661	53792161	ITGA5	0	ENCSR056HPM	1989	0.0	0.0			True
chr12	53791661	53792161	NFE2	0	ENCSR056HPM	1989	0.0	0.0			True
chr12	53808921	53809441	COPZ1	0	ENCSR056HPM	1989	0.0	0.0			True
chr12	53808921	53809441	HNRNPA1	0	ENCSR056HPM	1989	0.0	0.0			True
chr12	53808921	53809441	ITGA5	0	ENCSR056HPM	1989	0.0	0.0			True
chr12	53808921	53809441	NFE2	0	ENCSR056HPM	1989	0.0	0.0			True
chr12	53941601	53942201	COPZ1	0	ENCSR056HPM	1989	0.0	0.0			True
chr12	53941601	53942201	HNRNPA1	0	ENCSR056HPM	1989	0.0	0.0			True
chr12	53941601	53942201	ITGA5	0	ENCSR056HPM	1989	0.0	0.0			True
chr12	53941601	53942201	NFE2	0	ENCSR056HPM	1989	0.0	0.0			True
chr12	53944681	53945201	COPZ1	0	ENCSR056HPM	1989	0.0	0.0			True
chr12	53944681	53945201	HNRNPA1	0	ENCSR056HPM	1989	0.0	0.0			True
chr12	53944681	53945201	ITGA5	0	ENCSR056HPM	1989	0.0	0.0			True
chr12	53944681	53945201	NFE2	0	ENCSR056HPM	1989	0.0	0.0			True
chr12	53948821	53949341	COPZ1	0	ENCSR056HPM	1989	0.0	0.0			True
chr12	53948821	53949341	HNRNPA1	0	ENCSR056HPM	1989	0.0	0.0			True
chr12	53948821	53949341	ITGA5	0	ENCSR056HPM	1989	0.0	0.0			True
chr12	53948821	53949341	NFE2	0	ENCSR056HPM	1989	0.0	0.0			True
chr12	53949461	53950021	COPZ1	0	ENCSR056HPM	1989	0.0	0.0			True
chr12	53949461	53950021	HNRNPA1	0	ENCSR056HPM	1989	0.0	0.0			True
chr12	53949461	53950021	ITGA5	0	ENCSR056HPM	1989	0.0	0.0			True
chr12	53949461	53950021	NFE2	0	ENCSR056HPM	1989	0.0	0.0			True
chr12	53950281	53950781	COPZ1	0	ENCSR056HPM	1989	0.0	0.0			True
chr12	53950281	53950781	HNRNPA1	0	ENCSR056HPM	1989	0.0	0.0			True
chr12	53950281	53950781	ITGA5	0	ENCSR056HPM	1989	0.0	0.0			True
chr12	53950281	53950781	NFE2	0	ENCSR056HPM	1989	0.0	0.0			True
chr12	53963401	53963921	COPZ1	0	ENCSR056HPM	1989	0.0	0.0			True
chr12	53963401	53963921	HNRNPA1	0	ENCSR056HPM	1989	0.0	0.0			True
chr12	53963401	53963921	ITGA5	0	ENCSR056HPM	1989	0.0	0.0			True
chr12	53963401	53963921	NFE2	0	ENCSR056HPM	1989	0.0	0.0			True
chr12	53963941	53964561	COPZ1	0	ENCSR056HPM	1989	0.0	0.0			True
chr12	53963941	53964561	HNRNPA1	0	ENCSR056HPM	1989	0.0	0.0			True
chr12	53963941	53964561	ITGA5	0	ENCSR056HPM	1989	0.0	0.0			True
chr12	53963941	53964561	NFE2	0	ENCSR056HPM	1989	0.0	0.0			True
chr12	53987761	53988281	COPZ1	0	ENCSR056HPM	1989	0.0	0.0			True
chr12	53987761	53988281	ITGA5	0	ENCSR056HPM	1989	0.0	0.0			True
chr12	53987761	53988281	NFE2	0	ENCSR056HPM	1989	0.0	0.0			True
chr12	53989021	53989521	COPZ1	0	ENCSR056HPM	1989	0.0	0.0			True
chr12	53989021	53989521	ITGA5	0	ENCSR056HPM	1989	0.0	0.0			True
chr12	53989021	53989521	NFE2	0	ENCSR056HPM	1989	0.0	0.0			True
chr12	53995321	53995841	COPZ1	0	ENCSR056HPM	1989	0.0	0.0			True
chr12	53995321	53995841	HNRNPA1	0	ENCSR056HPM	1989	0.0	0.0			True
chr12	53995321	53995841	ITGA5	0	ENCSR056HPM	1989	0.0	0.0			True
chr12	53995321	53995841	NFE2	0	ENCSR056HPM	1989	0.0	0.0			True
chr12	54004001	54004501	COPZ1	0	ENCSR056HPM	1989	0.0	0.0			True
chr12	54004001	54004501	HNRNPA1	0	ENCSR056HPM	1989	0.0	0.0			True
chr12	54004001	54004501	ITGA5	0	ENCSR056HPM	1989	0.0	0.0			True
chr12	54004001	54004501	NFE2	0	ENCSR056HPM	1989	0.0	0.0			True
chr12	54005881	54006381	COPZ1	0	ENCSR056HPM	1989	0.0	0.0			True
chr12	54005881	54006381	ITGA5	0	ENCSR056HPM	1989	0.0	0.0			True
chr12	54005881	54006381	NFE2	0	ENCSR056HPM	1989	0.0	0.0			True
chr12	54017761	54018281	COPZ1	0	ENCSR056HPM	1989	0.0	0.0			True
chr12	54018561	54019101	COPZ1	0	ENCSR056HPM	1989	0.0	0.0			True
chr12	54040041	54040561	COPZ1	0	ENCSR056HPM	1989	0.0	0.0			True
chr12	54040041	54040561	HNRNPA1	0	ENCSR056HPM	1989	0.0	0.0			True
chr12	54040041	54040561	ITGA5	0	ENCSR056HPM	1989	0.0	0.0			True
chr12	54040041	54040561	NFE2	0	ENCSR056HPM	1989	0.0	0.0			True
chr12	54082501	54083001	COPZ1	0	ENCSR056HPM	1989	0.0	0.0			True
chr12	54082501	54083001	HNRNPA1	0	ENCSR056HPM	1989	0.0	0.0			True
chr12	54082501	54083001	ITGA5	0	ENCSR056HPM	1989	0.0	0.0			True
chr12	54083861	54084401	COPZ1	0	ENCSR056HPM	1989	0.0	0.0			True
chr12	54083861	54084401	ITGA5	0	ENCSR056HPM	1989	0.0	0.0			True
chr12	54083861	54084401	NFE2	0	ENCSR056HPM	1989	0.0	0.0			True
chr12	54092861	54093421	COPZ1	0	ENCSR056HPM	1989	0.0	0.0			True
chr12	54092861	54093421	ITGA5	0	ENCSR056HPM	1989	0.0	0.0			True
chr12	54138981	54139481	COPZ1	0	ENCSR056HPM	1989	0.0	0.0			True
chr12	54138981	54139481	HNRNPA1	0	ENCSR056HPM	1989	0.0	0.0			True
chr12	54138981	54139481	ITGA5	0	ENCSR056HPM	1989	0.0	0.0			True
chr12	54138981	54139481	NFE2	0	ENCSR056HPM	1989	0.0	0.0			True
chr12	54159081	54159601	COPZ1	0	ENCSR056HPM	1989	0.0	0.0			True
chr12	54159081	54159601	HNRNPA1	0	ENCSR056HPM	1989	0.0	0.0			True
chr12	54159081	54159601	ITGA5	0	ENCSR056HPM	1989	0.0	0.0			True
chr12	54159081	54159601	NFE2	0	ENCSR056HPM	1989	0.0	0.0			True
chr12	54161601	54162121	COPZ1	0	ENCSR056HPM	1989	0.0	0.0			True
chr12	54161601	54162121	HNRNPA1	0	ENCSR056HPM	1989	0.0	0.0			True
chr12	54161601	54162121	ITGA5	0	ENCSR056HPM	1989	0.0	0.0			True
chr12	54161601	54162121	NFE2	0	ENCSR056HPM	1989	0.0	0.0			True
chr12	54168961	54169521	COPZ1	0	ENCSR056HPM	1989	0.0	0.0			True
chr12	54168961	54169521	HNRNPA1	0	ENCSR056HPM	1989	0.0	0.0			True
chr12	54168961	54169521	ITGA5	0	ENCSR056HPM	1989	0.0	0.0			True
chr12	54168961	54169521	NFE2	0	ENCSR056HPM	1989	0.0	0.0			True
chr12	54175341	54175841	COPZ1	0	ENCSR056HPM	1989	0.0	0.0			True
chr12	54175341	54175841	HNRNPA1	0	ENCSR056HPM	1989	0.0	0.0			True
chr12	54175341	54175841	ITGA5	0	ENCSR056HPM	1989	0.0	0.0			True
chr12	54175341	54175841	NFE2	0	ENCSR056HPM	1989	0.0	0.0			True
chr12	54191481	54191981	COPZ1	0	ENCSR056HPM	1989	0.0	0.0			True
chr12	54191481	54191981	HNRNPA1	0	ENCSR056HPM	1989	0.0	0.0			True
chr12	54191481	54191981	ITGA5	0	ENCSR056HPM	1989	0.0	0.0			True
chr12	54191481	54191981	NFE2	0	ENCSR056HPM	1989	0.0	0.0			True
chr12	54195701	54196201	COPZ1	0	ENCSR056HPM	1989	0.0	0.0			True
chr12	54195701	54196201	HNRNPA1	0	ENCSR056HPM	1989	0.0	0.0			True
chr12	54195701	54196201	ITGA5	0	ENCSR056HPM	1989	0.0	0.0			True
chr12	54195701	54196201	NFE2	0	ENCSR056HPM	1989	0.0	0.0			True
chr12	54197501	54198001	COPZ1	0	ENCSR056HPM	1989	0.0	0.0			True
chr12	54197501	54198001	HNRNPA1	0	ENCSR056HPM	1989	0.0	0.0			True
chr12	54197501	54198001	ITGA5	0	ENCSR056HPM	1989	0.0	0.0			True
chr12	54197501	54198001	NFE2	0	ENCSR056HPM	1989	0.0	0.0			True
chr12	54201261	54201781	COPZ1	0	ENCSR056HPM	1989	0.0	0.0			True
chr12	54201261	54201781	HNRNPA1	0	ENCSR056HPM	1989	0.0	0.0			True
chr12	54201261	54201781	ITGA5	0	ENCSR056HPM	1989	0.0	0.0			True
chr12	54201261	54201781	NFE2	0	ENCSR056HPM	1989	0.0	0.0			True
chr12	54207701	54208221	COPZ1	0	ENCSR056HPM	1989	0.0	0.0			True
chr12	54207701	54208221	HNRNPA1	0	ENCSR056HPM	1989	0.0	0.0			True
chr12	54207701	54208221	ITGA5	0	ENCSR056HPM	1989	0.0	0.0			True
chr12	54207701	54208221	NFE2	0	ENCSR056HPM	1989	0.0	0.0			True
chr12	54209801	54210341	COPZ1	0	ENCSR056HPM	1989	0.0	0.0			True
chr12	54209801	54210341	HNRNPA1	0	ENCSR056HPM	1989	0.0	0.0			True
chr12	54209801	54210341	ITGA5	0	ENCSR056HPM	1989	0.0	0.0			True
chr12	54209801	54210341	NFE2	0	ENCSR056HPM	1989	0.0	0.0			True
chr12	54214621	54215121	ITGA5	0	ENCSR056HPM	1989	0.0	0.0			True
chr12	54214621	54215121	NFE2	0	ENCSR056HPM	1989	0.0	0.0			True
chr12	54215561	54216061	ITGA5	0	ENCSR056HPM	1989	0.0	0.0			True
chr12	54215561	54216061	NFE2	0	ENCSR056HPM	1989	0.0	0.0			True
chr12	54216121	54217461	ITGA5	0	ENCSR056HPM	1989	0.0	0.0			True
chr12	54216121	54217461	NFE2	0	ENCSR056HPM	1989	0.0	0.0			True
chr12	54219981	54220521	ITGA5	0	ENCSR056HPM	1989	0.0	0.0			True
chr12	54219981	54220521	NFE2	0	ENCSR056HPM	1989	0.0	0.0			True
chr12	54227321	54227841	ITGA5	0	ENCSR056HPM	1989	0.0	0.0			True
chr12	54227321	54227841	NFE2	0	ENCSR056HPM	1989	0.0	0.0			True
chr12	54227941	54228441	ITGA5	0	ENCSR056HPM	1989	0.0	0.0			True
chr12	54227941	54228441	NFE2	0	ENCSR056HPM	1989	0.0	0.0			True
chr12	54241281	54241801	ITGA5	0	ENCSR056HPM	1989	0.0	0.0			True
chr12	54251581	54252161	ITGA5	0	ENCSR056HPM	1989	0.0	0.0			True
chr12	54251581	54252161	NFE2	0	ENCSR056HPM	1989	0.0	0.0			True
chr12	54261781	54262321	COPZ1	0	ENCSR056HPM	1989	0.0	0.0			True
chr12	54261781	54262321	ITGA5	0	ENCSR056HPM	1989	0.0	0.0			True
chr12	54261781	54262321	NFE2	0	ENCSR056HPM	1989	0.0	0.0			True
chr12	54262421	54262941	COPZ1	0	ENCSR056HPM	1989	0.0	0.0			True
chr12	54262421	54262941	ITGA5	0	ENCSR056HPM	1989	0.0	0.0			True
chr12	54262421	54262941	NFE2	0	ENCSR056HPM	1989	0.0	0.0			True
chr12	54265861	54266361	COPZ1	0	ENCSR056HPM	1989	0.0	0.0			True
chr12	54265861	54266361	ITGA5	0	ENCSR056HPM	1989	0.0	0.0			True
chr12	54283021	54283521	ITGA5	0	ENCSR056HPM	1989	0.0	0.0			True
chr12	54283021	54283521	NFE2	0	ENCSR056HPM	1989	0.373341566062942	0.0002555735409259796	0.0006845468888059258	8.613499641418457	False
chr12	54285841	54286341	ITGA5	0	ENCSR056HPM	1989	0.0	0.0			True
chr12	54285841	54286341	NFE2	0	ENCSR056HPM	1989	0.4275104536403117	0.0002926552260760218	0.0006845468888059258	8.613499641418457	False
chr12	54286541	54287101	ITGA5	0	ENCSR056HPM	1989	0.0	0.0			True
chr12	54286541	54287101	NFE2	0	ENCSR056HPM	1989	0.5906077751228436	0.0004043046210426837	0.0006845468888059258	8.613499641418457	False
chr12	54287161	54288101	ITGA5	0	ENCSR056HPM	1989	0.0	0.0			True
chr12	54287161	54288101	NFE2	0	ENCSR056HPM	1989	0.3409414486095261	0.00023339381732512265	0.0006845468888059258	8.613499641418457	False
chr12	54288141	54289141	HNRNPA1	0	ENCSR056HPM	1989	0.48553457060015826	0.00015672473818995059	0.0003227780107408762	9.266462326049805	False
chr12	54288141	54289141	ITGA5	0	ENCSR056HPM	1989	0.0	0.0			True
chr12	54288141	54289141	NFE2	0	ENCSR056HPM	1989	0.33738361500988934	0.00023095827782526612	0.0006845468888059258	8.613499641418457	False
chr12	54292001	54292801	ITGA5	0	ENCSR056HPM	1989	0.0	0.0			True
chr12	54294101	54294621	HNRNPA1	0	ENCSR056HPM	1989	0.6943428348862345	0.0002241255424451083	0.0003227780107408762	9.266462326049805	False
chr12	54294101	54294621	ITGA5	0	ENCSR056HPM	1989	0.0	0.0			True
chr12	54294681	54295181	HNRNPA1	0	ENCSR056HPM	1989	0.7981367376589839	0.000257628969848156	0.0003227780107408762	9.266462326049805	False
chr12	54294681	54295181	ITGA5	0	ENCSR056HPM	1989	0.0	0.0			True
chr12	54296641	54297141	COPZ1	0	ENCSR056HPM	1989	0.9520637059125842	0.0006136926240287721	0.0006445819744840264	8.7322416305542	False
chr12	54296641	54297141	HNRNPA1	0	ENCSR056HPM	1989	0.19562287382326735	6.314471829682589e-05	0.0003227780107408762	9.266462326049805	False
chr12	54296641	54297141	ITGA5	0	ENCSR056HPM	1989	0.0	0.0			True
chr12	54297781	54298341	COPZ1	0	ENCSR056HPM	1989	2.287158275011195	0.0014742838684469461	0.0006445819744840264	8.7322416305542	False
chr12	54297781	54298341	HNRNPA1	0	ENCSR056HPM	1989	0.570749567735556	0.0001842311176005751	0.0003227780107408762	9.266462326049805	False
chr12	54297781	54298341	ITGA5	0	ENCSR056HPM	1989	0.0	0.0			True
chr12	54303561	54304061	COPZ1	0	ENCSR056HPM	1989	1.3228631324836868	0.000852706958539784	0.0006445819744840264	8.7322416305542	False
chr12	54303561	54304061	HNRNPA1	1	ENCSR056HPM	1989	0.252231723734947	8.141737635014579e-05	0.0003227780107408762	9.266462326049805	False
chr12	54303561	54304061	ITGA5	0	ENCSR056HPM	1989	0.0	0.0			True
chr12	54304241	54304761	COPZ1	0	ENCSR056HPM	1989	4.047427896894788	0.002608939539641142	0.0006445819744840264	8.7322416305542	False
chr12	54304241	54304761	HNRNPA1	1	ENCSR056HPM	1989	0.7958381889981133	0.00025688702589832246	0.0003227780107408762	9.266462326049805	False
chr12	54304241	54304761	ITGA5	0	ENCSR056HPM	1989	0.0	0.0			True
chr12	54306981	54307501	HNRNPA1	1	ENCSR056HPM	1989	0.43076296822409205	0.00013904512161388993	0.0003227780107408762	9.266462326049805	False
chr12	54306981	54307501	ITGA5	0	ENCSR056HPM	1989	0.0	0.0			True
chr12	54330821	54331321	HNRNPA1	0	ENCSR056HPM	1989	0.0	0.0			True
chr12	54330821	54331321	ITGA5	0	ENCSR056HPM	1989	0.0	0.0			True
chr12	54338121	54338741	ITGA5	0	ENCSR056HPM	1989	0.0	0.0			True
chr12	54352001	54352501	ITGA5	0	ENCSR056HPM	1989	0.0	0.0			True
chr12	54358081	54358601	ITGA5	0	ENCSR056HPM	1989	0.0	0.0			True
chr12	54359021	54360261	ITGA5	0	ENCSR056HPM	1989	0.0	0.0			True
chr12	54360761	54361261	ITGA5	0	ENCSR056HPM	1989	0.0	0.0			True
chr12	54367481	54368001	ITGA5	0	ENCSR056HPM	1989	0.0	0.0			True
chr12	54368121	54368621	ITGA5	0	ENCSR056HPM	1989	0.0	0.0			True
chr12	54368641	54369601	ITGA5	0	ENCSR056HPM	1989	0.0	0.0			True
chr12	54370161	54370681	HNRNPA1	0	ENCSR056HPM	1989	0.0	0.0			True
chr12	54370161	54370681	ITGA5	0	ENCSR056HPM	1989	0.0	0.0			True
chr12	54370161	54370681	NFE2	0	ENCSR056HPM	1989	0.0	0.0			True
chr12	54376721	54377261	HNRNPA1	0	ENCSR056HPM	1989	0.0	0.0			True
chr12	54376721	54377261	ITGA5	0	ENCSR056HPM	1989	0.0	0.0			True
chr12	54376721	54377261	NFE2	0	ENCSR056HPM	1989	0.0	0.0			True
chr12	54379021	54379521	HNRNPA1	0	ENCSR056HPM	1989	0.0	0.0			True
chr12	54379021	54379521	ITGA5	0	ENCSR056HPM	1989	0.0	0.0			True
chr12	54379021	54379521	NFE2	0	ENCSR056HPM	1989	0.0	0.0			True
chr12	54379541	54380081	HNRNPA1	0	ENCSR056HPM	1989	0.0	0.0			True
chr12	54379541	54380081	ITGA5	0	ENCSR056HPM	1989	0.0	0.0			True
chr12	54379541	54380081	NFE2	0	ENCSR056HPM	1989	0.0	0.0			True
chr12	54383101	54383601	COPZ1	0	ENCSR056HPM	1989	0.0	0.0			True
chr12	54383101	54383601	HNRNPA1	0	ENCSR056HPM	1989	0.0	0.0			True
chr12	54383101	54383601	ITGA5	0	ENCSR056HPM	1989	0.0	0.0			True
chr12	54383101	54383601	NFE2	0	ENCSR056HPM	1989	0.0	0.0			True
chr12	54388721	54389261	COPZ1	0	ENCSR056HPM	1989	0.0	0.0			True
chr12	54388721	54389261	HNRNPA1	0	ENCSR056HPM	1989	0.0	0.0			True
chr12	54388721	54389261	ITGA5	0	ENCSR056HPM	1989	0.21627160343754542	0.00010216051305178553	0.0004723613674286753	8.66604232788086	False
chr12	54388721	54389261	NFE2	0	ENCSR056HPM	1989	0.0	0.0			True
chr12	54393681	54394701	COPZ1	0	ENCSR056HPM	1989	0.0	0.0			True
chr12	54393681	54394701	HNRNPA1	0	ENCSR056HPM	1989	0.0	0.0			True
chr12	54393681	54394701	NFE2	0	ENCSR056HPM	1989	0.0	0.0			True
chr12	54399241	54399761	COPZ1	0	ENCSR056HPM	1989	0.0	0.0			True
chr12	54399241	54399761	HNRNPA1	0	ENCSR056HPM	1989	0.0	0.0			True
chr12	54399241	54399761	NFE2	0	ENCSR056HPM	1989	0.0	0.0			True
chr12	54404301	54404841	COPZ1	0	ENCSR056HPM	1989	0.0	0.0			True
chr12	54404301	54404841	HNRNPA1	0	ENCSR056HPM	1989	0.0	0.0			True
chr12	54404301	54404841	NFE2	0	ENCSR056HPM	1989	0.0	0.0			True
chr12	54417141	54417681	COPZ1	0	ENCSR056HPM	1989	0.0	0.0			True
chr12	54417141	54417681	HNRNPA1	0	ENCSR056HPM	1989	0.0	0.0			True
chr12	54423121	54423661	COPZ1	0	ENCSR056HPM	1989	0.0	0.0			True
chr12	54423121	54423661	HNRNPA1	0	ENCSR056HPM	1989	0.0	0.0			True
chr12	54423121	54423661	ITGA5	0	ENCSR056HPM	1989	1.2123940347906499	0.0005727002280764282	0.0004723613674286753	8.66604232788086	False
chr12	54423121	54423661	NFE2	0	ENCSR056HPM	1989	0.0	0.0			True
chr12	54425361	54426101	COPZ1	0	ENCSR056HPM	1989	0.0	0.0			True
chr12	54425361	54426101	HNRNPA1	0	ENCSR056HPM	1989	0.0	0.0			True
chr12	54425361	54426101	ITGA5	0	ENCSR056HPM	1989	0.36260407735793165	0.00017128378385677934	0.0004723613674286753	8.66604232788086	False
chr12	54425361	54426101	NFE2	0	ENCSR056HPM	1989	0.0	0.0			True
chr12	54427401	54428041	COPZ1	0	ENCSR056HPM	1989	0.0	0.0			True
chr12	54427401	54428041	HNRNPA1	0	ENCSR056HPM	1989	0.0	0.0			True
chr12	54427401	54428041	ITGA5	0	ENCSR056HPM	1989	1.7014181759146483	0.0008037012303248048	0.0004723613674286753	8.66604232788086	False
chr12	54427401	54428041	NFE2	0	ENCSR056HPM	1989	0.0	0.0			True
chr12	54428661	54429181	COPZ1	0	ENCSR056HPM	1989	0.0	0.0			True
chr12	54428661	54429181	HNRNPA1	0	ENCSR056HPM	1989	0.0	0.0			True
chr12	54428661	54429181	NFE2	0	ENCSR056HPM	1989	0.0	0.0			True
chr12	54432121	54432881	COPZ1	0	ENCSR056HPM	1989	0.0	0.0			True
chr12	54432121	54432881	NFE2	0	ENCSR056HPM	1989	0.0	0.0			True
chr12	54439481	54439981	COPZ1	0	ENCSR056HPM	1989	0.0	0.0			True
chr12	54439481	54439981	HNRNPA1	0	ENCSR056HPM	1989	0.0	0.0			True
chr12	54439481	54439981	NFE2	0	ENCSR056HPM	1989	0.0	0.0			True
chr12	54448241	54448741	COPZ1	0	ENCSR056HPM	1989	0.0	0.0			True
chr12	54448241	54448741	HNRNPA1	0	ENCSR056HPM	1989	0.0	0.0			True
chr12	54448241	54448741	ITGA5	0	ENCSR056HPM	1989	0.13941963335778432	6.585784285562113e-05	0.0004723613674286753	8.66604232788086	False
chr12	54448241	54448741	NFE2	0	ENCSR056HPM	1989	0.0	0.0			True
chr12	54462921	54463481	COPZ1	0	ENCSR056HPM	1989	0.0	0.0			True
chr12	54462921	54463481	HNRNPA1	0	ENCSR056HPM	1989	0.0	0.0			True
chr12	54462921	54463481	ITGA5	0	ENCSR056HPM	1989	0.0	0.0			True
chr12	54462921	54463481	NFE2	0	ENCSR056HPM	1989	0.0	0.0			True
chr12	54475441	54475941	COPZ1	0	ENCSR056HPM	1989	0.0	0.0			True
chr12	54475441	54475941	HNRNPA1	0	ENCSR056HPM	1989	0.0	0.0			True
chr12	54475441	54475941	ITGA5	0	ENCSR056HPM	1989	0.0	0.0			True
chr12	54475441	54475941	NFE2	0	ENCSR056HPM	1989	0.0	0.0			True
chr12	54485621	54486661	COPZ1	0	ENCSR056HPM	1989	0.0	0.0			True
chr12	54485621	54486661	HNRNPA1	0	ENCSR056HPM	1989	0.0	0.0			True
chr12	54485621	54486661	NFE2	0	ENCSR056HPM	1989	0.0	0.0			True
chr12	54489841	54490381	COPZ1	0	ENCSR056HPM	1989	0.0	0.0			True
chr12	54489841	54490381	HNRNPA1	0	ENCSR056HPM	1989	0.0	0.0			True
chr12	54489841	54490381	ITGA5	0	ENCSR056HPM	1989	0.0	0.0			True
chr12	54489841	54490381	NFE2	0	ENCSR056HPM	1989	0.0	0.0			True
chr12	54527001	54527521	COPZ1	0	ENCSR056HPM	1989	0.0	0.0			True
chr12	54527001	54527521	HNRNPA1	0	ENCSR056HPM	1989	0.0	0.0			True
chr12	54527001	54527521	ITGA5	0	ENCSR056HPM	1989	0.0	0.0			True
chr12	54527001	54527521	NFE2	0	ENCSR056HPM	1989	0.0	0.0			True
chr12	54533141	54533781	COPZ1	0	ENCSR056HPM	1989	0.0	0.0			True
chr12	54533141	54533781	HNRNPA1	0	ENCSR056HPM	1989	0.0	0.0			True
chr12	54533141	54533781	ITGA5	0	ENCSR056HPM	1989	0.0	0.0			True
chr12	54533141	54533781	NFE2	0	ENCSR056HPM	1989	0.0	0.0			True
chr12	54560281	54560801	COPZ1	0	ENCSR056HPM	1989	0.0	0.0			True
chr12	54560281	54560801	HNRNPA1	0	ENCSR056HPM	1989	0.0	0.0			True
chr12	54560281	54560801	ITGA5	0	ENCSR056HPM	1989	0.0	0.0			True
chr12	54560281	54560801	NFE2	0	ENCSR056HPM	1989	0.0	0.0			True
chr12	54579641	54580141	COPZ1	0	ENCSR056HPM	1989	0.0	0.0			True
chr12	54579641	54580141	HNRNPA1	0	ENCSR056HPM	1989	0.0	0.0			True
chr12	54579641	54580141	ITGA5	0	ENCSR056HPM	1989	0.0	0.0			True
chr12	54579641	54580141	NFE2	0	ENCSR056HPM	1989	0.0	0.0			True
chr12	54596361	54596861	COPZ1	0	ENCSR056HPM	1989	0.0	0.0			True
chr12	54596361	54596861	HNRNPA1	0	ENCSR056HPM	1989	0.0	0.0			True
chr12	54596361	54596861	ITGA5	0	ENCSR056HPM	1989	0.0	0.0			True
chr12	54596361	54596861	NFE2	0	ENCSR056HPM	1989	0.0	0.0			True
chr12	54603081	54603601	COPZ1	0	ENCSR056HPM	1989	0.0	0.0			True
chr12	54603081	54603601	HNRNPA1	0	ENCSR056HPM	1989	0.0	0.0			True
chr12	54603081	54603601	ITGA5	0	ENCSR056HPM	1989	0.0	0.0			True
chr12	54603081	54603601	NFE2	0	ENCSR056HPM	1989	0.0	0.0			True
chr12	54658561	54659141	COPZ1	0	ENCSR056HPM	1989	0.0	0.0			True
chr12	54658561	54659141	HNRNPA1	0	ENCSR056HPM	1989	0.0	0.0			True
chr12	54658561	54659141	ITGA5	0	ENCSR056HPM	1989	0.0	0.0			True
chr12	54658561	54659141	NFE2	0	ENCSR056HPM	1989	0.0	0.0			True
chr12	54702161	54702661	COPZ1	0	ENCSR056HPM	1989	0.0	0.0			True
chr12	54702161	54702661	HNRNPA1	0	ENCSR056HPM	1989	0.0	0.0			True
chr12	54702161	54702661	ITGA5	0	ENCSR056HPM	1989	0.0	0.0			True
chr12	54702161	54702661	NFE2	0	ENCSR056HPM	1989	0.0	0.0			True
chr12	54749181	54749701	COPZ1	0	ENCSR056HPM	1989	0.0	0.0			True
chr12	54749181	54749701	HNRNPA1	0	ENCSR056HPM	1989	0.0	0.0			True
chr12	54749181	54749701	ITGA5	0	ENCSR056HPM	1989	0.0	0.0			True
chr12	54749181	54749701	NFE2	0	ENCSR056HPM	1989	0.0	0.0			True
chr12	54759641	54760141	COPZ1	0	ENCSR056HPM	1989	0.0	0.0			True
chr12	54759641	54760141	HNRNPA1	0	ENCSR056HPM	1989	0.0	0.0			True
chr12	54759641	54760141	ITGA5	0	ENCSR056HPM	1989	0.0	0.0			True
chr12	54759641	54760141	NFE2	0	ENCSR056HPM	1989	0.0	0.0			True
chr17	32897552	32897572	MYO1D	1	ENCSR056HPM	1989	1.3250114117275402	0.0006931941607035697	0.0005231508985161781	9.171655654907227	False
chr17	42699222	42699316	EZH1	1	ENCSR056HPM	1989	0.0	0.0			True
chr19	12202210	12202750	TRIR	0	ENCSR056HPM	1989	0.0	0.0			True
chr19	12202210	12202750	CALR	0	ENCSR056HPM	1989	0.0	0.0			True
chr19	12202210	12202750	DHPS	0	ENCSR056HPM	1989	0.0	0.0			True
chr19	12202210	12202750	DNASE2	0	ENCSR056HPM	1989	0.0	0.0			True
chr19	12202210	12202750	JUNB	0	ENCSR056HPM	1989	0.0	0.0			True
chr19	12202210	12202750	KLF1	0	ENCSR056HPM	1989	0.0	0.0			True
chr19	12202210	12202750	LYL1	0	ENCSR056HPM	1989	0.0	0.0			True
chr19	12202210	12202750	PRDX2	0	ENCSR056HPM	1989	0.0	0.0			True
chr19	12202210	12202750	RAD23A	0	ENCSR056HPM	1989	0.0	0.0			True
chr19	12202210	12202750	RNASEH2A	0	ENCSR056HPM	1989	0.0	0.0			True
chr19	12202210	12202750	WDR83OS	0	ENCSR056HPM	1989	0.0	0.0			True
chr19	12293670	12294250	TRIR	0	ENCSR056HPM	1989	0.0	0.0			True
chr19	12293670	12294250	CALR	0	ENCSR056HPM	1989	0.0	0.0			True
chr19	12293670	12294250	DHPS	0	ENCSR056HPM	1989	0.0	0.0			True
chr19	12293670	12294250	DNASE2	0	ENCSR056HPM	1989	0.0	0.0			True
chr19	12293670	12294250	JUNB	0	ENCSR056HPM	1989	0.0	0.0			True
chr19	12293670	12294250	KLF1	0	ENCSR056HPM	1989	0.0	0.0			True
chr19	12293670	12294250	LYL1	0	ENCSR056HPM	1989	0.0	0.0			True
chr19	12293670	12294250	PRDX2	0	ENCSR056HPM	1989	0.0	0.0			True
chr19	12293670	12294250	RAD23A	0	ENCSR056HPM	1989	0.0	0.0			True
chr19	12293670	12294250	RNASEH2A	0	ENCSR056HPM	1989	0.0	0.0			True
chr19	12331071	12332131	TRIR	0	ENCSR056HPM	1989	0.0	0.0			True
chr19	12331071	12332131	CALR	0	ENCSR056HPM	1989	0.0	0.0			True
chr19	12331071	12332131	DHPS	0	ENCSR056HPM	1989	0.0	0.0			True
chr19	12331071	12332131	DNASE2	0	ENCSR056HPM	1989	0.0	0.0			True
chr19	12331071	12332131	JUNB	0	ENCSR056HPM	1989	0.0	0.0			True
chr19	12331071	12332131	KLF1	0	ENCSR056HPM	1989	0.0	0.0			True
chr19	12331071	12332131	LYL1	0	ENCSR056HPM	1989	0.0	0.0			True
chr19	12331071	12332131	PRDX2	0	ENCSR056HPM	1989	0.0	0.0			True
chr19	12331071	12332131	RAD23A	0	ENCSR056HPM	1989	0.0	0.0			True
chr19	12331071	12332131	RNASEH2A	0	ENCSR056HPM	1989	0.0	0.0			True
chr19	12411811	12412331	TRIR	0	ENCSR056HPM	1989	0.0	0.0			True
chr19	12411811	12412331	CALR	0	ENCSR056HPM	1989	0.0	0.0			True
chr19	12411811	12412331	DHPS	0	ENCSR056HPM	1989	0.0	0.0			True
chr19	12411811	12412331	DNASE2	0	ENCSR056HPM	1989	0.0	0.0			True
chr19	12411811	12412331	JUNB	0	ENCSR056HPM	1989	0.0	0.0			True
chr19	12411811	12412331	KLF1	0	ENCSR056HPM	1989	0.0	0.0			True
chr19	12411811	12412331	LYL1	0	ENCSR056HPM	1989	0.0	0.0			True
chr19	12411811	12412331	PRDX2	0	ENCSR056HPM	1989	0.0	0.0			True
chr19	12411811	12412331	RAD23A	0	ENCSR056HPM	1989	0.0	0.0			True
chr19	12411811	12412331	RNASEH2A	0	ENCSR056HPM	1989	0.0	0.0			True
chr19	12411811	12412331	WDR83OS	0	ENCSR056HPM	1989	0.0	0.0			True
chr19	12495171	12495671	TRIR	0	ENCSR056HPM	1989	0.0	0.0			True
chr19	12495171	12495671	CALR	0	ENCSR056HPM	1989	0.0	0.0			True
chr19	12495171	12495671	DNASE2	0	ENCSR056HPM	1989	0.0	0.0			True
chr19	12495171	12495671	JUNB	0	ENCSR056HPM	1989	0.0	0.0			True
chr19	12495171	12495671	KLF1	0	ENCSR056HPM	1989	0.0	0.0			True
chr19	12495171	12495671	LYL1	0	ENCSR056HPM	1989	0.0	0.0			True
chr19	12495171	12495671	PRDX2	0	ENCSR056HPM	1989	0.0	0.0			True
chr19	12495171	12495671	RAD23A	0	ENCSR056HPM	1989	0.0	0.0			True
chr19	12495171	12495671	RNASEH2A	0	ENCSR056HPM	1989	0.0	0.0			True
chr19	12521891	12522431	TRIR	0	ENCSR056HPM	1989	0.0	0.0			True
chr19	12521891	12522431	CALR	0	ENCSR056HPM	1989	0.0	0.0			True
chr19	12521891	12522431	DHPS	0	ENCSR056HPM	1989	0.0	0.0			True
chr19	12521891	12522431	DNASE2	0	ENCSR056HPM	1989	0.0	0.0			True
chr19	12521891	12522431	KLF1	0	ENCSR056HPM	1989	0.0	0.0			True
chr19	12521891	12522431	LYL1	0	ENCSR056HPM	1989	0.0	0.0			True
chr19	12521891	12522431	PRDX2	0	ENCSR056HPM	1989	0.0	0.0			True
chr19	12521891	12522431	RAD23A	0	ENCSR056HPM	1989	0.0	0.0			True
chr19	12521891	12522431	RNASEH2A	0	ENCSR056HPM	1989	0.0	0.0			True
chr19	12521891	12522431	WDR83OS	0	ENCSR056HPM	1989	0.0	0.0			True
chr19	12543711	12544231	TRIR	0	ENCSR056HPM	1989	0.0	0.0			True
chr19	12543711	12544231	DHPS	0	ENCSR056HPM	1989	0.0	0.0			True
chr19	12543711	12544231	DNASE2	0	ENCSR056HPM	1989	0.0	0.0			True
chr19	12543711	12544231	LYL1	0	ENCSR056HPM	1989	0.0	0.0			True
chr19	12543711	12544231	RAD23A	0	ENCSR056HPM	1989	0.0	0.0			True
chr19	12543711	12544231	RNASEH2A	0	ENCSR056HPM	1989	0.0	0.0			True
chr19	12543711	12544231	WDR83OS	0	ENCSR056HPM	1989	0.0	0.0			True
chr19	12544311	12544811	TRIR	0	ENCSR056HPM	1989	0.0	0.0			True
chr19	12544311	12544811	CALR	0	ENCSR056HPM	1989	0.0	0.0			True
chr19	12544311	12544811	DHPS	0	ENCSR056HPM	1989	0.0	0.0			True
chr19	12544311	12544811	DNASE2	0	ENCSR056HPM	1989	0.0	0.0			True
chr19	12544311	12544811	JUNB	0	ENCSR056HPM	1989	0.0	0.0			True
chr19	12544311	12544811	KLF1	0	ENCSR056HPM	1989	0.0	0.0			True
chr19	12544311	12544811	LYL1	0	ENCSR056HPM	1989	0.0	0.0			True
chr19	12544311	12544811	PRDX2	0	ENCSR056HPM	1989	0.0	0.0			True
chr19	12544311	12544811	RAD23A	0	ENCSR056HPM	1989	0.0	0.0			True
chr19	12544311	12544811	RNASEH2A	0	ENCSR056HPM	1989	0.0	0.0			True
chr19	12544311	12544811	WDR83OS	0	ENCSR056HPM	1989	0.0	0.0			True
chr19	12563971	12564471	TRIR	0	ENCSR056HPM	1989	0.0	0.0			True
chr19	12563971	12564471	CALR	0	ENCSR056HPM	1989	0.0	0.0			True
chr19	12563971	12564471	DHPS	0	ENCSR056HPM	1989	0.0	0.0			True
chr19	12563971	12564471	DNASE2	0	ENCSR056HPM	1989	0.0	0.0			True
chr19	12563971	12564471	KLF1	0	ENCSR056HPM	1989	0.0	0.0			True
chr19	12563971	12564471	LYL1	0	ENCSR056HPM	1989	0.0	0.0			True
chr19	12563971	12564471	PRDX2	0	ENCSR056HPM	1989	0.0	0.0			True
chr19	12563971	12564471	RAD23A	0	ENCSR056HPM	1989	0.0	0.0			True
chr19	12563971	12564471	RNASEH2A	0	ENCSR056HPM	1989	0.0	0.0			True
chr19	12640011	12640531	TRIR	0	ENCSR056HPM	1989	0.0	0.0			True
chr19	12640011	12640531	CALR	0	ENCSR056HPM	1989	0.0	0.0			True
chr19	12640011	12640531	DHPS	0	ENCSR056HPM	1989	0.0	0.0			True
chr19	12640011	12640531	DNASE2	0	ENCSR056HPM	1989	0.0	0.0			True
chr19	12640011	12640531	JUNB	0	ENCSR056HPM	1989	0.0	0.0			True
chr19	12640011	12640531	KLF1	0	ENCSR056HPM	1989	0.0	0.0			True
chr19	12640011	12640531	LYL1	0	ENCSR056HPM	1989	0.0	0.0			True
chr19	12640011	12640531	PRDX2	0	ENCSR056HPM	1989	0.0	0.0			True
chr19	12640011	12640531	RAD23A	0	ENCSR056HPM	1989	0.0	0.0			True
chr19	12640011	12640531	RNASEH2A	0	ENCSR056HPM	1989	0.0	0.0			True
chr19	12647491	12648071	TRIR	0	ENCSR056HPM	1989	0.0	0.0			True
chr19	12647491	12648071	CALR	0	ENCSR056HPM	1989	0.0	0.0			True
chr19	12647491	12648071	DNASE2	0	ENCSR056HPM	1989	0.0	0.0			True
chr19	12647491	12648071	JUNB	0	ENCSR056HPM	1989	0.0	0.0			True
chr19	12647491	12648071	KLF1	0	ENCSR056HPM	1989	0.0	0.0			True
chr19	12647491	12648071	LYL1	0	ENCSR056HPM	1989	0.0	0.0			True
chr19	12647491	12648071	RAD23A	0	ENCSR056HPM	1989	0.0	0.0			True
chr19	12647491	12648071	RNASEH2A	0	ENCSR056HPM	1989	0.0	0.0			True
chr19	12647491	12648071	WDR83OS	0	ENCSR056HPM	1989	0.32187760850010255	6.358787504723296e-05	0.0001975429622689262	9.98901653289795	False
chr19	12671911	12672491	TRIR	0	ENCSR056HPM	1989	0.0	0.0			True
chr19	12671911	12672491	DNASE2	0	ENCSR056HPM	1989	0.0	0.0			True
chr19	12671911	12672491	KLF1	0	ENCSR056HPM	1989	0.0	0.0			True
chr19	12671911	12672491	LYL1	0	ENCSR056HPM	1989	0.0	0.0			True
chr19	12671911	12672491	PRDX2	0	ENCSR056HPM	1989	0.0	0.0			True
chr19	12671911	12672491	RAD23A	0	ENCSR056HPM	1989	0.0	0.0			True
chr19	12671911	12672491	RNASEH2A	0	ENCSR056HPM	1989	0.0	0.0			True
chr19	12676251	12676771	TRIR	0	ENCSR056HPM	1989	0.0	0.0			True
chr19	12676251	12676771	CALR	0	ENCSR056HPM	1989	0.0	0.0			True
chr19	12676251	12676771	DNASE2	0	ENCSR056HPM	1989	0.0	0.0			True
chr19	12676251	12676771	KLF1	0	ENCSR056HPM	1989	0.0	0.0			True
chr19	12676251	12676771	LYL1	0	ENCSR056HPM	1989	0.0	0.0			True
chr19	12676251	12676771	PRDX2	0	ENCSR056HPM	1989	0.0	0.0			True
chr19	12676251	12676771	RAD23A	0	ENCSR056HPM	1989	0.0	0.0			True
chr19	12676251	12676771	RNASEH2A	0	ENCSR056HPM	1989	0.0	0.0			True
chr19	12716871	12717391	TRIR	0	ENCSR056HPM	1989	0.0	0.0			True
chr19	12716871	12717391	CALR	0	ENCSR056HPM	1989	0.0	0.0			True
chr19	12716871	12717391	DNASE2	0	ENCSR056HPM	1989	0.0	0.0			True
chr19	12716871	12717391	KLF1	0	ENCSR056HPM	1989	0.0	0.0			True
chr19	12716871	12717391	LYL1	0	ENCSR056HPM	1989	0.0	0.0			True
chr19	12716871	12717391	RAD23A	0	ENCSR056HPM	1989	0.0	0.0			True
chr19	12716871	12717391	WDR83OS	0	ENCSR056HPM	1989	0.0	0.0			True
chr19	12757471	12757991	TRIR	0	ENCSR056HPM	1989	0.0	0.0			True
chr19	12757471	12757991	CALR	0	ENCSR056HPM	1989	0.0	0.0			True
chr19	12757471	12757991	DHPS	0	ENCSR056HPM	1989	0.0	0.0			True
chr19	12757471	12757991	DNASE2	0	ENCSR056HPM	1989	0.0	0.0			True
chr19	12757471	12757991	JUNB	0	ENCSR056HPM	1989	0.0	0.0			True
chr19	12757471	12757991	KLF1	0	ENCSR056HPM	1989	0.0	0.0			True
chr19	12757471	12757991	LYL1	0	ENCSR056HPM	1989	0.0	0.0			True
chr19	12757471	12757991	PRDX2	0	ENCSR056HPM	1989	0.0	0.0			True
chr19	12757471	12757991	RAD23A	0	ENCSR056HPM	1989	0.0	0.0			True
chr19	12757471	12757991	RNASEH2A	0	ENCSR056HPM	1989	0.0	0.0			True
chr19	12757471	12757991	WDR83OS	0	ENCSR056HPM	1989	0.0	0.0			True
chr19	12760491	12761031	TRIR	0	ENCSR056HPM	1989	0.0	0.0			True
chr19	12760491	12761031	CALR	0	ENCSR056HPM	1989	0.0	0.0			True
chr19	12760491	12761031	DHPS	0	ENCSR056HPM	1989	0.0	0.0			True
chr19	12760491	12761031	DNASE2	0	ENCSR056HPM	1989	0.0	0.0			True
chr19	12760491	12761031	JUNB	0	ENCSR056HPM	1989	0.09152952884515514	1.4930881661712192e-05	0.00016311639046762139	10.603281021118164	False
chr19	12760491	12761031	KLF1	0	ENCSR056HPM	1989	0.0	0.0			True
chr19	12760491	12761031	LYL1	0	ENCSR056HPM	1989	0.0	0.0			True
chr19	12760491	12761031	PRDX2	0	ENCSR056HPM	1989	0.0	0.0			True
chr19	12760491	12761031	RAD23A	0	ENCSR056HPM	1989	0.0	0.0			True
chr19	12760491	12761031	RNASEH2A	0	ENCSR056HPM	1989	0.0	0.0			True
chr19	12760491	12761031	WDR83OS	0	ENCSR056HPM	1989	0.0	0.0			True
chr19	12765971	12766531	TRIR	0	ENCSR056HPM	1989	0.0	0.0			True
chr19	12765971	12766531	DHPS	0	ENCSR056HPM	1989	0.0	0.0			True
chr19	12765971	12766531	DNASE2	0	ENCSR056HPM	1989	0.0	0.0			True
chr19	12765971	12766531	JUNB	0	ENCSR056HPM	1989	0.21367794429083697	3.485651177470572e-05	0.00016311639046762139	10.603281021118164	False
chr19	12765971	12766531	KLF1	0	ENCSR056HPM	1989	0.0	0.0			True
chr19	12765971	12766531	LYL1	0	ENCSR056HPM	1989	0.0	0.0			True
chr19	12765971	12766531	RAD23A	0	ENCSR056HPM	1989	0.0	0.0			True
chr19	12765971	12766531	WDR83OS	0	ENCSR056HPM	1989	0.0	0.0			True
chr19	12777511	12778031	TRIR	0	ENCSR056HPM	1989	0.0	0.0			True
chr19	12777511	12778031	DHPS	0	ENCSR056HPM	1989	0.0	0.0			True
chr19	12777511	12778031	DNASE2	0	ENCSR056HPM	1989	0.0	0.0			True
chr19	12777511	12778031	KLF1	0	ENCSR056HPM	1989	0.0	0.0			True
chr19	12777511	12778031	LYL1	0	ENCSR056HPM	1989	0.0	0.0			True
chr19	12777511	12778031	RAD23A	0	ENCSR056HPM	1989	0.0	0.0			True
chr19	12777511	12778031	RNASEH2A	0	ENCSR056HPM	1989	0.12001065192448786	2.2253223505686037e-05	0.00018541706958785653	9.889813423156738	False
chr19	12777511	12778031	WDR83OS	0	ENCSR056HPM	1989	0.0	0.0			True
chr19	12779131	12779731	TRIR	0	ENCSR056HPM	1989	0.0	0.0			True
chr19	12779131	12779731	DHPS	0	ENCSR056HPM	1989	0.0	0.0			True
chr19	12779131	12779731	KLF1	0	ENCSR056HPM	1989	0.0	0.0			True
chr19	12779131	12779731	LYL1	0	ENCSR056HPM	1989	0.0	0.0			True
chr19	12779131	12779731	RAD23A	0	ENCSR056HPM	1989	0.0	0.0			True
chr19	12779131	12779731	WDR83OS	0	ENCSR056HPM	1989	0.0	0.0			True
chr19	12782291	12783171	TRIR	0	ENCSR056HPM	1989	0.0	0.0			True
chr19	12782291	12783171	DHPS	0	ENCSR056HPM	1989	0.0	0.0			True
chr19	12782291	12783171	DNASE2	0	ENCSR056HPM	1989	0.0	0.0			True
chr19	12782291	12783171	KLF1	0	ENCSR056HPM	1989	0.0	0.0			True
chr19	12782291	12783171	RAD23A	0	ENCSR056HPM	1989	0.0	0.0			True
chr19	12782291	12783171	RNASEH2A	0	ENCSR056HPM	1989	0.3763770742923815	6.979049794608727e-05	0.00018541706958785653	9.889813423156738	False
chr19	12782291	12783171	WDR83OS	0	ENCSR056HPM	1989	0.0	0.0			True
chr19	12784451	12784971	TRIR	0	ENCSR056HPM	1989	0.0	0.0			True
chr19	12784451	12784971	DHPS	0	ENCSR056HPM	1989	0.0	0.0			True
chr19	12784451	12784971	DNASE2	0	ENCSR056HPM	1989	0.0	0.0			True
chr19	12784451	12784971	KLF1	0	ENCSR056HPM	1989	0.0	0.0			True
chr19	12784451	12784971	RAD23A	0	ENCSR056HPM	1989	0.0	0.0			True
chr19	12784451	12784971	RNASEH2A	0	ENCSR056HPM	1989	0.1540849044653411	2.8571512302733026e-05	0.00018541706958785653	9.889813423156738	False
chr19	12784451	12784971	WDR83OS	0	ENCSR056HPM	1989	0.0	0.0			True
chr19	12789831	12790351	TRIR	0	ENCSR056HPM	1989	0.0	0.0			True
chr19	12789831	12790351	DNASE2	0	ENCSR056HPM	1989	0.0	0.0			True
chr19	12789831	12790351	KLF1	0	ENCSR056HPM	1989	0.0	0.0			True
chr19	12789831	12790351	PRDX2	0	ENCSR056HPM	1989	1.0207851104089003	0.00020682373724412173	0.00020260241581127048	9.930214881896973	False
chr19	12789831	12790351	RNASEH2A	0	ENCSR056HPM	1989	0.938128293943075	0.00017395438044331968	0.00018541706958785653	9.889813423156738	False
chr19	12793351	12793851	TRIR	0	ENCSR056HPM	1989	0.0	0.0			True
chr19	12793351	12793851	LYL1	0	ENCSR056HPM	1989	0.0	0.0			True
chr19	12793351	12793851	PRDX2	0	ENCSR056HPM	1989	1.4214528574588885	0.0002880039974115789	0.00020260241581127048	9.930214881896973	False
chr19	12796031	12796931	TRIR	0	ENCSR056HPM	1989	0.0	0.0			True
chr19	12796031	12796931	CALR	0	ENCSR056HPM	1989	0.0	0.0			True
chr19	12796031	12796931	JUNB	0	ENCSR056HPM	1989	1.5766871329525538	0.00025719928089529276	0.00016311639046762139	10.603281021118164	False
chr19	12796031	12796931	KLF1	0	ENCSR056HPM	1989	0.0	0.0			True
chr19	12796031	12796931	LYL1	0	ENCSR056HPM	1989	0.0	0.0			True
chr19	12796031	12796931	RAD23A	0	ENCSR056HPM	1989	0.0	0.0			True
chr19	12796031	12796931	WDR83OS	0	ENCSR056HPM	1989	0.0	0.0			True
chr19	12814891	12815491	TRIR	0	ENCSR056HPM	1989	0.0	0.0			True
chr19	12814891	12815491	DHPS	0	ENCSR056HPM	1989	0.0	0.0			True
chr19	12814891	12815491	DNASE2	0	ENCSR056HPM	1989	0.0	0.0			True
chr19	12814891	12815491	KLF1	0	ENCSR056HPM	1989	0.0	0.0			True
chr19	12814891	12815491	LYL1	0	ENCSR056HPM	1989	0.0	0.0			True
chr19	12814891	12815491	PRDX2	0	ENCSR056HPM	1989	0.18053063797322513	3.6577748687705025e-05	0.00020260241581127048	9.930214881896973	False
chr19	12814891	12815491	RAD23A	0	ENCSR056HPM	1989	0.0	0.0			True
chr19	12825131	12825931	TRIR	0	ENCSR056HPM	1989	0.0	0.0			True
chr19	12825131	12825931	CALR	0	ENCSR056HPM	1989	0.0	0.0			True
chr19	12825131	12825931	DHPS	0	ENCSR056HPM	1989	0.0	0.0			True
chr19	12825131	12825931	JUNB	0	ENCSR056HPM	1989	0.0	0.0			True
chr19	12825131	12825931	LYL1	0	ENCSR056HPM	1989	0.0	0.0			True
chr19	12825131	12825931	PRDX2	1	ENCSR056HPM	1989	0.3108209226097577	6.297617801465094e-05	0.00020260241581127048	9.930214881896973	False
chr19	12825131	12825931	RAD23A	0	ENCSR056HPM	1989	0.0	0.0			True
chr19	12825131	12825931	WDR83OS	0	ENCSR056HPM	1989	0.0	0.0			True
chr19	12828311	12828891	TRIR	0	ENCSR056HPM	1989	0.0	0.0			True
chr19	12828311	12828891	CALR	0	ENCSR056HPM	1989	0.0	0.0			True
chr19	12828311	12828891	DHPS	0	ENCSR056HPM	1989	0.0	0.0			True
chr19	12828311	12828891	DNASE2	0	ENCSR056HPM	1989	0.0	0.0			True
chr19	12828311	12828891	JUNB	0	ENCSR056HPM	1989	0.0	0.0			True
chr19	12828311	12828891	KLF1	0	ENCSR056HPM	1989	0.0	0.0			True
chr19	12828311	12828891	LYL1	0	ENCSR056HPM	1989	0.0	0.0			True
chr19	12828311	12828891	PRDX2	0	ENCSR056HPM	1989	0.15129247137740845	3.0653733119834214e-05	0.00020260241581127048	9.930214881896973	False
chr19	12828311	12828891	RAD23A	0	ENCSR056HPM	1989	0.0	0.0			True
chr19	12828311	12828891	WDR83OS	0	ENCSR056HPM	1989	0.0	0.0			True
chr19	12832351	12832911	TRIR	0	ENCSR056HPM	1989	0.0	0.0			True
chr19	12832351	12832911	DHPS	0	ENCSR056HPM	1989	0.0	0.0			True
chr19	12832351	12832911	DNASE2	0	ENCSR056HPM	1989	0.0	0.0			True
chr19	12832351	12832911	JUNB	0	ENCSR056HPM	1989	0.0	0.0			True
chr19	12832351	12832911	KLF1	0	ENCSR056HPM	1989	0.0	0.0			True
chr19	12832351	12832911	LYL1	0	ENCSR056HPM	1989	0.0	0.0			True
chr19	12832351	12832911	RAD23A	0	ENCSR056HPM	1989	0.0	0.0			True
chr19	12832351	12832911	WDR83OS	0	ENCSR056HPM	1989	0.0	0.0			True
chr19	12836211	12836711	TRIR	0	ENCSR056HPM	1989	0.0	0.0			True
chr19	12836211	12836711	LYL1	0	ENCSR056HPM	1989	0.0	0.0			True
chr19	12836211	12836711	RAD23A	0	ENCSR056HPM	1989	0.0	0.0			True
chr19	12836211	12836711	WDR83OS	0	ENCSR056HPM	1989	0.0	0.0			True
chr19	12840451	12841011	TRIR	0	ENCSR056HPM	1989	0.0	0.0			True
chr19	12840451	12841011	CALR	0	ENCSR056HPM	1989	0.0	0.0			True
chr19	12840451	12841011	DNASE2	0	ENCSR056HPM	1989	0.0	0.0			True
chr19	12840451	12841011	JUNB	0	ENCSR056HPM	1989	0.0	0.0			True
chr19	12840451	12841011	KLF1	0	ENCSR056HPM	1989	0.0	0.0			True
chr19	12840451	12841011	LYL1	0	ENCSR056HPM	1989	0.0	0.0			True
chr19	12840451	12841011	RAD23A	0	ENCSR056HPM	1989	0.0	0.0			True
chr19	12840451	12841011	WDR83OS	0	ENCSR056HPM	1989	0.0	0.0			True
chr19	12841111	12841611	TRIR	0	ENCSR056HPM	1989	0.0	0.0			True
chr19	12841111	12841611	JUNB	0	ENCSR056HPM	1989	0.0	0.0			True
chr19	12841111	12841611	LYL1	0	ENCSR056HPM	1989	0.0	0.0			True
chr19	12841111	12841611	RAD23A	0	ENCSR056HPM	1989	0.0	0.0			True
chr19	12841111	12841611	WDR83OS	0	ENCSR056HPM	1989	0.0	0.0			True
chr19	12847511	12848011	TRIR	0	ENCSR056HPM	1989	0.0	0.0			True
chr19	12847511	12848011	CALR	0	ENCSR056HPM	1989	0.0	0.0			True
chr19	12847511	12848011	JUNB	0	ENCSR056HPM	1989	0.0	0.0			True
chr19	12847511	12848011	LYL1	0	ENCSR056HPM	1989	0.0	0.0			True
chr19	12847511	12848011	RAD23A	0	ENCSR056HPM	1989	0.0	0.0			True
chr19	12847511	12848011	WDR83OS	0	ENCSR056HPM	1989	0.0	0.0			True
chr19	12867151	12867931	TRIR	0	ENCSR056HPM	1989	0.0	0.0			True
chr19	12867151	12867931	CALR	0	ENCSR056HPM	1989	0.0	0.0			True
chr19	12867151	12867931	DHPS	0	ENCSR056HPM	1989	0.0	0.0			True
chr19	12867151	12867931	JUNB	0	ENCSR056HPM	1989	0.0	0.0			True
chr19	12867151	12867931	KLF1	1	ENCSR056HPM	1989	0.27031729198717946	0.00020211453374940902	0.0007476836908608675	8.33044719696045	False
chr19	12867151	12867931	LYL1	0	ENCSR056HPM	1989	0.0	0.0			True
chr19	12867151	12867931	PRDX2	0	ENCSR056HPM	1989	0.0	0.0			True
chr19	12867151	12867931	RAD23A	0	ENCSR056HPM	1989	0.0	0.0			True
chr19	12867151	12867931	RNASEH2A	0	ENCSR056HPM	1989	0.0	0.0			True
chr19	12872211	12872711	TRIR	0	ENCSR056HPM	1989	0.0	0.0			True
chr19	12872211	12872711	CALR	0	ENCSR056HPM	1989	0.0	0.0			True
chr19	12872211	12872711	DHPS	0	ENCSR056HPM	1989	0.0	0.0			True
chr19	12872211	12872711	JUNB	0	ENCSR056HPM	1989	0.0	0.0			True
chr19	12872211	12872711	LYL1	0	ENCSR056HPM	1989	0.0	0.0			True
chr19	12872211	12872711	PRDX2	0	ENCSR056HPM	1989	0.0	0.0			True
chr19	12872211	12872711	RAD23A	0	ENCSR056HPM	1989	0.0	0.0			True
chr19	12872211	12872711	RNASEH2A	0	ENCSR056HPM	1989	0.0	0.0			True
chr19	12872211	12872711	WDR83OS	0	ENCSR056HPM	1989	0.0	0.0			True
chr19	12872831	12873371	TRIR	0	ENCSR056HPM	1989	0.0	0.0			True
chr19	12872831	12873371	CALR	0	ENCSR056HPM	1989	0.0	0.0			True
chr19	12872831	12873371	DHPS	0	ENCSR056HPM	1989	0.0	0.0			True
chr19	12872831	12873371	JUNB	0	ENCSR056HPM	1989	0.0	0.0			True
chr19	12872831	12873371	KLF1	0	ENCSR056HPM	1989	0.41172201640470285	0.0003078419540543109	0.0007476836908608675	8.33044719696045	False
chr19	12872831	12873371	LYL1	0	ENCSR056HPM	1989	0.0	0.0			True
chr19	12872831	12873371	PRDX2	0	ENCSR056HPM	1989	0.0	0.0			True
chr19	12872831	12873371	RAD23A	0	ENCSR056HPM	1989	0.0	0.0			True
chr19	12872831	12873371	WDR83OS	0	ENCSR056HPM	1989	0.0	0.0			True
chr19	12882571	12883071	TRIR	0	ENCSR056HPM	1989	0.0	0.0			True
chr19	12882571	12883071	DHPS	0	ENCSR056HPM	1989	0.0	0.0			True
chr19	12882571	12883071	RNASEH2A	0	ENCSR056HPM	1989	0.0	0.0			True
chr19	12882571	12883071	WDR83OS	0	ENCSR056HPM	1989	0.0	0.0			True
chr19	12883611	12884131	TRIR	0	ENCSR056HPM	1989	0.0	0.0			True
chr19	12883611	12884131	DHPS	0	ENCSR056HPM	1989	0.0	0.0			True
chr19	12883611	12884131	RNASEH2A	0	ENCSR056HPM	1989	0.0	0.0			True
chr19	12883611	12884131	WDR83OS	0	ENCSR056HPM	1989	0.0	0.0			True
chr19	12885011	12885511	TRIR	0	ENCSR056HPM	1989	0.0	0.0			True
chr19	12885011	12885511	DHPS	0	ENCSR056HPM	1989	0.0	0.0			True
chr19	12885011	12885511	DNASE2	0	ENCSR056HPM	1989	2.843330138978828	0.0011143370065838099	0.00039190263487398624	9.651497840881348	False
chr19	12885011	12885511	JUNB	0	ENCSR056HPM	1989	0.0	0.0			True
chr19	12885011	12885511	WDR83OS	0	ENCSR056HPM	1989	0.0	0.0			True
chr19	12888891	12889391	TRIR	0	ENCSR056HPM	1989	0.0	0.0			True
chr19	12888891	12889391	DHPS	0	ENCSR056HPM	1989	0.0	0.0			True
chr19	12888891	12889391	DNASE2	0	ENCSR056HPM	1989	0.3605836459110743	0.0001413172867614776	0.00039190263487398624	9.651497840881348	False
chr19	12888891	12889391	KLF1	1	ENCSR056HPM	1989	1.221655132930473	0.0009134238352999091	0.0007476836908608675	8.33044719696045	False
chr19	12888891	12889391	PRDX2	0	ENCSR056HPM	1989	0.0	0.0			True
chr19	12888891	12889391	RNASEH2A	0	ENCSR056HPM	1989	0.0	0.0			True
chr19	12888891	12889391	WDR83OS	0	ENCSR056HPM	1989	0.0	0.0			True
chr19	12908491	12908991	TRIR	0	ENCSR056HPM	1989	0.0	0.0			True
chr19	12908491	12908991	DHPS	0	ENCSR056HPM	1989	0.0	0.0			True
chr19	12908491	12908991	DNASE2	0	ENCSR056HPM	1989	0.19293125209989878	7.561219536000863e-05	0.00039190263487398624	9.651497840881348	False
chr19	12908491	12908991	JUNB	0	ENCSR056HPM	1989	0.0	0.0			True
chr19	12908491	12908991	LYL1	0	ENCSR056HPM	1989	0.0	0.0			True
chr19	12908491	12908991	RAD23A	0	ENCSR056HPM	1989	0.0	0.0			True
chr19	12908491	12908991	RNASEH2A	0	ENCSR056HPM	1989	0.0	0.0			True
chr19	12908491	12908991	WDR83OS	0	ENCSR056HPM	1989	0.0	0.0			True
chr19	12934991	12935491	TRIR	0	ENCSR056HPM	1989	0.0	0.0			True
chr19	12934991	12935491	DHPS	0	ENCSR056HPM	1989	0.0	0.0			True
chr19	12934991	12935491	LYL1	0	ENCSR056HPM	1989	0.0	0.0			True
chr19	12934991	12935491	RAD23A	0	ENCSR056HPM	1989	0.15874889216706325	3.366294549778104e-05	0.00021204153017606586	9.141419410705566	False
chr19	12936451	12936951	TRIR	0	ENCSR056HPM	1989	0.0	0.0			True
chr19	12936451	12936951	CALR	0	ENCSR056HPM	1989	1.0064496902279927	0.00010007698438130319	9.942565520759672e-05	10.352701187133789	False
chr19	12936451	12936951	LYL1	0	ENCSR056HPM	1989	0.0	0.0			True
chr19	12936451	12936951	WDR83OS	0	ENCSR056HPM	1989	0.0	0.0			True
chr19	12964851	12965991	TRIR	0	ENCSR056HPM	1989	0.0	0.0			True
chr19	12964851	12965991	DHPS	0	ENCSR056HPM	1989	0.0	0.0			True
chr19	12964851	12965991	JUNB	0	ENCSR056HPM	1989	0.0	0.0			True
chr19	12964851	12965991	LYL1	0	ENCSR056HPM	1989	0.0	0.0			True
chr19	12964851	12965991	PRDX2	0	ENCSR056HPM	1989	0.0	0.0			True
chr19	12964851	12965991	RNASEH2A	0	ENCSR056HPM	1989	0.0	0.0			True
chr19	12964851	12965991	WDR83OS	0	ENCSR056HPM	1989	0.0	0.0			True
chr19	12974191	12974711	TRIR	0	ENCSR056HPM	1989	0.0	0.0			True
chr19	12974191	12974711	CALR	0	ENCSR056HPM	1989	0.0	0.0			True
chr19	12974191	12974711	DHPS	0	ENCSR056HPM	1989	0.0	0.0			True
chr19	12974191	12974711	DNASE2	0	ENCSR056HPM	1989	0.0	0.0			True
chr19	12974191	12974711	JUNB	0	ENCSR056HPM	1989	0.0	0.0			True
chr19	12974191	12974711	KLF1	0	ENCSR056HPM	1989	0.0	0.0			True
chr19	12974191	12974711	LYL1	0	ENCSR056HPM	1989	0.0	0.0			True
chr19	12974191	12974711	PRDX2	0	ENCSR056HPM	1989	0.0	0.0			True
chr19	12974191	12974711	RAD23A	0	ENCSR056HPM	1989	0.14021077463198556	2.9731909307884052e-05	0.00021204153017606586	9.141419410705566	False
chr19	12974191	12974711	RNASEH2A	0	ENCSR056HPM	1989	0.0	0.0			True
chr19	12974191	12974711	WDR83OS	0	ENCSR056HPM	1989	0.0	0.0			True
chr19	12977731	12978251	TRIR	0	ENCSR056HPM	1989	0.0	0.0			True
chr19	12977731	12978251	CALR	0	ENCSR056HPM	1989	0.0	0.0			True
chr19	12977731	12978251	DHPS	0	ENCSR056HPM	1989	0.0	0.0			True
chr19	12977731	12978251	DNASE2	0	ENCSR056HPM	1989	0.0	0.0			True
chr19	12977731	12978251	JUNB	0	ENCSR056HPM	1989	0.0	0.0			True
chr19	12977731	12978251	KLF1	0	ENCSR056HPM	1989	0.0	0.0			True
chr19	12977731	12978251	LYL1	0	ENCSR056HPM	1989	0.0	0.0			True
chr19	12977731	12978251	PRDX2	0	ENCSR056HPM	1989	0.0	0.0			True
chr19	12977731	12978251	RAD23A	0	ENCSR056HPM	1989	0.11923909758710435	2.528483310015872e-05	0.00021204153017606586	9.141419410705566	False
chr19	12977731	12978251	RNASEH2A	0	ENCSR056HPM	1989	0.0	0.0			True
chr19	12977731	12978251	WDR83OS	0	ENCSR056HPM	1989	0.0	0.0			True
chr19	12983511	12984011	TRIR	0	ENCSR056HPM	1989	0.0	0.0			True
chr19	12983511	12984011	CALR	0	ENCSR056HPM	1989	0.0	0.0			True
chr19	12983511	12984011	DHPS	0	ENCSR056HPM	1989	0.0	0.0			True
chr19	12983511	12984011	DNASE2	0	ENCSR056HPM	1989	0.0	0.0			True
chr19	12983511	12984011	JUNB	0	ENCSR056HPM	1989	0.0	0.0			True
chr19	12983511	12984011	KLF1	0	ENCSR056HPM	1989	0.0	0.0			True
chr19	12983511	12984011	LYL1	0	ENCSR056HPM	1989	0.0	0.0			True
chr19	12983511	12984011	PRDX2	0	ENCSR056HPM	1989	0.0	0.0			True
chr19	12983511	12984011	RAD23A	0	ENCSR056HPM	1989	0.0	0.0			True
chr19	12983511	12984011	RNASEH2A	0	ENCSR056HPM	1989	0.0	0.0			True
chr19	12983511	12984011	WDR83OS	0	ENCSR056HPM	1989	0.0	0.0			True
chr19	12985151	12985651	TRIR	0	ENCSR056HPM	1989	0.0	0.0			True
chr19	12985151	12985651	CALR	0	ENCSR056HPM	1989	0.0	0.0			True
chr19	12985151	12985651	DHPS	0	ENCSR056HPM	1989	0.0	0.0			True
chr19	12985151	12985651	JUNB	0	ENCSR056HPM	1989	0.0	0.0			True
chr19	12985151	12985651	KLF1	0	ENCSR056HPM	1989	0.0	0.0			True
chr19	12985151	12985651	LYL1	0	ENCSR056HPM	1989	0.0	0.0			True
chr19	12985151	12985651	PRDX2	0	ENCSR056HPM	1989	0.0	0.0			True
chr19	12985151	12985651	RAD23A	0	ENCSR056HPM	1989	0.0	0.0			True
chr19	12985151	12985651	RNASEH2A	0	ENCSR056HPM	1989	0.0	0.0			True
chr19	12985151	12985651	WDR83OS	0	ENCSR056HPM	1989	0.0	0.0			True
chr19	12996491	12996991	TRIR	0	ENCSR056HPM	1989	0.0	0.0			True
chr19	12996491	12996991	CALR	0	ENCSR056HPM	1989	0.0	0.0			True
chr19	12996491	12996991	DHPS	0	ENCSR056HPM	1989	0.0	0.0			True
chr19	12996491	12996991	DNASE2	0	ENCSR056HPM	1989	0.0	0.0			True
chr19	12996491	12996991	JUNB	0	ENCSR056HPM	1989	0.0	0.0			True
chr19	12996491	12996991	KLF1	0	ENCSR056HPM	1989	0.0	0.0			True
chr19	12996491	12996991	LYL1	0	ENCSR056HPM	1989	0.0	0.0			True
chr19	12996491	12996991	PRDX2	0	ENCSR056HPM	1989	0.0	0.0			True
chr19	12996491	12996991	RAD23A	0	ENCSR056HPM	1989	0.0	0.0			True
chr19	12996491	12996991	RNASEH2A	0	ENCSR056HPM	1989	0.0	0.0			True
chr19	12996491	12996991	WDR83OS	0	ENCSR056HPM	1989	0.0	0.0			True
chr19	13013171	13013711	TRIR	0	ENCSR056HPM	1989	0.0	0.0			True
chr19	13013171	13013711	DHPS	0	ENCSR056HPM	1989	0.0	0.0			True
chr19	13013171	13013711	DNASE2	0	ENCSR056HPM	1989	0.0	0.0			True
chr19	13013171	13013711	JUNB	0	ENCSR056HPM	1989	0.0	0.0			True
chr19	13013171	13013711	KLF1	0	ENCSR056HPM	1989	0.0	0.0			True
chr19	13013171	13013711	LYL1	0	ENCSR056HPM	1989	0.0	0.0			True
chr19	13013171	13013711	PRDX2	0	ENCSR056HPM	1989	0.0	0.0			True
chr19	13013171	13013711	RAD23A	0	ENCSR056HPM	1989	0.0	0.0			True
chr19	13013171	13013711	RNASEH2A	0	ENCSR056HPM	1989	0.0	0.0			True
chr19	13013171	13013711	WDR83OS	0	ENCSR056HPM	1989	0.0	0.0			True
chr19	13016391	13016991	TRIR	0	ENCSR056HPM	1989	0.0	0.0			True
chr19	13016391	13016991	CALR	0	ENCSR056HPM	1989	0.0	0.0			True
chr19	13016391	13016991	DHPS	0	ENCSR056HPM	1989	0.0	0.0			True
chr19	13016391	13016991	DNASE2	0	ENCSR056HPM	1989	0.0	0.0			True
chr19	13016391	13016991	JUNB	0	ENCSR056HPM	1989	0.0	0.0			True
chr19	13016391	13016991	KLF1	0	ENCSR056HPM	1989	0.0	0.0			True
chr19	13016391	13016991	LYL1	0	ENCSR056HPM	1989	0.0	0.0			True
chr19	13016391	13016991	PRDX2	0	ENCSR056HPM	1989	0.0	0.0			True
chr19	13016391	13016991	RAD23A	0	ENCSR056HPM	1989	0.0	0.0			True
chr19	13016391	13016991	RNASEH2A	0	ENCSR056HPM	1989	0.0	0.0			True
chr19	13016391	13016991	WDR83OS	0	ENCSR056HPM	1989	0.0	0.0			True
chr19	13022731	13023231	TRIR	0	ENCSR056HPM	1989	0.0	0.0			True
chr19	13022731	13023231	CALR	0	ENCSR056HPM	1989	0.0	0.0			True
chr19	13022731	13023231	DHPS	0	ENCSR056HPM	1989	0.0	0.0			True
chr19	13022731	13023231	DNASE2	0	ENCSR056HPM	1989	0.0	0.0			True
chr19	13022731	13023231	KLF1	0	ENCSR056HPM	1989	0.0	0.0			True
chr19	13022731	13023231	LYL1	0	ENCSR056HPM	1989	0.0	0.0			True
chr19	13022731	13023231	PRDX2	0	ENCSR056HPM	1989	0.0	0.0			True
chr19	13022731	13023231	RAD23A	0	ENCSR056HPM	1989	0.0	0.0			True
chr19	13022731	13023231	RNASEH2A	0	ENCSR056HPM	1989	0.0	0.0			True
chr19	13022731	13023231	WDR83OS	0	ENCSR056HPM	1989	0.0	0.0			True
chr19	13033951	13034511	TRIR	0	ENCSR056HPM	1989	0.0	0.0			True
chr19	13033951	13034511	CALR	0	ENCSR056HPM	1989	0.0	0.0			True
chr19	13033951	13034511	DHPS	0	ENCSR056HPM	1989	0.0	0.0			True
chr19	13033951	13034511	DNASE2	0	ENCSR056HPM	1989	0.0	0.0			True
chr19	13033951	13034511	JUNB	0	ENCSR056HPM	1989	0.0	0.0			True
chr19	13033951	13034511	LYL1	0	ENCSR056HPM	1989	0.0	0.0			True
chr19	13033951	13034511	PRDX2	0	ENCSR056HPM	1989	0.0	0.0			True
chr19	13033951	13034511	RAD23A	0	ENCSR056HPM	1989	0.0	0.0			True
chr19	13033951	13034511	RNASEH2A	0	ENCSR056HPM	1989	0.0	0.0			True
chr19	13033951	13034511	WDR83OS	0	ENCSR056HPM	1989	0.0	0.0			True
chr19	13051491	13051991	TRIR	0	ENCSR056HPM	1989	0.0	0.0			True
chr19	13051491	13051991	CALR	0	ENCSR056HPM	1989	0.0	0.0			True
chr19	13051491	13051991	DHPS	0	ENCSR056HPM	1989	0.0	0.0			True
chr19	13051491	13051991	DNASE2	0	ENCSR056HPM	1989	0.0	0.0			True
chr19	13051491	13051991	JUNB	0	ENCSR056HPM	1989	0.0	0.0			True
chr19	13051491	13051991	KLF1	0	ENCSR056HPM	1989	0.0	0.0			True
chr19	13051491	13051991	LYL1	0	ENCSR056HPM	1989	0.0	0.0			True
chr19	13051491	13051991	PRDX2	0	ENCSR056HPM	1989	0.0	0.0			True
chr19	13051491	13051991	RAD23A	0	ENCSR056HPM	1989	0.0	0.0			True
chr19	13051491	13051991	RNASEH2A	0	ENCSR056HPM	1989	0.0	0.0			True
chr19	13051491	13051991	WDR83OS	0	ENCSR056HPM	1989	0.0	0.0			True
chr19	13061271	13061791	TRIR	0	ENCSR056HPM	1989	0.0	0.0			True
chr19	13061271	13061791	CALR	0	ENCSR056HPM	1989	0.0	0.0			True
chr19	13061271	13061791	DHPS	0	ENCSR056HPM	1989	0.0	0.0			True
chr19	13061271	13061791	DNASE2	0	ENCSR056HPM	1989	0.0	0.0			True
chr19	13061271	13061791	JUNB	0	ENCSR056HPM	1989	0.0	0.0			True
chr19	13061271	13061791	KLF1	0	ENCSR056HPM	1989	0.0	0.0			True
chr19	13061271	13061791	PRDX2	0	ENCSR056HPM	1989	0.0	0.0			True
chr19	13061271	13061791	RAD23A	0	ENCSR056HPM	1989	0.0	0.0			True
chr19	13061271	13061791	RNASEH2A	0	ENCSR056HPM	1989	0.0	0.0			True
chr19	13061271	13061791	WDR83OS	0	ENCSR056HPM	1989	0.0	0.0			True
chr19	13069551	13070051	TRIR	0	ENCSR056HPM	1989	0.0	0.0			True
chr19	13069551	13070051	CALR	0	ENCSR056HPM	1989	0.0	0.0			True
chr19	13069551	13070051	DHPS	0	ENCSR056HPM	1989	0.0	0.0			True
chr19	13069551	13070051	DNASE2	0	ENCSR056HPM	1989	0.0	0.0			True
chr19	13069551	13070051	JUNB	0	ENCSR056HPM	1989	0.0	0.0			True
chr19	13069551	13070051	KLF1	0	ENCSR056HPM	1989	0.0	0.0			True
chr19	13069551	13070051	LYL1	0	ENCSR056HPM	1989	0.0	0.0			True
chr19	13069551	13070051	PRDX2	0	ENCSR056HPM	1989	0.0	0.0			True
chr19	13069551	13070051	RAD23A	0	ENCSR056HPM	1989	0.0	0.0			True
chr19	13069551	13070051	RNASEH2A	0	ENCSR056HPM	1989	0.0	0.0			True
chr19	13069551	13070051	WDR83OS	0	ENCSR056HPM	1989	0.0	0.0			True
chr19	13079411	13079911	TRIR	0	ENCSR056HPM	1989	0.0	0.0			True
chr19	13079411	13079911	CALR	0	ENCSR056HPM	1989	0.0	0.0			True
chr19	13079411	13079911	DHPS	0	ENCSR056HPM	1989	0.0	0.0			True
chr19	13079411	13079911	DNASE2	0	ENCSR056HPM	1989	0.0	0.0			True
chr19	13079411	13079911	JUNB	0	ENCSR056HPM	1989	0.0	0.0			True
chr19	13079411	13079911	KLF1	0	ENCSR056HPM	1989	0.0	0.0			True
chr19	13079411	13079911	LYL1	0	ENCSR056HPM	1989	0.4990211950933651	0.00016104037058539689	0.000322702486300841	9.46635627746582	False
chr19	13079411	13079911	PRDX2	0	ENCSR056HPM	1989	0.0	0.0			True
chr19	13079411	13079911	RAD23A	0	ENCSR056HPM	1989	0.0	0.0			True
chr19	13079411	13079911	RNASEH2A	0	ENCSR056HPM	1989	0.0	0.0			True
chr19	13079411	13079911	WDR83OS	0	ENCSR056HPM	1989	0.0	0.0			True
chr19	13093691	13094211	TRIR	0	ENCSR056HPM	1989	0.0	0.0			True
chr19	13093691	13094211	CALR	0	ENCSR056HPM	1989	0.0	0.0			True
chr19	13093691	13094211	DHPS	0	ENCSR056HPM	1989	0.0	0.0			True
chr19	13093691	13094211	LYL1	0	ENCSR056HPM	1989	0.7613473087512607	0.00024569628294557333	0.000322702486300841	9.46635627746582	False
chr19	13093691	13094211	PRDX2	0	ENCSR056HPM	1989	0.0	0.0			True
chr19	13093691	13094211	RAD23A	0	ENCSR056HPM	1989	0.0	0.0			True
chr19	13093691	13094211	RNASEH2A	0	ENCSR056HPM	1989	0.0	0.0			True
chr19	13093691	13094211	WDR83OS	0	ENCSR056HPM	1989	0.0	0.0			True
chr19	13097591	13098811	TRIR	0	ENCSR056HPM	1989	0.0	0.0			True
chr19	13097591	13098811	CALR	0	ENCSR056HPM	1989	0.0	0.0			True
chr19	13097591	13098811	DHPS	0	ENCSR056HPM	1989	0.0	0.0			True
chr19	13097591	13098811	PRDX2	0	ENCSR056HPM	1989	0.0	0.0			True
chr19	13097591	13098811	RAD23A	0	ENCSR056HPM	1989	0.0	0.0			True
chr19	13097591	13098811	RNASEH2A	0	ENCSR056HPM	1989	0.0	0.0			True
chr19	13097591	13098811	WDR83OS	0	ENCSR056HPM	1989	0.0	0.0			True
chr19	13104331	13104911	TRIR	0	ENCSR056HPM	1989	0.0	0.0			True
chr19	13104331	13104911	CALR	0	ENCSR056HPM	1989	0.0	0.0			True
chr19	13104331	13104911	DHPS	0	ENCSR056HPM	1989	0.0	0.0			True
chr19	13104331	13104911	JUNB	0	ENCSR056HPM	1989	0.0	0.0			True
chr19	13104331	13104911	PRDX2	0	ENCSR056HPM	1989	0.0	0.0			True
chr19	13104331	13104911	RAD23A	0	ENCSR056HPM	1989	0.0	0.0			True
chr19	13104331	13104911	RNASEH2A	0	ENCSR056HPM	1989	0.0	0.0			True
chr19	13104331	13104911	WDR83OS	0	ENCSR056HPM	1989	0.0	0.0			True
chr19	13151431	13152171	TRIR	0	ENCSR056HPM	1989	0.0	0.0			True
chr19	13151431	13152171	DNASE2	0	ENCSR056HPM	1989	0.0	0.0			True
chr19	13151431	13152171	KLF1	0	ENCSR056HPM	1989	0.0	0.0			True
chr19	13151431	13152171	PRDX2	0	ENCSR056HPM	1989	0.0	0.0			True
chr19	13151431	13152171	RNASEH2A	0	ENCSR056HPM	1989	0.0	0.0			True
chr19	13151431	13152171	WDR83OS	0	ENCSR056HPM	1989	0.0	0.0			True
chr19	13152791	13153291	TRIR	0	ENCSR056HPM	1989	0.0	0.0			True
chr19	13152791	13153291	CALR	0	ENCSR056HPM	1989	0.0	0.0			True
chr19	13152791	13153291	DHPS	0	ENCSR056HPM	1989	0.0	0.0			True
chr19	13152791	13153291	DNASE2	0	ENCSR056HPM	1989	0.0	0.0			True
chr19	13152791	13153291	JUNB	0	ENCSR056HPM	1989	0.0	0.0			True
chr19	13152791	13153291	KLF1	0	ENCSR056HPM	1989	0.0	0.0			True
chr19	13152791	13153291	LYL1	0	ENCSR056HPM	1989	0.0	0.0			True
chr19	13152791	13153291	PRDX2	0	ENCSR056HPM	1989	0.0	0.0			True
chr19	13152791	13153291	RAD23A	0	ENCSR056HPM	1989	0.0	0.0			True
chr19	13152791	13153291	RNASEH2A	0	ENCSR056HPM	1989	0.0	0.0			True
chr19	13152791	13153291	WDR83OS	0	ENCSR056HPM	1989	0.0	0.0			True
chr19	13155431	13155951	TRIR	0	ENCSR056HPM	1989	0.0	0.0			True
chr19	13155431	13155951	CALR	0	ENCSR056HPM	1989	0.0	0.0			True
chr19	13155431	13155951	DHPS	0	ENCSR056HPM	1989	0.0	0.0			True
chr19	13155431	13155951	DNASE2	0	ENCSR056HPM	1989	0.0	0.0			True
chr19	13155431	13155951	KLF1	0	ENCSR056HPM	1989	0.0	0.0			True
chr19	13155431	13155951	LYL1	0	ENCSR056HPM	1989	0.0	0.0			True
chr19	13155431	13155951	PRDX2	0	ENCSR056HPM	1989	0.0	0.0			True
chr19	13155431	13155951	RAD23A	0	ENCSR056HPM	1989	0.0	0.0			True
chr19	13155431	13155951	RNASEH2A	0	ENCSR056HPM	1989	0.0	0.0			True
chr19	13155431	13155951	WDR83OS	0	ENCSR056HPM	1989	0.0	0.0			True
chr19	13162791	13163331	TRIR	0	ENCSR056HPM	1989	0.0	0.0			True
chr19	13162791	13163331	CALR	0	ENCSR056HPM	1989	0.0	0.0			True
chr19	13162791	13163331	DHPS	0	ENCSR056HPM	1989	0.0	0.0			True
chr19	13162791	13163331	DNASE2	0	ENCSR056HPM	1989	0.0	0.0			True
chr19	13162791	13163331	JUNB	0	ENCSR056HPM	1989	0.0	0.0			True
chr19	13162791	13163331	KLF1	0	ENCSR056HPM	1989	0.0	0.0			True
chr19	13162791	13163331	PRDX2	0	ENCSR056HPM	1989	0.0	0.0			True
chr19	13162791	13163331	RAD23A	0	ENCSR056HPM	1989	0.0	0.0			True
chr19	13162791	13163331	RNASEH2A	0	ENCSR056HPM	1989	0.0	0.0			True
chr19	13162791	13163331	WDR83OS	0	ENCSR056HPM	1989	0.0	0.0			True
chr19	13163631	13164971	TRIR	0	ENCSR056HPM	1989	0.0	0.0			True
chr19	13163631	13164971	CALR	0	ENCSR056HPM	1989	0.0	0.0			True
chr19	13163631	13164971	DHPS	0	ENCSR056HPM	1989	0.0	0.0			True
chr19	13163631	13164971	DNASE2	0	ENCSR056HPM	1989	0.0	0.0			True
chr19	13163631	13164971	JUNB	0	ENCSR056HPM	1989	0.0	0.0			True
chr19	13163631	13164971	KLF1	0	ENCSR056HPM	1989	0.0	0.0			True
chr19	13163631	13164971	PRDX2	0	ENCSR056HPM	1989	0.0	0.0			True
chr19	13163631	13164971	RNASEH2A	0	ENCSR056HPM	1989	0.0	0.0			True
chr19	13172271	13172791	TRIR	0	ENCSR056HPM	1989	0.0	0.0			True
chr19	13172271	13172791	CALR	0	ENCSR056HPM	1989	0.0	0.0			True
chr19	13172271	13172791	DHPS	0	ENCSR056HPM	1989	0.0	0.0			True
chr19	13172271	13172791	DNASE2	0	ENCSR056HPM	1989	0.0	0.0			True
chr19	13172271	13172791	JUNB	0	ENCSR056HPM	1989	0.0	0.0			True
chr19	13172271	13172791	KLF1	0	ENCSR056HPM	1989	0.0	0.0			True
chr19	13172271	13172791	LYL1	0	ENCSR056HPM	1989	0.0	0.0			True
chr19	13172271	13172791	PRDX2	0	ENCSR056HPM	1989	0.0	0.0			True
chr19	13172271	13172791	RAD23A	0	ENCSR056HPM	1989	0.0	0.0			True
chr19	13172271	13172791	RNASEH2A	0	ENCSR056HPM	1989	0.0	0.0			True
chr19	13191111	13191611	TRIR	0	ENCSR056HPM	1989	0.0	0.0			True
chr19	13191111	13191611	CALR	0	ENCSR056HPM	1989	0.0	0.0			True
chr19	13191111	13191611	DHPS	0	ENCSR056HPM	1989	0.0	0.0			True
chr19	13191111	13191611	DNASE2	0	ENCSR056HPM	1989	0.0	0.0			True
chr19	13191111	13191611	JUNB	0	ENCSR056HPM	1989	0.0	0.0			True
chr19	13191111	13191611	KLF1	0	ENCSR056HPM	1989	0.0	0.0			True
chr19	13191111	13191611	LYL1	0	ENCSR056HPM	1989	0.0	0.0			True
chr19	13191111	13191611	RAD23A	0	ENCSR056HPM	1989	0.0	0.0			True
chr19	13191111	13191611	RNASEH2A	0	ENCSR056HPM	1989	0.0	0.0			True
chr19	13191111	13191611	WDR83OS	0	ENCSR056HPM	1989	0.0	0.0			True
chr19	13194411	13195031	TRIR	0	ENCSR056HPM	1989	0.0	0.0			True
chr19	13194411	13195031	CALR	0	ENCSR056HPM	1989	0.0	0.0			True
chr19	13194411	13195031	DHPS	0	ENCSR056HPM	1989	0.0	0.0			True
chr19	13194411	13195031	DNASE2	0	ENCSR056HPM	1989	0.0	0.0			True
chr19	13194411	13195031	KLF1	0	ENCSR056HPM	1989	0.0	0.0			True
chr19	13194411	13195031	LYL1	0	ENCSR056HPM	1989	0.0	0.0			True
chr19	13194411	13195031	PRDX2	0	ENCSR056HPM	1989	0.0	0.0			True
chr19	13194411	13195031	RAD23A	0	ENCSR056HPM	1989	0.0	0.0			True
chr19	13194411	13195031	RNASEH2A	0	ENCSR056HPM	1989	0.0	0.0			True
chr19	13194411	13195031	WDR83OS	0	ENCSR056HPM	1989	0.0	0.0			True
chr19	13195631	13196171	TRIR	0	ENCSR056HPM	1989	0.0	0.0			True
chr19	13195631	13196171	CALR	0	ENCSR056HPM	1989	0.0	0.0			True
chr19	13195631	13196171	DHPS	0	ENCSR056HPM	1989	0.0	0.0			True
chr19	13195631	13196171	DNASE2	0	ENCSR056HPM	1989	0.0	0.0			True
chr19	13195631	13196171	JUNB	0	ENCSR056HPM	1989	0.0	0.0			True
chr19	13195631	13196171	KLF1	0	ENCSR056HPM	1989	0.0	0.0			True
chr19	13195631	13196171	LYL1	0	ENCSR056HPM	1989	0.0	0.0			True
chr19	13195631	13196171	PRDX2	0	ENCSR056HPM	1989	0.0	0.0			True
chr19	13195631	13196171	RAD23A	0	ENCSR056HPM	1989	0.0	0.0			True
chr19	13195631	13196171	RNASEH2A	0	ENCSR056HPM	1989	0.0	0.0			True
chr19	13195631	13196171	WDR83OS	0	ENCSR056HPM	1989	0.0	0.0			True
chr19	13212771	13213271	TRIR	0	ENCSR056HPM	1989	0.0	0.0			True
chr19	13212771	13213271	CALR	0	ENCSR056HPM	1989	0.0	0.0			True
chr19	13212771	13213271	DHPS	0	ENCSR056HPM	1989	0.0	0.0			True
chr19	13212771	13213271	DNASE2	0	ENCSR056HPM	1989	0.0	0.0			True
chr19	13212771	13213271	JUNB	0	ENCSR056HPM	1989	0.0	0.0			True
chr19	13212771	13213271	KLF1	0	ENCSR056HPM	1989	0.0	0.0			True
chr19	13212771	13213271	LYL1	0	ENCSR056HPM	1989	0.0	0.0			True
chr19	13212771	13213271	PRDX2	0	ENCSR056HPM	1989	0.0	0.0			True
chr19	13212771	13213271	RAD23A	0	ENCSR056HPM	1989	0.0	0.0			True
chr19	13212771	13213271	RNASEH2A	0	ENCSR056HPM	1989	0.0	0.0			True
chr19	13212771	13213271	WDR83OS	0	ENCSR056HPM	1989	0.0	0.0			True
chr19	13234431	13234951	TRIR	0	ENCSR056HPM	1989	0.0	0.0			True
chr19	13234431	13234951	CALR	0	ENCSR056HPM	1989	0.0	0.0			True
chr19	13234431	13234951	DHPS	0	ENCSR056HPM	1989	0.0	0.0			True
chr19	13234431	13234951	DNASE2	0	ENCSR056HPM	1989	0.0	0.0			True
chr19	13234431	13234951	JUNB	0	ENCSR056HPM	1989	0.0	0.0			True
chr19	13234431	13234951	KLF1	0	ENCSR056HPM	1989	0.0	0.0			True
chr19	13234431	13234951	PRDX2	0	ENCSR056HPM	1989	0.0	0.0			True
chr19	13234431	13234951	RAD23A	0	ENCSR056HPM	1989	0.0	0.0			True
chr19	13234431	13234951	RNASEH2A	0	ENCSR056HPM	1989	0.0	0.0			True
chr19	13234431	13234951	WDR83OS	0	ENCSR056HPM	1989	0.0	0.0			True
chr19	13247731	13248251	TRIR	0	ENCSR056HPM	1989	0.0	0.0			True
chr19	13247731	13248251	CALR	0	ENCSR056HPM	1989	0.0	0.0			True
chr19	13247731	13248251	DHPS	0	ENCSR056HPM	1989	0.0	0.0			True
chr19	13247731	13248251	DNASE2	0	ENCSR056HPM	1989	0.0	0.0			True
chr19	13247731	13248251	JUNB	0	ENCSR056HPM	1989	0.0	0.0			True
chr19	13247731	13248251	KLF1	0	ENCSR056HPM	1989	0.0	0.0			True
chr19	13247731	13248251	PRDX2	0	ENCSR056HPM	1989	0.0	0.0			True
chr19	13247731	13248251	RAD23A	0	ENCSR056HPM	1989	0.0	0.0			True
chr19	13247731	13248251	RNASEH2A	0	ENCSR056HPM	1989	0.0	0.0			True
chr19	13247731	13248251	WDR83OS	0	ENCSR056HPM	1989	0.0	0.0			True
chr19	13260991	13261531	TRIR	0	ENCSR056HPM	1989	0.0	0.0			True
chr19	13260991	13261531	CALR	0	ENCSR056HPM	1989	0.0	0.0			True
chr19	13260991	13261531	DHPS	0	ENCSR056HPM	1989	0.0	0.0			True
chr19	13260991	13261531	DNASE2	0	ENCSR056HPM	1989	0.0	0.0			True
chr19	13260991	13261531	JUNB	0	ENCSR056HPM	1989	0.0	0.0			True
chr19	13260991	13261531	KLF1	0	ENCSR056HPM	1989	0.0	0.0			True
chr19	13260991	13261531	PRDX2	0	ENCSR056HPM	1989	0.0	0.0			True
chr19	13260991	13261531	RAD23A	0	ENCSR056HPM	1989	0.0	0.0			True
chr19	13260991	13261531	RNASEH2A	0	ENCSR056HPM	1989	0.0	0.0			True
chr19	13260991	13261531	WDR83OS	0	ENCSR056HPM	1989	0.0	0.0			True
chr19	13262331	13262871	TRIR	0	ENCSR056HPM	1989	0.0	0.0			True
chr19	13262331	13262871	CALR	0	ENCSR056HPM	1989	0.0	0.0			True
chr19	13262331	13262871	DHPS	0	ENCSR056HPM	1989	0.0	0.0			True
chr19	13262331	13262871	DNASE2	0	ENCSR056HPM	1989	0.0	0.0			True
chr19	13262331	13262871	JUNB	0	ENCSR056HPM	1989	0.0	0.0			True
chr19	13262331	13262871	KLF1	0	ENCSR056HPM	1989	0.0	0.0			True
chr19	13262331	13262871	PRDX2	0	ENCSR056HPM	1989	0.0	0.0			True
chr19	13262331	13262871	RAD23A	0	ENCSR056HPM	1989	0.0	0.0			True
chr19	13262331	13262871	RNASEH2A	0	ENCSR056HPM	1989	0.0	0.0			True
chr19	13262331	13262871	WDR83OS	0	ENCSR056HPM	1989	0.0	0.0			True
chr19	13277051	13277551	TRIR	0	ENCSR056HPM	1989	0.0	0.0			True
chr19	13277051	13277551	CALR	0	ENCSR056HPM	1989	0.0	0.0			True
chr19	13277051	13277551	DHPS	0	ENCSR056HPM	1989	0.0	0.0			True
chr19	13277051	13277551	DNASE2	0	ENCSR056HPM	1989	0.0	0.0			True
chr19	13277051	13277551	JUNB	0	ENCSR056HPM	1989	0.0	0.0			True
chr19	13277051	13277551	KLF1	0	ENCSR056HPM	1989	0.0	0.0			True
chr19	13277051	13277551	LYL1	0	ENCSR056HPM	1989	0.0	0.0			True
chr19	13277051	13277551	PRDX2	0	ENCSR056HPM	1989	0.0	0.0			True
chr19	13277051	13277551	RAD23A	0	ENCSR056HPM	1989	0.0	0.0			True
chr19	13277051	13277551	RNASEH2A	0	ENCSR056HPM	1989	0.0	0.0			True
chr19	13277051	13277551	WDR83OS	0	ENCSR056HPM	1989	0.0	0.0			True
chr19	13277891	13278451	TRIR	0	ENCSR056HPM	1989	0.0	0.0			True
chr19	13277891	13278451	CALR	0	ENCSR056HPM	1989	0.0	0.0			True
chr19	13277891	13278451	DHPS	0	ENCSR056HPM	1989	0.0	0.0			True
chr19	13277891	13278451	DNASE2	0	ENCSR056HPM	1989	0.0	0.0			True
chr19	13277891	13278451	JUNB	0	ENCSR056HPM	1989	0.0	0.0			True
chr19	13277891	13278451	KLF1	0	ENCSR056HPM	1989	0.0	0.0			True
chr19	13277891	13278451	LYL1	0	ENCSR056HPM	1989	0.0	0.0			True
chr19	13277891	13278451	PRDX2	0	ENCSR056HPM	1989	0.0	0.0			True
chr19	13277891	13278451	RAD23A	0	ENCSR056HPM	1989	0.0	0.0			True
chr19	13277891	13278451	RNASEH2A	0	ENCSR056HPM	1989	0.0	0.0			True
chr19	13277891	13278451	WDR83OS	0	ENCSR056HPM	1989	0.0	0.0			True
chr19	13381851	13382351	TRIR	0	ENCSR056HPM	1989	0.0	0.0			True
chr19	13381851	13382351	CALR	0	ENCSR056HPM	1989	0.0	0.0			True
chr19	13381851	13382351	DHPS	0	ENCSR056HPM	1989	0.0	0.0			True
chr19	13381851	13382351	DNASE2	0	ENCSR056HPM	1989	0.0	0.0			True
chr19	13381851	13382351	JUNB	0	ENCSR056HPM	1989	0.0	0.0			True
chr19	13381851	13382351	KLF1	0	ENCSR056HPM	1989	0.0	0.0			True
chr19	13381851	13382351	LYL1	0	ENCSR056HPM	1989	0.0	0.0			True
chr19	13381851	13382351	PRDX2	0	ENCSR056HPM	1989	0.0	0.0			True
chr19	13381851	13382351	RAD23A	0	ENCSR056HPM	1989	0.0	0.0			True
chr19	13381851	13382351	RNASEH2A	0	ENCSR056HPM	1989	0.0	0.0			True
chr19	13396511	13397091	TRIR	0	ENCSR056HPM	1989	0.0	0.0			True
chr19	13396511	13397091	CALR	0	ENCSR056HPM	1989	0.0	0.0			True
chr19	13396511	13397091	DHPS	0	ENCSR056HPM	1989	0.0	0.0			True
chr19	13396511	13397091	DNASE2	0	ENCSR056HPM	1989	0.0	0.0			True
chr19	13396511	13397091	JUNB	0	ENCSR056HPM	1989	0.0	0.0			True
chr19	13396511	13397091	KLF1	0	ENCSR056HPM	1989	0.0	0.0			True
chr19	13396511	13397091	LYL1	0	ENCSR056HPM	1989	0.0	0.0			True
chr19	13396511	13397091	PRDX2	0	ENCSR056HPM	1989	0.0	0.0			True
chr19	13396511	13397091	RAD23A	0	ENCSR056HPM	1989	0.0	0.0			True
chr19	13396511	13397091	RNASEH2A	0	ENCSR056HPM	1989	0.0	0.0			True
chr19	13396511	13397091	WDR83OS	0	ENCSR056HPM	1989	0.0	0.0			True
chr19	13401351	13401871	TRIR	0	ENCSR056HPM	1989	0.0	0.0			True
chr19	13401351	13401871	CALR	0	ENCSR056HPM	1989	0.0	0.0			True
chr19	13401351	13401871	DHPS	0	ENCSR056HPM	1989	0.0	0.0			True
chr19	13401351	13401871	DNASE2	0	ENCSR056HPM	1989	0.0	0.0			True
chr19	13401351	13401871	JUNB	0	ENCSR056HPM	1989	0.0	0.0			True
chr19	13401351	13401871	KLF1	0	ENCSR056HPM	1989	0.0	0.0			True
chr19	13401351	13401871	LYL1	0	ENCSR056HPM	1989	0.0	0.0			True
chr19	13401351	13401871	PRDX2	0	ENCSR056HPM	1989	0.0	0.0			True
chr19	13401351	13401871	RAD23A	0	ENCSR056HPM	1989	0.0	0.0			True
chr19	13401351	13401871	RNASEH2A	0	ENCSR056HPM	1989	0.0	0.0			True
chr19	13428331	13428851	TRIR	0	ENCSR056HPM	1989	0.0	0.0			True
chr19	13428331	13428851	CALR	0	ENCSR056HPM	1989	0.0	0.0			True
chr19	13428331	13428851	DHPS	0	ENCSR056HPM	1989	0.0	0.0			True
chr19	13428331	13428851	DNASE2	0	ENCSR056HPM	1989	0.0	0.0			True
chr19	13428331	13428851	JUNB	0	ENCSR056HPM	1989	0.0	0.0			True
chr19	13428331	13428851	KLF1	0	ENCSR056HPM	1989	0.0	0.0			True
chr19	13428331	13428851	LYL1	0	ENCSR056HPM	1989	0.0	0.0			True
chr19	13428331	13428851	RAD23A	0	ENCSR056HPM	1989	0.0	0.0			True
chr19	13428331	13428851	RNASEH2A	0	ENCSR056HPM	1989	0.0	0.0			True
chr19	13428331	13428851	WDR83OS	0	ENCSR056HPM	1989	0.0	0.0			True
chr19	13537471	13537971	TRIR	0	ENCSR056HPM	1989	0.0	0.0			True
chr19	13537471	13537971	CALR	0	ENCSR056HPM	1989	0.0	0.0			True
chr19	13537471	13537971	DHPS	0	ENCSR056HPM	1989	0.0	0.0			True
chr19	13537471	13537971	DNASE2	0	ENCSR056HPM	1989	0.0	0.0			True
chr19	13537471	13537971	KLF1	0	ENCSR056HPM	1989	0.0	0.0			True
chr19	13537471	13537971	LYL1	0	ENCSR056HPM	1989	0.0	0.0			True
chr19	13537471	13537971	PRDX2	0	ENCSR056HPM	1989	0.0	0.0			True
chr19	13537471	13537971	RAD23A	0	ENCSR056HPM	1989	0.0	0.0			True
chr19	13537471	13537971	RNASEH2A	0	ENCSR056HPM	1989	0.0	0.0			True
chr19	13537471	13537971	WDR83OS	0	ENCSR056HPM	1989	0.0	0.0			True
chr19	13582991	13583531	TRIR	0	ENCSR056HPM	1989	0.0	0.0			True
chr19	13582991	13583531	CALR	0	ENCSR056HPM	1989	0.0	0.0			True
chr19	13582991	13583531	DHPS	0	ENCSR056HPM	1989	0.0	0.0			True
chr19	13582991	13583531	DNASE2	0	ENCSR056HPM	1989	0.0	0.0			True
chr19	13582991	13583531	JUNB	0	ENCSR056HPM	1989	0.0	0.0			True
chr19	13582991	13583531	KLF1	0	ENCSR056HPM	1989	0.0	0.0			True
chr19	13582991	13583531	LYL1	0	ENCSR056HPM	1989	0.0	0.0			True
chr19	13582991	13583531	PRDX2	0	ENCSR056HPM	1989	0.0	0.0			True
chr19	13582991	13583531	RAD23A	0	ENCSR056HPM	1989	0.0	0.0			True
chr19	13582991	13583531	RNASEH2A	0	ENCSR056HPM	1989	0.0	0.0			True
chr19	13582991	13583531	WDR83OS	0	ENCSR056HPM	1989	0.0	0.0			True
chr19	43774607	43774646	KCNN4	1	ENCSR056HPM	1989	3.5649140586310604	0.0026784450747072697	0.0007513251039199531	8.265687942504883	False
chr19	48309248	48309748	BAX	0	ENCSR056HPM	1989	0.0	0.0			True
chr19	48309248	48309748	BCAT2	0	ENCSR056HPM	1989	0.0	0.0			True
chr19	48309248	48309748	FTL	0	ENCSR056HPM	1989	0.0	0.0			True
chr19	48309248	48309748	FUT1	0	ENCSR056HPM	1989	0.0	0.0			True
chr19	48309248	48309748	NUCB1	0	ENCSR056HPM	1989	0.0	0.0			True
chr19	48309248	48309748	PPP1R15A	0	ENCSR056HPM	1989	0.0	0.0			True
chr19	48314288	48314828	BAX	0	ENCSR056HPM	1989	0.0	0.0			True
chr19	48314288	48314828	BCAT2	0	ENCSR056HPM	1989	0.0	0.0			True
chr19	48314288	48314828	FTL	0	ENCSR056HPM	1989	0.0	0.0			True
chr19	48314288	48314828	FUT1	0	ENCSR056HPM	1989	0.0	0.0			True
chr19	48314288	48314828	NUCB1	0	ENCSR056HPM	1989	0.0	0.0			True
chr19	48321128	48321668	BAX	0	ENCSR056HPM	1989	0.0	0.0			True
chr19	48321128	48321668	BCAT2	0	ENCSR056HPM	1989	0.0	0.0			True
chr19	48321128	48321668	FTL	0	ENCSR056HPM	1989	0.0	0.0			True
chr19	48321128	48321668	FUT1	0	ENCSR056HPM	1989	0.0	0.0			True
chr19	48321128	48321668	NUCB1	0	ENCSR056HPM	1989	0.0	0.0			True
chr19	48321728	48322328	BAX	0	ENCSR056HPM	1989	0.0	0.0			True
chr19	48321728	48322328	BCAT2	0	ENCSR056HPM	1989	0.0	0.0			True
chr19	48321728	48322328	FTL	0	ENCSR056HPM	1989	0.0	0.0			True
chr19	48321728	48322328	FUT1	0	ENCSR056HPM	1989	0.0	0.0			True
chr19	48321728	48322328	NUCB1	0	ENCSR056HPM	1989	0.0	0.0			True
chr19	48332628	48333368	BAX	0	ENCSR056HPM	1989	0.0	0.0			True
chr19	48332628	48333368	BCAT2	0	ENCSR056HPM	1989	0.0	0.0			True
chr19	48332628	48333368	FUT1	0	ENCSR056HPM	1989	0.0	0.0			True
chr19	48332628	48333368	NUCB1	0	ENCSR056HPM	1989	0.0	0.0			True
chr19	48333828	48334328	BAX	0	ENCSR056HPM	1989	0.0	0.0			True
chr19	48333828	48334328	BCAT2	0	ENCSR056HPM	1989	0.0	0.0			True
chr19	48333828	48334328	FUT1	0	ENCSR056HPM	1989	0.0	0.0			True
chr19	48333828	48334328	NUCB1	0	ENCSR056HPM	1989	0.0	0.0			True
chr19	48339328	48339848	BAX	0	ENCSR056HPM	1989	0.0	0.0			True
chr19	48339328	48339848	BCAT2	0	ENCSR056HPM	1989	0.0	0.0			True
chr19	48339328	48339848	FTL	0	ENCSR056HPM	1989	0.0	0.0			True
chr19	48339328	48339848	FUT1	0	ENCSR056HPM	1989	0.0	0.0			True
chr19	48339328	48339848	NUCB1	0	ENCSR056HPM	1989	0.0	0.0			True
chr19	48339328	48339848	PPP1R15A	0	ENCSR056HPM	1989	0.0	0.0			True
chr19	48344808	48345308	BAX	0	ENCSR056HPM	1989	0.0	0.0			True
chr19	48344808	48345308	BCAT2	0	ENCSR056HPM	1989	0.0	0.0			True
chr19	48344808	48345308	FTL	0	ENCSR056HPM	1989	0.0	0.0			True
chr19	48344808	48345308	FUT1	0	ENCSR056HPM	1989	0.0	0.0			True
chr19	48344808	48345308	NUCB1	0	ENCSR056HPM	1989	0.0	0.0			True
chr19	48344808	48345308	PPP1R15A	0	ENCSR056HPM	1989	0.0	0.0			True
chr19	48351188	48351728	BAX	0	ENCSR056HPM	1989	0.0	0.0			True
chr19	48351188	48351728	BCAT2	0	ENCSR056HPM	1989	0.0	0.0			True
chr19	48351188	48351728	FTL	0	ENCSR056HPM	1989	0.0	0.0			True
chr19	48351188	48351728	FUT1	0	ENCSR056HPM	1989	0.0	0.0			True
chr19	48351188	48351728	NUCB1	0	ENCSR056HPM	1989	0.0	0.0			True
chr19	48351188	48351728	PPP1R15A	0	ENCSR056HPM	1989	0.0	0.0			True
chr19	48354508	48355028	BAX	0	ENCSR056HPM	1989	0.0	0.0			True
chr19	48354508	48355028	BCAT2	0	ENCSR056HPM	1989	0.0	0.0			True
chr19	48354508	48355028	FTL	0	ENCSR056HPM	1989	0.0	0.0			True
chr19	48354508	48355028	FUT1	0	ENCSR056HPM	1989	0.0	0.0			True
chr19	48354508	48355028	NUCB1	0	ENCSR056HPM	1989	0.0	0.0			True
chr19	48354508	48355028	PPP1R15A	0	ENCSR056HPM	1989	0.0	0.0			True
chr19	48356988	48357508	BAX	0	ENCSR056HPM	1989	0.0	0.0			True
chr19	48356988	48357508	BCAT2	0	ENCSR056HPM	1989	0.0	0.0			True
chr19	48356988	48357508	FTL	0	ENCSR056HPM	1989	0.0	0.0			True
chr19	48356988	48357508	NUCB1	0	ENCSR056HPM	1989	0.0	0.0			True
chr19	48362968	48363488	BAX	0	ENCSR056HPM	1989	0.0	0.0			True
chr19	48362968	48363488	BCAT2	0	ENCSR056HPM	1989	0.0	0.0			True
chr19	48362968	48363488	FTL	0	ENCSR056HPM	1989	0.0	0.0			True
chr19	48362968	48363488	FUT1	0	ENCSR056HPM	1989	0.0	0.0			True
chr19	48362968	48363488	NUCB1	0	ENCSR056HPM	1989	0.0	0.0			True
chr19	48362968	48363488	PPP1R15A	0	ENCSR056HPM	1989	0.0	0.0			True
chr19	48379048	48379568	BAX	0	ENCSR056HPM	1989	0.0	0.0			True
chr19	48379048	48379568	BCAT2	0	ENCSR056HPM	1989	0.0	0.0			True
chr19	48379048	48379568	FTL	0	ENCSR056HPM	1989	0.0	0.0			True
chr19	48379048	48379568	FUT1	0	ENCSR056HPM	1989	0.0	0.0			True
chr19	48379048	48379568	NUCB1	0	ENCSR056HPM	1989	0.0	0.0			True
chr19	48379048	48379568	PPP1R15A	0	ENCSR056HPM	1989	0.0	0.0			True
chr19	48385008	48385588	BAX	0	ENCSR056HPM	1989	0.0	0.0			True
chr19	48385008	48385588	BCAT2	0	ENCSR056HPM	1989	0.0	0.0			True
chr19	48385008	48385588	FTL	0	ENCSR056HPM	1989	0.0	0.0			True
chr19	48385008	48385588	FUT1	0	ENCSR056HPM	1989	0.0	0.0			True
chr19	48385008	48385588	NUCB1	0	ENCSR056HPM	1989	0.0	0.0			True
chr19	48385008	48385588	PPP1R15A	0	ENCSR056HPM	1989	0.0	0.0			True
chr19	48390508	48391008	BAX	0	ENCSR056HPM	1989	0.0	0.0			True
chr19	48390508	48391008	BCAT2	0	ENCSR056HPM	1989	0.0	0.0			True
chr19	48390508	48391008	FTL	0	ENCSR056HPM	1989	0.0	0.0			True
chr19	48390508	48391008	FUT1	0	ENCSR056HPM	1989	0.0	0.0			True
chr19	48390508	48391008	NUCB1	0	ENCSR056HPM	1989	0.0	0.0			True
chr19	48390508	48391008	PPP1R15A	0	ENCSR056HPM	1989	0.0	0.0			True
chr19	48398528	48399308	BAX	0	ENCSR056HPM	1989	0.0	0.0			True
chr19	48398528	48399308	BCAT2	0	ENCSR056HPM	1989	0.0	0.0			True
chr19	48398528	48399308	FTL	0	ENCSR056HPM	1989	0.0	0.0			True
chr19	48398528	48399308	FUT1	0	ENCSR056HPM	1989	0.0	0.0			True
chr19	48398528	48399308	NUCB1	0	ENCSR056HPM	1989	0.0	0.0			True
chr19	48398528	48399308	PPP1R15A	0	ENCSR056HPM	1989	0.0	0.0			True
chr19	48399528	48400568	BAX	0	ENCSR056HPM	1989	0.0	0.0			True
chr19	48399528	48400568	BCAT2	0	ENCSR056HPM	1989	0.0	0.0			True
chr19	48399528	48400568	FTL	0	ENCSR056HPM	1989	0.0	0.0			True
chr19	48399528	48400568	FUT1	0	ENCSR056HPM	1989	0.0	0.0			True
chr19	48399528	48400568	NUCB1	0	ENCSR056HPM	1989	0.0	0.0			True
chr19	48399528	48400568	PPP1R15A	0	ENCSR056HPM	1989	0.0	0.0			True
chr19	48403508	48404028	BAX	0	ENCSR056HPM	1989	0.0	0.0			True
chr19	48403508	48404028	BCAT2	0	ENCSR056HPM	1989	0.0	0.0			True
chr19	48403508	48404028	FTL	0	ENCSR056HPM	1989	0.0	0.0			True
chr19	48403508	48404028	FUT1	0	ENCSR056HPM	1989	0.0	0.0			True
chr19	48403508	48404028	NUCB1	0	ENCSR056HPM	1989	0.0	0.0			True
chr19	48403508	48404028	PPP1R15A	0	ENCSR056HPM	1989	0.0	0.0			True
chr19	48415368	48415868	BAX	0	ENCSR056HPM	1989	0.0	0.0			True
chr19	48415368	48415868	BCAT2	0	ENCSR056HPM	1989	0.0	0.0			True
chr19	48415368	48415868	FTL	0	ENCSR056HPM	1989	0.0	0.0			True
chr19	48415368	48415868	FUT1	0	ENCSR056HPM	1989	0.0	0.0			True
chr19	48415368	48415868	NUCB1	0	ENCSR056HPM	1989	0.0	0.0			True
chr19	48415368	48415868	PPP1R15A	0	ENCSR056HPM	1989	0.0	0.0			True
chr19	48418608	48419108	BAX	0	ENCSR056HPM	1989	0.0	0.0			True
chr19	48418608	48419108	BCAT2	0	ENCSR056HPM	1989	0.0	0.0			True
chr19	48418608	48419108	FTL	0	ENCSR056HPM	1989	0.0	0.0			True
chr19	48418608	48419108	FUT1	0	ENCSR056HPM	1989	0.0	0.0			True
chr19	48418608	48419108	NUCB1	0	ENCSR056HPM	1989	0.0	0.0			True
chr19	48418608	48419108	PPP1R15A	0	ENCSR056HPM	1989	0.0	0.0			True
chr19	48423448	48423968	BAX	0	ENCSR056HPM	1989	0.0	0.0			True
chr19	48423448	48423968	BCAT2	0	ENCSR056HPM	1989	0.0	0.0			True
chr19	48423448	48423968	FTL	0	ENCSR056HPM	1989	0.0	0.0			True
chr19	48423448	48423968	FUT1	0	ENCSR056HPM	1989	0.0	0.0			True
chr19	48423448	48423968	NUCB1	0	ENCSR056HPM	1989	0.0	0.0			True
chr19	48423448	48423968	PPP1R15A	0	ENCSR056HPM	1989	0.0	0.0			True
chr19	48424668	48425188	BAX	0	ENCSR056HPM	1989	0.0	0.0			True
chr19	48424668	48425188	BCAT2	0	ENCSR056HPM	1989	0.0	0.0			True
chr19	48424668	48425188	FTL	0	ENCSR056HPM	1989	0.0	0.0			True
chr19	48424668	48425188	FUT1	0	ENCSR056HPM	1989	0.0	0.0			True
chr19	48424668	48425188	NUCB1	0	ENCSR056HPM	1989	0.0	0.0			True
chr19	48424668	48425188	PPP1R15A	0	ENCSR056HPM	1989	0.0	0.0			True
chr19	48462268	48462788	BAX	0	ENCSR056HPM	1989	0.0	0.0			True
chr19	48462268	48462788	BCAT2	0	ENCSR056HPM	1989	0.0	0.0			True
chr19	48462268	48462788	FTL	0	ENCSR056HPM	1989	0.0	0.0			True
chr19	48462268	48462788	FUT1	0	ENCSR056HPM	1989	0.0	0.0			True
chr19	48462268	48462788	NUCB1	0	ENCSR056HPM	1989	0.0	0.0			True
chr19	48462268	48462788	PPP1R15A	0	ENCSR056HPM	1989	0.0	0.0			True
chr19	48491008	48491928	BAX	0	ENCSR056HPM	1989	0.0	0.0			True
chr19	48491008	48491928	BCAT2	0	ENCSR056HPM	1989	0.0	0.0			True
chr19	48491008	48491928	FUT1	0	ENCSR056HPM	1989	0.0	0.0			True
chr19	48491008	48491928	NUCB1	0	ENCSR056HPM	1989	0.0	0.0			True
chr19	48491008	48491928	PPP1R15A	0	ENCSR056HPM	1989	0.0	0.0			True
chr19	48492688	48493188	BAX	0	ENCSR056HPM	1989	0.0	0.0			True
chr19	48492688	48493188	BCAT2	0	ENCSR056HPM	1989	0.0	0.0			True
chr19	48492688	48493188	FUT1	0	ENCSR056HPM	1989	0.0	0.0			True
chr19	48492688	48493188	NUCB1	0	ENCSR056HPM	1989	0.0	0.0			True
chr19	48492688	48493188	PPP1R15A	0	ENCSR056HPM	1989	0.0	0.0			True
chr19	48493228	48493768	BAX	0	ENCSR056HPM	1989	0.0	0.0			True
chr19	48493228	48493768	BCAT2	0	ENCSR056HPM	1989	0.0	0.0			True
chr19	48493228	48493768	FUT1	0	ENCSR056HPM	1989	0.0	0.0			True
chr19	48493228	48493768	NUCB1	0	ENCSR056HPM	1989	0.0	0.0			True
chr19	48493228	48493768	PPP1R15A	0	ENCSR056HPM	1989	0.0	0.0			True
chr19	48501588	48502548	BAX	0	ENCSR056HPM	1989	0.0	0.0			True
chr19	48501588	48502548	BCAT2	0	ENCSR056HPM	1989	0.0	0.0			True
chr19	48501588	48502548	FTL	0	ENCSR056HPM	1989	0.0	0.0			True
chr19	48501588	48502548	FUT1	0	ENCSR056HPM	1989	0.0	0.0			True
chr19	48501588	48502548	NUCB1	0	ENCSR056HPM	1989	0.0	0.0			True
chr19	48501588	48502548	PPP1R15A	0	ENCSR056HPM	1989	0.0	0.0			True
chr19	48510468	48510988	BAX	0	ENCSR056HPM	1989	0.0	0.0			True
chr19	48510468	48510988	BCAT2	0	ENCSR056HPM	1989	0.0	0.0			True
chr19	48510468	48510988	FUT1	0	ENCSR056HPM	1989	0.0	0.0			True
chr19	48510468	48510988	NUCB1	0	ENCSR056HPM	1989	0.0	0.0			True
chr19	48510468	48510988	PPP1R15A	0	ENCSR056HPM	1989	0.0	0.0			True
chr19	48513708	48514288	BAX	0	ENCSR056HPM	1989	0.0	0.0			True
chr19	48513708	48514288	BCAT2	0	ENCSR056HPM	1989	0.0	0.0			True
chr19	48513708	48514288	FTL	0	ENCSR056HPM	1989	0.0	0.0			True
chr19	48513708	48514288	FUT1	0	ENCSR056HPM	1989	0.0	0.0			True
chr19	48513708	48514288	NUCB1	0	ENCSR056HPM	1989	0.0	0.0			True
chr19	48513708	48514288	PPP1R15A	0	ENCSR056HPM	1989	0.0	0.0			True
chr19	48553768	48554268	BAX	0	ENCSR056HPM	1989	0.0	0.0			True
chr19	48553768	48554268	BCAT2	0	ENCSR056HPM	1989	0.0	0.0			True
chr19	48553768	48554268	FTL	0	ENCSR056HPM	1989	0.0	0.0			True
chr19	48553768	48554268	FUT1	0	ENCSR056HPM	1989	0.0	0.0			True
chr19	48553768	48554268	NUCB1	0	ENCSR056HPM	1989	0.0	0.0			True
chr19	48553768	48554268	PPP1R15A	0	ENCSR056HPM	1989	0.0	0.0			True
chr19	48558108	48558628	BAX	0	ENCSR056HPM	1989	0.0	0.0			True
chr19	48558108	48558628	BCAT2	0	ENCSR056HPM	1989	0.0	0.0			True
chr19	48558108	48558628	FTL	0	ENCSR056HPM	1989	0.0	0.0			True
chr19	48558108	48558628	FUT1	0	ENCSR056HPM	1989	0.0	0.0			True
chr19	48558108	48558628	NUCB1	0	ENCSR056HPM	1989	0.0	0.0			True
chr19	48558108	48558628	PPP1R15A	0	ENCSR056HPM	1989	0.0	0.0			True
chr19	48562988	48563808	BAX	0	ENCSR056HPM	1989	0.0	0.0			True
chr19	48562988	48563808	BCAT2	0	ENCSR056HPM	1989	0.0	0.0			True
chr19	48562988	48563808	FTL	0	ENCSR056HPM	1989	0.0	0.0			True
chr19	48562988	48563808	FUT1	0	ENCSR056HPM	1989	0.0	0.0			True
chr19	48562988	48563808	NUCB1	0	ENCSR056HPM	1989	0.0	0.0			True
chr19	48562988	48563808	PPP1R15A	0	ENCSR056HPM	1989	0.0	0.0			True
chr19	48564888	48565468	BAX	0	ENCSR056HPM	1989	0.0	0.0			True
chr19	48564888	48565468	BCAT2	0	ENCSR056HPM	1989	0.0	0.0			True
chr19	48564888	48565468	FTL	0	ENCSR056HPM	1989	0.0	0.0			True
chr19	48564888	48565468	NUCB1	0	ENCSR056HPM	1989	0.0	0.0			True
chr19	48568248	48568808	BAX	0	ENCSR056HPM	1989	0.0	0.0			True
chr19	48568248	48568808	BCAT2	0	ENCSR056HPM	1989	0.0	0.0			True
chr19	48568248	48568808	FTL	0	ENCSR056HPM	1989	0.0	0.0			True
chr19	48568248	48568808	FUT1	0	ENCSR056HPM	1989	0.0	0.0			True
chr19	48568248	48568808	NUCB1	0	ENCSR056HPM	1989	0.0	0.0			True
chr19	48568248	48568808	PPP1R15A	0	ENCSR056HPM	1989	0.0	0.0			True
chr19	48574588	48575088	BAX	0	ENCSR056HPM	1989	0.0	0.0			True
chr19	48574588	48575088	BCAT2	0	ENCSR056HPM	1989	0.0	0.0			True
chr19	48574588	48575088	FTL	0	ENCSR056HPM	1989	0.0	0.0			True
chr19	48574588	48575088	FUT1	0	ENCSR056HPM	1989	0.0	0.0			True
chr19	48574588	48575088	NUCB1	0	ENCSR056HPM	1989	0.0	0.0			True
chr19	48574588	48575088	PPP1R15A	0	ENCSR056HPM	1989	0.0	0.0			True
chr19	48584148	48584648	BAX	0	ENCSR056HPM	1989	0.0	0.0			True
chr19	48584148	48584648	BCAT2	0	ENCSR056HPM	1989	0.0	0.0			True
chr19	48584148	48584648	FTL	0	ENCSR056HPM	1989	0.0	0.0			True
chr19	48584148	48584648	FUT1	0	ENCSR056HPM	1989	0.0	0.0			True
chr19	48584148	48584648	NUCB1	0	ENCSR056HPM	1989	0.0	0.0			True
chr19	48584148	48584648	PPP1R15A	0	ENCSR056HPM	1989	0.0	0.0			True
chr19	48588808	48589348	BAX	0	ENCSR056HPM	1989	0.0	0.0			True
chr19	48588808	48589348	BCAT2	0	ENCSR056HPM	1989	0.0	0.0			True
chr19	48588808	48589348	FTL	0	ENCSR056HPM	1989	0.0	0.0			True
chr19	48588808	48589348	FUT1	0	ENCSR056HPM	1989	0.0	0.0			True
chr19	48588808	48589348	NUCB1	0	ENCSR056HPM	1989	0.0	0.0			True
chr19	48588808	48589348	PPP1R15A	0	ENCSR056HPM	1989	0.0	0.0			True
chr19	48601548	48602048	BAX	0	ENCSR056HPM	1989	0.0	0.0			True
chr19	48608708	48609348	BAX	0	ENCSR056HPM	1989	0.0	0.0			True
chr19	48608708	48609348	BCAT2	0	ENCSR056HPM	1989	0.0	0.0			True
chr19	48608708	48609348	FTL	0	ENCSR056HPM	1989	0.0	0.0			True
chr19	48608708	48609348	FUT1	0	ENCSR056HPM	1989	0.0	0.0			True
chr19	48608708	48609348	NUCB1	0	ENCSR056HPM	1989	0.0	0.0			True
chr19	48608708	48609348	PPP1R15A	0	ENCSR056HPM	1989	0.0	0.0			True
chr19	48633308	48633808	BAX	0	ENCSR056HPM	1989	0.0	0.0			True
chr19	48633308	48633808	BCAT2	0	ENCSR056HPM	1989	0.0	0.0			True
chr19	48633308	48633808	FUT1	0	ENCSR056HPM	1989	0.0	0.0			True
chr19	48633308	48633808	NUCB1	0	ENCSR056HPM	1989	0.0	0.0			True
chr19	48634368	48634868	BAX	0	ENCSR056HPM	1989	0.0	0.0			True
chr19	48634368	48634868	BCAT2	0	ENCSR056HPM	1989	0.0	0.0			True
chr19	48634368	48634868	FTL	0	ENCSR056HPM	1989	0.0	0.0			True
chr19	48634368	48634868	FUT1	0	ENCSR056HPM	1989	0.0	0.0			True
chr19	48634368	48634868	NUCB1	0	ENCSR056HPM	1989	0.0	0.0			True
chr19	48634368	48634868	PPP1R15A	0	ENCSR056HPM	1989	0.0	0.0			True
chr19	48635128	48635748	BAX	0	ENCSR056HPM	1989	0.0	0.0			True
chr19	48635128	48635748	BCAT2	0	ENCSR056HPM	1989	0.0	0.0			True
chr19	48635128	48635748	FUT1	0	ENCSR056HPM	1989	0.0	0.0			True
chr19	48635128	48635748	NUCB1	0	ENCSR056HPM	1989	0.0	0.0			True
chr19	48638868	48639368	BAX	0	ENCSR056HPM	1989	0.0	0.0			True
chr19	48638868	48639368	BCAT2	0	ENCSR056HPM	1989	0.0	0.0			True
chr19	48638868	48639368	FUT1	0	ENCSR056HPM	1989	0.0	0.0			True
chr19	48638868	48639368	NUCB1	0	ENCSR056HPM	1989	0.0	0.0			True
chr19	48644708	48645208	NUCB1	0	ENCSR056HPM	1989	0.0	0.0			True
chr19	48651248	48651748	FTL	0	ENCSR056HPM	1989	0.0	0.0			True
chr19	48651248	48651748	NUCB1	0	ENCSR056HPM	1989	0.0	0.0			True
chr19	48652588	48653088	BAX	0	ENCSR056HPM	1989	0.0	0.0			True
chr19	48652588	48653088	FTL	0	ENCSR056HPM	1989	0.0	0.0			True
chr19	48652588	48653088	NUCB1	0	ENCSR056HPM	1989	0.0	0.0			True
chr19	48660888	48661468	BAX	0	ENCSR056HPM	1989	0.0	0.0			True
chr19	48660888	48661468	BCAT2	0	ENCSR056HPM	1989	0.0	0.0			True
chr19	48660888	48661468	FTL	0	ENCSR056HPM	1989	0.0	0.0			True
chr19	48660888	48661468	FUT1	0	ENCSR056HPM	1989	0.0	0.0			True
chr19	48660888	48661468	NUCB1	0	ENCSR056HPM	1989	0.0	0.0			True
chr19	48660888	48661468	PPP1R15A	0	ENCSR056HPM	1989	0.0	0.0			True
chr19	48675288	48675808	BAX	0	ENCSR056HPM	1989	0.0	0.0			True
chr19	48675288	48675808	BCAT2	0	ENCSR056HPM	1989	0.0	0.0			True
chr19	48675288	48675808	FTL	0	ENCSR056HPM	1989	0.0	0.0			True
chr19	48675288	48675808	NUCB1	0	ENCSR056HPM	1989	0.0	0.0			True
chr19	48675288	48675808	PPP1R15A	0	ENCSR056HPM	1989	0.0	0.0			True
chr19	48678128	48678628	BAX	0	ENCSR056HPM	1989	0.0	0.0			True
chr19	48678128	48678628	BCAT2	0	ENCSR056HPM	1989	0.0	0.0			True
chr19	48678128	48678628	FTL	0	ENCSR056HPM	1989	0.0	0.0			True
chr19	48678128	48678628	FUT1	0	ENCSR056HPM	1989	0.0	0.0			True
chr19	48678128	48678628	NUCB1	0	ENCSR056HPM	1989	0.0	0.0			True
chr19	48678128	48678628	PPP1R15A	0	ENCSR056HPM	1989	0.0	0.0			True
chr19	48680988	48681488	BAX	0	ENCSR056HPM	1989	0.0	0.0			True
chr19	48680988	48681488	BCAT2	0	ENCSR056HPM	1989	0.0	0.0			True
chr19	48680988	48681488	FTL	0	ENCSR056HPM	1989	0.0	0.0			True
chr19	48680988	48681488	FUT1	0	ENCSR056HPM	1989	0.0	0.0			True
chr19	48680988	48681488	NUCB1	0	ENCSR056HPM	1989	0.0	0.0			True
chr19	48680988	48681488	PPP1R15A	0	ENCSR056HPM	1989	0.0	0.0			True
chr19	48685448	48685968	BAX	0	ENCSR056HPM	1989	0.0	0.0			True
chr19	48685448	48685968	BCAT2	0	ENCSR056HPM	1989	0.0	0.0			True
chr19	48685448	48685968	FTL	0	ENCSR056HPM	1989	0.0	0.0			True
chr19	48685448	48685968	FUT1	0	ENCSR056HPM	1989	0.0	0.0			True
chr19	48685448	48685968	NUCB1	0	ENCSR056HPM	1989	0.0	0.0			True
chr19	48685448	48685968	PPP1R15A	0	ENCSR056HPM	1989	0.0	0.0			True
chr19	48697988	48698528	BAX	0	ENCSR056HPM	1989	0.0	0.0			True
chr19	48697988	48698528	BCAT2	0	ENCSR056HPM	1989	0.0	0.0			True
chr19	48697988	48698528	FTL	0	ENCSR056HPM	1989	0.0	0.0			True
chr19	48697988	48698528	FUT1	0	ENCSR056HPM	1989	0.0	0.0			True
chr19	48697988	48698528	NUCB1	0	ENCSR056HPM	1989	0.0	0.0			True
chr19	48697988	48698528	PPP1R15A	0	ENCSR056HPM	1989	0.0	0.0			True
chr19	48713988	48714648	BAX	0	ENCSR056HPM	1989	0.0	0.0			True
chr19	48713988	48714648	BCAT2	0	ENCSR056HPM	1989	0.0	0.0			True
chr19	48713988	48714648	FTL	0	ENCSR056HPM	1989	0.0	0.0			True
chr19	48720508	48721048	BCAT2	0	ENCSR056HPM	1989	0.0	0.0			True
chr19	48720508	48721048	FTL	0	ENCSR056HPM	1989	0.0	0.0			True
chr19	48720508	48721048	FUT1	1	ENCSR056HPM	1989	0.0	0.0			True
chr19	48724808	48725308	BAX	0	ENCSR056HPM	1989	0.0	0.0			True
chr19	48724808	48725308	BCAT2	0	ENCSR056HPM	1989	0.0	0.0			True
chr19	48724808	48725308	FTL	0	ENCSR056HPM	1989	0.0	0.0			True
chr19	48724808	48725308	NUCB1	0	ENCSR056HPM	1989	0.0	0.0			True
chr19	48724808	48725308	PPP1R15A	0	ENCSR056HPM	1989	0.0	0.0			True
chr19	48737288	48737808	BAX	0	ENCSR056HPM	1989	0.0	0.0			True
chr19	48737288	48737808	BCAT2	0	ENCSR056HPM	1989	0.0	0.0			True
chr19	48737288	48737808	FTL	0	ENCSR056HPM	1989	0.0	0.0			True
chr19	48737288	48737808	FUT1	0	ENCSR056HPM	1989	0.3213307705196852	0.00020508398301899433	0.0006382232531905174	7.737248420715332	False
chr19	48737288	48737808	PPP1R15A	0	ENCSR056HPM	1989	0.0	0.0			True
chr19	48738528	48739028	BAX	0	ENCSR056HPM	1989	0.0	0.0			True
chr19	48738528	48739028	FTL	0	ENCSR056HPM	1989	0.0	0.0			True
chr19	48738528	48739028	NUCB1	0	ENCSR056HPM	1989	0.0	0.0			True
chr19	48738528	48739028	PPP1R15A	0	ENCSR056HPM	1989	0.0	0.0			True
chr19	48747828	48748368	BAX	0	ENCSR056HPM	1989	0.0	0.0			True
chr19	48747828	48748368	BCAT2	0	ENCSR056HPM	1989	0.0	0.0			True
chr19	48747828	48748368	FTL	0	ENCSR056HPM	1989	0.0	0.0			True
chr19	48747828	48748368	NUCB1	0	ENCSR056HPM	1989	0.0	0.0			True
chr19	48747828	48748368	PPP1R15A	0	ENCSR056HPM	1989	0.0	0.0			True
chr19	48765748	48766248	BAX	0	ENCSR056HPM	1989	0.0	0.0			True
chr19	48765748	48766248	BCAT2	0	ENCSR056HPM	1989	0.0	0.0			True
chr19	48765748	48766248	FTL	0	ENCSR056HPM	1989	0.0	0.0			True
chr19	48765748	48766248	NUCB1	0	ENCSR056HPM	1989	0.0	0.0			True
chr19	48774388	48774888	BAX	0	ENCSR056HPM	1989	0.0	0.0			True
chr19	48774388	48774888	BCAT2	0	ENCSR056HPM	1989	0.0	0.0			True
chr19	48774388	48774888	FTL	0	ENCSR056HPM	1989	0.0	0.0			True
chr19	48774388	48774888	FUT1	0	ENCSR056HPM	1989	0.3056109836492591	0.00019505109230522066	0.0006382232531905174	7.737248420715332	False
chr19	48774388	48774888	NUCB1	0	ENCSR056HPM	1989	0.0	0.0			True
chr19	48780788	48781428	BAX	0	ENCSR056HPM	1989	0.0	0.0			True
chr19	48780788	48781428	BCAT2	0	ENCSR056HPM	1989	0.27775174333912284	0.0001675479143159464	0.0006032190285623074	8.295751571655273	False
chr19	48780788	48781428	FUT1	1	ENCSR056HPM	1989	0.4703198896646778	0.00030017379322089255	0.0006382232531905174	7.737248420715332	False
chr19	48780788	48781428	NUCB1	0	ENCSR056HPM	1989	0.0	0.0			True
chr19	48780788	48781428	PPP1R15A	0	ENCSR056HPM	1989	0.0	0.0			True
chr19	48784508	48785028	BAX	0	ENCSR056HPM	1989	0.0	0.0			True
chr19	48784508	48785028	BCAT2	0	ENCSR056HPM	1989	0.14375760888994105	8.671876275911927e-05	0.0006032190285623074	8.295751571655273	False
chr19	48784508	48785028	FUT1	0	ENCSR056HPM	1989	0.12884278913226993	8.22317524580285e-05	0.0006382232531905174	7.737248420715332	False
chr19	48784508	48785028	NUCB1	0	ENCSR056HPM	1989	0.0	0.0			True
chr19	48784508	48785028	PPP1R15A	0	ENCSR056HPM	1989	0.0	0.0			True
chr19	48788048	48788608	BAX	0	ENCSR056HPM	1989	0.0	0.0			True
chr19	48788048	48788608	BCAT2	0	ENCSR056HPM	1989	0.20942604549311555	0.0001263318699784577	0.0006032190285623074	8.295751571655273	False
chr19	48788048	48788608	FUT1	0	ENCSR056HPM	1989	0.0	0.0			True
chr19	48788048	48788608	NUCB1	0	ENCSR056HPM	1989	0.0	0.0			True
chr19	48788048	48788608	PPP1R15A	0	ENCSR056HPM	1989	0.0	0.0			True
chr19	48795288	48795808	FUT1	0	ENCSR056HPM	1989	0.0	0.0			True
chr19	48806548	48807568	BAX	0	ENCSR056HPM	1989	0.0	0.0			True
chr19	48806548	48807568	FTL	0	ENCSR056HPM	1989	0.0	0.0			True
chr19	48806548	48807568	FUT1	0	ENCSR056HPM	1989	0.0	0.0			True
chr19	48806548	48807568	NUCB1	0	ENCSR056HPM	1989	0.0	0.0			True
chr19	48806548	48807568	PPP1R15A	0	ENCSR056HPM	1989	0.0	0.0			True
chr19	48812108	48812648	BAX	0	ENCSR056HPM	1989	0.0	0.0			True
chr19	48812108	48812648	BCAT2	1	ENCSR056HPM	1989	5.818695065917658	0.0035100057721138	0.0006032190285623074	8.295751571655273	False
chr19	48812108	48812648	FTL	0	ENCSR056HPM	1989	0.0	0.0			True
chr19	48812108	48812648	FUT1	0	ENCSR056HPM	1989	0.0	0.0			True
chr19	48812108	48812648	NUCB1	0	ENCSR056HPM	1989	0.0	0.0			True
chr19	48812108	48812648	PPP1R15A	0	ENCSR056HPM	1989	0.0	0.0			True
chr19	48815928	48816428	BAX	0	ENCSR056HPM	1989	0.0	0.0			True
chr19	48815928	48816428	BCAT2	0	ENCSR056HPM	1989	1.1595189678577011	0.0006994555005803704	0.0006032190285623074	8.295751571655273	False
chr19	48815928	48816428	FTL	0	ENCSR056HPM	1989	0.0	0.0			True
chr19	48815928	48816428	FUT1	0	ENCSR056HPM	1989	0.0	0.0			True
chr19	48815928	48816428	NUCB1	0	ENCSR056HPM	1989	0.0	0.0			True
chr19	48815928	48816428	PPP1R15A	0	ENCSR056HPM	1989	0.0	0.0			True
chr19	48819428	48819948	BAX	0	ENCSR056HPM	1989	0.0	0.0			True
chr19	48819428	48819948	FTL	0	ENCSR056HPM	1989	0.0	0.0			True
chr19	48819428	48819948	FUT1	0	ENCSR056HPM	1989	0.0	0.0			True
chr19	48819428	48819948	NUCB1	0	ENCSR056HPM	1989	0.0	0.0			True
chr19	48819428	48819948	PPP1R15A	0	ENCSR056HPM	1989	0.0	0.0			True
chr19	48830068	48830588	BAX	0	ENCSR056HPM	1989	0.0	0.0			True
chr19	48830068	48830588	BCAT2	0	ENCSR056HPM	1989	0.5307925227264176	0.0003201894578523934	0.0006032190285623074	8.295751571655273	False
chr19	48830068	48830588	FTL	0	ENCSR056HPM	1989	0.0	0.0			True
chr19	48830068	48830588	FUT1	0	ENCSR056HPM	1989	0.0	0.0			True
chr19	48830068	48830588	NUCB1	0	ENCSR056HPM	1989	0.0	0.0			True
chr19	48830068	48830588	PPP1R15A	0	ENCSR056HPM	1989	0.0	0.0			True
chr19	48835628	48836148	BAX	0	ENCSR056HPM	1989	0.0	0.0			True
chr19	48835628	48836148	FUT1	0	ENCSR056HPM	1989	0.0	0.0			True
chr19	48842428	48843148	BAX	0	ENCSR056HPM	1989	0.0	0.0			True
chr19	48842428	48843148	BCAT2	0	ENCSR056HPM	1989	0.1294497745776863	7.808786176610738e-05	0.0006032190285623074	8.295751571655273	False
chr19	48842428	48843148	FUT1	0	ENCSR056HPM	1989	0.0	0.0			True
chr19	48842428	48843148	NUCB1	0	ENCSR056HPM	1989	0.0	0.0			True
chr19	48842428	48843148	PPP1R15A	0	ENCSR056HPM	1989	0.14961480368829042	4.308894131099805e-05	0.0002879891835618764	9.614168167114258	False
chr19	48844388	48844908	BAX	0	ENCSR056HPM	1989	0.0	0.0			True
chr19	48844388	48844908	BCAT2	0	ENCSR056HPM	1989	0.0	0.0			True
chr19	48844388	48844908	FUT1	0	ENCSR056HPM	1989	0.0	0.0			True
chr19	48844388	48844908	NUCB1	0	ENCSR056HPM	1989	0.0	0.0			True
chr19	48844388	48844908	PPP1R15A	0	ENCSR056HPM	1989	0.08751962217431365	2.5205579731846228e-05	0.0002879891835618764	9.614168167114258	False
chr19	48853988	48854508	BAX	0	ENCSR056HPM	1989	0.0	0.0			True
chr19	48853988	48854508	BCAT2	0	ENCSR056HPM	1989	0.0	0.0			True
chr19	48853988	48854508	FTL	0	ENCSR056HPM	1989	0.0	0.0			True
chr19	48853988	48854508	FUT1	0	ENCSR056HPM	1989	0.0	0.0			True
chr19	48853988	48854508	NUCB1	0	ENCSR056HPM	1989	0.0	0.0			True
chr19	48853988	48854508	PPP1R15A	0	ENCSR056HPM	1989	0.41990905826534825	0.00012093346595065668	0.0002879891835618764	9.614168167114258	False
chr19	48858508	48859008	FUT1	0	ENCSR056HPM	1989	0.0	0.0			True
chr19	48859168	48859688	BCAT2	0	ENCSR056HPM	1989	0.0	0.0			True
chr19	48859168	48859688	FUT1	0	ENCSR056HPM	1989	0.0	0.0			True
chr19	48859968	48860508	BAX	0	ENCSR056HPM	1989	0.0	0.0			True
chr19	48859968	48860508	BCAT2	0	ENCSR056HPM	1989	0.0	0.0			True
chr19	48859968	48860508	FTL	0	ENCSR056HPM	1989	0.0	0.0			True
chr19	48859968	48860508	FUT1	0	ENCSR056HPM	1989	0.0	0.0			True
chr19	48859968	48860508	NUCB1	0	ENCSR056HPM	1989	0.0	0.0			True
chr19	48859968	48860508	PPP1R15A	0	ENCSR056HPM	1989	1.67487380213721	0.00048236228758469224	0.0002879891835618764	9.614168167114258	False
chr19	48867028	48867548	BAX	0	ENCSR056HPM	1989	0.0	0.0			True
chr19	48867028	48867548	FTL	0	ENCSR056HPM	1989	0.0	0.0			True
chr19	48867028	48867548	FUT1	0	ENCSR056HPM	1989	0.0	0.0			True
chr19	48873488	48873988	FUT1	0	ENCSR056HPM	1989	0.0	0.0			True
chr19	48874368	48874888	FUT1	0	ENCSR056HPM	1989	0.0	0.0			True
chr19	48875148	48876668	FUT1	0	ENCSR056HPM	1989	0.0	0.0			True
chr19	48877968	48878928	BCAT2	0	ENCSR056HPM	1989	0.0	0.0			True
chr19	48877968	48878928	FUT1	0	ENCSR056HPM	1989	0.0	0.0			True
chr19	48888108	48888648	BAX	0	ENCSR056HPM	1989	0.0	0.0			True
chr19	48888108	48888648	BCAT2	0	ENCSR056HPM	1989	0.0	0.0			True
chr19	48888108	48888648	FTL	0	ENCSR056HPM	1989	0.0	0.0			True
chr19	48888108	48888648	FUT1	0	ENCSR056HPM	1989	0.0	0.0			True
chr19	48888108	48888648	PPP1R15A	0	ENCSR056HPM	1989	0.37552091719268615	0.00010814971756190062	0.0002879891835618764	9.614168167114258	False
chr19	48890488	48890988	BCAT2	0	ENCSR056HPM	1989	0.0	0.0			True
chr19	48890488	48890988	FUT1	0	ENCSR056HPM	1989	0.0	0.0			True
chr19	48890488	48890988	PPP1R15A	0	ENCSR056HPM	1989	0.25800075668910616	7.43040072848089e-05	0.0002879891835618764	9.614168167114258	False
chr19	48891808	48892368	FUT1	0	ENCSR056HPM	1989	0.0	0.0			True
chr19	48896088	48896648	FUT1	0	ENCSR056HPM	1989	0.0	0.0			True
chr19	48926808	48927308	BCAT2	0	ENCSR056HPM	1989	0.0	0.0			True
chr19	48926808	48927308	FUT1	0	ENCSR056HPM	1989	0.0	0.0			True
chr19	48943028	48943548	BAX	0	ENCSR056HPM	1989	0.15006237682434956	4.995905692339875e-05	0.0003329119354020804	8.657419204711914	False
chr19	48943028	48943548	BCAT2	0	ENCSR056HPM	1989	0.0	0.0			True
chr19	48943028	48943548	FTL	0	ENCSR056HPM	1989	0.1032281943006306	4.891450771538075e-06	4.737483322969638e-05	10.699204444885254	False
chr19	48943028	48943548	FUT1	0	ENCSR056HPM	1989	0.0	0.0			True
chr19	48943028	48943548	NUCB1	0	ENCSR056HPM	1989	0.0	0.0			True
chr19	48943028	48943548	PPP1R15A	0	ENCSR056HPM	1989	0.0	0.0			True
chr19	48951008	48951608	BCAT2	0	ENCSR056HPM	1989	0.0	0.0			True
chr19	48951008	48951608	FTL	0	ENCSR056HPM	1989	0.23177593881497735	1.0982664207404014e-05	4.737483322969638e-05	10.699204444885254	False
chr19	48951008	48951608	FUT1	0	ENCSR056HPM	1989	0.0	0.0			True
chr19	48962248	48962768	BCAT2	0	ENCSR056HPM	1989	0.0	0.0			True
chr19	48962248	48962768	FTL	1	ENCSR056HPM	1989	3.167370236888941	0.00015008531045168638	4.737483322969638e-05	10.699204444885254	False
chr19	48962248	48962768	FUT1	0	ENCSR056HPM	1989	0.0	0.0			True
chr19	48963708	48964208	BCAT2	0	ENCSR056HPM	1989	0.0	0.0			True
chr19	48963708	48964208	FTL	1	ENCSR056HPM	1989	6.130148762210492	0.00029047607677057385	4.737483322969638e-05	10.699204444885254	False
chr19	48963708	48964208	FUT1	0	ENCSR056HPM	1989	0.0	0.0			True
chr19	48967548	48968448	BCAT2	0	ENCSR056HPM	1989	0.0	0.0			True
chr19	48967548	48968448	FUT1	0	ENCSR056HPM	1989	0.0	0.0			True
chr19	48969788	48970308	BCAT2	0	ENCSR056HPM	1989	0.0	0.0			True
chr19	48969788	48970308	FTL	0	ENCSR056HPM	1989	1.3545841610415317	6.418674456654117e-05	4.737483322969638e-05	10.699204444885254	False
chr19	48969788	48970308	FUT1	0	ENCSR056HPM	1989	0.0	0.0			True
chr19	48970828	48971348	BCAT2	0	ENCSR056HPM	1989	0.0	0.0			True
chr19	48970828	48971348	FTL	1	ENCSR056HPM	1989	1.1441605304964826	5.421585592557676e-05	4.737483322969638e-05	10.699204444885254	False
chr19	48970828	48971348	FUT1	0	ENCSR056HPM	1989	0.0	0.0			True
chr19	48976088	48976628	BAX	0	ENCSR056HPM	1989	0.20690732289460825	6.888398638693616e-05	0.0003329119354020804	8.657419204711914	False
chr19	48976088	48976628	BCAT2	0	ENCSR056HPM	1989	0.0	0.0			True
chr19	48976088	48976628	FTL	0	ENCSR056HPM	1989	0.5063059757693305	2.3991224225028418e-05	4.737483322969638e-05	10.699204444885254	False
chr19	48976088	48976628	FUT1	0	ENCSR056HPM	1989	0.0	0.0			True
chr19	48976088	48976628	NUCB1	0	ENCSR056HPM	1989	0.0	0.0			True
chr19	48976088	48976628	PPP1R15A	0	ENCSR056HPM	1989	0.0	0.0			True
chr19	48978828	48979328	BCAT2	0	ENCSR056HPM	1989	0.0	0.0			True
chr19	48978828	48979328	FTL	0	ENCSR056HPM	1989	0.46734913933893096	2.214526102761738e-05	4.737483322969638e-05	10.699204444885254	False
chr19	48978828	48979328	FUT1	0	ENCSR056HPM	1989	0.0	0.0			True
chr19	48978828	48979328	NUCB1	0	ENCSR056HPM	1989	0.0	0.0			True
chr19	48978828	48979328	PPP1R15A	0	ENCSR056HPM	1989	0.0	0.0			True
chr19	48983528	48984028	BAX	0	ENCSR056HPM	1989	0.1065870344219651	3.5485161788528785e-05	0.0003329119354020804	8.657419204711914	False
chr19	48983528	48984028	BCAT2	0	ENCSR056HPM	1989	0.0	0.0			True
chr19	48983528	48984028	FTL	0	ENCSR056HPM	1989	0.15844181869977864	7.5077391556988005e-06	4.737483322969638e-05	10.699204444885254	False
chr19	48983528	48984028	FUT1	0	ENCSR056HPM	1989	0.0	0.0			True
chr19	48983528	48984028	NUCB1	0	ENCSR056HPM	1989	0.0	0.0			True
chr19	48983528	48984028	PPP1R15A	0	ENCSR056HPM	1989	0.0	0.0			True
chr19	48992108	48992648	BCAT2	0	ENCSR056HPM	1989	0.0	0.0			True
chr19	48992108	48992648	FUT1	0	ENCSR056HPM	1989	0.0	0.0			True
chr19	48992108	48992648	NUCB1	0	ENCSR056HPM	1989	0.0	0.0			True
chr19	48992108	48992648	PPP1R15A	0	ENCSR056HPM	1989	0.0	0.0			True
chr19	49017628	49018128	BAX	0	ENCSR056HPM	1989	0.0	0.0			True
chr19	49017628	49018128	BCAT2	0	ENCSR056HPM	1989	0.0	0.0			True
chr19	49017628	49018128	FUT1	0	ENCSR056HPM	1989	0.0	0.0			True
chr19	49017628	49018128	NUCB1	0	ENCSR056HPM	1989	0.0	0.0			True
chr19	49017628	49018128	PPP1R15A	0	ENCSR056HPM	1989	0.0	0.0			True
chr19	49038548	49039068	BAX	0	ENCSR056HPM	1989	0.0	0.0			True
chr19	49038548	49039068	BCAT2	0	ENCSR056HPM	1989	0.0	0.0			True
chr19	49038548	49039068	FTL	0	ENCSR056HPM	1989	0.0	0.0			True
chr19	49038548	49039068	FUT1	0	ENCSR056HPM	1989	0.0	0.0			True
chr19	49038548	49039068	NUCB1	0	ENCSR056HPM	1989	0.0	0.0			True
chr19	49038548	49039068	PPP1R15A	0	ENCSR056HPM	1989	0.0	0.0			True
chr19	49071708	49072248	BAX	0	ENCSR056HPM	1989	0.0	0.0			True
chr19	49071708	49072248	BCAT2	0	ENCSR056HPM	1989	0.0	0.0			True
chr19	49071708	49072248	FTL	0	ENCSR056HPM	1989	0.0	0.0			True
chr19	49071708	49072248	FUT1	0	ENCSR056HPM	1989	0.0	0.0			True
chr19	49071708	49072248	NUCB1	0	ENCSR056HPM	1989	0.0	0.0			True
chr19	49071708	49072248	PPP1R15A	0	ENCSR056HPM	1989	0.0	0.0			True
chr19	49073828	49074328	BAX	0	ENCSR056HPM	1989	0.0	0.0			True
chr19	49073828	49074328	BCAT2	0	ENCSR056HPM	1989	0.0	0.0			True
chr19	49073828	49074328	FTL	0	ENCSR056HPM	1989	0.0	0.0			True
chr19	49073828	49074328	FUT1	0	ENCSR056HPM	1989	0.0	0.0			True
chr19	49073828	49074328	NUCB1	0	ENCSR056HPM	1989	0.0	0.0			True
chr19	49073828	49074328	PPP1R15A	0	ENCSR056HPM	1989	0.0	0.0			True
chr19	49074788	49075308	BAX	0	ENCSR056HPM	1989	0.0	0.0			True
chr19	49081208	49081708	BAX	0	ENCSR056HPM	1989	0.0	0.0			True
chr19	49081208	49081708	BCAT2	0	ENCSR056HPM	1989	0.0	0.0			True
chr19	49081208	49081708	FTL	0	ENCSR056HPM	1989	0.0	0.0			True
chr19	49081208	49081708	FUT1	0	ENCSR056HPM	1989	0.0	0.0			True
chr19	49081208	49081708	NUCB1	0	ENCSR056HPM	1989	0.0	0.0			True
chr19	49081208	49081708	PPP1R15A	0	ENCSR056HPM	1989	0.0	0.0			True
chr19	49097688	49098248	BAX	0	ENCSR056HPM	1989	0.0	0.0			True
chr19	49097688	49098248	BCAT2	0	ENCSR056HPM	1989	0.0	0.0			True
chr19	49097688	49098248	FTL	0	ENCSR056HPM	1989	0.0	0.0			True
chr19	49097688	49098248	FUT1	0	ENCSR056HPM	1989	0.0	0.0			True
chr19	49097688	49098248	NUCB1	0	ENCSR056HPM	1989	0.0	0.0			True
chr19	49097688	49098248	PPP1R15A	0	ENCSR056HPM	1989	0.0	0.0			True
chr19	49106488	49107008	BAX	0	ENCSR056HPM	1989	0.0	0.0			True
chr19	49106488	49107008	BCAT2	0	ENCSR056HPM	1989	0.0	0.0			True
chr19	49106488	49107008	FTL	0	ENCSR056HPM	1989	0.0	0.0			True
chr19	49106488	49107008	FUT1	0	ENCSR056HPM	1989	0.0	0.0			True
chr19	49106488	49107008	NUCB1	0	ENCSR056HPM	1989	0.0	0.0			True
chr19	49106488	49107008	PPP1R15A	0	ENCSR056HPM	1989	0.0	0.0			True
chr19	49110468	49110988	BAX	0	ENCSR056HPM	1989	0.0	0.0			True
chr19	49110468	49110988	BCAT2	0	ENCSR056HPM	1989	0.0	0.0			True
chr19	49110468	49110988	FTL	0	ENCSR056HPM	1989	0.0	0.0			True
chr19	49110468	49110988	FUT1	0	ENCSR056HPM	1989	0.0	0.0			True
chr19	49110468	49110988	NUCB1	0	ENCSR056HPM	1989	0.0	0.0			True
chr19	49116488	49117008	BAX	0	ENCSR056HPM	1989	0.0	0.0			True
chr19	49116488	49117008	BCAT2	0	ENCSR056HPM	1989	0.0	0.0			True
chr19	49116488	49117008	FTL	0	ENCSR056HPM	1989	0.0	0.0			True
chr19	49116488	49117008	FUT1	0	ENCSR056HPM	1989	0.0	0.0			True
chr19	49116488	49117008	NUCB1	0	ENCSR056HPM	1989	0.0	0.0			True
chr19	49127808	49128508	BAX	0	ENCSR056HPM	1989	0.0	0.0			True
chr19	49127808	49128508	BCAT2	0	ENCSR056HPM	1989	0.0	0.0			True
chr19	49127808	49128508	FTL	0	ENCSR056HPM	1989	0.0	0.0			True
chr19	49127808	49128508	FUT1	0	ENCSR056HPM	1989	0.0	0.0			True
chr19	49127808	49128508	NUCB1	0	ENCSR056HPM	1989	0.0	0.0			True
chr19	49127808	49128508	PPP1R15A	0	ENCSR056HPM	1989	0.0	0.0			True
chr19	49129208	49129728	BAX	0	ENCSR056HPM	1989	0.0	0.0			True
chr19	49129208	49129728	BCAT2	0	ENCSR056HPM	1989	0.0	0.0			True
chr19	49129208	49129728	FTL	0	ENCSR056HPM	1989	0.0	0.0			True
chr19	49129208	49129728	FUT1	0	ENCSR056HPM	1989	0.0	0.0			True
chr19	49129208	49129728	NUCB1	0	ENCSR056HPM	1989	0.0	0.0			True
chr19	49129208	49129728	PPP1R15A	0	ENCSR056HPM	1989	0.0	0.0			True
chr19	49133388	49133888	BAX	0	ENCSR056HPM	1989	0.0	0.0			True
chr19	49133388	49133888	BCAT2	0	ENCSR056HPM	1989	0.0	0.0			True
chr19	49133388	49133888	FTL	0	ENCSR056HPM	1989	0.0	0.0			True
chr19	49133388	49133888	FUT1	0	ENCSR056HPM	1989	0.0	0.0			True
chr19	49133388	49133888	NUCB1	0	ENCSR056HPM	1989	0.0	0.0			True
chr19	49133388	49133888	PPP1R15A	0	ENCSR056HPM	1989	0.0	0.0			True
chr19	49135948	49136488	BAX	0	ENCSR056HPM	1989	0.0	0.0			True
chr19	49135948	49136488	BCAT2	0	ENCSR056HPM	1989	0.0	0.0			True
chr19	49135948	49136488	FTL	0	ENCSR056HPM	1989	0.0	0.0			True
chr19	49135948	49136488	FUT1	0	ENCSR056HPM	1989	0.0	0.0			True
chr19	49135948	49136488	NUCB1	0	ENCSR056HPM	1989	0.0	0.0			True
chr19	49135948	49136488	PPP1R15A	0	ENCSR056HPM	1989	0.0	0.0			True
chr19	49142828	49143328	BAX	0	ENCSR056HPM	1989	0.0	0.0			True
chr19	49142828	49143328	BCAT2	0	ENCSR056HPM	1989	0.0	0.0			True
chr19	49142828	49143328	FTL	0	ENCSR056HPM	1989	0.0	0.0			True
chr19	49142828	49143328	FUT1	0	ENCSR056HPM	1989	0.0	0.0			True
chr19	49142828	49143328	NUCB1	0	ENCSR056HPM	1989	0.0	0.0			True
chr19	49142828	49143328	PPP1R15A	0	ENCSR056HPM	1989	0.0	0.0			True
chr19	49147688	49148568	BAX	0	ENCSR056HPM	1989	0.0	0.0			True
chr19	49147688	49148568	BCAT2	0	ENCSR056HPM	1989	0.0	0.0			True
chr19	49147688	49148568	FTL	0	ENCSR056HPM	1989	0.0	0.0			True
chr19	49147688	49148568	NUCB1	0	ENCSR056HPM	1989	0.0	0.0			True
chr19	49147688	49148568	PPP1R15A	0	ENCSR056HPM	1989	0.0	0.0			True
chr19	49149168	49150108	BAX	0	ENCSR056HPM	1989	0.0	0.0			True
chr19	49149168	49150108	BCAT2	0	ENCSR056HPM	1989	0.0	0.0			True
chr19	49149168	49150108	FTL	0	ENCSR056HPM	1989	0.0	0.0			True
chr19	49149168	49150108	NUCB1	0	ENCSR056HPM	1989	0.0	0.0			True
chr19	49150268	49150828	BAX	0	ENCSR056HPM	1989	0.0	0.0			True
chr19	49150268	49150828	BCAT2	0	ENCSR056HPM	1989	0.0	0.0			True
chr19	49150268	49150828	FTL	0	ENCSR056HPM	1989	0.0	0.0			True
chr19	49150268	49150828	FUT1	0	ENCSR056HPM	1989	0.0	0.0			True
chr19	49150268	49150828	NUCB1	0	ENCSR056HPM	1989	0.0	0.0			True
chr19	49151528	49152028	BAX	0	ENCSR056HPM	1989	0.0	0.0			True
chr19	49151528	49152028	BCAT2	0	ENCSR056HPM	1989	0.0	0.0			True
chr19	49151528	49152028	FTL	0	ENCSR056HPM	1989	0.0	0.0			True
chr19	49151528	49152028	FUT1	0	ENCSR056HPM	1989	0.0	0.0			True
chr19	49151528	49152028	NUCB1	0	ENCSR056HPM	1989	0.0	0.0			True
chr19	49161968	49162468	BAX	0	ENCSR056HPM	1989	0.0	0.0			True
chr19	49161968	49162468	BCAT2	0	ENCSR056HPM	1989	0.0	0.0			True
chr19	49161968	49162468	FTL	0	ENCSR056HPM	1989	0.0	0.0			True
chr19	49161968	49162468	FUT1	0	ENCSR056HPM	1989	0.0	0.0			True
chr19	49161968	49162468	NUCB1	0	ENCSR056HPM	1989	0.0	0.0			True
chr19	49161968	49162468	PPP1R15A	0	ENCSR056HPM	1989	0.0	0.0			True
chr19	49176968	49177468	BAX	0	ENCSR056HPM	1989	0.0	0.0			True
chr19	49176968	49177468	BCAT2	0	ENCSR056HPM	1989	0.0	0.0			True
chr19	49176968	49177468	FTL	0	ENCSR056HPM	1989	0.0	0.0			True
chr19	49176968	49177468	FUT1	0	ENCSR056HPM	1989	0.0	0.0			True
chr19	49176968	49177468	NUCB1	0	ENCSR056HPM	1989	0.0	0.0			True
chr19	49176968	49177468	PPP1R15A	0	ENCSR056HPM	1989	0.0	0.0			True
chr19	49198788	49199308	BAX	0	ENCSR056HPM	1989	0.0	0.0			True
chr19	49198788	49199308	BCAT2	0	ENCSR056HPM	1989	0.0	0.0			True
chr19	49198788	49199308	FTL	0	ENCSR056HPM	1989	0.0	0.0			True
chr19	49198788	49199308	FUT1	0	ENCSR056HPM	1989	0.0	0.0			True
chr19	49198788	49199308	NUCB1	0	ENCSR056HPM	1989	0.0	0.0			True
chr19	49198788	49199308	PPP1R15A	0	ENCSR056HPM	1989	0.0	0.0			True
chr19	49200228	49200768	BAX	0	ENCSR056HPM	1989	0.0	0.0			True
chr19	49200228	49200768	BCAT2	0	ENCSR056HPM	1989	0.0	0.0			True
chr19	49200228	49200768	FTL	0	ENCSR056HPM	1989	0.0	0.0			True
chr19	49200228	49200768	FUT1	0	ENCSR056HPM	1989	0.0	0.0			True
chr19	49200228	49200768	NUCB1	0	ENCSR056HPM	1989	0.0	0.0			True
chr19	49200228	49200768	PPP1R15A	0	ENCSR056HPM	1989	0.0	0.0			True
chr19	49207728	49208708	BAX	0	ENCSR056HPM	1989	0.0	0.0			True
chr19	49207728	49208708	BCAT2	0	ENCSR056HPM	1989	0.0	0.0			True
chr19	49207728	49208708	FTL	0	ENCSR056HPM	1989	0.0	0.0			True
chr19	49207728	49208708	FUT1	0	ENCSR056HPM	1989	0.0	0.0			True
chr19	49207728	49208708	NUCB1	0	ENCSR056HPM	1989	0.0	0.0			True
chr19	49209928	49210868	BAX	0	ENCSR056HPM	1989	0.0	0.0			True
chr19	49209928	49210868	BCAT2	0	ENCSR056HPM	1989	0.0	0.0			True
chr19	49209928	49210868	FTL	0	ENCSR056HPM	1989	0.0	0.0			True
chr19	49209928	49210868	FUT1	0	ENCSR056HPM	1989	0.0	0.0			True
chr19	49209928	49210868	NUCB1	0	ENCSR056HPM	1989	0.0	0.0			True
chr19	49209928	49210868	PPP1R15A	0	ENCSR056HPM	1989	0.0	0.0			True
chr19	49213708	49214268	BAX	0	ENCSR056HPM	1989	0.0	0.0			True
chr19	49213708	49214268	BCAT2	0	ENCSR056HPM	1989	0.0	0.0			True
chr19	49213708	49214268	FTL	0	ENCSR056HPM	1989	0.0	0.0			True
chr19	49213708	49214268	FUT1	0	ENCSR056HPM	1989	0.0	0.0			True
chr19	49213708	49214268	NUCB1	0	ENCSR056HPM	1989	0.0	0.0			True
chr19	49213708	49214268	PPP1R15A	0	ENCSR056HPM	1989	0.0	0.0			True
chr19	49224768	49225288	BAX	0	ENCSR056HPM	1989	0.0	0.0			True
chr19	49224768	49225288	BCAT2	0	ENCSR056HPM	1989	0.0	0.0			True
chr19	49224768	49225288	FTL	0	ENCSR056HPM	1989	0.0	0.0			True
chr19	49224768	49225288	FUT1	0	ENCSR056HPM	1989	0.0	0.0			True
chr19	49224768	49225288	NUCB1	0	ENCSR056HPM	1989	0.0	0.0			True
chr19	49224768	49225288	PPP1R15A	0	ENCSR056HPM	1989	0.0	0.0			True
chr19	49225928	49226428	BAX	0	ENCSR056HPM	1989	0.0	0.0			True
chr19	49225928	49226428	BCAT2	0	ENCSR056HPM	1989	0.0	0.0			True
chr19	49225928	49226428	FTL	0	ENCSR056HPM	1989	0.0	0.0			True
chr19	49225928	49226428	FUT1	0	ENCSR056HPM	1989	0.0	0.0			True
chr19	49225928	49226428	NUCB1	0	ENCSR056HPM	1989	0.0	0.0			True
chr19	49225928	49226428	PPP1R15A	0	ENCSR056HPM	1989	0.0	0.0			True
chr19	49266808	49267368	BAX	0	ENCSR056HPM	1989	0.0	0.0			True
chr19	49266808	49267368	BCAT2	0	ENCSR056HPM	1989	0.0	0.0			True
chr19	49266808	49267368	FTL	0	ENCSR056HPM	1989	0.0	0.0			True
chr19	49266808	49267368	NUCB1	0	ENCSR056HPM	1989	0.0	0.0			True
chr19	49301148	49301708	BAX	0	ENCSR056HPM	1989	0.0	0.0			True
chr19	49301148	49301708	BCAT2	0	ENCSR056HPM	1989	0.0	0.0			True
chr19	49301148	49301708	FTL	0	ENCSR056HPM	1989	0.0	0.0			True
chr19	49301148	49301708	FUT1	0	ENCSR056HPM	1989	0.0	0.0			True
chr19	49301148	49301708	NUCB1	0	ENCSR056HPM	1989	0.0	0.0			True
chr19	49301148	49301708	PPP1R15A	0	ENCSR056HPM	1989	0.0	0.0			True
chr19	49327768	49328328	BAX	0	ENCSR056HPM	1989	0.0	0.0			True
chr19	49327768	49328328	BCAT2	0	ENCSR056HPM	1989	0.0	0.0			True
chr19	49327768	49328328	FTL	0	ENCSR056HPM	1989	0.0	0.0			True
chr19	49327768	49328328	FUT1	0	ENCSR056HPM	1989	0.0	0.0			True
chr19	49327768	49328328	NUCB1	0	ENCSR056HPM	1989	0.0	0.0			True
chr19	49327768	49328328	PPP1R15A	0	ENCSR056HPM	1989	0.0	0.0			True
chr19	49328388	49328908	BAX	0	ENCSR056HPM	1989	0.0	0.0			True
chr19	49328388	49328908	BCAT2	0	ENCSR056HPM	1989	0.0	0.0			True
chr19	49328388	49328908	FTL	0	ENCSR056HPM	1989	0.0	0.0			True
chr19	49328388	49328908	FUT1	0	ENCSR056HPM	1989	0.0	0.0			True
chr19	49328388	49328908	PPP1R15A	0	ENCSR056HPM	1989	0.0	0.0			True
chr19	49331448	49332008	BAX	0	ENCSR056HPM	1989	0.0	0.0			True
chr19	49331448	49332008	BCAT2	0	ENCSR056HPM	1989	0.0	0.0			True
chr19	49331448	49332008	FTL	0	ENCSR056HPM	1989	0.0	0.0			True
chr19	49331448	49332008	FUT1	0	ENCSR056HPM	1989	0.0	0.0			True
chr19	49331448	49332008	NUCB1	0	ENCSR056HPM	1989	0.0	0.0			True
chr19	49331448	49332008	PPP1R15A	0	ENCSR056HPM	1989	0.0	0.0			True
chr19	49338808	49339348	BAX	0	ENCSR056HPM	1989	0.0	0.0			True
chr19	49338808	49339348	BCAT2	0	ENCSR056HPM	1989	0.0	0.0			True
chr19	49338808	49339348	FTL	0	ENCSR056HPM	1989	0.0	0.0			True
chr19	49338808	49339348	FUT1	0	ENCSR056HPM	1989	0.0	0.0			True
chr19	49338808	49339348	NUCB1	0	ENCSR056HPM	1989	0.0	0.0			True
chr19	49338808	49339348	PPP1R15A	0	ENCSR056HPM	1989	0.0	0.0			True
chr19	49340188	49340688	BAX	0	ENCSR056HPM	1989	0.0	0.0			True
chr19	49340188	49340688	BCAT2	0	ENCSR056HPM	1989	0.0	0.0			True
chr19	49340188	49340688	FTL	0	ENCSR056HPM	1989	0.0	0.0			True
chr19	49340188	49340688	FUT1	0	ENCSR056HPM	1989	0.0	0.0			True
chr19	49340188	49340688	NUCB1	0	ENCSR056HPM	1989	0.0	0.0			True
chr19	49340188	49340688	PPP1R15A	0	ENCSR056HPM	1989	0.0	0.0			True
chr19	49347748	49348268	BAX	0	ENCSR056HPM	1989	0.0	0.0			True
chr19	49347748	49348268	BCAT2	0	ENCSR056HPM	1989	0.0	0.0			True
chr19	49347748	49348268	FTL	0	ENCSR056HPM	1989	0.0	0.0			True
chr19	49347748	49348268	FUT1	0	ENCSR056HPM	1989	0.0	0.0			True
chr19	49347748	49348268	NUCB1	0	ENCSR056HPM	1989	0.0	0.0			True
chr19	49347748	49348268	PPP1R15A	0	ENCSR056HPM	1989	0.0	0.0			True
chr19	49391788	49392328	BAX	0	ENCSR056HPM	1989	0.0	0.0			True
chr19	49391788	49392328	BCAT2	0	ENCSR056HPM	1989	0.0	0.0			True
chr19	49391788	49392328	FTL	0	ENCSR056HPM	1989	0.0	0.0			True
chr19	49391788	49392328	FUT1	0	ENCSR056HPM	1989	0.0	0.0			True
chr19	49391788	49392328	NUCB1	0	ENCSR056HPM	1989	0.0	0.0			True
chr19	49391788	49392328	PPP1R15A	0	ENCSR056HPM	1989	0.0	0.0			True
chr3	127573842	127574362	CNBP	0	ENCSR056HPM	1989	0.0	0.0			True
chr3	127573842	127574362	H1-10	0	ENCSR056HPM	1989	0.0	0.0			True
chr3	127573842	127574362	RAB7A	0	ENCSR056HPM	1989	0.0	0.0			True
chr3	127573842	127574362	RPN1	0	ENCSR056HPM	1989	0.0	0.0			True
chr3	127573842	127574362	SEC61A1	0	ENCSR056HPM	1989	0.0	0.0			True
chr3	127584422	127585002	H1-10	0	ENCSR056HPM	1989	0.0	0.0			True
chr3	127584422	127585002	RAB7A	0	ENCSR056HPM	1989	0.0	0.0			True
chr3	127584422	127585002	RPN1	0	ENCSR056HPM	1989	0.0	0.0			True
chr3	127595282	127595802	CNBP	0	ENCSR056HPM	1989	0.0	0.0			True
chr3	127595282	127595802	H1-10	0	ENCSR056HPM	1989	0.0	0.0			True
chr3	127595282	127595802	RPN1	0	ENCSR056HPM	1989	0.0	0.0			True
chr3	127630062	127630562	CNBP	0	ENCSR056HPM	1989	0.0	0.0			True
chr3	127630062	127630562	H1-10	0	ENCSR056HPM	1989	0.0	0.0			True
chr3	127630062	127630562	RAB7A	0	ENCSR056HPM	1989	0.0	0.0			True
chr3	127630062	127630562	RPN1	0	ENCSR056HPM	1989	0.0	0.0			True
chr3	127630062	127630562	SEC61A1	0	ENCSR056HPM	1989	0.0	0.0			True
chr3	127634602	127635102	CNBP	0	ENCSR056HPM	1989	0.0	0.0			True
chr3	127634602	127635102	H1-10	0	ENCSR056HPM	1989	0.0	0.0			True
chr3	127634602	127635102	RAB7A	0	ENCSR056HPM	1989	0.0	0.0			True
chr3	127634602	127635102	RPN1	0	ENCSR056HPM	1989	0.0	0.0			True
chr3	127634602	127635102	SEC61A1	0	ENCSR056HPM	1989	0.0	0.0			True
chr3	127683622	127684162	CNBP	0	ENCSR056HPM	1989	0.0	0.0			True
chr3	127683622	127684162	H1-10	0	ENCSR056HPM	1989	0.0	0.0			True
chr3	127683622	127684162	RAB7A	0	ENCSR056HPM	1989	0.0	0.0			True
chr3	127683622	127684162	RPN1	0	ENCSR056HPM	1989	0.0	0.0			True
chr3	127683622	127684162	SEC61A1	0	ENCSR056HPM	1989	0.0	0.0			True
chr3	127696042	127696642	CNBP	0	ENCSR056HPM	1989	0.0	0.0			True
chr3	127696042	127696642	H1-10	0	ENCSR056HPM	1989	0.0	0.0			True
chr3	127696042	127696642	RAB7A	0	ENCSR056HPM	1989	0.0	0.0			True
chr3	127696042	127696642	RPN1	0	ENCSR056HPM	1989	0.0	0.0			True
chr3	127697362	127697862	CNBP	0	ENCSR056HPM	1989	0.0	0.0			True
chr3	127697362	127697862	H1-10	0	ENCSR056HPM	1989	0.0	0.0			True
chr3	127697362	127697862	RAB7A	0	ENCSR056HPM	1989	0.0	0.0			True
chr3	127697362	127697862	RPN1	0	ENCSR056HPM	1989	0.0	0.0			True
chr3	127701122	127701642	CNBP	0	ENCSR056HPM	1989	0.0	0.0			True
chr3	127701122	127701642	H1-10	0	ENCSR056HPM	1989	0.0	0.0			True
chr3	127701122	127701642	RAB7A	0	ENCSR056HPM	1989	0.0	0.0			True
chr3	127701122	127701642	RPN1	0	ENCSR056HPM	1989	0.0	0.0			True
chr3	127701122	127701642	SEC61A1	0	ENCSR056HPM	1989	0.0	0.0			True
chr3	127702062	127702602	CNBP	0	ENCSR056HPM	1989	0.0	0.0			True
chr3	127702062	127702602	H1-10	0	ENCSR056HPM	1989	0.0	0.0			True
chr3	127702062	127702602	RAB7A	0	ENCSR056HPM	1989	0.0	0.0			True
chr3	127702062	127702602	RPN1	0	ENCSR056HPM	1989	0.0	0.0			True
chr3	127702062	127702602	SEC61A1	0	ENCSR056HPM	1989	0.0	0.0			True
chr3	127706942	127707442	CNBP	0	ENCSR056HPM	1989	0.0	0.0			True
chr3	127706942	127707442	H1-10	0	ENCSR056HPM	1989	0.0	0.0			True
chr3	127706942	127707442	RAB7A	0	ENCSR056HPM	1989	0.0	0.0			True
chr3	127706942	127707442	RPN1	0	ENCSR056HPM	1989	0.0	0.0			True
chr3	127706942	127707442	SEC61A1	0	ENCSR056HPM	1989	0.0	0.0			True
chr3	127729422	127729922	CNBP	0	ENCSR056HPM	1989	0.0	0.0			True
chr3	127729422	127729922	H1-10	0	ENCSR056HPM	1989	0.0	0.0			True
chr3	127729422	127729922	RAB7A	0	ENCSR056HPM	1989	0.0	0.0			True
chr3	127729422	127729922	RPN1	0	ENCSR056HPM	1989	0.0	0.0			True
chr3	127890502	127891002	CNBP	0	ENCSR056HPM	1989	0.0	0.0			True
chr3	127890502	127891002	H1-10	0	ENCSR056HPM	1989	0.0	0.0			True
chr3	127890502	127891002	RPN1	0	ENCSR056HPM	1989	0.0	0.0			True
chr3	127890502	127891002	SEC61A1	0	ENCSR056HPM	1989	0.0	0.0			True
chr3	128011102	128011642	CNBP	0	ENCSR056HPM	1989	0.0	0.0			True
chr3	128011102	128011642	H1-10	0	ENCSR056HPM	1989	0.0	0.0			True
chr3	128011102	128011642	RAB7A	0	ENCSR056HPM	1989	0.0	0.0			True
chr3	128011102	128011642	RPN1	0	ENCSR056HPM	1989	0.0	0.0			True
chr3	128067482	128067982	CNBP	0	ENCSR056HPM	1989	0.0	0.0			True
chr3	128067482	128067982	H1-10	0	ENCSR056HPM	1989	0.0	0.0			True
chr3	128067482	128067982	RAB7A	0	ENCSR056HPM	1989	0.0	0.0			True
chr3	128067482	128067982	RPN1	0	ENCSR056HPM	1989	0.0	0.0			True
chr3	128068022	128068522	CNBP	0	ENCSR056HPM	1989	0.0	0.0			True
chr3	128068022	128068522	H1-10	0	ENCSR056HPM	1989	0.0	0.0			True
chr3	128068022	128068522	RAB7A	0	ENCSR056HPM	1989	0.0	0.0			True
chr3	128068022	128068522	RPN1	0	ENCSR056HPM	1989	0.0	0.0			True
chr3	128076762	128077642	CNBP	0	ENCSR056HPM	1989	0.0	0.0			True
chr3	128076762	128077642	H1-10	0	ENCSR056HPM	1989	0.0	0.0			True
chr3	128076762	128077642	RAB7A	0	ENCSR056HPM	1989	0.0	0.0			True
chr3	128076762	128077642	RPN1	0	ENCSR056HPM	1989	0.0	0.0			True
chr3	128076762	128077642	SEC61A1	0	ENCSR056HPM	1989	0.5870432428213749	0.000292174459900707	0.0004976951749995351	8.680795669555664	False
chr3	128080222	128080742	CNBP	0	ENCSR056HPM	1989	0.0	0.0			True
chr3	128080222	128080742	H1-10	0	ENCSR056HPM	1989	0.0	0.0			True
chr3	128080222	128080742	RPN1	0	ENCSR056HPM	1989	0.0	0.0			True
chr3	128128222	128128722	CNBP	0	ENCSR056HPM	1989	0.0	0.0			True
chr3	128128222	128128722	H1-10	0	ENCSR056HPM	1989	0.0	0.0			True
chr3	128128222	128128722	RAB7A	0	ENCSR056HPM	1989	0.0	0.0			True
chr3	128128222	128128722	RPN1	0	ENCSR056HPM	1989	0.0	0.0			True
chr3	128133542	128134042	CNBP	0	ENCSR056HPM	1989	0.0	0.0			True
chr3	128133542	128134042	H1-10	0	ENCSR056HPM	1989	0.0	0.0			True
chr3	128133542	128134042	RPN1	0	ENCSR056HPM	1989	0.0	0.0			True
chr3	128133542	128134042	SEC61A1	0	ENCSR056HPM	1989	0.0	0.0			True
chr3	128145182	128146162	CNBP	0	ENCSR056HPM	1989	0.0	0.0			True
chr3	128145182	128146162	H1-10	0	ENCSR056HPM	1989	0.0	0.0			True
chr3	128145182	128146162	RAB7A	0	ENCSR056HPM	1989	0.0	0.0			True
chr3	128145182	128146162	RPN1	0	ENCSR056HPM	1989	0.0	0.0			True
chr3	128145182	128146162	SEC61A1	0	ENCSR056HPM	1989	0.0	0.0			True
chr3	128170862	128171362	CNBP	0	ENCSR056HPM	1989	0.0	0.0			True
chr3	128170862	128171362	H1-10	0	ENCSR056HPM	1989	0.0	0.0			True
chr3	128170862	128171362	RAB7A	0	ENCSR056HPM	1989	0.0	0.0			True
chr3	128170862	128171362	RPN1	0	ENCSR056HPM	1989	0.0	0.0			True
chr3	128170862	128171362	SEC61A1	0	ENCSR056HPM	1989	0.0	0.0			True
chr3	128190422	128190982	CNBP	0	ENCSR056HPM	1989	0.0	0.0			True
chr3	128190422	128190982	H1-10	0	ENCSR056HPM	1989	0.0	0.0			True
chr3	128190422	128190982	RPN1	0	ENCSR056HPM	1989	0.0	0.0			True
chr3	128193622	128194122	CNBP	0	ENCSR056HPM	1989	0.0	0.0			True
chr3	128193622	128194122	H1-10	0	ENCSR056HPM	1989	0.0	0.0			True
chr3	128193622	128194122	RAB7A	0	ENCSR056HPM	1989	0.0	0.0			True
chr3	128193622	128194122	RPN1	0	ENCSR056HPM	1989	0.0	0.0			True
chr3	128193622	128194122	SEC61A1	0	ENCSR056HPM	1989	0.0	0.0			True
chr3	128195302	128195842	CNBP	0	ENCSR056HPM	1989	0.0	0.0			True
chr3	128195302	128195842	H1-10	0	ENCSR056HPM	1989	0.0	0.0			True
chr3	128195302	128195842	RAB7A	0	ENCSR056HPM	1989	0.0	0.0			True
chr3	128195302	128195842	RPN1	0	ENCSR056HPM	1989	0.0	0.0			True
chr3	128226722	128227282	CNBP	0	ENCSR056HPM	1989	0.0	0.0			True
chr3	128226722	128227282	H1-10	0	ENCSR056HPM	1989	0.0	0.0			True
chr3	128226722	128227282	RAB7A	0	ENCSR056HPM	1989	0.0	0.0			True
chr3	128226722	128227282	RPN1	0	ENCSR056HPM	1989	0.0	0.0			True
chr3	128226722	128227282	SEC61A1	0	ENCSR056HPM	1989	0.0	0.0			True
chr3	128266362	128266862	CNBP	0	ENCSR056HPM	1989	0.0	0.0			True
chr3	128266362	128266862	H1-10	0	ENCSR056HPM	1989	0.0	0.0			True
chr3	128266362	128266862	RAB7A	0	ENCSR056HPM	1989	0.0	0.0			True
chr3	128266362	128266862	RPN1	0	ENCSR056HPM	1989	0.0	0.0			True
chr3	128339382	128340382	CNBP	0	ENCSR056HPM	1989	0.0	0.0			True
chr3	128339382	128340382	H1-10	0	ENCSR056HPM	1989	0.0	0.0			True
chr3	128339382	128340382	RPN1	0	ENCSR056HPM	1989	0.0	0.0			True
chr3	128343502	128344002	CNBP	0	ENCSR056HPM	1989	0.0	0.0			True
chr3	128343502	128344002	H1-10	0	ENCSR056HPM	1989	0.0	0.0			True
chr3	128343502	128344002	RAB7A	0	ENCSR056HPM	1989	0.0	0.0			True
chr3	128343502	128344002	RPN1	0	ENCSR056HPM	1989	0.0	0.0			True
chr3	128343502	128344002	SEC61A1	0	ENCSR056HPM	1989	0.0	0.0			True
chr3	128345122	128345662	CNBP	0	ENCSR056HPM	1989	0.0	0.0			True
chr3	128345122	128345662	H1-10	0	ENCSR056HPM	1989	0.0	0.0			True
chr3	128345122	128345662	RAB7A	0	ENCSR056HPM	1989	0.0	0.0			True
chr3	128345122	128345662	RPN1	0	ENCSR056HPM	1989	0.0	0.0			True
chr3	128353982	128354502	CNBP	0	ENCSR056HPM	1989	0.0	0.0			True
chr3	128353982	128354502	H1-10	0	ENCSR056HPM	1989	0.0	0.0			True
chr3	128353982	128354502	RAB7A	0	ENCSR056HPM	1989	0.0	0.0			True
chr3	128353982	128354502	RPN1	0	ENCSR056HPM	1989	0.0	0.0			True
chr3	128353982	128354502	SEC61A1	0	ENCSR056HPM	1989	0.0	0.0			True
chr3	128380662	128381162	CNBP	0	ENCSR056HPM	1989	0.0	0.0			True
chr3	128380662	128381162	H1-10	0	ENCSR056HPM	1989	0.0	0.0			True
chr3	128380662	128381162	RPN1	0	ENCSR056HPM	1989	0.0	0.0			True
chr3	128380662	128381162	SEC61A1	0	ENCSR056HPM	1989	0.0	0.0			True
chr3	128383422	128383942	CNBP	0	ENCSR056HPM	1989	0.0	0.0			True
chr3	128383422	128383942	H1-10	0	ENCSR056HPM	1989	0.0	0.0			True
chr3	128383422	128383942	RPN1	0	ENCSR056HPM	1989	0.0	0.0			True
chr3	128383422	128383942	SEC61A1	0	ENCSR056HPM	1989	0.0	0.0			True
chr3	128410002	128410522	CNBP	0	ENCSR056HPM	1989	0.0	0.0			True
chr3	128410002	128410522	H1-10	0	ENCSR056HPM	1989	0.0	0.0			True
chr3	128410002	128410522	RAB7A	0	ENCSR056HPM	1989	0.0	0.0			True
chr3	128410002	128410522	RPN1	0	ENCSR056HPM	1989	0.0	0.0			True
chr3	128410002	128410522	SEC61A1	0	ENCSR056HPM	1989	0.0	0.0			True
chr3	128412482	128413862	CNBP	0	ENCSR056HPM	1989	0.0	0.0			True
chr3	128412482	128413862	H1-10	0	ENCSR056HPM	1989	0.0	0.0			True
chr3	128412482	128413862	RAB7A	0	ENCSR056HPM	1989	0.0	0.0			True
chr3	128412482	128413862	RPN1	0	ENCSR056HPM	1989	0.0	0.0			True
chr3	128415222	128415722	H1-10	0	ENCSR056HPM	1989	0.0	0.0			True
chr3	128415222	128415722	RAB7A	0	ENCSR056HPM	1989	0.0	0.0			True
chr3	128415222	128415722	RPN1	0	ENCSR056HPM	1989	0.0	0.0			True
chr3	128415222	128415722	SEC61A1	0	ENCSR056HPM	1989	0.0	0.0			True
chr3	128415842	128417262	CNBP	0	ENCSR056HPM	1989	0.0	0.0			True
chr3	128415842	128417262	H1-10	0	ENCSR056HPM	1989	0.0	0.0			True
chr3	128415842	128417262	RAB7A	0	ENCSR056HPM	1989	0.0	0.0			True
chr3	128415842	128417262	RPN1	0	ENCSR056HPM	1989	0.0	0.0			True
chr3	128424342	128425102	CNBP	0	ENCSR056HPM	1989	0.0	0.0			True
chr3	128424342	128425102	H1-10	0	ENCSR056HPM	1989	0.0	0.0			True
chr3	128424342	128425102	RPN1	0	ENCSR056HPM	1989	0.0	0.0			True
chr3	128424342	128425102	SEC61A1	0	ENCSR056HPM	1989	0.0	0.0			True
chr3	128426282	128426962	CNBP	0	ENCSR056HPM	1989	0.0	0.0			True
chr3	128426282	128426962	H1-10	0	ENCSR056HPM	1989	0.0	0.0			True
chr3	128426282	128426962	RAB7A	0	ENCSR056HPM	1989	0.0	0.0			True
chr3	128426282	128426962	SEC61A1	0	ENCSR056HPM	1989	0.0	0.0			True
chr3	128457022	128457522	CNBP	0	ENCSR056HPM	1989	0.0	0.0			True
chr3	128457022	128457522	H1-10	0	ENCSR056HPM	1989	0.0	0.0			True
chr3	128457022	128457522	RAB7A	0	ENCSR056HPM	1989	0.0	0.0			True
chr3	128457022	128457522	RPN1	0	ENCSR056HPM	1989	0.0	0.0			True
chr3	128457022	128457522	SEC61A1	0	ENCSR056HPM	1989	0.0	0.0			True
chr3	128482762	128483602	CNBP	0	ENCSR056HPM	1989	0.0	0.0			True
chr3	128482762	128483602	H1-10	0	ENCSR056HPM	1989	0.0	0.0			True
chr3	128482762	128483602	RAB7A	0	ENCSR056HPM	1989	0.0	0.0			True
chr3	128482762	128483602	RPN1	0	ENCSR056HPM	1989	0.0	0.0			True
chr3	128482762	128483602	SEC61A1	0	ENCSR056HPM	1989	0.0	0.0			True
chr3	128495342	128495882	CNBP	0	ENCSR056HPM	1989	0.0	0.0			True
chr3	128495342	128495882	H1-10	0	ENCSR056HPM	1989	0.0	0.0			True
chr3	128495342	128495882	RAB7A	0	ENCSR056HPM	1989	0.0	0.0			True
chr3	128495342	128495882	RPN1	0	ENCSR056HPM	1989	0.0	0.0			True
chr3	128495342	128495882	SEC61A1	0	ENCSR056HPM	1989	0.0	0.0			True
chr3	128496382	128497322	CNBP	0	ENCSR056HPM	1989	0.0	0.0			True
chr3	128496382	128497322	H1-10	0	ENCSR056HPM	1989	0.0	0.0			True
chr3	128496382	128497322	RAB7A	0	ENCSR056HPM	1989	0.0	0.0			True
chr3	128496382	128497322	RPN1	0	ENCSR056HPM	1989	0.0	0.0			True
chr3	128496382	128497322	SEC61A1	0	ENCSR056HPM	1989	0.0	0.0			True
chr3	128497542	128498042	CNBP	0	ENCSR056HPM	1989	0.0	0.0			True
chr3	128497542	128498042	H1-10	0	ENCSR056HPM	1989	0.0	0.0			True
chr3	128497542	128498042	RAB7A	0	ENCSR056HPM	1989	0.0	0.0			True
chr3	128497542	128498042	RPN1	0	ENCSR056HPM	1989	0.0	0.0			True
chr3	128497542	128498042	SEC61A1	0	ENCSR056HPM	1989	0.0	0.0			True
chr3	128504842	128505342	CNBP	0	ENCSR056HPM	1989	0.0	0.0			True
chr3	128504842	128505342	H1-10	0	ENCSR056HPM	1989	0.0	0.0			True
chr3	128504842	128505342	RAB7A	0	ENCSR056HPM	1989	0.0	0.0			True
chr3	128504842	128505342	RPN1	0	ENCSR056HPM	1989	0.0	0.0			True
chr3	128504842	128505342	SEC61A1	0	ENCSR056HPM	1989	0.0	0.0			True
chr3	128532862	128533362	H1-10	0	ENCSR056HPM	1989	0.0	0.0			True
chr3	128532862	128533362	SEC61A1	0	ENCSR056HPM	1989	0.0	0.0			True
chr3	128547302	128547802	H1-10	0	ENCSR056HPM	1989	0.0	0.0			True
chr3	128547302	128547802	RAB7A	0	ENCSR056HPM	1989	0.0	0.0			True
chr3	128547302	128547802	RPN1	0	ENCSR056HPM	1989	0.0	0.0			True
chr3	128547302	128547802	SEC61A1	0	ENCSR056HPM	1989	0.0	0.0			True
chr3	128548662	128549682	CNBP	0	ENCSR056HPM	1989	0.0	0.0			True
chr3	128548662	128549682	H1-10	0	ENCSR056HPM	1989	0.0	0.0			True
chr3	128548662	128549682	RPN1	0	ENCSR056HPM	1989	0.0	0.0			True
chr3	128548662	128549682	SEC61A1	0	ENCSR056HPM	1989	0.0	0.0			True
chr3	128553962	128554542	CNBP	0	ENCSR056HPM	1989	0.0	0.0			True
chr3	128553962	128554542	H1-10	0	ENCSR056HPM	1989	0.0	0.0			True
chr3	128553962	128554542	RAB7A	0	ENCSR056HPM	1989	0.0	0.0			True
chr3	128553962	128554542	RPN1	0	ENCSR056HPM	1989	0.0	0.0			True
chr3	128553962	128554542	SEC61A1	0	ENCSR056HPM	1989	0.0	0.0			True
chr3	128573702	128574302	CNBP	0	ENCSR056HPM	1989	0.0	0.0			True
chr3	128573702	128574302	H1-10	0	ENCSR056HPM	1989	0.0	0.0			True
chr3	128573702	128574302	SEC61A1	0	ENCSR056HPM	1989	0.0	0.0			True
chr3	128577782	128578342	CNBP	0	ENCSR056HPM	1989	0.0	0.0			True
chr3	128577782	128578342	H1-10	0	ENCSR056HPM	1989	0.0	0.0			True
chr3	128577782	128578342	RAB7A	0	ENCSR056HPM	1989	0.0	0.0			True
chr3	128577782	128578342	SEC61A1	0	ENCSR056HPM	1989	0.0	0.0			True
chr3	128584302	128584802	CNBP	0	ENCSR056HPM	1989	0.0	0.0			True
chr3	128584302	128584802	H1-10	0	ENCSR056HPM	1989	0.0	0.0			True
chr3	128584302	128584802	RAB7A	0	ENCSR056HPM	1989	0.0	0.0			True
chr3	128584302	128584802	SEC61A1	0	ENCSR056HPM	1989	0.0	0.0			True
chr3	128585122	128585722	CNBP	0	ENCSR056HPM	1989	0.0	0.0			True
chr3	128585122	128585722	H1-10	0	ENCSR056HPM	1989	0.0	0.0			True
chr3	128585122	128585722	RAB7A	0	ENCSR056HPM	1989	0.0	0.0			True
chr3	128585122	128585722	SEC61A1	0	ENCSR056HPM	1989	0.0	0.0			True
chr3	128590882	128591462	CNBP	0	ENCSR056HPM	1989	0.0	0.0			True
chr3	128590882	128591462	H1-10	0	ENCSR056HPM	1989	0.0	0.0			True
chr3	128590882	128591462	SEC61A1	0	ENCSR056HPM	1989	0.0	0.0			True
chr3	128606082	128606582	H1-10	0	ENCSR056HPM	1989	0.0	0.0			True
chr3	128680502	128681002	CNBP	0	ENCSR056HPM	1989	0.0	0.0			True
chr3	128680502	128681002	H1-10	0	ENCSR056HPM	1989	0.0	0.0			True
chr3	128723222	128723762	CNBP	0	ENCSR056HPM	1989	0.0	0.0			True
chr3	128723222	128723762	H1-10	0	ENCSR056HPM	1989	0.0	0.0			True
chr3	128723222	128723762	SEC61A1	0	ENCSR056HPM	1989	0.0	0.0			True
chr3	128763882	128764382	CNBP	0	ENCSR056HPM	1989	0.0	0.0			True
chr3	128763882	128764382	H1-10	0	ENCSR056HPM	1989	0.0	0.0			True
chr3	128763882	128764382	RPN1	0	ENCSR056HPM	1989	0.0	0.0			True
chr3	128763882	128764382	SEC61A1	0	ENCSR056HPM	1989	0.0	0.0			True
chr3	128784242	128784742	CNBP	0	ENCSR056HPM	1989	0.0	0.0			True
chr3	128784242	128784742	H1-10	0	ENCSR056HPM	1989	0.0	0.0			True
chr3	128784242	128784742	SEC61A1	0	ENCSR056HPM	1989	0.0	0.0			True
chr3	128787842	128788342	CNBP	0	ENCSR056HPM	1989	0.0	0.0			True
chr3	128787842	128788342	H1-10	0	ENCSR056HPM	1989	0.0	0.0			True
chr3	128794282	128794802	CNBP	0	ENCSR056HPM	1989	0.0	0.0			True
chr3	128794282	128794802	H1-10	0	ENCSR056HPM	1989	0.0	0.0			True
chr3	128794942	128795442	CNBP	0	ENCSR056HPM	1989	0.0	0.0			True
chr3	128794942	128795442	H1-10	0	ENCSR056HPM	1989	0.0	0.0			True
chr3	128794942	128795442	RPN1	0	ENCSR056HPM	1989	0.0	0.0			True
chr3	128794942	128795442	SEC61A1	0	ENCSR056HPM	1989	0.0	0.0			True
chr3	128804062	128804562	H1-10	0	ENCSR056HPM	1989	0.0	0.0			True
chr3	128805722	128806302	CNBP	0	ENCSR056HPM	1989	0.0	0.0			True
chr3	128805722	128806302	H1-10	0	ENCSR056HPM	1989	0.0	0.0			True
chr3	128842142	128842682	CNBP	0	ENCSR056HPM	1989	0.0	0.0			True
chr3	128842142	128842682	H1-10	0	ENCSR056HPM	1989	0.0	0.0			True
chr3	128842142	128842682	RAB7A	0	ENCSR056HPM	1989	0.0	0.0			True
chr3	128842142	128842682	RPN1	0	ENCSR056HPM	1989	0.0	0.0			True
chr3	128842142	128842682	SEC61A1	0	ENCSR056HPM	1989	0.0	0.0			True
chr3	128845722	128846242	CNBP	0	ENCSR056HPM	1989	0.0	0.0			True
chr3	128845722	128846242	H1-10	0	ENCSR056HPM	1989	0.0	0.0			True
chr3	128845722	128846242	SEC61A1	0	ENCSR056HPM	1989	0.0	0.0			True
chr3	128864862	128865842	CNBP	0	ENCSR056HPM	1989	0.0	0.0			True
chr3	128864862	128865842	H1-10	0	ENCSR056HPM	1989	0.0	0.0			True
chr3	128864862	128865842	RAB7A	0	ENCSR056HPM	1989	0.0	0.0			True
chr3	128864862	128865842	SEC61A1	0	ENCSR056HPM	1989	0.0	0.0			True
chr3	128875482	128876002	H1-10	0	ENCSR056HPM	1989	0.0	0.0			True
chr3	129013382	129013882	CNBP	0	ENCSR056HPM	1989	0.0	0.0			True
chr3	129013382	129013882	H1-10	0	ENCSR056HPM	1989	0.0	0.0			True
chr3	129013382	129013882	RPN1	0	ENCSR056HPM	1989	0.0	0.0			True
chr3	129013382	129013882	SEC61A1	0	ENCSR056HPM	1989	0.0	0.0			True
chr3	129015702	129016262	CNBP	0	ENCSR056HPM	1989	0.0	0.0			True
chr3	129015702	129016262	H1-10	0	ENCSR056HPM	1989	0.0	0.0			True
chr3	129015702	129016262	RAB7A	0	ENCSR056HPM	1989	0.0	0.0			True
chr3	129015702	129016262	SEC61A1	0	ENCSR056HPM	1989	0.0	0.0			True
chr3	129016522	129017442	CNBP	0	ENCSR056HPM	1989	0.0	0.0			True
chr3	129016522	129017442	H1-10	0	ENCSR056HPM	1989	0.0	0.0			True
chr3	129016522	129017442	RAB7A	0	ENCSR056HPM	1989	0.0	0.0			True
chr3	129016522	129017442	SEC61A1	0	ENCSR056HPM	1989	0.0	0.0			True
chr3	129022242	129022742	CNBP	0	ENCSR056HPM	1989	0.0	0.0			True
chr3	129022242	129022742	H1-10	0	ENCSR056HPM	1989	0.0	0.0			True
chr3	129022242	129022742	RAB7A	0	ENCSR056HPM	1989	0.0	0.0			True
chr3	129022242	129022742	RPN1	0	ENCSR056HPM	1989	0.0	0.0			True
chr3	129022242	129022742	SEC61A1	0	ENCSR056HPM	1989	0.0	0.0			True
chr3	129026922	129027422	H1-10	0	ENCSR056HPM	1989	0.0	0.0			True
chr3	129026922	129027422	RAB7A	0	ENCSR056HPM	1989	0.0	0.0			True
chr3	129026922	129027422	RPN1	0	ENCSR056HPM	1989	0.0	0.0			True
chr3	129026922	129027422	SEC61A1	0	ENCSR056HPM	1989	0.0	0.0			True
chr3	129053282	129053842	H1-10	0	ENCSR056HPM	1989	0.0	0.0			True
chr3	129053282	129053842	RAB7A	0	ENCSR056HPM	1989	0.0	0.0			True
chr3	129053282	129053842	RPN1	0	ENCSR056HPM	1989	0.0	0.0			True
chr3	129053282	129053842	SEC61A1	0	ENCSR056HPM	1989	0.0	0.0			True
chr3	129054542	129055062	H1-10	0	ENCSR056HPM	1989	0.0	0.0			True
chr3	129054542	129055062	RPN1	0	ENCSR056HPM	1989	0.0	0.0			True
chr3	129054542	129055062	SEC61A1	0	ENCSR056HPM	1989	0.0	0.0			True
chr3	129056742	129057302	CNBP	0	ENCSR056HPM	1989	0.0	0.0			True
chr3	129056742	129057302	H1-10	0	ENCSR056HPM	1989	0.0	0.0			True
chr3	129056742	129057302	RAB7A	0	ENCSR056HPM	1989	0.0	0.0			True
chr3	129056742	129057302	RPN1	0	ENCSR056HPM	1989	0.0	0.0			True
chr3	129056742	129057302	SEC61A1	0	ENCSR056HPM	1989	0.0	0.0			True
chr3	129101602	129102122	CNBP	0	ENCSR056HPM	1989	0.0	0.0			True
chr3	129101602	129102122	H1-10	0	ENCSR056HPM	1989	0.0	0.0			True
chr3	129101602	129102122	RAB7A	0	ENCSR056HPM	1989	0.0	0.0			True
chr3	129101602	129102122	RPN1	0	ENCSR056HPM	1989	0.0	0.0			True
chr3	129101602	129102122	SEC61A1	0	ENCSR056HPM	1989	0.0	0.0			True
chr3	129104502	129105042	CNBP	0	ENCSR056HPM	1989	0.0	0.0			True
chr3	129104502	129105042	H1-10	0	ENCSR056HPM	1989	0.0	0.0			True
chr3	129104502	129105042	RAB7A	0	ENCSR056HPM	1989	0.0	0.0			True
chr3	129104502	129105042	RPN1	0	ENCSR056HPM	1989	0.0	0.0			True
chr3	129104502	129105042	SEC61A1	0	ENCSR056HPM	1989	0.0	0.0			True
chr3	129106262	129106782	CNBP	0	ENCSR056HPM	1989	0.0	0.0			True
chr3	129106262	129106782	H1-10	0	ENCSR056HPM	1989	0.0	0.0			True
chr3	129106262	129106782	RAB7A	0	ENCSR056HPM	1989	0.0	0.0			True
chr3	129106262	129106782	RPN1	0	ENCSR056HPM	1989	0.0	0.0			True
chr3	129106262	129106782	SEC61A1	0	ENCSR056HPM	1989	0.0	0.0			True
chr3	129112282	129112802	CNBP	0	ENCSR056HPM	1989	0.0	0.0			True
chr3	129112282	129112802	H1-10	0	ENCSR056HPM	1989	0.0	0.0			True
chr3	129112282	129112802	RPN1	0	ENCSR056HPM	1989	0.0	0.0			True
chr3	129112282	129112802	SEC61A1	0	ENCSR056HPM	1989	0.0	0.0			True
chr3	129119502	129120022	H1-10	0	ENCSR056HPM	1989	0.0	0.0			True
chr3	129119502	129120022	SEC61A1	0	ENCSR056HPM	1989	0.0	0.0			True
chr3	129120462	129120962	H1-10	0	ENCSR056HPM	1989	0.0	0.0			True
chr3	129120462	129120962	SEC61A1	0	ENCSR056HPM	1989	0.0	0.0			True
chr3	129195642	129196162	H1-10	0	ENCSR056HPM	1989	0.0	0.0			True
chr3	129195642	129196162	RAB7A	0	ENCSR056HPM	1989	0.0	0.0			True
chr3	129195642	129196162	RPN1	0	ENCSR056HPM	1989	0.0	0.0			True
chr3	129195642	129196162	SEC61A1	0	ENCSR056HPM	1989	0.0	0.0			True
chr3	129211722	129212222	H1-10	0	ENCSR056HPM	1989	0.0	0.0			True
chr3	129211722	129212222	RAB7A	0	ENCSR056HPM	1989	0.0	0.0			True
chr3	129211722	129212222	RPN1	0	ENCSR056HPM	1989	0.0	0.0			True
chr3	129211722	129212222	SEC61A1	0	ENCSR056HPM	1989	0.0	0.0			True
chr3	129226302	129226842	H1-10	0	ENCSR056HPM	1989	0.0	0.0			True
chr3	129226302	129226842	RPN1	0	ENCSR056HPM	1989	0.0	0.0			True
chr3	129226302	129226842	SEC61A1	0	ENCSR056HPM	1989	0.0	0.0			True
chr3	129229122	129229642	H1-10	0	ENCSR056HPM	1989	0.0	0.0			True
chr3	129229122	129229642	RAB7A	0	ENCSR056HPM	1989	0.0	0.0			True
chr3	129229122	129229642	RPN1	0	ENCSR056HPM	1989	0.0	0.0			True
chr3	129229122	129229642	SEC61A1	0	ENCSR056HPM	1989	0.0	0.0			True
chr3	129230182	129231102	H1-10	0	ENCSR056HPM	1989	0.0	0.0			True
chr3	129230182	129231102	RPN1	0	ENCSR056HPM	1989	0.0	0.0			True
chr3	129230182	129231102	SEC61A1	0	ENCSR056HPM	1989	0.0	0.0			True
chr3	129238862	129239382	H1-10	0	ENCSR056HPM	1989	0.0	0.0			True
chr3	129238862	129239382	RPN1	0	ENCSR056HPM	1989	0.0	0.0			True
chr3	129238862	129239382	SEC61A1	0	ENCSR056HPM	1989	0.0	0.0			True
chr3	129245622	129246162	H1-10	1	ENCSR056HPM	1989	0.0	0.0			True
chr3	129245622	129246162	RAB7A	0	ENCSR056HPM	1989	0.0	0.0			True
chr3	129245622	129246162	RPN1	0	ENCSR056HPM	1989	0.0	0.0			True
chr3	129245622	129246162	SEC61A1	0	ENCSR056HPM	1989	0.0	0.0			True
chr3	129279522	129280062	CNBP	0	ENCSR056HPM	1989	0.0	0.0			True
chr3	129279522	129280062	H1-10	0	ENCSR056HPM	1989	0.0	0.0			True
chr3	129305622	129306122	H1-10	1	ENCSR056HPM	1989	2.955855998319401	0.0015759876696392894	0.0005331647116690874	10.35984992980957	False
chr3	129305622	129306122	RAB7A	0	ENCSR056HPM	1989	0.0	0.0			True
chr3	129305622	129306122	RPN1	0	ENCSR056HPM	1989	0.0	0.0			True
chr3	129305622	129306122	SEC61A1	0	ENCSR056HPM	1989	0.0	0.0			True
chr3	129314782	129315282	RAB7A	0	ENCSR056HPM	1989	0.0	0.0			True
chr3	129327442	129327942	CNBP	0	ENCSR056HPM	1989	0.0	0.0			True
chr3	129327442	129327942	H1-10	0	ENCSR056HPM	1989	0.30498499994279055	0.00016261028940789402	0.0005331647116690874	10.35984992980957	False
chr3	129327442	129327942	RAB7A	0	ENCSR056HPM	1989	0.0	0.0			True
chr3	129327442	129327942	RPN1	0	ENCSR056HPM	1989	0.0	0.0			True
chr3	129327442	129327942	SEC61A1	0	ENCSR056HPM	1989	0.0	0.0			True
chr3	129328602	129329102	CNBP	0	ENCSR056HPM	1989	0.0	0.0			True
chr3	129328602	129329102	H1-10	0	ENCSR056HPM	1989	0.8564305999479542	0.0004566271381918341	0.0005331647116690874	10.35984992980957	False
chr3	129328602	129329102	RAB7A	0	ENCSR056HPM	1989	0.0	0.0			True
chr3	129328602	129329102	RPN1	0	ENCSR056HPM	1989	0.0	0.0			True
chr3	129328602	129329102	SEC61A1	0	ENCSR056HPM	1989	0.0	0.0			True
chr3	129344482	129344982	CNBP	0	ENCSR056HPM	1989	0.0	0.0			True
chr3	129344482	129344982	H1-10	0	ENCSR056HPM	1989	0.2859109611527551	0.00015244049427565187	0.0005331647116690874	10.35984992980957	False
chr3	129344482	129344982	RAB7A	0	ENCSR056HPM	1989	0.0	0.0			True
chr3	129344482	129344982	RPN1	0	ENCSR056HPM	1989	0.0	0.0			True
chr3	129344482	129344982	SEC61A1	0	ENCSR056HPM	1989	0.0	0.0			True
chr3	129361022	129361522	H1-10	0	ENCSR056HPM	1989	0.0	0.0			True
chr3	129361022	129361522	RPN1	0	ENCSR056HPM	1989	0.0	0.0			True
chr3	129383242	129383742	CNBP	0	ENCSR056HPM	1989	0.0	0.0			True
chr3	129383242	129383742	H1-10	0	ENCSR056HPM	1989	0.0	0.0			True
chr3	129383242	129383742	RAB7A	0	ENCSR056HPM	1989	0.0	0.0			True
chr3	129383242	129383742	RPN1	0	ENCSR056HPM	1989	0.0	0.0			True
chr3	129383242	129383742	SEC61A1	0	ENCSR056HPM	1989	0.0	0.0			True
chr3	129385442	129386102	CNBP	0	ENCSR056HPM	1989	0.0	0.0			True
chr3	129385442	129386102	H1-10	0	ENCSR056HPM	1989	0.0	0.0			True
chr3	129385442	129386102	RAB7A	0	ENCSR056HPM	1989	0.0	0.0			True
chr3	129385442	129386102	RPN1	0	ENCSR056HPM	1989	0.0	0.0			True
chr3	129385442	129386102	SEC61A1	0	ENCSR056HPM	1989	0.0	0.0			True
chr3	129413202	129414582	CNBP	0	ENCSR056HPM	1989	0.0	0.0			True
chr3	129413202	129414582	H1-10	0	ENCSR056HPM	1989	0.0	0.0			True
chr3	129413202	129414582	RAB7A	0	ENCSR056HPM	1989	0.0	0.0			True
chr3	129413202	129414582	SEC61A1	0	ENCSR056HPM	1989	0.0	0.0			True
chr3	129424162	129424662	CNBP	0	ENCSR056HPM	1989	0.0	0.0			True
chr3	129424162	129424662	H1-10	0	ENCSR056HPM	1989	0.0	0.0			True
chr3	129424162	129424662	RPN1	0	ENCSR056HPM	1989	0.0	0.0			True
chr3	129431982	129432502	H1-10	0	ENCSR056HPM	1989	0.0	0.0			True
chr3	129431982	129432502	RAB7A	0	ENCSR056HPM	1989	0.0	0.0			True
chr3	129431982	129432502	RPN1	0	ENCSR056HPM	1989	0.0	0.0			True
chr3	129431982	129432502	SEC61A1	0	ENCSR056HPM	1989	0.0	0.0			True
chr3	129444082	129444622	H1-10	0	ENCSR056HPM	1989	0.0	0.0			True
chr3	129444082	129444622	RPN1	0	ENCSR056HPM	1989	0.0	0.0			True
chr3	129448142	129448682	CNBP	0	ENCSR056HPM	1989	0.0	0.0			True
chr3	129448142	129448682	H1-10	0	ENCSR056HPM	1989	0.0	0.0			True
chr3	129448142	129448682	RPN1	0	ENCSR056HPM	1989	0.0	0.0			True
chr3	129449682	129450862	CNBP	0	ENCSR056HPM	1989	0.0	0.0			True
chr3	129449682	129450862	H1-10	0	ENCSR056HPM	1989	0.0	0.0			True
chr3	129449682	129450862	RPN1	0	ENCSR056HPM	1989	0.0	0.0			True
chr3	129461462	129462822	CNBP	0	ENCSR056HPM	1989	0.0	0.0			True
chr3	129461462	129462822	H1-10	0	ENCSR056HPM	1989	0.0	0.0			True
chr3	129461462	129462822	RAB7A	0	ENCSR056HPM	1989	0.0	0.0			True
chr3	129461462	129462822	RPN1	0	ENCSR056HPM	1989	0.0	0.0			True
chr3	129461462	129462822	SEC61A1	0	ENCSR056HPM	1989	0.0	0.0			True
chr3	129468842	129469462	CNBP	0	ENCSR056HPM	1989	0.0	0.0			True
chr3	129468842	129469462	H1-10	0	ENCSR056HPM	1989	0.0	0.0			True
chr3	129468842	129469462	RAB7A	0	ENCSR056HPM	1989	0.0	0.0			True
chr3	129468842	129469462	RPN1	0	ENCSR056HPM	1989	0.0	0.0			True
chr3	129468842	129469462	SEC61A1	0	ENCSR056HPM	1989	0.0	0.0			True
chr3	129481142	129482022	CNBP	0	ENCSR056HPM	1989	0.0	0.0			True
chr3	129481142	129482022	H1-10	0	ENCSR056HPM	1989	0.0	0.0			True
chr3	129481142	129482022	RAB7A	0	ENCSR056HPM	1989	0.0	0.0			True
chr3	129481142	129482022	RPN1	0	ENCSR056HPM	1989	0.0	0.0			True
chr3	129481142	129482022	SEC61A1	0	ENCSR056HPM	1989	0.0	0.0			True
chr3	129490162	129490662	CNBP	0	ENCSR056HPM	1989	0.0	0.0			True
chr3	129490162	129490662	H1-10	0	ENCSR056HPM	1989	0.0	0.0			True
chr3	129490162	129490662	RAB7A	0	ENCSR056HPM	1989	0.0	0.0			True
chr3	129490162	129490662	RPN1	0	ENCSR056HPM	1989	0.0	0.0			True
chr3	129490162	129490662	SEC61A1	0	ENCSR056HPM	1989	0.0	0.0			True
chr3	129535902	129536402	CNBP	0	ENCSR056HPM	1989	0.0	0.0			True
chr3	129535902	129536402	H1-10	0	ENCSR056HPM	1989	0.0	0.0			True
chr3	129535902	129536402	RAB7A	0	ENCSR056HPM	1989	0.0	0.0			True
chr3	129535902	129536402	RPN1	0	ENCSR056HPM	1989	0.0	0.0			True
chr3	129535902	129536402	SEC61A1	0	ENCSR056HPM	1989	0.0	0.0			True
chr3	129586202	129586722	CNBP	0	ENCSR056HPM	1989	0.0	0.0			True
chr3	129586202	129586722	H1-10	0	ENCSR056HPM	1989	0.0	0.0			True
chr3	129586202	129586722	RAB7A	0	ENCSR056HPM	1989	0.0	0.0			True
chr3	129586202	129586722	RPN1	0	ENCSR056HPM	1989	0.0	0.0			True
chr3	129586202	129586722	SEC61A1	0	ENCSR056HPM	1989	0.0	0.0			True
chr3	129596722	129597222	CNBP	0	ENCSR056HPM	1989	0.0	0.0			True
chr3	129596722	129597222	H1-10	0	ENCSR056HPM	1989	0.0	0.0			True
chr3	129596722	129597222	RAB7A	0	ENCSR056HPM	1989	0.0	0.0			True
chr3	129596722	129597222	RPN1	0	ENCSR056HPM	1989	0.0	0.0			True
chr3	129596722	129597222	SEC61A1	0	ENCSR056HPM	1989	0.0	0.0			True
chr3	129599482	129600022	CNBP	0	ENCSR056HPM	1989	0.0	0.0			True
chr3	129599482	129600022	H1-10	0	ENCSR056HPM	1989	0.0	0.0			True
chr3	129599482	129600022	RAB7A	0	ENCSR056HPM	1989	0.0	0.0			True
chr3	129599482	129600022	RPN1	0	ENCSR056HPM	1989	0.0	0.0			True
chr3	129599482	129600022	SEC61A1	0	ENCSR056HPM	1989	0.0	0.0			True
chr3	129603062	129604062	CNBP	0	ENCSR056HPM	1989	0.0	0.0			True
chr3	129603062	129604062	H1-10	0	ENCSR056HPM	1989	0.0	0.0			True
chr3	129603062	129604062	RAB7A	0	ENCSR056HPM	1989	0.0	0.0			True
chr3	129603062	129604062	RPN1	0	ENCSR056HPM	1989	0.0	0.0			True
chr3	129603062	129604062	SEC61A1	0	ENCSR056HPM	1989	0.0	0.0			True
chr3	129608542	129609102	CNBP	0	ENCSR056HPM	1989	0.0	0.0			True
chr3	129608542	129609102	H1-10	0	ENCSR056HPM	1989	0.0	0.0			True
chr3	129608542	129609102	RAB7A	0	ENCSR056HPM	1989	0.0	0.0			True
chr3	129608542	129609102	RPN1	0	ENCSR056HPM	1989	0.0	0.0			True
chr3	129608542	129609102	SEC61A1	0	ENCSR056HPM	1989	0.0	0.0			True
chr3	129612442	129612942	CNBP	0	ENCSR056HPM	1989	0.0	0.0			True
chr3	129612442	129612942	H1-10	0	ENCSR056HPM	1989	0.0	0.0			True
chr3	129612442	129612942	RPN1	0	ENCSR056HPM	1989	0.0	0.0			True
chr3	129612442	129612942	SEC61A1	0	ENCSR056HPM	1989	0.0	0.0			True
chr3	129612982	129613482	CNBP	0	ENCSR056HPM	1989	0.0	0.0			True
chr3	129612982	129613482	H1-10	0	ENCSR056HPM	1989	0.0	0.0			True
chr3	129612982	129613482	RAB7A	0	ENCSR056HPM	1989	0.0	0.0			True
chr3	129612982	129613482	RPN1	0	ENCSR056HPM	1989	0.0	0.0			True
chr3	129612982	129613482	SEC61A1	0	ENCSR056HPM	1989	0.0	0.0			True
chr3	129614782	129615322	CNBP	0	ENCSR056HPM	1989	0.0	0.0			True
chr3	129614782	129615322	H1-10	0	ENCSR056HPM	1989	0.0	0.0			True
chr3	129614782	129615322	RAB7A	0	ENCSR056HPM	1989	0.0	0.0			True
chr3	129614782	129615322	RPN1	0	ENCSR056HPM	1989	0.0	0.0			True
chr3	129614782	129615322	SEC61A1	0	ENCSR056HPM	1989	0.0	0.0			True
chr3	129626622	129627122	CNBP	0	ENCSR056HPM	1989	0.0	0.0			True
chr3	129626622	129627122	H1-10	0	ENCSR056HPM	1989	0.0	0.0			True
chr3	129626622	129627122	RAB7A	0	ENCSR056HPM	1989	0.0	0.0			True
chr3	129626622	129627122	RPN1	0	ENCSR056HPM	1989	0.0	0.0			True
chr3	129626622	129627122	SEC61A1	0	ENCSR056HPM	1989	0.0	0.0			True
chr3	129627822	129628322	CNBP	0	ENCSR056HPM	1989	0.0	0.0			True
chr3	129627822	129628322	H1-10	0	ENCSR056HPM	1989	0.0	0.0			True
chr3	129627822	129628322	RAB7A	0	ENCSR056HPM	1989	0.0	0.0			True
chr3	129627822	129628322	RPN1	0	ENCSR056HPM	1989	0.0	0.0			True
chr3	129627822	129628322	SEC61A1	0	ENCSR056HPM	1989	0.0	0.0			True
chr3	129650182	129650682	CNBP	0	ENCSR056HPM	1989	0.0	0.0			True
chr3	129650182	129650682	H1-10	0	ENCSR056HPM	1989	0.0	0.0			True
chr3	129650182	129650682	RAB7A	0	ENCSR056HPM	1989	0.0	0.0			True
chr3	129650182	129650682	RPN1	0	ENCSR056HPM	1989	0.0	0.0			True
chr3	129650182	129650682	SEC61A1	0	ENCSR056HPM	1989	0.0	0.0			True
chr3	129657662	129658802	CNBP	0	ENCSR056HPM	1989	0.0	0.0			True
chr3	129657662	129658802	H1-10	0	ENCSR056HPM	1989	0.0	0.0			True
chr3	129657662	129658802	RAB7A	0	ENCSR056HPM	1989	0.0	0.0			True
chr3	129657662	129658802	RPN1	0	ENCSR056HPM	1989	0.0	0.0			True
chr3	129657662	129658802	SEC61A1	0	ENCSR056HPM	1989	0.0	0.0			True
chr3	129673002	129673502	CNBP	0	ENCSR056HPM	1989	0.0	0.0			True
chr3	129673002	129673502	H1-10	0	ENCSR056HPM	1989	0.0	0.0			True
chr3	129673002	129673502	RPN1	0	ENCSR056HPM	1989	0.0	0.0			True
chr3	129673002	129673502	SEC61A1	0	ENCSR056HPM	1989	0.0	0.0			True
chr3	129686962	129687482	CNBP	0	ENCSR056HPM	1989	0.0	0.0			True
chr3	129686962	129687482	H1-10	0	ENCSR056HPM	1989	0.0	0.0			True
chr3	129686962	129687482	RAB7A	0	ENCSR056HPM	1989	0.0	0.0			True
chr3	129686962	129687482	RPN1	0	ENCSR056HPM	1989	0.0	0.0			True
chr3	129686962	129687482	SEC61A1	0	ENCSR056HPM	1989	0.0	0.0			True
chr3	129690302	129690822	CNBP	0	ENCSR056HPM	1989	0.0	0.0			True
chr3	129690302	129690822	H1-10	0	ENCSR056HPM	1989	0.0	0.0			True
chr3	129690302	129690822	RAB7A	0	ENCSR056HPM	1989	0.0	0.0			True
chr3	129690302	129690822	RPN1	0	ENCSR056HPM	1989	0.0	0.0			True
chr3	129699162	129699662	H1-10	0	ENCSR056HPM	1989	0.0	0.0			True
chr3	129699162	129699662	RPN1	0	ENCSR056HPM	1989	0.0	0.0			True
chr3	129768642	129769202	CNBP	0	ENCSR056HPM	1989	0.0	0.0			True
chr3	129768642	129769202	H1-10	0	ENCSR056HPM	1989	0.0	0.0			True
chr3	129768642	129769202	RAB7A	0	ENCSR056HPM	1989	0.0	0.0			True
chr3	129768642	129769202	RPN1	0	ENCSR056HPM	1989	0.0	0.0			True
chr3	129768642	129769202	SEC61A1	0	ENCSR056HPM	1989	0.0	0.0			True
chr3	129773862	129774462	CNBP	0	ENCSR056HPM	1989	0.0	0.0			True
chr3	129773862	129774462	H1-10	0	ENCSR056HPM	1989	0.0	0.0			True
chr3	129773862	129774462	RPN1	0	ENCSR056HPM	1989	0.0	0.0			True
chr3	129773862	129774462	SEC61A1	0	ENCSR056HPM	1989	0.0	0.0			True
chr3	129793882	129794402	CNBP	0	ENCSR056HPM	1989	0.0	0.0			True
chr3	129793882	129794402	H1-10	0	ENCSR056HPM	1989	0.0	0.0			True
chr3	129793882	129794402	RAB7A	0	ENCSR056HPM	1989	0.0	0.0			True
chr3	129793882	129794402	RPN1	0	ENCSR056HPM	1989	0.0	0.0			True
chr3	129793882	129794402	SEC61A1	0	ENCSR056HPM	1989	0.0	0.0			True
chr3	129820562	129821062	CNBP	0	ENCSR056HPM	1989	0.0	0.0			True
chr3	129820562	129821062	H1-10	0	ENCSR056HPM	1989	0.0	0.0			True
chr3	129820562	129821062	RPN1	0	ENCSR056HPM	1989	0.0	0.0			True
chr3	129820562	129821062	SEC61A1	0	ENCSR056HPM	1989	0.0	0.0			True
chr3	129824882	129825382	CNBP	0	ENCSR056HPM	1989	0.0	0.0			True
chr3	129824882	129825382	H1-10	0	ENCSR056HPM	1989	0.0	0.0			True
chr3	129824882	129825382	RAB7A	0	ENCSR056HPM	1989	0.0	0.0			True
chr3	129824882	129825382	RPN1	0	ENCSR056HPM	1989	0.0	0.0			True
chr3	129824882	129825382	SEC61A1	0	ENCSR056HPM	1989	0.0	0.0			True
chr3	129829422	129830022	CNBP	0	ENCSR056HPM	1989	0.0	0.0			True
chr3	129829422	129830022	H1-10	0	ENCSR056HPM	1989	0.0	0.0			True
chr3	129829422	129830022	RAB7A	0	ENCSR056HPM	1989	0.0	0.0			True
chr3	129829422	129830022	RPN1	0	ENCSR056HPM	1989	0.0	0.0			True
chr3	129829422	129830022	SEC61A1	0	ENCSR056HPM	1989	0.0	0.0			True
chr3	129831902	129832402	CNBP	0	ENCSR056HPM	1989	0.0	0.0			True
chr3	129831902	129832402	H1-10	0	ENCSR056HPM	1989	0.0	0.0			True
chr3	129831902	129832402	RPN1	0	ENCSR056HPM	1989	0.0	0.0			True
chr3	129831902	129832402	SEC61A1	0	ENCSR056HPM	1989	0.0	0.0			True
chr3	129836622	129837162	CNBP	0	ENCSR056HPM	1989	0.0	0.0			True
chr3	129836622	129837162	H1-10	0	ENCSR056HPM	1989	0.0	0.0			True
chr3	129836622	129837162	RAB7A	0	ENCSR056HPM	1989	0.0	0.0			True
chr3	129836622	129837162	RPN1	0	ENCSR056HPM	1989	0.0	0.0			True
chr3	129836622	129837162	SEC61A1	0	ENCSR056HPM	1989	0.0	0.0			True
chr3	129888662	129889182	CNBP	0	ENCSR056HPM	1989	0.0	0.0			True
chr3	129888662	129889182	H1-10	0	ENCSR056HPM	1989	0.0	0.0			True
chr3	129888662	129889182	RPN1	0	ENCSR056HPM	1989	0.0	0.0			True
chr3	129888662	129889182	SEC61A1	0	ENCSR056HPM	1989	0.0	0.0			True
chr3	129927002	129927542	CNBP	0	ENCSR056HPM	1989	0.0	0.0			True
chr3	129927002	129927542	H1-10	0	ENCSR056HPM	1989	0.0	0.0			True
chr3	129927002	129927542	RAB7A	0	ENCSR056HPM	1989	0.0	0.0			True
chr3	129927002	129927542	RPN1	0	ENCSR056HPM	1989	0.0	0.0			True
chr3	129927002	129927542	SEC61A1	0	ENCSR056HPM	1989	0.0	0.0			True
chr3	129936762	129937282	CNBP	0	ENCSR056HPM	1989	0.0	0.0			True
chr3	129936762	129937282	H1-10	0	ENCSR056HPM	1989	0.0	0.0			True
chr3	129936762	129937282	RPN1	0	ENCSR056HPM	1989	0.0	0.0			True
chr3	129936762	129937282	SEC61A1	0	ENCSR056HPM	1989	0.0	0.0			True
chr3	129942102	129942642	CNBP	0	ENCSR056HPM	1989	0.0	0.0			True
chr3	129942102	129942642	H1-10	0	ENCSR056HPM	1989	0.0	0.0			True
chr3	129942102	129942642	RAB7A	0	ENCSR056HPM	1989	0.0	0.0			True
chr3	129942102	129942642	RPN1	0	ENCSR056HPM	1989	0.0	0.0			True
chr3	129942102	129942642	SEC61A1	0	ENCSR056HPM	1989	0.0	0.0			True
chr3	130048702	130049202	CNBP	0	ENCSR056HPM	1989	0.0	0.0			True
chr3	130048702	130049202	H1-10	0	ENCSR056HPM	1989	0.0	0.0			True
chr3	130048702	130049202	RPN1	0	ENCSR056HPM	1989	0.0	0.0			True
chr3	130048702	130049202	SEC61A1	0	ENCSR056HPM	1989	0.0	0.0			True
chr3	130057502	130058022	H1-10	0	ENCSR056HPM	1989	0.0	0.0			True
chr3	130057502	130058022	RPN1	0	ENCSR056HPM	1989	0.0	0.0			True
chr3	130077582	130078102	CNBP	0	ENCSR056HPM	1989	0.0	0.0			True
chr3	130077582	130078102	H1-10	0	ENCSR056HPM	1989	0.0	0.0			True
chr3	130077582	130078102	RPN1	0	ENCSR056HPM	1989	0.0	0.0			True
chr3	130084522	130085062	CNBP	0	ENCSR056HPM	1989	0.0	0.0			True
chr3	130084522	130085062	H1-10	0	ENCSR056HPM	1989	0.0	0.0			True
chr3	130084522	130085062	RAB7A	0	ENCSR056HPM	1989	0.0	0.0			True
chr3	130084522	130085062	RPN1	0	ENCSR056HPM	1989	0.0	0.0			True
chr3	130084522	130085062	SEC61A1	0	ENCSR056HPM	1989	0.0	0.0			True
chr3	130093502	130094562	CNBP	0	ENCSR056HPM	1989	0.0	0.0			True
chr3	130093502	130094562	H1-10	0	ENCSR056HPM	1989	0.0	0.0			True
chr3	130093502	130094562	RAB7A	0	ENCSR056HPM	1989	0.0	0.0			True
chr3	130093502	130094562	RPN1	0	ENCSR056HPM	1989	0.0	0.0			True
chr3	130093502	130094562	SEC61A1	0	ENCSR056HPM	1989	0.0	0.0			True
chr6	37183271	37183514	PIM1	1	ENCSR056HPM	1989	2.8969691599012464	0.0004105924454052001	0.0001417217281414196	10.631471633911133	False
chr6	109304426	109304926	FIG4	1	ENCSR056HPM	1989	0.0	0.0			True
chr8	127615040	127617540	MYC	0	ENCSR056HPM	1989	0.0	0.0			True
chr8	127724639	127727139	MYC	0	ENCSR056HPM	1989	0.7836277854049418	9.810670599108562e-05	0.0001251855428563431	7.292031764984131	False
chr8	127727699	127730239	MYC	0	ENCSR056HPM	1989	0.866884557724481	0.00010853008279809728	0.0001251855428563431	7.292031764984131	False
chr8	127745099	127747659	MYC	0	ENCSR056HPM	1989	0.5377409456740468	6.732276960974559e-05	0.0001251855428563431	7.292031764984131	False
chr8	127758479	127760979	MYC	0	ENCSR056HPM	1989	0.9679316797505098	0.00012118073209421709	0.0001251855428563431	7.292031764984131	False
chr8	127775559	127778059	MYC	0	ENCSR056HPM	1989	0.0	0.0			True
chr8	127944419	127947019	MYC	0	ENCSR056HPM	1989	0.0	0.0			True
chr8	127960391	127960502	MYC	1	ENCSR056HPM	1989	0.0	0.0			True
chr8	127986659	127989179	MYC	0	ENCSR056HPM	1989	0.0	0.0			True
chr8	128055839	128058339	MYC	0	ENCSR056HPM	1989	0.0	0.0			True
chr8	128060399	128062899	MYC	0	ENCSR056HPM	1989	0.0	0.0			True
chr8	128137279	128139779	MYC	0	ENCSR056HPM	1989	0.0	0.0			True
chr8	128282059	128284559	MYC	0	ENCSR056HPM	1989	0.0	0.0			True
chr8	128340379	128342879	MYC	0	ENCSR056HPM	1989	0.0	0.0			True
chr8	128352539	128355079	MYC	0	ENCSR056HPM	1989	0.0	0.0			True
chr8	128446979	128449479	MYC	0	ENCSR056HPM	1989	0.0	0.0			True
chr8	129308979	129311479	MYC	0	ENCSR056HPM	1989	0.0	0.0			True
chr8	129315599	129318139	MYC	0	ENCSR056HPM	1989	0.0	0.0			True
chr8	129413499	129416019	MYC	0	ENCSR056HPM	1989	0.0	0.0			True
chr8	129424479	129426979	MYC	0	ENCSR056HPM	1989	0.0	0.0			True
chr8	129438999	129441519	MYC	0	ENCSR056HPM	1989	0.0	0.0			True
chr8	129445499	129448059	MYC	0	ENCSR056HPM	1989	0.0	0.0			True
chr8	129453219	129455739	MYC	0	ENCSR056HPM	1989	0.0	0.0			True
chr8	129467339	129469919	MYC	0	ENCSR056HPM	1989	0.0	0.0			True
chr8	129476439	129478979	MYC	0	ENCSR056HPM	1989	0.0	0.0			True
chr8	129479039	129481559	MYC	0	ENCSR056HPM	1989	0.0	0.0			True
chr8	129484659	129487159	MYC	0	ENCSR056HPM	1989	0.0	0.0			True
chr8	129489339	129491879	MYC	0	ENCSR056HPM	1989	0.0	0.0			True
chr8	129499499	129502019	MYC	0	ENCSR056HPM	1989	0.0	0.0			True
chr8	129513279	129515779	MYC	0	ENCSR056HPM	1989	0.0	0.0			True
chr8	129524899	129527439	MYC	0	ENCSR056HPM	1989	0.0	0.0			True
chr8	129560039	129562559	MYC	0	ENCSR056HPM	1989	0.0	0.0			True
chr8	129563619	129566119	MYC	0	ENCSR056HPM	1989	0.0	0.0			True
chr8	129585959	129588459	MYC	0	ENCSR056HPM	1989	0.0	0.0			True
chr8	129590399	129592919	MYC	0	ENCSR056HPM	1989	0.0	0.0			True
chr8	129672459	129675099	MYC	0	ENCSR056HPM	1989	0.0	0.0			True
chr8	129675719	129678239	MYC	0	ENCSR056HPM	1989	0.0	0.0			True
chr8	129700499	129703039	MYC	0	ENCSR056HPM	1989	0.0	0.0			True
chr8	129730679	129733179	MYC	0	ENCSR056HPM	1989	0.0	0.0			True
chrX	46796510	46797010	GATA1	0	ENCSR056HPM	1989	0.0	0.0			True
chrX	46796510	46797010	HDAC6	0	ENCSR056HPM	1989	0.0	0.0			True
chrX	46796510	46797010	PLP2	0	ENCSR056HPM	1989	0.0	0.0			True
chrX	46796510	46797010	PQBP1	0	ENCSR056HPM	1989	0.0	0.0			True
chrX	46838090	46838590	GATA1	0	ENCSR056HPM	1989	0.0	0.0			True
chrX	46838090	46838590	HDAC6	0	ENCSR056HPM	1989	0.0	0.0			True
chrX	46838090	46838590	PLP2	0	ENCSR056HPM	1989	0.0	0.0			True
chrX	46838090	46838590	PQBP1	0	ENCSR056HPM	1989	0.0	0.0			True
chrX	46913730	46914330	GATA1	0	ENCSR056HPM	1989	0.0	0.0			True
chrX	46913730	46914330	HDAC6	0	ENCSR056HPM	1989	0.0	0.0			True
chrX	46913730	46914330	PLP2	0	ENCSR056HPM	1989	0.0	0.0			True
chrX	46913730	46914330	PQBP1	0	ENCSR056HPM	1989	0.0	0.0			True
chrX	46957223	46957723	GATA1	0	ENCSR056HPM	1989	0.0	0.0			True
chrX	46957223	46957723	HDAC6	0	ENCSR056HPM	1989	0.0	0.0			True
chrX	46957223	46957723	PLP2	0	ENCSR056HPM	1989	0.0	0.0			True
chrX	46957223	46957723	PQBP1	0	ENCSR056HPM	1989	0.0	0.0			True
chrX	46978554	46979054	GATA1	0	ENCSR056HPM	1989	0.0	0.0			True
chrX	46978554	46979054	HDAC6	0	ENCSR056HPM	1989	0.0	0.0			True
chrX	46978554	46979054	PLP2	0	ENCSR056HPM	1989	0.0	0.0			True
chrX	46978554	46979054	PQBP1	0	ENCSR056HPM	1989	0.0	0.0			True
chrX	47010703	47011243	GATA1	0	ENCSR056HPM	1989	0.0	0.0			True
chrX	47010703	47011243	HDAC6	0	ENCSR056HPM	1989	0.0	0.0			True
chrX	47010703	47011243	PLP2	0	ENCSR056HPM	1989	0.0	0.0			True
chrX	47010703	47011243	PQBP1	0	ENCSR056HPM	1989	0.0	0.0			True
chrX	47030243	47030763	GATA1	0	ENCSR056HPM	1989	0.0	0.0			True
chrX	47030243	47030763	HDAC6	0	ENCSR056HPM	1989	0.0	0.0			True
chrX	47030243	47030763	PLP2	0	ENCSR056HPM	1989	0.0	0.0			True
chrX	47030243	47030763	PQBP1	0	ENCSR056HPM	1989	0.0	0.0			True
chrX	47047923	47048443	GATA1	0	ENCSR056HPM	1989	0.0	0.0			True
chrX	47047923	47048443	HDAC6	0	ENCSR056HPM	1989	0.0	0.0			True
chrX	47047923	47048443	PLP2	0	ENCSR056HPM	1989	0.0	0.0			True
chrX	47047923	47048443	PQBP1	0	ENCSR056HPM	1989	0.0	0.0			True
chrX	47059423	47059947	GATA1	0	ENCSR056HPM	1989	0.0	0.0			True
chrX	47059423	47059947	HDAC6	0	ENCSR056HPM	1989	0.0	0.0			True
chrX	47059423	47059947	PLP2	0	ENCSR056HPM	1989	0.0	0.0			True
chrX	47059423	47059947	PQBP1	0	ENCSR056HPM	1989	0.0	0.0			True
chrX	47076786	47077306	GATA1	0	ENCSR056HPM	1989	0.0	0.0			True
chrX	47076786	47077306	HDAC6	0	ENCSR056HPM	1989	0.0	0.0			True
chrX	47076786	47077306	PLP2	0	ENCSR056HPM	1989	0.0	0.0			True
chrX	47076786	47077306	PQBP1	0	ENCSR056HPM	1989	0.0	0.0			True
chrX	47093166	47093666	GATA1	0	ENCSR056HPM	1989	0.0	0.0			True
chrX	47093166	47093666	HDAC6	0	ENCSR056HPM	1989	0.0	0.0			True
chrX	47093166	47093666	PLP2	0	ENCSR056HPM	1989	0.0	0.0			True
chrX	47093166	47093666	PQBP1	0	ENCSR056HPM	1989	0.0	0.0			True
chrX	47129006	47129506	GATA1	0	ENCSR056HPM	1989	0.0	0.0			True
chrX	47129006	47129506	HDAC6	0	ENCSR056HPM	1989	0.0	0.0			True
chrX	47129006	47129506	PLP2	0	ENCSR056HPM	1989	0.0	0.0			True
chrX	47129006	47129506	PQBP1	0	ENCSR056HPM	1989	0.0	0.0			True
chrX	47135546	47136066	GATA1	0	ENCSR056HPM	1989	0.0	0.0			True
chrX	47135546	47136066	HDAC6	0	ENCSR056HPM	1989	0.0	0.0			True
chrX	47135546	47136066	PLP2	0	ENCSR056HPM	1989	0.0	0.0			True
chrX	47135546	47136066	PQBP1	0	ENCSR056HPM	1989	0.0	0.0			True
chrX	47191386	47191886	GATA1	0	ENCSR056HPM	1989	0.0	0.0			True
chrX	47191386	47191886	HDAC6	0	ENCSR056HPM	1989	0.0	0.0			True
chrX	47191386	47191886	PLP2	0	ENCSR056HPM	1989	0.0	0.0			True
chrX	47191386	47191886	PQBP1	0	ENCSR056HPM	1989	0.0	0.0			True
chrX	47197146	47197686	GATA1	0	ENCSR056HPM	1989	0.0	0.0			True
chrX	47197146	47197686	HDAC6	0	ENCSR056HPM	1989	0.0	0.0			True
chrX	47197146	47197686	PLP2	0	ENCSR056HPM	1989	0.0	0.0			True
chrX	47197146	47197686	PQBP1	0	ENCSR056HPM	1989	0.0	0.0			True
chrX	47264706	47265226	GATA1	0	ENCSR056HPM	1989	0.0	0.0			True
chrX	47264706	47265226	HDAC6	0	ENCSR056HPM	1989	0.0	0.0			True
chrX	47264706	47265226	PLP2	0	ENCSR056HPM	1989	0.0	0.0			True
chrX	47264706	47265226	PQBP1	0	ENCSR056HPM	1989	0.0	0.0			True
chrX	47285386	47285886	GATA1	0	ENCSR056HPM	1989	0.0	0.0			True
chrX	47285386	47285886	PQBP1	0	ENCSR056HPM	1989	0.0	0.0			True
chrX	47312286	47312806	GATA1	0	ENCSR056HPM	1989	0.0	0.0			True
chrX	47312286	47312806	HDAC6	0	ENCSR056HPM	1989	0.0	0.0			True
chrX	47312286	47312806	PLP2	0	ENCSR056HPM	1989	0.0	0.0			True
chrX	47312286	47312806	PQBP1	0	ENCSR056HPM	1989	0.0	0.0			True
chrX	47321266	47321786	GATA1	0	ENCSR056HPM	1989	0.0	0.0			True
chrX	47321266	47321786	HDAC6	0	ENCSR056HPM	1989	0.0	0.0			True
chrX	47321266	47321786	PLP2	0	ENCSR056HPM	1989	0.0	0.0			True
chrX	47321266	47321786	PQBP1	0	ENCSR056HPM	1989	0.0	0.0			True
chrX	47361986	47362526	GATA1	0	ENCSR056HPM	1989	0.0	0.0			True
chrX	47361986	47362526	HDAC6	0	ENCSR056HPM	1989	0.0	0.0			True
chrX	47361986	47362526	PLP2	0	ENCSR056HPM	1989	0.0	0.0			True
chrX	47361986	47362526	PQBP1	0	ENCSR056HPM	1989	0.0	0.0			True
chrX	47366146	47366666	GATA1	0	ENCSR056HPM	1989	0.0	0.0			True
chrX	47366146	47366666	HDAC6	0	ENCSR056HPM	1989	0.0	0.0			True
chrX	47366146	47366666	PLP2	0	ENCSR056HPM	1989	0.0	0.0			True
chrX	47366146	47366666	PQBP1	0	ENCSR056HPM	1989	0.0	0.0			True
chrX	47380266	47380766	GATA1	0	ENCSR056HPM	1989	0.0	0.0			True
chrX	47380266	47380766	HDAC6	0	ENCSR056HPM	1989	0.0	0.0			True
chrX	47380266	47380766	PLP2	0	ENCSR056HPM	1989	0.0	0.0			True
chrX	47380266	47380766	PQBP1	0	ENCSR056HPM	1989	0.0	0.0			True
chrX	47384406	47384926	GATA1	0	ENCSR056HPM	1989	0.0	0.0			True
chrX	47384406	47384926	HDAC6	0	ENCSR056HPM	1989	0.0	0.0			True
chrX	47384406	47384926	PLP2	0	ENCSR056HPM	1989	0.0	0.0			True
chrX	47384406	47384926	PQBP1	0	ENCSR056HPM	1989	0.0	0.0			True
chrX	47483806	47484326	GATA1	0	ENCSR056HPM	1989	0.0	0.0			True
chrX	47483806	47484326	HDAC6	0	ENCSR056HPM	1989	0.0	0.0			True
chrX	47483806	47484326	PQBP1	0	ENCSR056HPM	1989	0.0	0.0			True
chrX	47523286	47523826	GATA1	0	ENCSR056HPM	1989	0.0	0.0			True
chrX	47523286	47523826	HDAC6	0	ENCSR056HPM	1989	0.0	0.0			True
chrX	47523286	47523826	PLP2	0	ENCSR056HPM	1989	0.0	0.0			True
chrX	47523286	47523826	PQBP1	0	ENCSR056HPM	1989	0.0	0.0			True
chrX	47541086	47541586	GATA1	0	ENCSR056HPM	1989	0.0	0.0			True
chrX	47541086	47541586	HDAC6	0	ENCSR056HPM	1989	0.0	0.0			True
chrX	47541086	47541586	PLP2	0	ENCSR056HPM	1989	0.0	0.0			True
chrX	47541086	47541586	PQBP1	0	ENCSR056HPM	1989	0.0	0.0			True
chrX	47542086	47542666	GATA1	0	ENCSR056HPM	1989	0.0	0.0			True
chrX	47542086	47542666	HDAC6	0	ENCSR056HPM	1989	0.0	0.0			True
chrX	47542086	47542666	PLP2	0	ENCSR056HPM	1989	0.0	0.0			True
chrX	47542086	47542666	PQBP1	0	ENCSR056HPM	1989	0.0	0.0			True
chrX	47559886	47560546	GATA1	0	ENCSR056HPM	1989	0.0	0.0			True
chrX	47559886	47560546	HDAC6	0	ENCSR056HPM	1989	0.0	0.0			True
chrX	47559886	47560546	PLP2	0	ENCSR056HPM	1989	0.0	0.0			True
chrX	47562506	47563026	GATA1	0	ENCSR056HPM	1989	0.0	0.0			True
chrX	47562506	47563026	HDAC6	0	ENCSR056HPM	1989	0.0	0.0			True
chrX	47562506	47563026	PLP2	0	ENCSR056HPM	1989	0.0	0.0			True
chrX	47563266	47564246	GATA1	0	ENCSR056HPM	1989	0.0	0.0			True
chrX	47563266	47564246	HDAC6	0	ENCSR056HPM	1989	0.0	0.0			True
chrX	47563266	47564246	PLP2	0	ENCSR056HPM	1989	0.0	0.0			True
chrX	47572686	47573226	GATA1	0	ENCSR056HPM	1989	0.0	0.0			True
chrX	47572686	47573226	HDAC6	0	ENCSR056HPM	1989	0.0	0.0			True
chrX	47572686	47573226	PLP2	0	ENCSR056HPM	1989	0.0	0.0			True
chrX	47572686	47573226	PQBP1	0	ENCSR056HPM	1989	0.0	0.0			True
chrX	47574706	47575206	GATA1	0	ENCSR056HPM	1989	0.0	0.0			True
chrX	47574706	47575206	HDAC6	0	ENCSR056HPM	1989	0.0	0.0			True
chrX	47574706	47575206	PLP2	0	ENCSR056HPM	1989	0.0	0.0			True
chrX	47574706	47575206	PQBP1	0	ENCSR056HPM	1989	0.0	0.0			True
chrX	47577346	47577846	GATA1	0	ENCSR056HPM	1989	0.0	0.0			True
chrX	47577346	47577846	HDAC6	0	ENCSR056HPM	1989	0.0	0.0			True
chrX	47577346	47577846	PLP2	0	ENCSR056HPM	1989	0.0	0.0			True
chrX	47577346	47577846	PQBP1	0	ENCSR056HPM	1989	0.0	0.0			True
chrX	47579446	47579966	GATA1	0	ENCSR056HPM	1989	0.0	0.0			True
chrX	47579446	47579966	HDAC6	0	ENCSR056HPM	1989	0.0	0.0			True
chrX	47579446	47579966	PLP2	0	ENCSR056HPM	1989	0.0	0.0			True
chrX	47579446	47579966	PQBP1	0	ENCSR056HPM	1989	0.0	0.0			True
chrX	47595586	47596086	GATA1	0	ENCSR056HPM	1989	0.0	0.0			True
chrX	47595586	47596086	HDAC6	0	ENCSR056HPM	1989	0.0	0.0			True
chrX	47595586	47596086	PLP2	0	ENCSR056HPM	1989	0.0	0.0			True
chrX	47595586	47596086	PQBP1	0	ENCSR056HPM	1989	0.0	0.0			True
chrX	47608466	47608966	GATA1	0	ENCSR056HPM	1989	0.0	0.0			True
chrX	47608466	47608966	HDAC6	0	ENCSR056HPM	1989	0.0	0.0			True
chrX	47608466	47608966	PLP2	0	ENCSR056HPM	1989	0.0	0.0			True
chrX	47608466	47608966	PQBP1	0	ENCSR056HPM	1989	0.0	0.0			True
chrX	47628906	47629406	GATA1	0	ENCSR056HPM	1989	0.0	0.0			True
chrX	47628906	47629406	HDAC6	0	ENCSR056HPM	1989	0.0	0.0			True
chrX	47628906	47629406	PLP2	0	ENCSR056HPM	1989	0.0	0.0			True
chrX	47628906	47629406	PQBP1	0	ENCSR056HPM	1989	0.0	0.0			True
chrX	47633906	47634406	GATA1	0	ENCSR056HPM	1989	0.0	0.0			True
chrX	47633906	47634406	HDAC6	0	ENCSR056HPM	1989	0.0	0.0			True
chrX	47633906	47634406	PLP2	0	ENCSR056HPM	1989	0.0	0.0			True
chrX	47633906	47634406	PQBP1	0	ENCSR056HPM	1989	0.0	0.0			True
chrX	47647606	47648106	GATA1	0	ENCSR056HPM	1989	0.0	0.0			True
chrX	47647606	47648106	HDAC6	0	ENCSR056HPM	1989	0.0	0.0			True
chrX	47647606	47648106	PLP2	0	ENCSR056HPM	1989	0.0	0.0			True
chrX	47647606	47648106	PQBP1	0	ENCSR056HPM	1989	0.0	0.0			True
chrX	47649146	47649726	GATA1	0	ENCSR056HPM	1989	0.0	0.0			True
chrX	47649146	47649726	HDAC6	0	ENCSR056HPM	1989	0.0	0.0			True
chrX	47649146	47649726	PLP2	0	ENCSR056HPM	1989	0.0	0.0			True
chrX	47649146	47649726	PQBP1	0	ENCSR056HPM	1989	0.0	0.0			True
chrX	47662166	47662666	GATA1	0	ENCSR056HPM	1989	0.0	0.0			True
chrX	47662166	47662666	HDAC6	0	ENCSR056HPM	1989	0.0	0.0			True
chrX	47662166	47662666	PLP2	0	ENCSR056HPM	1989	0.0	0.0			True
chrX	47662166	47662666	PQBP1	0	ENCSR056HPM	1989	0.0	0.0			True
chrX	47663006	47663506	GATA1	0	ENCSR056HPM	1989	0.0	0.0			True
chrX	47664666	47665206	GATA1	0	ENCSR056HPM	1989	0.0	0.0			True
chrX	47664666	47665206	HDAC6	0	ENCSR056HPM	1989	0.0	0.0			True
chrX	47664666	47665206	PLP2	0	ENCSR056HPM	1989	0.0	0.0			True
chrX	47664666	47665206	PQBP1	0	ENCSR056HPM	1989	0.0	0.0			True
chrX	47675886	47676666	GATA1	0	ENCSR056HPM	1989	0.0	0.0			True
chrX	47675886	47676666	HDAC6	0	ENCSR056HPM	1989	0.0	0.0			True
chrX	47675886	47676666	PLP2	0	ENCSR056HPM	1989	0.0	0.0			True
chrX	47675886	47676666	PQBP1	0	ENCSR056HPM	1989	0.0	0.0			True
chrX	47683406	47683906	GATA1	0	ENCSR056HPM	1989	0.0	0.0			True
chrX	47683406	47683906	HDAC6	0	ENCSR056HPM	1989	0.0	0.0			True
chrX	47683406	47683906	PLP2	0	ENCSR056HPM	1989	0.0	0.0			True
chrX	47683406	47683906	PQBP1	0	ENCSR056HPM	1989	0.0	0.0			True
chrX	47685486	47686006	GATA1	0	ENCSR056HPM	1989	0.0	0.0			True
chrX	47685486	47686006	HDAC6	0	ENCSR056HPM	1989	0.0	0.0			True
chrX	47685486	47686006	PLP2	0	ENCSR056HPM	1989	0.0	0.0			True
chrX	47685486	47686006	PQBP1	0	ENCSR056HPM	1989	0.0	0.0			True
chrX	47711226	47711786	GATA1	0	ENCSR056HPM	1989	0.0	0.0			True
chrX	47711226	47711786	HDAC6	0	ENCSR056HPM	1989	0.0	0.0			True
chrX	47711226	47711786	PLP2	0	ENCSR056HPM	1989	0.0	0.0			True
chrX	47711226	47711786	PQBP1	0	ENCSR056HPM	1989	0.0	0.0			True
chrX	47712546	47713186	GATA1	0	ENCSR056HPM	1989	0.0	0.0			True
chrX	47712546	47713186	HDAC6	0	ENCSR056HPM	1989	0.0	0.0			True
chrX	47712546	47713186	PLP2	0	ENCSR056HPM	1989	0.0	0.0			True
chrX	47712546	47713186	PQBP1	0	ENCSR056HPM	1989	0.0	0.0			True
chrX	47752606	47753106	GATA1	0	ENCSR056HPM	1989	0.0	0.0			True
chrX	47752606	47753106	HDAC6	0	ENCSR056HPM	1989	0.0	0.0			True
chrX	47752606	47753106	PLP2	0	ENCSR056HPM	1989	0.0	0.0			True
chrX	47752606	47753106	PQBP1	0	ENCSR056HPM	1989	0.0	0.0			True
chrX	47772706	47773206	GATA1	0	ENCSR056HPM	1989	0.0	0.0			True
chrX	47772706	47773206	HDAC6	0	ENCSR056HPM	1989	0.0	0.0			True
chrX	47772706	47773206	PLP2	0	ENCSR056HPM	1989	0.0	0.0			True
chrX	47772706	47773206	PQBP1	0	ENCSR056HPM	1989	0.0	0.0			True
chrX	47796246	47796966	GATA1	0	ENCSR056HPM	1989	0.0	0.0			True
chrX	47796246	47796966	HDAC6	0	ENCSR056HPM	1989	0.0	0.0			True
chrX	47796246	47796966	PLP2	0	ENCSR056HPM	1989	0.0	0.0			True
chrX	47796246	47796966	PQBP1	0	ENCSR056HPM	1989	0.0	0.0			True
chrX	47802506	47803026	GATA1	0	ENCSR056HPM	1989	0.0	0.0			True
chrX	47802506	47803026	HDAC6	0	ENCSR056HPM	1989	0.0	0.0			True
chrX	47802506	47803026	PLP2	0	ENCSR056HPM	1989	0.0	0.0			True
chrX	47802506	47803026	PQBP1	0	ENCSR056HPM	1989	0.0	0.0			True
chrX	47814766	47815266	GATA1	0	ENCSR056HPM	1989	0.0	0.0			True
chrX	47814766	47815266	HDAC6	0	ENCSR056HPM	1989	0.0	0.0			True
chrX	47814766	47815266	PLP2	0	ENCSR056HPM	1989	0.0	0.0			True
chrX	47814766	47815266	PQBP1	0	ENCSR056HPM	1989	0.0	0.0			True
chrX	47817366	47817886	GATA1	0	ENCSR056HPM	1989	0.0	0.0			True
chrX	47817366	47817886	HDAC6	0	ENCSR056HPM	1989	0.0	0.0			True
chrX	47817366	47817886	PLP2	0	ENCSR056HPM	1989	0.0	0.0			True
chrX	47817366	47817886	PQBP1	0	ENCSR056HPM	1989	0.0	0.0			True
chrX	47831706	47832306	GATA1	0	ENCSR056HPM	1989	0.0	0.0			True
chrX	47831706	47832306	HDAC6	0	ENCSR056HPM	1989	0.0	0.0			True
chrX	47831706	47832306	PLP2	0	ENCSR056HPM	1989	0.0	0.0			True
chrX	47831706	47832306	PQBP1	0	ENCSR056HPM	1989	0.0	0.0			True
chrX	47837426	47837926	GATA1	0	ENCSR056HPM	1989	0.0	0.0			True
chrX	47837426	47837926	PLP2	0	ENCSR056HPM	1989	0.0	0.0			True
chrX	47880786	47881326	GATA1	0	ENCSR056HPM	1989	0.0	0.0			True
chrX	47880786	47881326	HDAC6	0	ENCSR056HPM	1989	0.0	0.0			True
chrX	47880786	47881326	PLP2	0	ENCSR056HPM	1989	0.0	0.0			True
chrX	47880786	47881326	PQBP1	0	ENCSR056HPM	1989	0.0	0.0			True
chrX	47936466	47936966	GATA1	0	ENCSR056HPM	1989	0.0	0.0			True
chrX	47936466	47936966	HDAC6	0	ENCSR056HPM	1989	0.0	0.0			True
chrX	47936466	47936966	PLP2	0	ENCSR056HPM	1989	0.0	0.0			True
chrX	47936466	47936966	PQBP1	0	ENCSR056HPM	1989	0.0	0.0			True
chrX	47940426	47940946	GATA1	0	ENCSR056HPM	1989	0.0	0.0			True
chrX	47940426	47940946	PLP2	0	ENCSR056HPM	1989	0.0	0.0			True
chrX	47958846	47959346	GATA1	0	ENCSR056HPM	1989	0.0	0.0			True
chrX	47958846	47959346	HDAC6	0	ENCSR056HPM	1989	0.0	0.0			True
chrX	47958846	47959346	PLP2	0	ENCSR056HPM	1989	0.0	0.0			True
chrX	47958846	47959346	PQBP1	0	ENCSR056HPM	1989	0.0	0.0			True
chrX	48025591	48026091	GATA1	0	ENCSR056HPM	1989	0.0	0.0			True
chrX	48025591	48026091	PLP2	0	ENCSR056HPM	1989	0.0	0.0			True
chrX	48025591	48026091	PQBP1	0	ENCSR056HPM	1989	0.0	0.0			True
chrX	48026551	48027111	GATA1	0	ENCSR056HPM	1989	0.0	0.0			True
chrX	48026551	48027111	PLP2	0	ENCSR056HPM	1989	0.0	0.0			True
chrX	48026551	48027111	PQBP1	0	ENCSR056HPM	1989	0.0	0.0			True
chrX	48083156	48083656	GATA1	0	ENCSR056HPM	1989	0.0	0.0			True
chrX	48083156	48083656	HDAC6	0	ENCSR056HPM	1989	0.0	0.0			True
chrX	48083156	48083656	PLP2	0	ENCSR056HPM	1989	0.0	0.0			True
chrX	48083156	48083656	PQBP1	0	ENCSR056HPM	1989	0.0	0.0			True
chrX	48451629	48452150	GATA1	0	ENCSR056HPM	1989	0.0	0.0			True
chrX	48451629	48452150	HDAC6	0	ENCSR056HPM	1989	0.0	0.0			True
chrX	48451629	48452150	PLP2	0	ENCSR056HPM	1989	0.0	0.0			True
chrX	48451629	48452150	PQBP1	0	ENCSR056HPM	1989	0.0	0.0			True
chrX	48467318	48467838	GATA1	0	ENCSR056HPM	1989	0.0	0.0			True
chrX	48467318	48467838	HDAC6	0	ENCSR056HPM	1989	0.0	0.0			True
chrX	48467318	48467838	PLP2	0	ENCSR056HPM	1989	0.0	0.0			True
chrX	48467318	48467838	PQBP1	0	ENCSR056HPM	1989	0.0	0.0			True
chrX	48468078	48468618	GATA1	0	ENCSR056HPM	1989	0.0	0.0			True
chrX	48468078	48468618	HDAC6	0	ENCSR056HPM	1989	0.0	0.0			True
chrX	48468078	48468618	PLP2	0	ENCSR056HPM	1989	0.0	0.0			True
chrX	48468078	48468618	PQBP1	0	ENCSR056HPM	1989	0.0	0.0			True
chrX	48472877	48473377	GATA1	0	ENCSR056HPM	1989	0.0	0.0			True
chrX	48474017	48474517	GATA1	0	ENCSR056HPM	1989	0.0	0.0			True
chrX	48474017	48474517	PLP2	0	ENCSR056HPM	1989	0.0	0.0			True
chrX	48487397	48487897	GATA1	0	ENCSR056HPM	1989	0.0	0.0			True
chrX	48487397	48487897	PLP2	0	ENCSR056HPM	1989	0.0	0.0			True
chrX	48487397	48487897	PQBP1	0	ENCSR056HPM	1989	0.0	0.0			True
chrX	48492217	48492957	GATA1	0	ENCSR056HPM	1989	0.0	0.0			True
chrX	48492217	48492957	HDAC6	0	ENCSR056HPM	1989	0.0	0.0			True
chrX	48492217	48492957	PLP2	0	ENCSR056HPM	1989	0.0	0.0			True
chrX	48492217	48492957	PQBP1	0	ENCSR056HPM	1989	0.0	0.0			True
chrX	48494017	48494537	GATA1	0	ENCSR056HPM	1989	0.0	0.0			True
chrX	48494017	48494537	HDAC6	0	ENCSR056HPM	1989	0.0	0.0			True
chrX	48494017	48494537	PLP2	0	ENCSR056HPM	1989	0.0	0.0			True
chrX	48494017	48494537	PQBP1	0	ENCSR056HPM	1989	0.0	0.0			True
chrX	48496597	48497117	GATA1	0	ENCSR056HPM	1989	0.0	0.0			True
chrX	48496597	48497117	HDAC6	0	ENCSR056HPM	1989	0.0	0.0			True
chrX	48496597	48497117	PLP2	0	ENCSR056HPM	1989	0.0	0.0			True
chrX	48496597	48497117	PQBP1	0	ENCSR056HPM	1989	0.0	0.0			True
chrX	48498257	48498857	GATA1	0	ENCSR056HPM	1989	0.0	0.0			True
chrX	48498257	48498857	HDAC6	0	ENCSR056HPM	1989	0.0	0.0			True
chrX	48498257	48498857	PLP2	0	ENCSR056HPM	1989	0.0	0.0			True
chrX	48498257	48498857	PQBP1	0	ENCSR056HPM	1989	0.0	0.0			True
chrX	48505637	48506137	GATA1	0	ENCSR056HPM	1989	0.0	0.0			True
chrX	48505637	48506137	HDAC6	0	ENCSR056HPM	1989	0.0	0.0			True
chrX	48505637	48506137	PLP2	0	ENCSR056HPM	1989	0.0	0.0			True
chrX	48505637	48506137	PQBP1	0	ENCSR056HPM	1989	0.0	0.0			True
chrX	48511457	48511957	GATA1	0	ENCSR056HPM	1989	0.0	0.0			True
chrX	48511457	48511957	HDAC6	0	ENCSR056HPM	1989	0.0	0.0			True
chrX	48511457	48511957	PLP2	0	ENCSR056HPM	1989	0.0	0.0			True
chrX	48513537	48514057	GATA1	0	ENCSR056HPM	1989	0.0	0.0			True
chrX	48513537	48514057	HDAC6	0	ENCSR056HPM	1989	0.0	0.0			True
chrX	48513537	48514057	PLP2	0	ENCSR056HPM	1989	0.0	0.0			True
chrX	48513537	48514057	PQBP1	0	ENCSR056HPM	1989	0.0	0.0			True
chrX	48514297	48514857	GATA1	0	ENCSR056HPM	1989	0.0	0.0			True
chrX	48514297	48514857	HDAC6	0	ENCSR056HPM	1989	0.0	0.0			True
chrX	48514297	48514857	PLP2	0	ENCSR056HPM	1989	0.0	0.0			True
chrX	48514297	48514857	PQBP1	0	ENCSR056HPM	1989	0.0	0.0			True
chrX	48530697	48531197	GATA1	0	ENCSR056HPM	1989	0.0	0.0			True
chrX	48531577	48532077	GATA1	0	ENCSR056HPM	1989	0.0	0.0			True
chrX	48531577	48532077	PLP2	0	ENCSR056HPM	1989	0.0	0.0			True
chrX	48531577	48532077	PQBP1	0	ENCSR056HPM	1989	0.0	0.0			True
chrX	48532097	48532597	GATA1	0	ENCSR056HPM	1989	0.0	0.0			True
chrX	48532097	48532597	PLP2	0	ENCSR056HPM	1989	0.0	0.0			True
chrX	48532097	48532597	PQBP1	0	ENCSR056HPM	1989	0.0	0.0			True
chrX	48547317	48547817	GATA1	0	ENCSR056HPM	1989	0.0	0.0			True
chrX	48547317	48547817	HDAC6	0	ENCSR056HPM	1989	0.0	0.0			True
chrX	48547317	48547817	PLP2	0	ENCSR056HPM	1989	0.0	0.0			True
chrX	48547317	48547817	PQBP1	0	ENCSR056HPM	1989	0.0	0.0			True
chrX	48555637	48556137	GATA1	0	ENCSR056HPM	1989	0.0	0.0			True
chrX	48569797	48570377	GATA1	0	ENCSR056HPM	1989	0.0	0.0			True
chrX	48569797	48570377	PLP2	0	ENCSR056HPM	1989	0.0	0.0			True
chrX	48572757	48573257	GATA1	0	ENCSR056HPM	1989	0.0	0.0			True
chrX	48572757	48573257	PLP2	0	ENCSR056HPM	1989	0.0	0.0			True
chrX	48580577	48581077	GATA1	0	ENCSR056HPM	1989	0.0	0.0			True
chrX	48580577	48581077	HDAC6	0	ENCSR056HPM	1989	0.0	0.0			True
chrX	48580577	48581077	PLP2	0	ENCSR056HPM	1989	0.0	0.0			True
chrX	48580577	48581077	PQBP1	0	ENCSR056HPM	1989	0.0	0.0			True
chrX	48589677	48590217	GATA1	0	ENCSR056HPM	1989	0.0	0.0			True
chrX	48589677	48590217	HDAC6	0	ENCSR056HPM	1989	0.0	0.0			True
chrX	48589677	48590217	PLP2	0	ENCSR056HPM	1989	0.0	0.0			True
chrX	48589677	48590217	PQBP1	0	ENCSR056HPM	1989	0.0	0.0			True
chrX	48590697	48591197	GATA1	0	ENCSR056HPM	1989	0.0	0.0			True
chrX	48590697	48591197	HDAC6	0	ENCSR056HPM	1989	0.0	0.0			True
chrX	48590697	48591197	PLP2	0	ENCSR056HPM	1989	0.0	0.0			True
chrX	48590697	48591197	PQBP1	0	ENCSR056HPM	1989	0.0	0.0			True
chrX	48591277	48591997	GATA1	0	ENCSR056HPM	1989	0.0	0.0			True
chrX	48591277	48591997	HDAC6	0	ENCSR056HPM	1989	0.0	0.0			True
chrX	48591277	48591997	PLP2	0	ENCSR056HPM	1989	0.0	0.0			True
chrX	48591277	48591997	PQBP1	0	ENCSR056HPM	1989	0.0	0.0			True
chrX	48592097	48592597	GATA1	0	ENCSR056HPM	1989	0.0	0.0			True
chrX	48592097	48592597	HDAC6	0	ENCSR056HPM	1989	0.0	0.0			True
chrX	48592097	48592597	PLP2	0	ENCSR056HPM	1989	0.0	0.0			True
chrX	48592097	48592597	PQBP1	0	ENCSR056HPM	1989	0.0	0.0			True
chrX	48592717	48593217	GATA1	0	ENCSR056HPM	1989	0.0	0.0			True
chrX	48592717	48593217	HDAC6	0	ENCSR056HPM	1989	0.0	0.0			True
chrX	48592717	48593217	PLP2	0	ENCSR056HPM	1989	0.0	0.0			True
chrX	48592717	48593217	PQBP1	0	ENCSR056HPM	1989	0.0	0.0			True
chrX	48595897	48596417	GATA1	0	ENCSR056HPM	1989	0.0	0.0			True
chrX	48595897	48596417	PLP2	0	ENCSR056HPM	1989	0.0	0.0			True
chrX	48611657	48612177	GATA1	0	ENCSR056HPM	1989	0.0	0.0			True
chrX	48611657	48612177	HDAC6	0	ENCSR056HPM	1989	0.0	0.0			True
chrX	48611657	48612177	PLP2	0	ENCSR056HPM	1989	0.0	0.0			True
chrX	48611657	48612177	PQBP1	0	ENCSR056HPM	1989	0.0	0.0			True
chrX	48617497	48618037	HDAC6	0	ENCSR056HPM	1989	0.0	0.0			True
chrX	48617497	48618037	PLP2	0	ENCSR056HPM	1989	0.0	0.0			True
chrX	48617497	48618037	PQBP1	0	ENCSR056HPM	1989	0.0	0.0			True
chrX	48629257	48629817	GATA1	0	ENCSR056HPM	1989	0.0	0.0			True
chrX	48629257	48629817	HDAC6	0	ENCSR056HPM	1989	0.0	0.0			True
chrX	48629257	48629817	PLP2	0	ENCSR056HPM	1989	0.0	0.0			True
chrX	48629257	48629817	PQBP1	0	ENCSR056HPM	1989	0.0	0.0			True
chrX	48631297	48631817	GATA1	0	ENCSR056HPM	1989	0.0	0.0			True
chrX	48631297	48631817	HDAC6	0	ENCSR056HPM	1989	0.0	0.0			True
chrX	48631997	48632497	GATA1	0	ENCSR056HPM	1989	0.0	0.0			True
chrX	48631997	48632497	HDAC6	0	ENCSR056HPM	1989	0.0	0.0			True
chrX	48631997	48632497	PLP2	0	ENCSR056HPM	1989	0.0	0.0			True
chrX	48636677	48637257	GATA1	0	ENCSR056HPM	1989	0.0	0.0			True
chrX	48636677	48637257	HDAC6	0	ENCSR056HPM	1989	0.0	0.0			True
chrX	48636677	48637257	PLP2	0	ENCSR056HPM	1989	0.0	0.0			True
chrX	48636677	48637257	PQBP1	0	ENCSR056HPM	1989	0.0	0.0			True
chrX	48648237	48648737	GATA1	0	ENCSR056HPM	1989	0.0	0.0			True
chrX	48648237	48648737	PLP2	0	ENCSR056HPM	1989	0.0	0.0			True
chrX	48649037	48649537	GATA1	0	ENCSR056HPM	1989	0.0	0.0			True
chrX	48649037	48649537	PLP2	0	ENCSR056HPM	1989	0.0	0.0			True
chrX	48652037	48652577	HDAC6	0	ENCSR056HPM	1989	0.0	0.0			True
chrX	48652037	48652577	PLP2	0	ENCSR056HPM	1989	0.0	0.0			True
chrX	48676176	48676716	GATA1	0	ENCSR056HPM	1989	0.0	0.0			True
chrX	48676176	48676716	PLP2	0	ENCSR056HPM	1989	0.0	0.0			True
chrX	48680376	48680876	GATA1	0	ENCSR056HPM	1989	0.0	0.0			True
chrX	48680376	48680876	PLP2	0	ENCSR056HPM	1989	0.0	0.0			True
chrX	48680376	48680876	PQBP1	0	ENCSR056HPM	1989	0.0	0.0			True
chrX	48700914	48701434	GATA1	0	ENCSR056HPM	1989	0.0	0.0			True
chrX	48700914	48701434	PLP2	0	ENCSR056HPM	1989	0.0	0.0			True
chrX	48701894	48702434	GATA1	0	ENCSR056HPM	1989	0.0	0.0			True
chrX	48701894	48702434	PLP2	0	ENCSR056HPM	1989	0.0	0.0			True
chrX	48711994	48712494	GATA1	0	ENCSR056HPM	1989	0.0	0.0			True
chrX	48711994	48712494	HDAC6	0	ENCSR056HPM	1989	0.0	0.0			True
chrX	48711994	48712494	PLP2	0	ENCSR056HPM	1989	0.0	0.0			True
chrX	48711994	48712494	PQBP1	0	ENCSR056HPM	1989	0.0	0.0			True
chrX	48714980	48715520	GATA1	0	ENCSR056HPM	1989	0.0	0.0			True
chrX	48714980	48715520	HDAC6	0	ENCSR056HPM	1989	0.0	0.0			True
chrX	48714980	48715520	PLP2	0	ENCSR056HPM	1989	0.0	0.0			True
chrX	48714980	48715520	PQBP1	0	ENCSR056HPM	1989	0.0	0.0			True
chrX	48736361	48736858	PLP2	0	ENCSR056HPM	1989	0.0	0.0			True
chrX	48737018	48737918	PLP2	0	ENCSR056HPM	1989	0.0	0.0			True
chrX	48739038	48739538	GATA1	0	ENCSR056HPM	1989	0.0	0.0			True
chrX	48739038	48739538	HDAC6	0	ENCSR056HPM	1989	0.0	0.0			True
chrX	48739038	48739538	PLP2	0	ENCSR056HPM	1989	0.0	0.0			True
chrX	48739038	48739538	PQBP1	0	ENCSR056HPM	1989	0.0	0.0			True
chrX	48752502	48753002	GATA1	0	ENCSR056HPM	1989	0.0	0.0			True
chrX	48752502	48753002	HDAC6	0	ENCSR056HPM	1989	0.0	0.0			True
chrX	48752502	48753002	PLP2	0	ENCSR056HPM	1989	0.0	0.0			True
chrX	48752502	48753002	PQBP1	0	ENCSR056HPM	1989	0.0	0.0			True
chrX	48764921	48765461	GATA1	0	ENCSR056HPM	1989	0.16021176065146753	7.62167401262559e-05	0.0004757150018122047	8.322249412536621	False
chrX	48764921	48765461	HDAC6	0	ENCSR056HPM	1989	0.0	0.0			True
chrX	48764921	48765461	PLP2	0	ENCSR056HPM	1989	0.0	0.0			True
chrX	48764921	48765461	PQBP1	0	ENCSR056HPM	1989	0.0	0.0			True
chrX	48765501	48766060	GATA1	0	ENCSR056HPM	1989	0.3849404837456478	0.00018312581232748926	0.0004757150018122047	8.322249412536621	False
chrX	48765501	48766060	HDAC6	0	ENCSR056HPM	1989	0.0	0.0			True
chrX	48765501	48766060	PLP2	0	ENCSR056HPM	1989	0.0	0.0			True
chrX	48765501	48766060	PQBP1	0	ENCSR056HPM	1989	0.0	0.0			True
chrX	48770189	48771169	GATA1	0	ENCSR056HPM	1989	0.5662763884046768	0.0002693918359000236	0.0004757150018122047	8.322249412536621	False
chrX	48770189	48771169	HDAC6	0	ENCSR056HPM	1989	0.19557780243187634	9.251714800484478e-05	0.0004730352375190705	7.992710113525391	False
chrX	48770189	48771169	PLP2	0	ENCSR056HPM	1989	0.0	0.0			True
chrX	48770189	48771169	PQBP1	0	ENCSR056HPM	1989	0.0	0.0			True
chrX	48776950	48777470	GATA1	0	ENCSR056HPM	1989	0.9091245570512073	0.00043249328155070543	0.0004757150018122047	8.322249412536621	False
chrX	48776950	48777470	HDAC6	0	ENCSR056HPM	1989	0.25927673405716667	0.00012264962424524128	0.0004730352375190705	7.992710113525391	False
chrX	48776950	48777470	PLP2	0	ENCSR056HPM	1989	0.0	0.0			True
chrX	48776950	48777470	PQBP1	0	ENCSR056HPM	1989	0.0	0.0			True
chrX	48779350	48779850	GATA1	0	ENCSR056HPM	1989	0.5197864874462467	0.00024727542768232524	0.0004757150018122047	8.322249412536621	False
chrX	48779350	48779850	PLP2	0	ENCSR056HPM	1989	0.0	0.0			True
chrX	48779350	48779850	PQBP1	0	ENCSR056HPM	1989	0.0	0.0			True
chrX	48782797	48783297	PQBP1	0	ENCSR056HPM	1989	0.0	0.0			True
chrX	48782964	48783085	HDAC6	1	ENCSR056HPM	1989	1.1786753483283867	0.0005575667601078749	0.0004730352375190705	7.992710113525391	False
chrX	48784617	48785277	GATA1	1	ENCSR056HPM	1989	0.9629130972821638	0.000458081834949553	0.0004757150018122047	8.322249412536621	False
chrX	48784617	48785277	HDAC6	0	ENCSR056HPM	1989	0.19831854582908992	9.381364361615852e-05	0.0004730352375190705	7.992710113525391	False
chrX	48784617	48785277	PQBP1	0	ENCSR056HPM	1989	0.0	0.0			True
chrX	48789397	48789977	HDAC6	0	ENCSR056HPM	1989	0.5921470019005535	0.0002801123191602528	0.0004730352375190705	7.992710113525391	False
chrX	48789397	48789977	PQBP1	0	ENCSR056HPM	1989	0.0	0.0			True
chrX	48793298	48793798	HDAC6	0	ENCSR056HPM	1989	1.2524210935118245	0.0005924518336541951	0.0004730352375190705	7.992710113525391	False
chrX	48793298	48793798	PQBP1	0	ENCSR056HPM	1989	0.0	0.0			True
chrX	48794198	48794758	HDAC6	0	ENCSR056HPM	1989	1.6339589560721575	0.0007729365024715662	0.0004730352375190705	7.992710113525391	False
chrX	48794198	48794758	PLP2	0	ENCSR056HPM	1989	0.0	0.0			True
chrX	48794198	48794758	PQBP1	0	ENCSR056HPM	1989	0.0	0.0			True
chrX	48794818	48795318	HDAC6	0	ENCSR056HPM	1989	1.5649251195658882	0.0007402803748846054	0.0004730352375190705	7.992710113525391	False
chrX	48794818	48795318	PQBP1	0	ENCSR056HPM	1989	0.0	0.0			True
chrX	48798238	48798738	GATA1	0	ENCSR056HPM	1989	1.2068744371811124	0.0005741403438150883	0.0004757150018122047	8.322249412536621	False
chrX	48798238	48798738	HDAC6	0	ENCSR056HPM	1989	1.341206481399332	0.0006344513385556638	0.0004730352375190705	7.992710113525391	False
chrX	48798238	48798738	PLP2	0	ENCSR056HPM	1989	0.0	0.0			True
chrX	48798238	48798738	PQBP1	0	ENCSR056HPM	1989	0.0	0.0			True
chrX	48800621	48800667	GATA1	1	ENCSR056HPM	1989	1.4658159065795613	0.0006973252748139203	0.0004757150018122047	8.322249412536621	False
chrX	48800621	48800667	HDAC6	1	ENCSR056HPM	1989	2.774998590614766	0.001312699867412448	0.0004730352375190705	7.992710113525391	False
chrX	48812278	48812778	GATA1	0	ENCSR056HPM	1989	0.14013840731082633	6.666734407190233e-05	0.0004757150018122047	8.322249412536621	False
chrX	48812278	48812778	PLP2	0	ENCSR056HPM	1989	0.0	0.0			True
chrX	48812278	48812778	PQBP1	0	ENCSR056HPM	1989	0.0	0.0			True
chrX	48833655	48834215	GATA1	0	ENCSR056HPM	1989	0.0	0.0			True
chrX	48833655	48834215	HDAC6	0	ENCSR056HPM	1989	0.17901892202192715	8.468404848827049e-05	0.0004730352375190705	7.992710113525391	False
chrX	48833655	48834215	PLP2	0	ENCSR056HPM	1989	0.0	0.0			True
chrX	48841664	48842164	GATA1	0	ENCSR056HPM	1989	0.0	0.0			True
chrX	48841664	48842164	PLP2	0	ENCSR056HPM	1989	0.0	0.0			True
chrX	48854765	48855265	GATA1	0	ENCSR056HPM	1989	0.0	0.0			True
chrX	48854765	48855265	PLP2	0	ENCSR056HPM	1989	0.0	0.0			True
chrX	48864144	48864644	GATA1	0	ENCSR056HPM	1989	0.0	0.0			True
chrX	48864144	48864644	HDAC6	0	ENCSR056HPM	1989	0.0	0.0			True
chrX	48864144	48864644	PLP2	0	ENCSR056HPM	1989	0.0	0.0			True
chrX	48867802	48868386	HDAC6	0	ENCSR056HPM	1989	0.0	0.0			True
chrX	48867802	48868386	PLP2	0	ENCSR056HPM	1989	0.0	0.0			True
chrX	48876886	48877386	GATA1	0	ENCSR056HPM	1989	0.0	0.0			True
chrX	48883606	48884126	GATA1	0	ENCSR056HPM	1989	0.0	0.0			True
chrX	48883606	48884126	HDAC6	0	ENCSR056HPM	1989	0.0	0.0			True
chrX	48883606	48884126	PLP2	0	ENCSR056HPM	1989	0.0	0.0			True
chrX	48883606	48884126	PQBP1	0	ENCSR056HPM	1989	0.43976688500051236	0.0001085416879504919	0.000246806419454515	9.477702140808105	False
chrX	48890322	48890862	GATA1	0	ENCSR056HPM	1989	0.0	0.0			True
chrX	48890322	48890862	PLP2	0	ENCSR056HPM	1989	0.0	0.0			True
chrX	48890322	48890862	PQBP1	0	ENCSR056HPM	1989	0.933550918627291	0.00023041569511406124	0.000246806419454515	9.477702140808105	False
chrX	48891522	48892042	GATA1	0	ENCSR056HPM	1989	0.0	0.0			True
chrX	48891522	48892042	PLP2	0	ENCSR056HPM	1989	0.0	0.0			True
chrX	48891522	48892042	PQBP1	0	ENCSR056HPM	1989	1.7226841583327819	0.000425186735810712	0.000246806419454515	9.477702140808105	False
chrX	48917188	48917688	GATA1	0	ENCSR056HPM	1989	0.0	0.0			True
chrX	48919808	48920708	GATA1	0	ENCSR056HPM	1989	0.0	0.0			True
chrX	48936994	48938034	GATA1	0	ENCSR056HPM	1989	0.0	0.0			True
chrX	48936994	48938034	PLP2	0	ENCSR056HPM	1989	0.0	0.0			True
chrX	48940454	48940954	GATA1	0	ENCSR056HPM	1989	0.0	0.0			True
chrX	48940454	48940954	PLP2	0	ENCSR056HPM	1989	0.0	0.0			True
chrX	48941708	48942244	GATA1	0	ENCSR056HPM	1989	0.0	0.0			True
chrX	48941708	48942244	PLP2	0	ENCSR056HPM	1989	0.0	0.0			True
chrX	48942924	48943424	GATA1	0	ENCSR056HPM	1989	0.0	0.0			True
chrX	48942924	48943424	PLP2	0	ENCSR056HPM	1989	0.0	0.0			True
chrX	48943724	48944224	GATA1	0	ENCSR056HPM	1989	0.0	0.0			True
chrX	48943724	48944224	HDAC6	0	ENCSR056HPM	1989	0.0	0.0			True
chrX	48943724	48944224	PLP2	0	ENCSR056HPM	1989	0.0	0.0			True
chrX	48943724	48944224	PQBP1	0	ENCSR056HPM	1989	0.0	0.0			True
chrX	48945685	48946205	GATA1	0	ENCSR056HPM	1989	0.0	0.0			True
chrX	48945685	48946205	PLP2	0	ENCSR056HPM	1989	0.0	0.0			True
chrX	48948585	48949085	GATA1	0	ENCSR056HPM	1989	0.0	0.0			True
chrX	48948585	48949085	PLP2	0	ENCSR056HPM	1989	0.0	0.0			True
chrX	48955905	48956423	GATA1	0	ENCSR056HPM	1989	0.0	0.0			True
chrX	48961484	48961984	GATA1	0	ENCSR056HPM	1989	0.0	0.0			True
chrX	48961484	48961984	HDAC6	0	ENCSR056HPM	1989	0.0	0.0			True
chrX	48961484	48961984	PLP2	0	ENCSR056HPM	1989	0.0	0.0			True
chrX	48961484	48961984	PQBP1	0	ENCSR056HPM	1989	0.0	0.0			True
chrX	48962024	48962524	GATA1	0	ENCSR056HPM	1989	0.0	0.0			True
chrX	48962024	48962524	HDAC6	0	ENCSR056HPM	1989	0.0	0.0			True
chrX	48962024	48962524	PLP2	0	ENCSR056HPM	1989	0.0	0.0			True
chrX	48962024	48962524	PQBP1	0	ENCSR056HPM	1989	0.0	0.0			True
chrX	48980272	48980772	GATA1	0	ENCSR056HPM	1989	0.0	0.0			True
chrX	48980272	48980772	HDAC6	0	ENCSR056HPM	1989	0.0	0.0			True
chrX	48980272	48980772	PLP2	0	ENCSR056HPM	1989	0.0	0.0			True
chrX	48980272	48980772	PQBP1	0	ENCSR056HPM	1989	0.0	0.0			True
chrX	49003655	49004155	GATA1	0	ENCSR056HPM	1989	0.0	0.0			True
chrX	49003655	49004155	HDAC6	0	ENCSR056HPM	1989	0.0	0.0			True
chrX	49037800	49038300	GATA1	0	ENCSR056HPM	1989	0.0	0.0			True
chrX	49037800	49038300	HDAC6	0	ENCSR056HPM	1989	0.0	0.0			True
chrX	49037800	49038300	PLP2	0	ENCSR056HPM	1989	0.0	0.0			True
chrX	49037800	49038300	PQBP1	0	ENCSR056HPM	1989	0.0	0.0			True
chrX	49039800	49040300	GATA1	0	ENCSR056HPM	1989	0.0	0.0			True
chrX	49041618	49042119	GATA1	0	ENCSR056HPM	1989	0.0	0.0			True
chrX	49042179	49042779	GATA1	0	ENCSR056HPM	1989	0.0	0.0			True
chrX	49047157	49047736	GATA1	0	ENCSR056HPM	1989	0.0	0.0			True
chrX	49047157	49047736	PLP2	0	ENCSR056HPM	1989	0.0	0.0			True
chrX	49059774	49060274	GATA1	0	ENCSR056HPM	1989	0.0	0.0			True
chrX	49059774	49060274	HDAC6	0	ENCSR056HPM	1989	0.0	0.0			True
chrX	49059774	49060274	PLP2	0	ENCSR056HPM	1989	0.0	0.0			True
chrX	49059774	49060274	PQBP1	0	ENCSR056HPM	1989	0.0	0.0			True
chrX	49068409	49068909	GATA1	0	ENCSR056HPM	1989	0.0	0.0			True
chrX	49068409	49068909	HDAC6	0	ENCSR056HPM	1989	0.0	0.0			True
chrX	49068409	49068909	PLP2	0	ENCSR056HPM	1989	0.0	0.0			True
chrX	49068409	49068909	PQBP1	0	ENCSR056HPM	1989	0.0	0.0			True
chrX	49082207	49082712	GATA1	0	ENCSR056HPM	1989	0.0	0.0			True
chrX	49082207	49082712	HDAC6	0	ENCSR056HPM	1989	0.0	0.0			True
chrX	49082207	49082712	PLP2	0	ENCSR056HPM	1989	0.0	0.0			True
chrX	49082207	49082712	PQBP1	0	ENCSR056HPM	1989	0.0	0.0			True
chrX	49083332	49084594	GATA1	0	ENCSR056HPM	1989	0.0	0.0			True
chrX	49083332	49084594	HDAC6	0	ENCSR056HPM	1989	0.0	0.0			True
chrX	49083332	49084594	PLP2	0	ENCSR056HPM	1989	0.0	0.0			True
chrX	49083332	49084594	PQBP1	0	ENCSR056HPM	1989	0.0	0.0			True
chrX	49089530	49090049	GATA1	0	ENCSR056HPM	1989	0.0	0.0			True
chrX	49099827	49100387	GATA1	0	ENCSR056HPM	1989	0.0	0.0			True
chrX	49099827	49100387	PLP2	0	ENCSR056HPM	1989	0.0	0.0			True
chrX	49106834	49107334	GATA1	0	ENCSR056HPM	1989	0.0	0.0			True
chrX	49106834	49107334	HDAC6	0	ENCSR056HPM	1989	0.0	0.0			True
chrX	49120032	49120532	GATA1	0	ENCSR056HPM	1989	0.0	0.0			True
chrX	49139690	49140190	GATA1	0	ENCSR056HPM	1989	0.0	0.0			True
chrX	49139690	49140190	HDAC6	0	ENCSR056HPM	1989	0.0	0.0			True
chrX	49139690	49140190	PQBP1	0	ENCSR056HPM	1989	0.0	0.0			True
chrX	49148590	49149090	GATA1	0	ENCSR056HPM	1989	0.0	0.0			True
chrX	49148590	49149090	HDAC6	0	ENCSR056HPM	1989	0.0	0.0			True
chrX	49148590	49149090	PQBP1	0	ENCSR056HPM	1989	0.0	0.0			True
chrX	49150250	49150750	GATA1	0	ENCSR056HPM	1989	0.0	0.0			True
chrX	49150250	49150750	PLP2	0	ENCSR056HPM	1989	0.13544802671136746	3.967143493355252e-05	0.00029288046061992645	9.218328475952148	False
chrX	49155148	49156608	GATA1	0	ENCSR056HPM	1989	0.0	0.0			True
chrX	49155148	49156608	HDAC6	0	ENCSR056HPM	1989	0.0	0.0			True
chrX	49155148	49156608	PQBP1	0	ENCSR056HPM	1989	0.0	0.0			True
chrX	49161593	49162093	GATA1	0	ENCSR056HPM	1989	0.0	0.0			True
chrX	49161593	49162093	PLP2	0	ENCSR056HPM	1989	0.4284373420050664	0.00012548521044664085	0.00029288046061992645	9.218328475952148	False
chrX	49163947	49164447	GATA1	0	ENCSR056HPM	1989	0.0	0.0			True
chrX	49166366	49166866	GATA1	0	ENCSR056HPM	1989	0.0	0.0			True
chrX	49167166	49167746	GATA1	0	ENCSR056HPM	1989	0.0	0.0			True
chrX	49174596	49175096	GATA1	0	ENCSR056HPM	1989	0.0	0.0			True
chrX	49174596	49175096	PQBP1	0	ENCSR056HPM	1989	0.0	0.0			True
chrX	49175356	49175936	GATA1	0	ENCSR056HPM	1989	0.0	0.0			True
chrX	49175356	49175936	PQBP1	0	ENCSR056HPM	1989	0.0	0.0			True
chrX	49177416	49177916	GATA1	0	ENCSR056HPM	1989	0.0	0.0			True
chrX	49177416	49177916	PQBP1	0	ENCSR056HPM	1989	0.0	0.0			True
chrX	49188652	49189152	GATA1	0	ENCSR056HPM	1989	0.0	0.0			True
chrX	49188652	49189152	PLP2	0	ENCSR056HPM	1989	0.2961845931739163	8.674964192323387e-05	0.00029288046061992645	9.218328475952148	False
chrX	49188652	49189152	PQBP1	0	ENCSR056HPM	1989	0.0	0.0			True
chrX	49189232	49189732	GATA1	0	ENCSR056HPM	1989	0.0	0.0			True
chrX	49189232	49189732	PLP2	0	ENCSR056HPM	1989	0.28402599500315007	8.318850450450554e-05	0.00029288046061992645	9.218328475952148	False
chrX	49189232	49189732	PQBP1	0	ENCSR056HPM	1989	0.0	0.0			True
chrX	49190908	49191428	GATA1	0	ENCSR056HPM	1989	0.0	0.0			True
chrX	49190908	49191428	HDAC6	0	ENCSR056HPM	1989	0.0	0.0			True
chrX	49190908	49191428	PQBP1	0	ENCSR056HPM	1989	0.0	0.0			True
chrX	49192648	49193148	GATA1	0	ENCSR056HPM	1989	0.0	0.0			True
chrX	49192648	49193148	HDAC6	0	ENCSR056HPM	1989	0.0	0.0			True
chrX	49192648	49193148	PLP2	0	ENCSR056HPM	1989	0.22661781335978137	6.637419573962688e-05	0.00029288046061992645	9.218328475952148	False
chrX	49193388	49193908	GATA1	0	ENCSR056HPM	1989	0.0	0.0			True
chrX	49193388	49193908	HDAC6	0	ENCSR056HPM	1989	0.0	0.0			True
chrX	49193388	49193908	PQBP1	0	ENCSR056HPM	1989	0.0	0.0			True
chrX	49209725	49210285	GATA1	0	ENCSR056HPM	1989	0.0	0.0			True
chrX	49209725	49210285	HDAC6	0	ENCSR056HPM	1989	0.0	0.0			True
chrX	49209725	49210285	PLP2	0	ENCSR056HPM	1989	0.0	0.0			True
chrX	49209725	49210285	PQBP1	0	ENCSR056HPM	1989	0.0	0.0			True
chrX	49230403	49231363	GATA1	0	ENCSR056HPM	1989	0.0	0.0			True
chrX	49230403	49231363	HDAC6	0	ENCSR056HPM	1989	0.0	0.0			True
chrX	49230403	49231363	PQBP1	0	ENCSR056HPM	1989	0.0	0.0			True
chrX	49237138	49237898	GATA1	0	ENCSR056HPM	1989	0.0	0.0			True
chrX	49237138	49237898	HDAC6	0	ENCSR056HPM	1989	0.0	0.0			True
chrX	49237138	49237898	PQBP1	0	ENCSR056HPM	1989	0.0	0.0			True
chrX	49240277	49240877	GATA1	0	ENCSR056HPM	1989	0.0	0.0			True
chrX	49240277	49240877	HDAC6	0	ENCSR056HPM	1989	0.0	0.0			True
chrX	49240277	49240877	PLP2	0	ENCSR056HPM	1989	0.0	0.0			True
chrX	49240277	49240877	PQBP1	0	ENCSR056HPM	1989	0.0	0.0			True
chrX	49241659	49242179	GATA1	0	ENCSR056HPM	1989	0.0	0.0			True
chrX	49241659	49242179	HDAC6	0	ENCSR056HPM	1989	0.0	0.0			True
chrX	49241659	49242179	PLP2	0	ENCSR056HPM	1989	0.0	0.0			True
chrX	49241659	49242179	PQBP1	0	ENCSR056HPM	1989	0.0	0.0			True
chrX	49242579	49243099	GATA1	0	ENCSR056HPM	1989	0.0	0.0			True
chrX	49242579	49243099	HDAC6	0	ENCSR056HPM	1989	0.0	0.0			True
chrX	49242579	49243099	PLP2	0	ENCSR056HPM	1989	0.0	0.0			True
chrX	49242579	49243099	PQBP1	0	ENCSR056HPM	1989	0.0	0.0			True
chrX	49244199	49244719	GATA1	0	ENCSR056HPM	1989	0.0	0.0			True
chrX	49244199	49244719	PLP2	0	ENCSR056HPM	1989	0.0	0.0			True
chrX	49244199	49244719	PQBP1	0	ENCSR056HPM	1989	0.0	0.0			True
chrX	49260208	49260788	GATA1	0	ENCSR056HPM	1989	0.0	0.0			True
chrX	49260208	49260788	HDAC6	0	ENCSR056HPM	1989	0.0	0.0			True
chrX	49260208	49260788	PLP2	0	ENCSR056HPM	1989	0.0	0.0			True
chrX	49270962	49271462	GATA1	0	ENCSR056HPM	1989	0.0	0.0			True
chrX	49270962	49271462	PLP2	0	ENCSR056HPM	1989	0.0	0.0			True
chrX	49270962	49271462	PQBP1	0	ENCSR056HPM	1989	0.0	0.0			True
chrX	49273202	49273782	GATA1	0	ENCSR056HPM	1989	0.0	0.0			True
chrX	49273202	49273782	PLP2	0	ENCSR056HPM	1989	0.0	0.0			True
chrX	49273202	49273782	PQBP1	0	ENCSR056HPM	1989	0.0	0.0			True
chrX	49282484	49283004	GATA1	0	ENCSR056HPM	1989	0.0	0.0			True
chrX	49282484	49283004	HDAC6	0	ENCSR056HPM	1989	0.0	0.0			True
chrX	49282484	49283004	PLP2	0	ENCSR056HPM	1989	0.0	0.0			True
chrX	49282484	49283004	PQBP1	0	ENCSR056HPM	1989	0.0	0.0			True
chrX	49291877	49292377	GATA1	0	ENCSR056HPM	1989	0.0	0.0			True
chrX	49291877	49292377	HDAC6	0	ENCSR056HPM	1989	0.0	0.0			True
chrX	49291877	49292377	PQBP1	0	ENCSR056HPM	1989	0.0	0.0			True
chrX	49307686	49308246	PLP2	0	ENCSR056HPM	1989	0.0	0.0			True
chrX	49316006	49316506	PLP2	0	ENCSR056HPM	1989	0.0	0.0			True
chrX	49673382	49673882	GATA1	0	ENCSR056HPM	1989	0.0	0.0			True
chrX	49673382	49673882	HDAC6	0	ENCSR056HPM	1989	0.0	0.0			True
chrX	49673382	49673882	PLP2	0	ENCSR056HPM	1989	0.0	0.0			True
chrX	49673382	49673882	PQBP1	0	ENCSR056HPM	1989	0.0	0.0			True
chrX	49754142	49754662	GATA1	0	ENCSR056HPM	1989	0.0	0.0			True
chrX	49754142	49754662	HDAC6	0	ENCSR056HPM	1989	0.0	0.0			True
chrX	49754142	49754662	PLP2	0	ENCSR056HPM	1989	0.0	0.0			True
chrX	49754142	49754662	PQBP1	0	ENCSR056HPM	1989	0.0	0.0			True
chrX	49838342	49838842	GATA1	0	ENCSR056HPM	1989	0.0	0.0			True
chrX	49838342	49838842	HDAC6	0	ENCSR056HPM	1989	0.0	0.0			True
chrX	49838342	49838842	PLP2	0	ENCSR056HPM	1989	0.0	0.0			True
chrX	49838342	49838842	PQBP1	0	ENCSR056HPM	1989	0.0	0.0			True
chrX	49840622	49841182	GATA1	0	ENCSR056HPM	1989	0.0	0.0			True
chrX	49840622	49841182	HDAC6	0	ENCSR056HPM	1989	0.0	0.0			True
chrX	49840622	49841182	PLP2	0	ENCSR056HPM	1989	0.0	0.0			True
chrX	49840622	49841182	PQBP1	0	ENCSR056HPM	1989	0.0	0.0			True
chrX	49856662	49857162	GATA1	0	ENCSR056HPM	1989	0.0	0.0			True
chrX	49856662	49857162	HDAC6	0	ENCSR056HPM	1989	0.0	0.0			True
chrX	49856662	49857162	PLP2	0	ENCSR056HPM	1989	0.0	0.0			True
chrX	49856662	49857162	PQBP1	0	ENCSR056HPM	1989	0.0	0.0			True
chrX	49859402	49859902	GATA1	0	ENCSR056HPM	1989	0.0	0.0			True
chrX	49859402	49859902	HDAC6	0	ENCSR056HPM	1989	0.0	0.0			True
chrX	49859402	49859902	PLP2	0	ENCSR056HPM	1989	0.0	0.0			True
chrX	49859402	49859902	PQBP1	0	ENCSR056HPM	1989	0.0	0.0			True
chrX	49860802	49861602	GATA1	0	ENCSR056HPM	1989	0.0	0.0			True
chrX	49860802	49861602	HDAC6	0	ENCSR056HPM	1989	0.0	0.0			True
chrX	49860802	49861602	PLP2	0	ENCSR056HPM	1989	0.0	0.0			True
chrX	49860802	49861602	PQBP1	0	ENCSR056HPM	1989	0.0	0.0			True
chrX	49862042	49862582	GATA1	0	ENCSR056HPM	1989	0.0	0.0			True
chrX	49862042	49862582	HDAC6	0	ENCSR056HPM	1989	0.0	0.0			True
chrX	49862042	49862582	PLP2	0	ENCSR056HPM	1989	0.0	0.0			True
chrX	49862042	49862582	PQBP1	0	ENCSR056HPM	1989	0.0	0.0			True
chrX	49868702	49869202	GATA1	0	ENCSR056HPM	1989	0.0	0.0			True
chrX	49868702	49869202	HDAC6	0	ENCSR056HPM	1989	0.0	0.0			True
chrX	49868702	49869202	PLP2	0	ENCSR056HPM	1989	0.0	0.0			True
chrX	49868702	49869202	PQBP1	0	ENCSR056HPM	1989	0.0	0.0			True
chrX	49876682	49877202	GATA1	0	ENCSR056HPM	1989	0.0	0.0			True
chrX	49876682	49877202	HDAC6	0	ENCSR056HPM	1989	0.0	0.0			True
chrX	49876682	49877202	PLP2	0	ENCSR056HPM	1989	0.0	0.0			True
chrX	49876682	49877202	PQBP1	0	ENCSR056HPM	1989	0.0	0.0			True
chrX	49884201	49884701	GATA1	0	ENCSR056HPM	1989	0.0	0.0			True
chrX	49884201	49884701	HDAC6	0	ENCSR056HPM	1989	0.0	0.0			True
chrX	49884201	49884701	PLP2	0	ENCSR056HPM	1989	0.0	0.0			True
chrX	49884201	49884701	PQBP1	0	ENCSR056HPM	1989	0.0	0.0			True
chrX	49915496	49916076	GATA1	0	ENCSR056HPM	1989	0.0	0.0			True
chrX	49915496	49916076	HDAC6	0	ENCSR056HPM	1989	0.0	0.0			True
chrX	49915496	49916076	PLP2	0	ENCSR056HPM	1989	0.0	0.0			True
chrX	49915496	49916076	PQBP1	0	ENCSR056HPM	1989	0.0	0.0			True
chrX	49919435	49919975	GATA1	0	ENCSR056HPM	1989	0.0	0.0			True
chrX	49919435	49919975	HDAC6	0	ENCSR056HPM	1989	0.0	0.0			True
chrX	49919435	49919975	PLP2	0	ENCSR056HPM	1989	0.0	0.0			True
chrX	49919435	49919975	PQBP1	0	ENCSR056HPM	1989	0.0	0.0			True
chrX	49921035	49921555	GATA1	0	ENCSR056HPM	1989	0.0	0.0			True
chrX	49921035	49921555	PLP2	0	ENCSR056HPM	1989	0.0	0.0			True
chrX	49921035	49921555	PQBP1	0	ENCSR056HPM	1989	0.0	0.0			True
chrX	49923356	49923856	GATA1	0	ENCSR056HPM	1989	0.0	0.0			True
chrX	49923356	49923856	PLP2	0	ENCSR056HPM	1989	0.0	0.0			True
chrX	49923356	49923856	PQBP1	0	ENCSR056HPM	1989	0.0	0.0			True
chrX	49924715	49925375	GATA1	0	ENCSR056HPM	1989	0.0	0.0			True
chrX	49924715	49925375	PLP2	0	ENCSR056HPM	1989	0.0	0.0			True
chrX	49924715	49925375	PQBP1	0	ENCSR056HPM	1989	0.0	0.0			True
chrX	49926355	49926855	GATA1	0	ENCSR056HPM	1989	0.0	0.0			True
chrX	49926355	49926855	PLP2	0	ENCSR056HPM	1989	0.0	0.0			True
chrX	49926355	49926855	PQBP1	0	ENCSR056HPM	1989	0.0	0.0			True
chrX	49976654	49977174	GATA1	0	ENCSR056HPM	1989	0.0	0.0			True
chrX	49976654	49977174	HDAC6	0	ENCSR056HPM	1989	0.0	0.0			True
chrX	49976654	49977174	PLP2	0	ENCSR056HPM	1989	0.0	0.0			True
chrX	49976654	49977174	PQBP1	0	ENCSR056HPM	1989	0.0	0.0			True
chrX	50046156	50046656	GATA1	0	ENCSR056HPM	1989	0.0	0.0			True
chrX	50046156	50046656	HDAC6	0	ENCSR056HPM	1989	0.0	0.0			True
chrX	50046156	50046656	PLP2	0	ENCSR056HPM	1989	0.0	0.0			True
chrX	50046156	50046656	PQBP1	0	ENCSR056HPM	1989	0.0	0.0			True
chrX	50071570	50072110	GATA1	0	ENCSR056HPM	1989	0.0	0.0			True
chrX	50071570	50072110	HDAC6	0	ENCSR056HPM	1989	0.0	0.0			True
chrX	50071570	50072110	PLP2	0	ENCSR056HPM	1989	0.0	0.0			True
chrX	50071570	50072110	PQBP1	0	ENCSR056HPM	1989	0.0	0.0			True
chrX	50136174	50137194	GATA1	0	ENCSR056HPM	1989	0.0	0.0			True
chrX	50136174	50137194	HDAC6	0	ENCSR056HPM	1989	0.0	0.0			True
chrX	50136174	50137194	PLP2	0	ENCSR056HPM	1989	0.0	0.0			True
chrX	50136174	50137194	PQBP1	0	ENCSR056HPM	1989	0.0	0.0			True
chrX	50177101	50177621	GATA1	0	ENCSR056HPM	1989	0.0	0.0			True
chrX	50177101	50177621	HDAC6	0	ENCSR056HPM	1989	0.0	0.0			True
chrX	50177101	50177621	PLP2	0	ENCSR056HPM	1989	0.0	0.0			True
chrX	50177101	50177621	PQBP1	0	ENCSR056HPM	1989	0.0	0.0			True
chrX	50180501	50181003	GATA1	0	ENCSR056HPM	1989	0.0	0.0			True
chrX	50180501	50181003	HDAC6	0	ENCSR056HPM	1989	0.0	0.0			True
chrX	50180501	50181003	PLP2	0	ENCSR056HPM	1989	0.0	0.0			True
chrX	50180501	50181003	PQBP1	0	ENCSR056HPM	1989	0.0	0.0			True
chrX	50183863	50184503	GATA1	0	ENCSR056HPM	1989	0.0	0.0			True
chrX	50183863	50184503	HDAC6	0	ENCSR056HPM	1989	0.0	0.0			True
chrX	50183863	50184503	PLP2	0	ENCSR056HPM	1989	0.0	0.0			True
chrX	50183863	50184503	PQBP1	0	ENCSR056HPM	1989	0.0	0.0			True
chrX	50198334	50198894	GATA1	0	ENCSR056HPM	1989	0.0	0.0			True
chrX	50198334	50198894	HDAC6	0	ENCSR056HPM	1989	0.0	0.0			True
chrX	50198334	50198894	PLP2	0	ENCSR056HPM	1989	0.0	0.0			True
chrX	50198334	50198894	PQBP1	0	ENCSR056HPM	1989	0.0	0.0			True
chrX	50204414	50204954	GATA1	0	ENCSR056HPM	1989	0.0	0.0			True
chrX	50204414	50204954	HDAC6	0	ENCSR056HPM	1989	0.0	0.0			True
chrX	50204414	50204954	PLP2	0	ENCSR056HPM	1989	0.0	0.0			True
chrX	50204414	50204954	PQBP1	0	ENCSR056HPM	1989	0.0	0.0			True
chrX	50448547	50449047	GATA1	0	ENCSR056HPM	1989	0.0	0.0			True
chrX	50448547	50449047	HDAC6	0	ENCSR056HPM	1989	0.0	0.0			True
chrX	50448547	50449047	PLP2	0	ENCSR056HPM	1989	0.0	0.0			True
chrX	50448547	50449047	PQBP1	0	ENCSR056HPM	1989	0.0	0.0			True
chrX	50579885	50580405	GATA1	0	ENCSR056HPM	1989	0.0	0.0			True
chrX	50579885	50580405	HDAC6	0	ENCSR056HPM	1989	0.0	0.0			True
chrX	50579885	50580405	PLP2	0	ENCSR056HPM	1989	0.0	0.0			True
chrX	50579885	50580405	PQBP1	0	ENCSR056HPM	1989	0.0	0.0			True
chrX	50691665	50692165	GATA1	0	ENCSR056HPM	1989	0.0	0.0			True
chrX	50691665	50692165	HDAC6	0	ENCSR056HPM	1989	0.0	0.0			True
chrX	50691665	50692165	PLP2	0	ENCSR056HPM	1989	0.0	0.0			True
chrX	50691665	50692165	PQBP1	0	ENCSR056HPM	1989	0.0	0.0			True
chrX	55028229	55028268	ALAS2	1	ENCSR056HPM	1989	9.135741246855995	0.004722876939922571	0.0005169570213183761	7.770769119262695	False
chr1	4126791	4127291	SMIM1	0	ENCSR056HPM	1989	0.0	0.0			True
chr1	5304578	5305078	RPL22	0	ENCSR056HPM	1989	0.0	0.0			True
chr1	8197448	8198244	PARK7	0	ENCSR056HPM	1989	0.0	0.0			True
chr1	8899850	8900350	PARK7	0	ENCSR056HPM	1989	0.0	0.0			True
chr1	9145155	9145655	ENO1	0	ENCSR056HPM	1989	0.0	0.0			True
chr1	11881944	11882444	MAD2L2	0	ENCSR056HPM	1989	0.0	0.0			True
chr1	11882562	11883554	AGTRAP	0	ENCSR056HPM	1989	0.0	0.0			True
chr1	11882562	11883554	MAD2L2	0	ENCSR056HPM	1989	0.0	0.0			True
chr1	11882562	11883554	TARDBP	0	ENCSR056HPM	1989	0.0	0.0			True
chr1	12014145	12015413	MAD2L2	0	ENCSR056HPM	1989	0.0	0.0			True
chr1	12014145	12015413	SRM	0	ENCSR056HPM	1989	0.0	0.0			True
chr1	17441310	17441810	SDHB	1	ENCSR056HPM	1989	0.0	0.0			True
chr1	18534347	18534847	AKR7A2	0	ENCSR056HPM	1989	0.0	0.0			True
chr1	18534347	18534847	CAPZB	0	ENCSR056HPM	1989	0.0	0.0			True
chr1	19869923	19870423	CAPZB	0	ENCSR056HPM	1989	0.0	0.0			True
chr1	20197442	20197942	AKR7A2	0	ENCSR056HPM	1989	0.0	0.0			True
chr1	20197442	20197942	MRTO4	0	ENCSR056HPM	1989	0.0	0.0			True
chr1	20216567	20217067	HP1BP3	0	ENCSR056HPM	1989	0.0	0.0			True
chr1	20216567	20217067	MINOS1	0	ENCSR056HPM	1989					False
chr1	20216567	20217067	MRTO4	0	ENCSR056HPM	1989	0.0	0.0			True
chr1	21673110	21673610	CDC42	0	ENCSR056HPM	1989	0.0	0.0			True
chr1	21791423	21792482	CDC42	0	ENCSR056HPM	1989	0.0	0.0			True
chr1	23539621	23540248	GALE	0	ENCSR056HPM	1989	0.0	0.0			True
chr1	23716065	23716565	HNRNPR	0	ENCSR056HPM	1989	0.0	0.0			True
chr1	23716065	23716565	RPL11	0	ENCSR056HPM	1989	0.15493697871800424	1.4633873433922417e-05	9.444048919249326e-05	9.622577667236328	False
chr1	23920093	23921311	ELOA	0	ENCSR056HPM	1989	0.0	0.0			True
chr1	23920093	23921311	GALE	0	ENCSR056HPM	1989	0.0	0.0			True
chr1	23920093	23921311	HNRNPR	0	ENCSR056HPM	1989	0.0	0.0			True
chr1	23920093	23921311	RPL11	0	ENCSR056HPM	1989	0.0	0.0			True
chr1	23920093	23921311	SRRM1	0	ENCSR056HPM	1989	0.0	0.0			True
chr1	24742119	24742619	TMEM50A	0	ENCSR056HPM	1989	0.0	0.0			True
chr1	25933351	25933954	ARID1A	0	ENCSR056HPM	1989	0.0	0.0			True
chr1	25933351	25933954	HMGN2	0	ENCSR056HPM	1989	0.0	0.0			True
chr1	25933351	25933954	NUDC	1	ENCSR056HPM	1989	0.0	0.0			True
chr1	25933351	25933954	SH3BGRL3	0	ENCSR056HPM	1989	0.0	0.0			True
chr1	25933351	25933954	TMEM50A	0	ENCSR056HPM	1989	0.0	0.0			True
chr1	25933351	25933954	ZNF593	0	ENCSR056HPM	1989	0.0	0.0			True
chr1	26104576	26105524	HMGN2	0	ENCSR056HPM	1989	0.0	0.0			True
chr1	26104576	26105524	NUDC	0	ENCSR056HPM	1989	0.0	0.0			True
chr1	26104576	26105524	STMN1	0	ENCSR056HPM	1989	0.0	0.0			True
chr1	26138425	26139455	HMGN2	0	ENCSR056HPM	1989	0.0	0.0			True
chr1	26138425	26139455	NUDC	0	ENCSR056HPM	1989	0.0	0.0			True
chr1	26138425	26139455	STMN1	0	ENCSR056HPM	1989	0.0	0.0			True
chr1	26138425	26139455	TMEM50A	0	ENCSR056HPM	1989	0.0	0.0			True
chr1	26376717	26377217	STMN1	0	ENCSR056HPM	1989	0.0	0.0			True
chr1	26376717	26377217	ZNF593	0	ENCSR056HPM	1989	0.0	0.0			True
chr1	26377523	26378866	NUDC	0	ENCSR056HPM	1989	0.0	0.0			True
chr1	26377523	26378866	STMN1	0	ENCSR056HPM	1989	0.0	0.0			True
chr1	26377523	26378866	ZNF593	0	ENCSR056HPM	1989	0.0	0.0			True
chr1	26500769	26501550	WASF2	0	ENCSR056HPM	1989	0.0	0.0			True
chr1	26500769	26501550	ZNF593	0	ENCSR056HPM	1989	0.0	0.0			True
chr1	26508328	26508828	MTFR1L	0	ENCSR056HPM	1989	0.0	0.0			True
chr1	26508328	26508828	STMN1	0	ENCSR056HPM	1989	0.0	0.0			True
chr1	26508328	26508828	WASF2	0	ENCSR056HPM	1989	0.0	0.0			True
chr1	26584065	26584565	NUDC	0	ENCSR056HPM	1989	0.0	0.0			True
chr1	26584065	26584565	SH3BGRL3	0	ENCSR056HPM	1989	0.0	0.0			True
chr1	26584065	26584565	STMN1	0	ENCSR056HPM	1989	0.0	0.0			True
chr1	26584065	26584565	WASF2	0	ENCSR056HPM	1989	0.0	0.0			True
chr1	26619808	26621780	STMN1	0	ENCSR056HPM	1989	0.0	0.0			True
chr1	26636453	26637096	NUDC	0	ENCSR056HPM	1989	0.0	0.0			True
chr1	26636453	26637096	STMN1	0	ENCSR056HPM	1989	0.0	0.0			True
chr1	26636453	26637096	WASF2	0	ENCSR056HPM	1989	0.0	0.0			True
chr1	26686869	26687369	NUDC	0	ENCSR056HPM	1989	0.0	0.0			True
chr1	26783944	26784444	HMGN2	0	ENCSR056HPM	1989	0.0	0.0			True
chr1	26783944	26784444	NUDC	0	ENCSR056HPM	1989	0.0	0.0			True
chr1	27026948	27028368	HMGN2	0	ENCSR056HPM	1989	0.0	0.0			True
chr1	27026948	27028368	NUDC	0	ENCSR056HPM	1989	0.0	0.0			True
chr1	27026948	27028368	PPP1R8	0	ENCSR056HPM	1989	0.0	0.0			True
chr1	27026948	27028368	SH3BGRL3	0	ENCSR056HPM	1989	0.0	0.0			True
chr1	27026948	27028368	TMEM222	0	ENCSR056HPM	1989	0.0	0.0			True
chr1	27026948	27028368	WASF2	0	ENCSR056HPM	1989	0.0	0.0			True
chr1	27026948	27028368	ZNF593	0	ENCSR056HPM	1989	0.0	0.0			True
chr1	27074115	27074615	ZNF593	0	ENCSR056HPM	1989	0.0	0.0			True
chr1	27523007	27523999	ATP5IF1	0	ENCSR056HPM	1989	0.0	0.0			True
chr1	27523007	27523999	NUDC	0	ENCSR056HPM	1989	0.0	0.0			True
chr1	27523007	27523999	PPP1R8	0	ENCSR056HPM	1989	0.0	0.0			True
chr1	27608544	27609044	DNAJC8	0	ENCSR056HPM	1989	0.0	0.0			True
chr1	27867738	27868238	ATP5IF1	0	ENCSR056HPM	1989	0.0	0.0			True
chr1	27867738	27868238	DNAJC8	0	ENCSR056HPM	1989	0.0	0.0			True
chr1	27869198	27869698	ATP5IF1	0	ENCSR056HPM	1989	0.0	0.0			True
chr1	27869198	27869698	PPP1R8	0	ENCSR056HPM	1989	0.0	0.0			True
chr1	27869198	27869698	RCC1	0	ENCSR056HPM	1989	0.0	0.0			True
chr1	27869198	27869698	WASF2	0	ENCSR056HPM	1989	0.0	0.0			True
chr1	28105018	28105518	YTHDF2	0	ENCSR056HPM	1989	0.0	0.0			True
chr1	28112667	28113483	ATP5IF1	0	ENCSR056HPM	1989	0.0	0.0			True
chr1	28112667	28113483	RCC1	0	ENCSR056HPM	1989	0.0	0.0			True
chr1	28112667	28113483	WASF2	0	ENCSR056HPM	1989	0.0	0.0			True
chr1	28249311	28250231	ATP5IF1	0	ENCSR056HPM	1989	0.707941319995838	0.00021183256467338651	0.0002992133377119899	10.008369445800781	False
chr1	28249311	28250231	WASF2	0	ENCSR056HPM	1989	0.0	0.0			True
chr1	28345727	28346629	ATP5IF1	0	ENCSR056HPM	1989	0.0	0.0			True
chr1	28345727	28346629	DNAJC8	0	ENCSR056HPM	1989	0.0	0.0			True
chr1	28345727	28346629	WASF2	0	ENCSR056HPM	1989	0.0	0.0			True
chr1	28351509	28352009	ATP5IF1	0	ENCSR056HPM	1989	0.0	0.0			True
chr1	28351509	28352009	DNAJC8	0	ENCSR056HPM	1989	0.0	0.0			True
chr1	28351509	28352009	EPB41	0	ENCSR056HPM	1989	0.0	0.0			True
chr1	28351509	28352009	SRSF4	0	ENCSR056HPM	1989	0.0	0.0			True
chr1	28351509	28352009	TAF12	0	ENCSR056HPM	1989	0.0	0.0			True
chr1	28352119	28352734	ATP5IF1	0	ENCSR056HPM	1989	0.0	0.0			True
chr1	28352119	28352734	DNAJC8	0	ENCSR056HPM	1989	0.0	0.0			True
chr1	28352119	28352734	EPB41	0	ENCSR056HPM	1989	0.0	0.0			True
chr1	28352119	28352734	SRSF4	0	ENCSR056HPM	1989	0.0	0.0			True
chr1	28352119	28352734	TAF12	0	ENCSR056HPM	1989	0.0	0.0			True
chr1	28352119	28352734	WASF2	0	ENCSR056HPM	1989	0.0	0.0			True
chr1	28883765	28884265	ATP5IF1	0	ENCSR056HPM	1989	0.0	0.0			True
chr1	28883765	28884265	DNAJC8	0	ENCSR056HPM	1989	0.0	0.0			True
chr1	28883765	28884265	MECR	0	ENCSR056HPM	1989	0.0	0.0			True
chr1	28883765	28884265	RPA2	0	ENCSR056HPM	1989	0.0	0.0			True
chr1	28884388	28885427	ATP5IF1	0	ENCSR056HPM	1989	0.0	0.0			True
chr1	28884388	28885427	TRNAU1AP	0	ENCSR056HPM	1989	0.0	0.0			True
chr1	30768857	30769473	SNRNP40	0	ENCSR056HPM	1989	0.0	0.0			True
chr1	30768857	30769473	ZCCHC17	0	ENCSR056HPM	1989	0.0	0.0			True
chr1	30777391	30778865	ZCCHC17	0	ENCSR056HPM	1989	0.0	0.0			True
chr1	30779405	30780013	ZCCHC17	0	ENCSR056HPM	1989	0.0	0.0			True
chr1	31072347	31073139	SNRNP40	0	ENCSR056HPM	1989	0.0	0.0			True
chr1	31100446	31101535	KHDRBS1	0	ENCSR056HPM	1989	0.0	0.0			True
chr1	31100446	31101535	PTP4A2	0	ENCSR056HPM	1989	0.0	0.0			True
chr1	31100446	31101535	SNRNP40	0	ENCSR056HPM	1989	0.0	0.0			True
chr1	31154524	31155711	KHDRBS1	0	ENCSR056HPM	1989	0.0	0.0			True
chr1	31154524	31155711	PTP4A2	0	ENCSR056HPM	1989	0.0	0.0			True
chr1	31159762	31160262	KHDRBS1	0	ENCSR056HPM	1989	0.0	0.0			True
chr1	31159762	31160262	PTP4A2	0	ENCSR056HPM	1989	0.0	0.0			True
chr1	31170602	31171274	PTP4A2	0	ENCSR056HPM	1989	0.0	0.0			True
chr1	31172173	31172673	PTP4A2	0	ENCSR056HPM	1989	0.0	0.0			True
chr1	31394571	31395186	EIF3I	0	ENCSR056HPM	1989	0.0	0.0			True
chr1	31394571	31395186	HDAC1	0	ENCSR056HPM	1989	0.0	0.0			True
chr1	31394571	31395186	KHDRBS1	0	ENCSR056HPM	1989	0.0	0.0			True
chr1	31394571	31395186	PTP4A2	0	ENCSR056HPM	1989	0.0	0.0			True
chr1	31394571	31395186	SNRNP40	0	ENCSR056HPM	1989	0.0	0.0			True
chr1	31826818	31827761	BSDC1	0	ENCSR056HPM	1989	0.0	0.0			True
chr1	31826818	31827761	KHDRBS1	0	ENCSR056HPM	1989	0.0	0.0			True
chr1	31826818	31827761	MARCKSL1	0	ENCSR056HPM	1989	0.0	0.0			True
chr1	31826818	31827761	RBBP4	0	ENCSR056HPM	1989	0.0	0.0			True
chr1	31826818	31827761	SNRNP40	0	ENCSR056HPM	1989	0.0	0.0			True
chr1	31826818	31827761	YARS1	0	ENCSR056HPM	1989	0.0	0.0			True
chr1	31826818	31827761	ZCCHC17	0	ENCSR056HPM	1989	0.0	0.0			True
chr1	31954553	31955764	EIF3I	0	ENCSR056HPM	1989	0.0	0.0			True
chr1	31954553	31955764	KHDRBS1	0	ENCSR056HPM	1989	0.0	0.0			True
chr1	31954553	31955764	MARCKSL1	0	ENCSR056HPM	1989	0.0	0.0			True
chr1	31954553	31955764	ZBTB8OS	0	ENCSR056HPM	1989	0.0	0.0			True
chr1	31957624	31958294	EIF3I	0	ENCSR056HPM	1989	0.0	0.0			True
chr1	31957624	31958294	HDAC1	0	ENCSR056HPM	1989	0.0	0.0			True
chr1	31957624	31958294	KHDRBS1	0	ENCSR056HPM	1989	0.0	0.0			True
chr1	31957624	31958294	MARCKSL1	0	ENCSR056HPM	1989	0.0	0.0			True
chr1	31957624	31958294	RBBP4	0	ENCSR056HPM	1989	0.0	0.0			True
chr1	31957624	31958294	SNRNP40	0	ENCSR056HPM	1989	0.0	0.0			True
chr1	31957624	31958294	ZCCHC17	0	ENCSR056HPM	1989	0.0	0.0			True
chr1	32399795	32400295	EIF3I	0	ENCSR056HPM	1989	0.0	0.0			True
chr1	32399795	32400295	HDAC1	0	ENCSR056HPM	1989	0.0	0.0			True
chr1	32413620	32414378	PTP4A2	0	ENCSR056HPM	1989	0.0	0.0			True
chr1	32448231	32449577	AK2	0	ENCSR056HPM	1989	0.0	0.0			True
chr1	32448231	32449577	KHDRBS1	0	ENCSR056HPM	1989	0.0	0.0			True
chr1	33462417	33462917	AK2	0	ENCSR056HPM	1989	0.0	0.0			True
chr1	33462417	33462917	RBBP4	0	ENCSR056HPM	1989	0.0	0.0			True
chr1	33462417	33462917	YARS1	0	ENCSR056HPM	1989	0.0	0.0			True
chr1	34378837	34379337	SFPQ	0	ENCSR056HPM	1989	0.0	0.0			True
chr1	34662944	34663444	SFPQ	0	ENCSR056HPM	1989	0.0	0.0			True
chr1	34662944	34663444	SMIM12	0	ENCSR056HPM	1989	0.0	0.0			True
chr1	35673871	35674539	MRPS15	0	ENCSR056HPM	1989	0.0	0.0			True
chr1	35673871	35674539	PSMB2	0	ENCSR056HPM	1989	0.3909842973621871	5.431871613836847e-05	0.00013891812704969198	9.337464332580566	False
chr1	36411834	36412334	CLSPN	0	ENCSR056HPM	1989	0.0	0.0			True
chr1	36411834	36412334	MRPS15	0	ENCSR056HPM	1989	0.0	0.0			True
chr1	36411834	36412334	THRAP3	0	ENCSR056HPM	1989	0.0	0.0			True
chr1	36492528	36493028	LSM10	0	ENCSR056HPM	1989	0.0	0.0			True
chr1	36492528	36493028	MRPS15	0	ENCSR056HPM	1989	0.2573370780188003	5.715882434742525e-05	0.00022210655151866376	9.461447715759277	False
chr1	36492528	36493028	PSMB2	0	ENCSR056HPM	1989	0.0	0.0			True
chr1	36492528	36493028	TRAPPC3	0	ENCSR056HPM	1989	0.0	0.0			True
chr1	38308702	38309202	AKIRIN1	0	ENCSR056HPM	1989	0.0	0.0			True
chr1	38418409	38418909	GNL2	0	ENCSR056HPM	1989	0.0	0.0			True
chr1	38418409	38418909	MEAF6	0	ENCSR056HPM	1989	0.0	0.0			True
chr1	38508251	38508751	MEAF6	0	ENCSR056HPM	1989	0.0	0.0			True
chr1	38508251	38508751	NDUFS5	0	ENCSR056HPM	1989	0.0	0.0			True
chr1	38523473	38524414	C1orf122	0	ENCSR056HPM	1989	0.0	0.0			True
chr1	38523473	38524414	NDUFS5	0	ENCSR056HPM	1989	0.0	0.0			True
chr1	38525695	38526510	C1orf122	0	ENCSR056HPM	1989	0.0	0.0			True
chr1	38525695	38526510	FHL3	0	ENCSR056HPM	1989	0.0	0.0			True
chr1	38525695	38526510	NDUFS5	0	ENCSR056HPM	1989	0.0	0.0			True
chr1	38525695	38526510	UTP11	0	ENCSR056HPM	1989	0.0	0.0			True
chr1	38525695	38526510	YRDC	0	ENCSR056HPM	1989	0.0	0.0			True
chr1	38527597	38528097	NDUFS5	0	ENCSR056HPM	1989	0.0	0.0			True
chr1	38533857	38534357	UTP11	0	ENCSR056HPM	1989	0.0	0.0			True
chr1	38745382	38746585	AKIRIN1	0	ENCSR056HPM	1989	0.0	0.0			True
chr1	38745382	38746585	C1orf122	0	ENCSR056HPM	1989	0.0	0.0			True
chr1	38745382	38746585	FHL3	0	ENCSR056HPM	1989	0.0	0.0			True
chr1	38745382	38746585	NDUFS5	0	ENCSR056HPM	1989	0.0	0.0			True
chr1	38745382	38746585	PABPC4	0	ENCSR056HPM	1989	0.0	0.0			True
chr1	38745382	38746585	PPIE	0	ENCSR056HPM	1989	0.0	0.0			True
chr1	38745382	38746585	SF3A3	0	ENCSR056HPM	1989	0.0	0.0			True
chr1	38745382	38746585	UTP11	0	ENCSR056HPM	1989	0.0	0.0			True
chr1	38745382	38746585	YRDC	0	ENCSR056HPM	1989	0.0	0.0			True
chr1	38773413	38773913	AKIRIN1	0	ENCSR056HPM	1989	0.0	0.0			True
chr1	38773413	38773913	C1orf122	0	ENCSR056HPM	1989	0.0	0.0			True
chr1	38773413	38773913	NDUFS5	0	ENCSR056HPM	1989	0.0	0.0			True
chr1	38773413	38773913	PPIE	0	ENCSR056HPM	1989	0.0	0.0			True
chr1	38773413	38773913	UTP11	0	ENCSR056HPM	1989	0.0	0.0			True
chr1	38777548	38778445	PPIE	0	ENCSR056HPM	1989	0.0	0.0			True
chr1	38783577	38784890	NDUFS5	0	ENCSR056HPM	1989	0.0	0.0			True
chr1	38783577	38784890	PABPC4	0	ENCSR056HPM	1989	0.0	0.0			True
chr1	38783577	38784890	PPIE	0	ENCSR056HPM	1989	0.0	0.0			True
chr1	38785583	38786509	NDUFS5	0	ENCSR056HPM	1989	0.0	0.0			True
chr1	38785583	38786509	PABPC4	0	ENCSR056HPM	1989	0.0	0.0			True
chr1	39605902	39606605	CAP1	0	ENCSR056HPM	1989	0.0	0.0			True
chr1	39605902	39606605	NDUFS5	0	ENCSR056HPM	1989	0.0	0.0			True
chr1	39892582	39893618	AKIRIN1	0	ENCSR056HPM	1989	0.0	0.0			True
chr1	39892582	39893618	CAP1	0	ENCSR056HPM	1989	0.0	0.0			True
chr1	39892582	39893618	NDUFS5	0	ENCSR056HPM	1989	0.0	0.0			True
chr1	39892582	39893618	PABPC4	0	ENCSR056HPM	1989	0.0	0.0			True
chr1	39892582	39893618	PPIE	0	ENCSR056HPM	1989	0.0	0.0			True
chr1	39892582	39893618	PPT1	0	ENCSR056HPM	1989	0.0	0.0			True
chr1	39952543	39953043	NDUFS5	0	ENCSR056HPM	1989	0.0	0.0			True
chr1	40036551	40037051	NFYC	0	ENCSR056HPM	1989	0.0	0.0			True
chr1	40974649	40975371	SMAP2	0	ENCSR056HPM	1989	0.0	0.0			True
chr1	43005581	43006323	DPH2	0	ENCSR056HPM	1989	0.0	0.0			True
chr1	43005581	43006323	EBNA1BP2	0	ENCSR056HPM	1989	0.0	0.0			True
chr1	43044748	43045248	ATP6V0B	0	ENCSR056HPM	1989	0.0	0.0			True
chr1	43044748	43045248	EBNA1BP2	0	ENCSR056HPM	1989	0.0	0.0			True
chr1	43044748	43045248	ERMAP	0	ENCSR056HPM	1989	0.0	0.0			True
chr1	43044748	43045248	MED8	0	ENCSR056HPM	1989	0.0	0.0			True
chr1	43044748	43045248	PPIH	0	ENCSR056HPM	1989	0.0	0.0			True
chr1	43044748	43045248	SVBP	0	ENCSR056HPM	1989	0.0	0.0			True
chr1	43044748	43045248	YBX1	0	ENCSR056HPM	1989	0.0	0.0			True
chr1	43120356	43120856	YBX1	0	ENCSR056HPM	1989	0.0	0.0			True
chr1	43330148	43330648	EBNA1BP2	0	ENCSR056HPM	1989	0.0	0.0			True
chr1	43330148	43330648	SVBP	0	ENCSR056HPM	1989	0.0	0.0			True
chr1	43330148	43330648	YBX1	0	ENCSR056HPM	1989	0.0	0.0			True
chr1	43522703	43523574	YBX1	0	ENCSR056HPM	1989	0.0	0.0			True
chr1	44729192	44729692	AKR1A1	0	ENCSR056HPM	1989	0.0	0.0			True
chr1	45574036	45574769	RPS8	0	ENCSR056HPM	1989	0.0	0.0			True
chr1	45574036	45574769	UQCRH	0	ENCSR056HPM	1989	0.0	0.0			True
chr1	45753369	45753869	RPS8	0	ENCSR056HPM	1989	0.0	0.0			True
chr1	45753369	45753869	UQCRH	0	ENCSR056HPM	1989	0.0	0.0			True
chr1	46420081	46420880	NASP	0	ENCSR056HPM	1989	0.0	0.0			True
chr1	46420081	46420880	PRDX1	0	ENCSR056HPM	1989	0.0	0.0			True
chr1	46420081	46420880	TMEM69	0	ENCSR056HPM	1989	0.0	0.0			True
chr1	46420081	46420880	UQCRH	0	ENCSR056HPM	1989	0.0	0.0			True
chr1	46421693	46422193	CMPK1	0	ENCSR056HPM	1989	0.0	0.0			True
chr1	46421693	46422193	GPBP1L1	0	ENCSR056HPM	1989	0.0	0.0			True
chr1	46421693	46422193	PRDX1	0	ENCSR056HPM	1989	0.0	0.0			True
chr1	46421693	46422193	UQCRH	0	ENCSR056HPM	1989	0.0	0.0			True
chr1	46487761	46488261	PRDX1	0	ENCSR056HPM	1989	0.0	0.0			True
chr1	46522169	46522839	PDZK1IP1	0	ENCSR056HPM	1989	0.0	0.0			True
chr1	46535744	46536244	CMPK1	0	ENCSR056HPM	1989	0.0	0.0			True
chr1	46535744	46536244	NASP	0	ENCSR056HPM	1989	0.0	0.0			True
chr1	46535744	46536244	UQCRH	0	ENCSR056HPM	1989	0.0	0.0			True
chr1	47193925	47194762	UQCRH	0	ENCSR056HPM	1989	0.0	0.0			True
chr1	47211816	47212316	CMPK1	0	ENCSR056HPM	1989	0.0	0.0			True
chr1	47211816	47212316	UQCRH	0	ENCSR056HPM	1989	0.0	0.0			True
chr1	47212995	47213744	UQCRH	0	ENCSR056HPM	1989	0.0	0.0			True
chr1	47241617	47242117	UQCRH	0	ENCSR056HPM	1989	0.0	0.0			True
chr1	51283949	51284926	BTF3L4	0	ENCSR056HPM	1989	0.0	0.0			True
chr1	51896789	51897289	PRPF38A	0	ENCSR056HPM	1989	0.0	0.0			True
chr1	52613563	52614512	BTF3L4	0	ENCSR056HPM	1989	0.0	0.0			True
chr1	52674680	52675532	BTF3L4	0	ENCSR056HPM	1989	0.0	0.0			True
chr1	52674680	52675532	MAGOH	0	ENCSR056HPM	1989	0.0	0.0			True
chr1	52674680	52675532	PRPF38A	0	ENCSR056HPM	1989	0.0	0.0			True
chr1	52674680	52675532	SCP2	0	ENCSR056HPM	1989	0.0	0.0			True
chr1	52674680	52675532	TUT4	0	ENCSR056HPM	1989	0.0	0.0			True
chr1	53392162	53392662	MRPL37	0	ENCSR056HPM	1989	0.0	0.0			True
chr1	54463184	54463684	MRPL37	0	ENCSR056HPM	1989	0.0	0.0			True
chr1	54463184	54463684	TMEM59	0	ENCSR056HPM	1989	0.0	0.0			True
chr1	54464352	54465028	HSPB11	0	ENCSR056HPM	1989					False
chr1	55022000	55022500	TMEM59	0	ENCSR056HPM	1989	0.0	0.0			True
chr1	67431689	67432564	SERBP1	0	ENCSR056HPM	1989	1.7862705863140376	0.00023734141723252833	0.00013285980094224215	10.086173057556152	False
chr1	67479062	67479777	GADD45A	0	ENCSR056HPM	1989	0.0	0.0			True
chr1	67538903	67540091	SERBP1	0	ENCSR056HPM	1989	0.0	0.0			True
chr1	67570358	67570858	SERBP1	0	ENCSR056HPM	1989	0.0	0.0			True
chr1	67682485	67683200	GADD45A	1	ENCSR056HPM	1989	2.247230698116223	0.0005700612091459334	0.0002536627580411732	9.781049728393555	False
chr1	70674818	70676268	SRSF11	0	ENCSR056HPM	1989	0.0	0.0			True
chr1	75672413	75673255	TYW3	0	ENCSR056HPM	1989	0.0	0.0			True
chr1	85219916	85220707	GNG5	0	ENCSR056HPM	1989	0.0	0.0			True
chr1	85224598	85225505	GNG5	0	ENCSR056HPM	1989	0.0	0.0			True
chr1	85224598	85225505	RPF1	0	ENCSR056HPM	1989	0.0	0.0			True
chr1	85224598	85225505	SSX2IP	0	ENCSR056HPM	1989	0.0	0.0			True
chr1	86461472	86462059	SELENOF	0	ENCSR056HPM	1989	0.0	0.0			True
chr1	92990780	92991280	RPL5	0	ENCSR056HPM	1989	0.0	0.0			True
chr1	95084201	95084944	TLCD4	1	ENCSR056HPM	1989	0.44304553863192814	0.00034327403409406543	0.0007747953059151769	9.095185279846191	False
chr1	95085335	95085835	TLCD4	1	ENCSR056HPM	1989	0.4611344896377203	0.00035728944931179285	0.0007747953059151769	9.095185279846191	False
chr1	95086848	95087635	TLCD4	1	ENCSR056HPM	1989	0.7752648404902526	0.000600679311901331	0.0007747953059151769	9.095185279846191	False
chr1	95115581	95116081	TLCD4	1	ENCSR056HPM	1989	2.415058228008911	0.0018711999291554093	0.0007747953059151769	9.095185279846191	False
chr1	108533276	108534274	PRPF38B	0	ENCSR056HPM	1989	0.0	0.0			True
chr1	108533276	108534274	SARS1	0	ENCSR056HPM	1989	0.0	0.0			True
chr1	108533276	108534274	TMEM167B	0	ENCSR056HPM	1989	0.0	0.0			True
chr1	109793476	109794628	LAMTOR5	0	ENCSR056HPM	1989	0.0	0.0			True
chr1	109793476	109794628	PSMA5	0	ENCSR056HPM	1989	0.0	0.0			True
chr1	109793476	109794628	SARS1	0	ENCSR056HPM	1989	0.0	0.0			True
chr1	109818174	109818956	LAMTOR5	0	ENCSR056HPM	1989	0.0	0.0			True
chr1	109818174	109818956	PSMA5	0	ENCSR056HPM	1989	0.0	0.0			True
chr1	109818174	109818956	SARS1	0	ENCSR056HPM	1989	0.0	0.0			True
chr1	109823767	109824267	LAMTOR5	0	ENCSR056HPM	1989	0.0	0.0			True
chr1	109823767	109824267	SARS1	0	ENCSR056HPM	1989	0.0	0.0			True
chr1	109889127	109889627	AHCYL1	0	ENCSR056HPM	1989	0.0	0.0			True
chr1	109889127	109889627	LAMTOR5	0	ENCSR056HPM	1989	0.0	0.0			True
chr1	109889127	109889627	PSMA5	0	ENCSR056HPM	1989	0.0	0.0			True
chr1	109889127	109889627	SARS1	0	ENCSR056HPM	1989	0.0	0.0			True
chr1	109898607	109899247	PSMA5	0	ENCSR056HPM	1989	0.0	0.0			True
chr1	109901635	109902135	LAMTOR5	0	ENCSR056HPM	1989	0.0	0.0			True
chr1	109901635	109902135	PSMA5	0	ENCSR056HPM	1989	0.0	0.0			True
chr1	109901635	109902135	SORT1	0	ENCSR056HPM	1989	0.0	0.0			True
chr1	109979562	109980062	LAMTOR5	0	ENCSR056HPM	1989	0.0	0.0			True
chr1	109979562	109980062	SARS1	0	ENCSR056HPM	1989	0.0	0.0			True
chr1	110857917	110858958	LAMTOR5	0	ENCSR056HPM	1989	0.0	0.0			True
chr1	110916794	110917570	ATP5PB	0	ENCSR056HPM	1989	0.0	0.0			True
chr1	110916794	110917570	LAMTOR5	0	ENCSR056HPM	1989	0.0	0.0			True
chr1	110916794	110917570	RAP1A	0	ENCSR056HPM	1989	0.0	0.0			True
chr1	111101896	111102396	ATP5PB	0	ENCSR056HPM	1989	0.0	0.0			True
chr1	111101896	111102396	LAMTOR5	0	ENCSR056HPM	1989	0.0	0.0			True
chr1	111467757	111468257	LRIF1	0	ENCSR056HPM	1989	0.0	0.0			True
chr1	111467757	111468257	WDR77	0	ENCSR056HPM	1989	0.26769649483804675	7.817932782927528e-05	0.00029203464509919286	9.817363739013672	False
chr1	112880893	112881393	RHOC	0	ENCSR056HPM	1989	0.0	0.0			True
chr1	112893682	112894341	CAPZA1	0	ENCSR056HPM	1989	0.0	0.0			True
chr1	112893682	112894341	RHOC	0	ENCSR056HPM	1989	0.0	0.0			True
chr1	113141387	113142161	CAPZA1	0	ENCSR056HPM	1989	0.0	0.0			True
chr1	113146730	113147230	RHOC	0	ENCSR056HPM	1989	0.0	0.0			True
chr1	113210234	113210734	CAPZA1	0	ENCSR056HPM	1989	0.0	0.0			True
chr1	114078096	114078596	CSDE1	0	ENCSR056HPM	1989	0.0	0.0			True
chr1	114080465	114080965	CSDE1	0	ENCSR056HPM	1989	0.0	0.0			True
chr1	114080465	114080965	NRAS	0	ENCSR056HPM	1989	0.0	0.0			True
chr1	114080465	114080965	SIKE1	0	ENCSR056HPM	1989	0.0	0.0			True
chr1	114379902	114380402	BCAS2	0	ENCSR056HPM	1989	0.0	0.0			True
chr1	114379902	114380402	CSDE1	0	ENCSR056HPM	1989	0.0	0.0			True
chr1	114379902	114380402	NRAS	0	ENCSR056HPM	1989	0.0	0.0			True
chr1	114379902	114380402	SIKE1	0	ENCSR056HPM	1989	0.0	0.0			True
chr1	114388285	114388785	CSDE1	0	ENCSR056HPM	1989	0.0	0.0			True
chr1	114388285	114388785	SIKE1	0	ENCSR056HPM	1989	0.0	0.0			True
chr1	115179399	115179899	CSDE1	0	ENCSR056HPM	1989	0.0	0.0			True
chr1	115179399	115179899	SIKE1	0	ENCSR056HPM	1989	0.0	0.0			True
chr1	116420323	116420823	MAN1A2	0	ENCSR056HPM	1989	0.0	0.0			True
chr1	116686903	116688095	ATP1A1	0	ENCSR056HPM	1989	0.0	0.0			True
chr1	116686903	116688095	TTF2	0	ENCSR056HPM	1989	0.0	0.0			True
chr1	117339753	117340393	ATP1A1	0	ENCSR056HPM	1989	0.0	0.0			True
chr1	117655089	117655589	WDR3	1	ENCSR056HPM	1989	0.0	0.0			True
chr1	150186641	150188059	APH1A	0	ENCSR056HPM	1989	0.0	0.0			True
chr1	150186641	150188059	ENSA	0	ENCSR056HPM	1989	0.0	0.0			True
chr1	150545481	150546099	APH1A	0	ENCSR056HPM	1989	0.0	0.0			True
chr1	150545481	150546099	ENSA	0	ENCSR056HPM	1989	0.0	0.0			True
chr1	150545481	150546099	PSMB4	0	ENCSR056HPM	1989	0.0	0.0			True
chr1	150545481	150546099	PSMD4	0	ENCSR056HPM	1989	0.0	0.0			True
chr1	150976787	150977582	APH1A	0	ENCSR056HPM	1989	0.0	0.0			True
chr1	150976787	150977582	CERS2	1	ENCSR056HPM	1989	5.437691404469733	0.0016863589407876134	0.00031011406099423766	8.89802360534668	False
chr1	150976787	150977582	MRPL9	0	ENCSR056HPM	1989	0.0	0.0			True
chr1	150976787	150977582	PSMB4	0	ENCSR056HPM	1989	0.0	0.0			True
chr1	150976787	150977582	PSMD4	0	ENCSR056HPM	1989	0.0	0.0			True
chr1	150976787	150977582	THEM4	0	ENCSR056HPM	1989	0.0	0.0			True
chr1	150976787	150977582	VPS72	0	ENCSR056HPM	1989	0.0	0.0			True
chr1	151739522	151740022	PSMB4	0	ENCSR056HPM	1989	0.0	0.0			True
chr1	151739522	151740022	PSMD4	0	ENCSR056HPM	1989	0.0	0.0			True
chr1	151945655	151946155	PSMD4	0	ENCSR056HPM	1989	0.0	0.0			True
chr1	152070979	152071479	PSMD4	0	ENCSR056HPM	1989	0.0	0.0			True
chr1	153059287	153059787	JTB	0	ENCSR056HPM	1989	0.0	0.0			True
chr1	153059287	153059787	RAB13	0	ENCSR056HPM	1989	0.0	0.0			True
chr1	153059287	153059787	RPS27	0	ENCSR056HPM	1989	0.0	0.0			True
chr1	153433051	153433655	LTAP1	0	ENCSR056HPM	1989					False
chr1	153433051	153433655	HAX1	0	ENCSR056HPM	1989	0.0	0.0			True
chr1	153433051	153433655	TPM3	0	ENCSR056HPM	1989	0.0	0.0			True
chr1	153697099	153698198	JTB	0	ENCSR056HPM	1989	0.0	0.0			True
chr1	153698286	153698786	TPM3	0	ENCSR056HPM	1989	0.0	0.0			True
chr1	154354416	154355047	LTAP1	0	ENCSR056HPM	1989					False
chr1	154354416	154355047	CKS1B	0	ENCSR056HPM	1989	0.0	0.0			True
chr1	154354416	154355047	FDPS	0	ENCSR056HPM	1989	0.0	0.0			True
chr1	154354416	154355047	ILF2	0	ENCSR056HPM	1989	0.0	0.0			True
chr1	154354416	154355047	JTB	0	ENCSR056HPM	1989	0.0	0.0			True
chr1	154354416	154355047	KRTCAP2	0	ENCSR056HPM	1989	0.0	0.0			True
chr1	154354416	154355047	RPS27	0	ENCSR056HPM	1989	0.0	0.0			True
chr1	154354416	154355047	TPM3	0	ENCSR056HPM	1989	0.0	0.0			True
chr1	154384582	154385430	ADAR	0	ENCSR056HPM	1989	0.0	0.0			True
chr1	154384582	154385430	CHTOP	0	ENCSR056HPM	1989	0.0	0.0			True
chr1	154384582	154385430	CKS1B	0	ENCSR056HPM	1989	0.0	0.0			True
chr1	154384582	154385430	HAX1	0	ENCSR056HPM	1989	0.0	0.0			True
chr1	154384582	154385430	JTB	0	ENCSR056HPM	1989	0.0	0.0			True
chr1	154384582	154385430	MTX1	0	ENCSR056HPM	1989	0.0	0.0			True
chr1	154384582	154385430	RAB13	0	ENCSR056HPM	1989	0.0	0.0			True
chr1	154384582	154385430	RPS27	0	ENCSR056HPM	1989	0.0	0.0			True
chr1	154384582	154385430	TPM3	0	ENCSR056HPM	1989	0.0	0.0			True
chr1	154385511	154386011	HAX1	0	ENCSR056HPM	1989	0.0	0.0			True
chr1	154385511	154386011	RPS27	0	ENCSR056HPM	1989	0.0	0.0			True
chr1	154385511	154386011	TPM3	0	ENCSR056HPM	1989	0.0	0.0			True
chr1	154386489	154387456	LTAP1	0	ENCSR056HPM	1989					False
chr1	154386489	154387456	CHTOP	0	ENCSR056HPM	1989	0.0	0.0			True
chr1	154386489	154387456	CKS1B	0	ENCSR056HPM	1989	0.0	0.0			True
chr1	154386489	154387456	FDPS	0	ENCSR056HPM	1989	0.0	0.0			True
chr1	154386489	154387456	HAX1	0	ENCSR056HPM	1989	0.0	0.0			True
chr1	154386489	154387456	KRTCAP2	0	ENCSR056HPM	1989	0.0	0.0			True
chr1	154386489	154387456	RPS27	0	ENCSR056HPM	1989	0.0	0.0			True
chr1	154386489	154387456	TPM3	0	ENCSR056HPM	1989	0.0	0.0			True
chr1	154629018	154629665	CHTOP	0	ENCSR056HPM	1989	0.0	0.0			True
chr1	154629018	154629665	CKS1B	0	ENCSR056HPM	1989	0.0	0.0			True
chr1	154629018	154629665	FDPS	0	ENCSR056HPM	1989	0.0	0.0			True
chr1	154629018	154629665	FLAD1	0	ENCSR056HPM	1989	0.0	0.0			True
chr1	154629018	154629665	HAX1	0	ENCSR056HPM	1989	0.0	0.0			True
chr1	154629018	154629665	JTB	0	ENCSR056HPM	1989	0.0	0.0			True
chr1	154629018	154629665	KRTCAP2	0	ENCSR056HPM	1989	0.0	0.0			True
chr1	154629018	154629665	MTX1	0	ENCSR056HPM	1989	0.0	0.0			True
chr1	154629018	154629665	RAB13	0	ENCSR056HPM	1989	0.0	0.0			True
chr1	154629018	154629665	RPS27	0	ENCSR056HPM	1989	0.0	0.0			True
chr1	154629018	154629665	RUSC1	0	ENCSR056HPM	1989	0.0	0.0			True
chr1	154629018	154629665	SLC50A1	0	ENCSR056HPM	1989	0.0	0.0			True
chr1	154629018	154629665	SNAPIN	0	ENCSR056HPM	1989	0.0	0.0			True
chr1	154629018	154629665	TPM3	0	ENCSR056HPM	1989	0.0	0.0			True
chr1	154883907	154884407	LTAP1	0	ENCSR056HPM	1989					False
chr1	154883907	154884407	FDPS	0	ENCSR056HPM	1989	0.0	0.0			True
chr1	154883907	154884407	HAX1	0	ENCSR056HPM	1989	0.0	0.0			True
chr1	154883907	154884407	KRTCAP2	0	ENCSR056HPM	1989	0.0	0.0			True
chr1	154883907	154884407	RAB13	0	ENCSR056HPM	1989	0.0	0.0			True
chr1	154883907	154884407	TPM3	0	ENCSR056HPM	1989	0.0	0.0			True
chr1	154886234	154886734	DAP3	0	ENCSR056HPM	1989	0.0	0.0			True
chr1	154886234	154886734	JTB	0	ENCSR056HPM	1989	0.0	0.0			True
chr1	154995616	154996116	LTAP1	0	ENCSR056HPM	1989					False
chr1	154995616	154996116	HAX1	0	ENCSR056HPM	1989	0.0	0.0			True
chr1	154995616	154996116	KHDC4	0	ENCSR056HPM	1989	0.0	0.0			True
chr1	154995616	154996116	KRTCAP2	0	ENCSR056HPM	1989	0.0	0.0			True
chr1	154995616	154996116	PMVK	0	ENCSR056HPM	1989	0.0	0.0			True
chr1	154995616	154996116	TPM3	0	ENCSR056HPM	1989	0.0	0.0			True
chr1	155167590	155168248	LTAP1	0	ENCSR056HPM	1989					False
chr1	155167590	155168248	DAP3	0	ENCSR056HPM	1989	0.0	0.0			True
chr1	155167590	155168248	PMVK	0	ENCSR056HPM	1989	0.0	0.0			True
chr1	156398375	156398875	CCT3	0	ENCSR056HPM	1989	0.3106680536203829	5.333378339855699e-06	1.7157450201921165e-05	7.26543664932251	False
chr1	156398375	156398875	DAP3	0	ENCSR056HPM	1989	0.0	0.0			True
chr1	156398375	156398875	HDGF	0	ENCSR056HPM	1989	0.0	0.0			True
chr1	156398375	156398875	LAMTOR2	0	ENCSR056HPM	1989	0.0	0.0			True
chr1	156398375	156398875	NAXE	0	ENCSR056HPM	1989	0.0	0.0			True
chr1	156460260	156460938	CCT3	0	ENCSR056HPM	1989	0.0	0.0			True
chr1	156460260	156460938	NAXE	0	ENCSR056HPM	1989	0.0	0.0			True
chr1	156460260	156460938	SSR2	0	ENCSR056HPM	1989	0.0	0.0			True
chr1	156502786	156503713	DAP3	0	ENCSR056HPM	1989	0.0	0.0			True
chr1	156502786	156503713	SSR2	0	ENCSR056HPM	1989	0.0	0.0			True
chr1	156602662	156603162	DAP3	0	ENCSR056HPM	1989	0.0	0.0			True
chr1	156602662	156603162	HDGF	0	ENCSR056HPM	1989	0.0	0.0			True
chr1	156602662	156603162	KHDC4	0	ENCSR056HPM	1989	0.0	0.0			True
chr1	156602662	156603162	LMNA	0	ENCSR056HPM	1989	0.0	0.0			True
chr1	156602662	156603162	SSR2	0	ENCSR056HPM	1989	0.0	0.0			True
chr1	156663199	156663699	CCT3	0	ENCSR056HPM	1989	0.0	0.0			True
chr1	156663199	156663699	DAP3	0	ENCSR056HPM	1989	0.0	0.0			True
chr1	156663199	156663699	GPATCH4	0	ENCSR056HPM	1989	0.0	0.0			True
chr1	156663199	156663699	HDGF	0	ENCSR056HPM	1989	0.0	0.0			True
chr1	156663199	156663699	KHDC4	0	ENCSR056HPM	1989	0.0	0.0			True
chr1	156663199	156663699	LAMTOR2	0	ENCSR056HPM	1989	0.0	0.0			True
chr1	156663199	156663699	NAXE	0	ENCSR056HPM	1989	0.0	0.0			True
chr1	156663199	156663699	PMF1	0	ENCSR056HPM	1989	0.0	0.0			True
chr1	156663199	156663699	PRCC	0	ENCSR056HPM	1989	0.0	0.0			True
chr1	156663199	156663699	SSR2	0	ENCSR056HPM	1989	0.0	0.0			True
chr1	156694071	156694571	CCT3	0	ENCSR056HPM	1989	0.0	0.0			True
chr1	156694071	156694571	HDGF	0	ENCSR056HPM	1989	0.0	0.0			True
chr1	156694071	156694571	KHDC4	0	ENCSR056HPM	1989	0.0	0.0			True
chr1	156694071	156694571	LAMTOR2	0	ENCSR056HPM	1989	0.0	0.0			True
chr1	156694071	156694571	LMNA	0	ENCSR056HPM	1989	0.0	0.0			True
chr1	156694071	156694571	MRPL24	0	ENCSR056HPM	1989	0.0	0.0			True
chr1	156694071	156694571	NAXE	0	ENCSR056HPM	1989	0.0	0.0			True
chr1	156694071	156694571	SSR2	0	ENCSR056HPM	1989	0.0	0.0			True
chr1	156890042	156890542	CCT3	0	ENCSR056HPM	1989	0.0	0.0			True
chr1	156890042	156890542	SSR2	0	ENCSR056HPM	1989	0.0	0.0			True
chr1	157193565	157194065	CCT3	0	ENCSR056HPM	1989	0.0	0.0			True
chr1	157193565	157194065	HDGF	0	ENCSR056HPM	1989	0.0	0.0			True
chr1	157193565	157194065	NAXE	0	ENCSR056HPM	1989	0.0	0.0			True
chr1	157227510	157228256	CCT3	0	ENCSR056HPM	1989	0.0	0.0			True
chr1	157261900	157262828	CCT3	0	ENCSR056HPM	1989	0.0	0.0			True
chr1	157261900	157262828	HDGF	0	ENCSR056HPM	1989	0.0	0.0			True
chr1	157274605	157275257	CCT3	0	ENCSR056HPM	1989	0.0	0.0			True
chr1	157311663	157312765	HDGF	0	ENCSR056HPM	1989	0.0	0.0			True
chr1	157311663	157312765	NAXE	0	ENCSR056HPM	1989	0.0	0.0			True
chr1	157325123	157325623	CCT3	0	ENCSR056HPM	1989	0.0	0.0			True
chr1	158689047	158689547	SPTA1	1	ENCSR056HPM	1989	1.9244544165683157	0.001118127373047173	0.0005810000584460795	7.744684219360352	False
chr1	159817537	159818037	TAGLN2	0	ENCSR056HPM	1989	0.0	0.0			True
chr1	159821433	159821933	TAGLN2	0	ENCSR056HPM	1989	0.0	0.0			True
chr1	160362049	160362861	SDHC	0	ENCSR056HPM	1989	0.0	0.0			True
chr1	160362049	160362861	TAGLN2	0	ENCSR056HPM	1989	0.0	0.0			True
chr1	160362049	160362861	UFC1	0	ENCSR056HPM	1989	0.0	0.0			True
chr1	160460641	160461141	UFC1	0	ENCSR056HPM	1989	0.0	0.0			True
chr1	160665428	160666211	SDHC	0	ENCSR056HPM	1989	0.0	0.0			True
chr1	160665428	160666211	TAGLN2	0	ENCSR056HPM	1989	0.0	0.0			True
chr1	160665428	160666211	UFC1	0	ENCSR056HPM	1989	0.0	0.0			True
chr1	161486950	161487912	NDUFS2	0	ENCSR056HPM	1989	0.0	0.0			True
chr1	161486950	161487912	PFDN2	0	ENCSR056HPM	1989	0.0	0.0			True
chr1	161486950	161487912	SDHC	0	ENCSR056HPM	1989	0.0	0.0			True
chr1	161486950	161487912	UFC1	0	ENCSR056HPM	1989	0.0	0.0			True
chr1	161502961	161503461	DUSP12	0	ENCSR056HPM	1989	0.0	0.0			True
chr1	161502961	161503461	FCGR2A	1	ENCSR056HPM	1989	2.4976752697146445	0.0013507254188880324	0.0005407830467447639	9.062296867370605	False
chr1	161502961	161503461	PFDN2	0	ENCSR056HPM	1989	0.0	0.0			True
chr1	161502961	161503461	SDHC	0	ENCSR056HPM	1989	0.0	0.0			True
chr1	161502961	161503461	UFC1	0	ENCSR056HPM	1989	0.0	0.0			True
chr1	161611322	161613001	NDUFS2	0	ENCSR056HPM	1989	0.0	0.0			True
chr1	161611322	161613001	PFDN2	0	ENCSR056HPM	1989	0.0	0.0			True
chr1	161611322	161613001	SDHC	0	ENCSR056HPM	1989	0.0	0.0			True
chr1	161621278	161621909	ATF6	0	ENCSR056HPM	1989	0.0	0.0			True
chr1	161621278	161621909	B4GALT3	0	ENCSR056HPM	1989	0.0	0.0			True
chr1	161621278	161621909	NDUFS2	0	ENCSR056HPM	1989	0.0	0.0			True
chr1	161621278	161621909	PPOX	0	ENCSR056HPM	1989	0.0	0.0			True
chr1	161621278	161621909	SDHC	0	ENCSR056HPM	1989	0.0	0.0			True
chr1	161621278	161621909	UAP1	0	ENCSR056HPM	1989	0.0	0.0			True
chr1	161621278	161621909	UFC1	0	ENCSR056HPM	1989	0.0	0.0			True
chr1	161621278	161621909	UHMK1	0	ENCSR056HPM	1989	0.0	0.0			True
chr1	161730168	161730668	SDHC	0	ENCSR056HPM	1989	0.0	0.0			True
chr1	161730168	161730668	UFC1	0	ENCSR056HPM	1989	0.0	0.0			True
chr1	162055899	162056399	SDHC	0	ENCSR056HPM	1989	0.0	0.0			True
chr1	166584861	166585361	MGST3	0	ENCSR056HPM	1989	0.0	0.0			True
chr1	166698757	166699459	TMCO1	0	ENCSR056HPM	1989	0.0	0.0			True
chr1	166700585	166701085	CREG1	0	ENCSR056HPM	1989	0.0	0.0			True
chr1	166700585	166701085	TMCO1	0	ENCSR056HPM	1989	0.0	0.0			True
chr1	166705407	166705907	CREG1	0	ENCSR056HPM	1989	0.0	0.0			True
chr1	167616904	167618053	CREG1	0	ENCSR056HPM	1989	0.0	0.0			True
chr1	167616904	167618053	MPZL1	0	ENCSR056HPM	1989	0.0	0.0			True
chr1	167616904	167618053	TIPRL	0	ENCSR056HPM	1989	0.0	0.0			True
chr1	168218628	168219128	MPC2	0	ENCSR056HPM	1989	0.0	0.0			True
chr1	168398923	168399423	MPC2	0	ENCSR056HPM	1989	0.0	0.0			True
chr1	168603424	168603924	MPC2	0	ENCSR056HPM	1989	0.0	0.0			True
chr1	168603424	168603924	RCSD1	0	ENCSR056HPM	1989	0.0	0.0			True
chr1	173302854	173303721	PRDX6	0	ENCSR056HPM	1989	0.0	0.0			True
chr1	173330295	173330795	PRDX6	0	ENCSR056HPM	1989	0.0	0.0			True
chr1	179016696	179017458	CEP350	0	ENCSR056HPM	1989	0.0	0.0			True
chr1	180610505	180611005	XPR1	1	ENCSR056HPM	1989	0.7555973082382531	0.0003192064177710563	0.0004224457370582968	8.745269775390625	False
chr1	181893867	181894956	DHX9	0	ENCSR056HPM	1989	0.0	0.0			True
chr1	181905804	181906424	GLUL	0	ENCSR056HPM	1989	0.0	0.0			True
chr1	182330146	182330646	DHX9	0	ENCSR056HPM	1989	0.0	0.0			True
chr1	182337949	182338449	DHX9	0	ENCSR056HPM	1989	0.0	0.0			True
chr1	182338869	182339369	DHX9	0	ENCSR056HPM	1989	0.0	0.0			True
chr1	184768360	184768860	TSEN15	0	ENCSR056HPM	1989	0.0	0.0			True
chr1	186195233	186195907	TPR	0	ENCSR056HPM	1989	0.0	0.0			True
chr1	187074618	187075118	TPR	0	ENCSR056HPM	1989	0.0	0.0			True
chr1	201571035	201571535	TIMM17A	0	ENCSR056HPM	1989	0.0	0.0			True
chr1	201578219	201578842	TIMM17A	0	ENCSR056HPM	1989	0.0	0.0			True
chr1	201578219	201578842	UBE2T	0	ENCSR056HPM	1989	0.0	0.0			True
chr1	202075920	202076599	ADIPOR1	0	ENCSR056HPM	1989	0.0	0.0			True
chr1	202076797	202077297	ADIPOR1	0	ENCSR056HPM	1989	0.0	0.0			True
chr1	202076797	202077297	UBE2T	0	ENCSR056HPM	1989	0.0	0.0			True
chr1	202117879	202118379	ADIPOR1	0	ENCSR056HPM	1989	0.0	0.0			True
chr1	202117879	202118379	CYB5R1	0	ENCSR056HPM	1989	0.0	0.0			True
chr1	202117879	202118379	KDM5B	0	ENCSR056HPM	1989	0.0	0.0			True
chr1	202117879	202118379	RABIF	0	ENCSR056HPM	1989	0.0	0.0			True
chr1	202117879	202118379	TIMM17A	0	ENCSR056HPM	1989	0.0	0.0			True
chr1	202117879	202118379	TMEM183A	0	ENCSR056HPM	1989	0.0	0.0			True
chr1	202117879	202118379	TMEM9	0	ENCSR056HPM	1989	0.0	0.0			True
chr1	202117879	202118379	UBE2T	0	ENCSR056HPM	1989	0.0	0.0			True
chr1	202118881	202119381	ADIPOR1	0	ENCSR056HPM	1989	0.0	0.0			True
chr1	202164452	202164952	ADIPOR1	0	ENCSR056HPM	1989	0.0	0.0			True
chr1	202165398	202166984	ADIPOR1	0	ENCSR056HPM	1989	0.0	0.0			True
chr1	203005609	203006109	SNRPE	0	ENCSR056HPM	1989	0.0	0.0			True
chr1	203005609	203006109	TMEM183A	1	ENCSR056HPM	1989	3.554455957418752	0.0010815981077030301	0.00030428357422351837	9.408432960510254	False
chr1	203005609	203006109	ZC3H11A	0	ENCSR056HPM	1989	0.0	0.0			True
chr1	203311739	203312239	ADIPOR1	0	ENCSR056HPM	1989	0.0	0.0			True
chr1	203311739	203312239	SNRPE	0	ENCSR056HPM	1989	0.0	0.0			True
chr1	203311739	203312239	UBE2T	0	ENCSR056HPM	1989	0.0	0.0			True
chr1	204691379	204691879	SNRPE	0	ENCSR056HPM	1989	0.0	0.0			True
chr1	204692614	204693484	SNRPE	0	ENCSR056HPM	1989	0.0	0.0			True
chr1	204704824	204705608	SNRPE	0	ENCSR056HPM	1989	0.0	0.0			True
chr1	205488032	205488532	NUCKS1	0	ENCSR056HPM	1989	0.0	0.0			True
chr1	207084622	207085122	CD46	0	ENCSR056HPM	1989	0.0	0.0			True
chr1	207746272	207746873	CD55	0	ENCSR056HPM	1989	0.0	0.0			True
chr1	211613062	211613780	NENF	0	ENCSR056HPM	1989	0.0	0.0			True
chr1	211613875	211614375	NENF	0	ENCSR056HPM	1989	0.0	0.0			True
chr1	211614625	211615125	NENF	0	ENCSR056HPM	1989	0.0	0.0			True
chr1	211630145	211630645	NENF	0	ENCSR056HPM	1989	0.0	0.0			True
chr1	212151704	212152613	NENF	0	ENCSR056HPM	1989	0.0	0.0			True
chr1	212151704	212152613	NSL1	0	ENCSR056HPM	1989	0.0	0.0			True
chr1	212153545	212154045	NENF	0	ENCSR056HPM	1989	0.0	0.0			True
chr1	212261409	212261909	NSL1	0	ENCSR056HPM	1989	0.0	0.0			True
chr1	212429837	212431414	NSL1	0	ENCSR056HPM	1989	0.0	0.0			True
chr1	212721461	212721961	NENF	0	ENCSR056HPM	1989	0.0	0.0			True
chr1	213045154	213046736	NENF	0	ENCSR056HPM	1989	0.0	0.0			True
chr1	213045154	213046736	RPS6KC1	1	ENCSR056HPM	1989	5.360135907198022	0.0017409581923857331	0.00032478739740327	8.530741691589355	False
chr1	220300352	220301217	EPRS1	0	ENCSR056HPM	1989	0.0	0.0			True
chr1	220966720	220967220	EPRS1	0	ENCSR056HPM	1989	0.0	0.0			True
chr1	221035446	221036305	EPRS1	0	ENCSR056HPM	1989	0.0	0.0			True
chr1	224061346	224061846	CNIH4	0	ENCSR056HPM	1989	0.0	0.0			True
chr1	225444796	225445296	ACBD3	0	ENCSR056HPM	1989	0.0	0.0			True
chr1	225444796	225445296	DNAH14	0	ENCSR056HPM	1989	0.0	0.0			True
chr1	225444796	225445296	H3-3A	0	ENCSR056HPM	1989	0.0	0.0			True
chr1	225444796	225445296	PARP1	0	ENCSR056HPM	1989	0.0	0.0			True
chr1	225928390	225928890	H3-3A	0	ENCSR056HPM	1989	0.0	0.0			True
chr1	225928390	225928890	LBR	0	ENCSR056HPM	1989	0.0	0.0			True
chr1	225928390	225928890	PARP1	0	ENCSR056HPM	1989	0.0	0.0			True
chr1	225928390	225928890	PYCR2	1	ENCSR056HPM	1989	1.695801925174547	0.00040604695095680654	0.00023943244013935328	9.849560737609863	False
chr1	225928390	225928890	SRP9	0	ENCSR056HPM	1989	0.0	0.0			True
chr1	225931240	225932222	H3-3A	0	ENCSR056HPM	1989	0.0	0.0			True
chr1	225931240	225932222	SRP9	0	ENCSR056HPM	1989	0.0	0.0			True
chr1	225978256	225978756	H3-3A	0	ENCSR056HPM	1989	0.0	0.0			True
chr1	226001894	226002659	H3-3A	0	ENCSR056HPM	1989	0.0	0.0			True
chr1	226002804	226003304	H3-3A	0	ENCSR056HPM	1989	0.0	0.0			True
chr1	226002804	226003304	PARP1	0	ENCSR056HPM	1989	0.0	0.0			True
chr1	226002804	226003304	PYCR2	0	ENCSR056HPM	1989	0.0	0.0			True
chr1	226002804	226003304	SRP9	0	ENCSR056HPM	1989	0.0	0.0			True
chr1	226009565	226010065	H3-3A	0	ENCSR056HPM	1989	0.0	0.0			True
chr1	226009565	226010065	LBR	0	ENCSR056HPM	1989	0.0	0.0			True
chr1	226009565	226010065	SRP9	0	ENCSR056HPM	1989	0.0	0.0			True
chr1	226109710	226110695	H3-3A	0	ENCSR056HPM	1989	0.0	0.0			True
chr1	226827987	226828487	H3-3A	0	ENCSR056HPM	1989	0.0	0.0			True
chr1	227335491	227335991	C1orf35	0	ENCSR056HPM	1989	0.0	0.0			True
chr1	227357200	227358297	ARF1	0	ENCSR056HPM	1989	0.0	0.0			True
chr1	227357200	227358297	GUK1	0	ENCSR056HPM	1989	0.0	0.0			True
chr1	227357200	227358297	MRPL55	0	ENCSR056HPM	1989	0.0	0.0			True
chr1	227368945	227370036	ARF1	0	ENCSR056HPM	1989	0.0	0.0			True
chr1	227368945	227370036	GUK1	0	ENCSR056HPM	1989	0.0	0.0			True
chr1	227368945	227370036	MRPL55	0	ENCSR056HPM	1989	0.0	0.0			True
chr1	227368945	227370036	PARP1	0	ENCSR056HPM	1989	0.0	0.0			True
chr1	227378718	227379999	ARF1	0	ENCSR056HPM	1989	0.0	0.0			True
chr1	227378718	227379999	GUK1	0	ENCSR056HPM	1989	0.0	0.0			True
chr1	227378718	227379999	MRPL55	0	ENCSR056HPM	1989	0.0	0.0			True
chr1	227532194	227532694	ARF1	0	ENCSR056HPM	1989	0.0	0.0			True
chr1	227532194	227532694	C1orf35	0	ENCSR056HPM	1989	0.0	0.0			True
chr1	227532194	227532694	GUK1	0	ENCSR056HPM	1989	0.0	0.0			True
chr1	227848345	227848957	ARF1	0	ENCSR056HPM	1989	0.0	0.0			True
chr1	227848345	227848957	GUK1	0	ENCSR056HPM	1989	0.0	0.0			True
chr1	227855668	227856168	ARF1	0	ENCSR056HPM	1989	0.0	0.0			True
chr1	227855668	227856168	GUK1	0	ENCSR056HPM	1989	0.0	0.0			True
chr1	228514357	228514857	ARF1	0	ENCSR056HPM	1989	0.0	0.0			True
chr1	228514357	228514857	CCSAP	0	ENCSR056HPM	1989	0.0	0.0			True
chr1	228514357	228514857	GUK1	0	ENCSR056HPM	1989	0.0	0.0			True
chr1	229004155	229004655	ARF1	0	ENCSR056HPM	1989	0.0	0.0			True
chr1	229004155	229004655	GUK1	0	ENCSR056HPM	1989	0.0	0.0			True
chr1	229004155	229004655	RAB4A	0	ENCSR056HPM	1989	0.0	0.0			True
chr1	229753685	229754185	ABCB10	0	ENCSR056HPM	1989	0.0	0.0			True
chr1	231046680	231047180	FSAF1	0	ENCSR056HPM	1989					False
chr1	231046680	231047180	EGLN1	0	ENCSR056HPM	1989	0.0	0.0			True
chr1	231053506	231054137	ARV1	0	ENCSR056HPM	1989	0.0	0.0			True
chr1	231053506	231054137	EGLN1	0	ENCSR056HPM	1989	0.0	0.0			True
chr1	231053506	231054137	FAM89A	1	ENCSR056HPM	1989	1.5065239238830455	0.0008213864057324827	0.0005452096229419112	9.275449752807617	False
chr1	231159671	231160568	ARV1	0	ENCSR056HPM	1989	0.0	0.0			True
chr1	231159671	231160568	FSAF1	0	ENCSR056HPM	1989					False
chr1	231159671	231160568	GNPAT	0	ENCSR056HPM	1989	0.0	0.0			True
chr1	231159671	231160568	SPRTN	0	ENCSR056HPM	1989	0.0	0.0			True
chr1	231159671	231160568	TSNAX	0	ENCSR056HPM	1989	0.0	0.0			True
chr1	233709985	233710692	COA6	0	ENCSR056HPM	1989	0.0	0.0			True
chr1	233791054	233791554	COA6	0	ENCSR056HPM	1989	0.0	0.0			True
chr1	234490866	234491588	COA6	0	ENCSR056HPM	1989	0.0	0.0			True
chr1	234490866	234491588	GGPS1	0	ENCSR056HPM	1989	0.0	0.0			True
chr1	234490866	234491588	TOMM20	0	ENCSR056HPM	1989	0.0	0.0			True
chr1	234523519	234524019	TOMM20	0	ENCSR056HPM	1989	0.0	0.0			True
chr1	234544103	234544955	COA6	0	ENCSR056HPM	1989	0.0	0.0			True
chr1	234544103	234544955	TOMM20	0	ENCSR056HPM	1989	0.0	0.0			True
chr1	234546926	234547700	TOMM20	0	ENCSR056HPM	1989	0.0	0.0			True
chr1	234554353	234555330	ARID4B	0	ENCSR056HPM	1989	0.0	0.0			True
chr1	234554353	234555330	COA6	0	ENCSR056HPM	1989	0.0	0.0			True
chr1	234554353	234555330	TOMM20	0	ENCSR056HPM	1989	0.0	0.0			True
chr1	234583655	234584155	COA6	0	ENCSR056HPM	1989	0.0	0.0			True
chr1	234583655	234584155	IRF2BP2	0	ENCSR056HPM	1989	0.25977761666930055	5.48260759387631e-05	0.0002110400382662192	10.660547256469727	False
chr1	234583655	234584155	KCNK1	0	ENCSR056HPM	1989	0.0	0.0			True
chr1	234583655	234584155	TOMM20	0	ENCSR056HPM	1989	0.0	0.0			True
chr1	234612459	234612959	TOMM20	0	ENCSR056HPM	1989	0.0	0.0			True
chr1	234699696	234700635	ARID4B	0	ENCSR056HPM	1989	0.0	0.0			True
chr1	234699696	234700635	COA6	0	ENCSR056HPM	1989	0.0	0.0			True
chr1	234699696	234700635	TOMM20	0	ENCSR056HPM	1989	0.0	0.0			True
chr1	234745672	234746172	COA6	0	ENCSR056HPM	1989	0.0	0.0			True
chr1	234745672	234746172	TOMM20	0	ENCSR056HPM	1989	0.0	0.0			True
chr1	234751083	234751583	COA6	0	ENCSR056HPM	1989	0.0	0.0			True
chr1	234751083	234751583	TOMM20	0	ENCSR056HPM	1989	0.0	0.0			True
chr1	234772074	234772812	ARID4B	0	ENCSR056HPM	1989	0.0	0.0			True
chr1	234772074	234772812	COA6	0	ENCSR056HPM	1989	0.0	0.0			True
chr1	234772074	234772812	GGPS1	0	ENCSR056HPM	1989	0.0	0.0			True
chr1	234772074	234772812	TOMM20	0	ENCSR056HPM	1989	0.0	0.0			True
chr1	234866093	234866736	TOMM20	0	ENCSR056HPM	1989	0.0	0.0			True
chr1	234867136	234867636	TOMM20	0	ENCSR056HPM	1989	0.0	0.0			True
chr1	234869449	234869949	TOMM20	0	ENCSR056HPM	1989	0.0	0.0			True
chr1	234874287	234874989	COA6	0	ENCSR056HPM	1989	0.0	0.0			True
chr1	234874287	234874989	GGPS1	0	ENCSR056HPM	1989	0.0	0.0			True
chr1	234874287	234874989	TOMM20	0	ENCSR056HPM	1989	0.0	0.0			True
chr1	234876297	234877094	TOMM20	0	ENCSR056HPM	1989	0.0	0.0			True
chr1	234879450	234879950	COA6	0	ENCSR056HPM	1989	0.0	0.0			True
chr1	234879450	234879950	TOMM20	0	ENCSR056HPM	1989	0.0	0.0			True
chr1	234893707	234894679	COA6	0	ENCSR056HPM	1989	0.0	0.0			True
chr1	234893707	234894679	IRF2BP2	0	ENCSR056HPM	1989	0.0	0.0			True
chr1	234893707	234894679	TOMM20	0	ENCSR056HPM	1989	0.0	0.0			True
chr1	234974711	234975618	COA6	0	ENCSR056HPM	1989	0.0	0.0			True
chr1	234974711	234975618	TOMM20	0	ENCSR056HPM	1989	0.0	0.0			True
chr1	244299274	244299774	HNRNPU	0	ENCSR056HPM	1989	0.0	0.0			True
chr10	4866594	4867094	GDI2	0	ENCSR056HPM	1989	0.0	0.0			True
chr10	5020053	5020682	GDI2	0	ENCSR056HPM	1989	0.0	0.0			True
chr10	5461842	5462786	GDI2	0	ENCSR056HPM	1989	0.0	0.0			True
chr10	5466309	5467159	GDI2	0	ENCSR056HPM	1989	0.0	0.0			True
chr10	5477989	5478702	GDI2	0	ENCSR056HPM	1989	0.0	0.0			True
chr10	5477989	5478702	RBM17	0	ENCSR056HPM	1989	0.0	0.0			True
chr10	5479527	5480355	FBH1	0	ENCSR056HPM	1989	0.0	0.0			True
chr10	5479527	5480355	GDI2	0	ENCSR056HPM	1989	0.0	0.0			True
chr10	5480444	5480944	GDI2	0	ENCSR056HPM	1989	0.0	0.0			True
chr10	5548574	5549476	GDI2	0	ENCSR056HPM	1989	0.0	0.0			True
chr10	5981567	5982067	GDI2	0	ENCSR056HPM	1989	0.0	0.0			True
chr10	5987417	5988145	GDI2	0	ENCSR056HPM	1989	0.0	0.0			True
chr10	5987417	5988145	RBM17	0	ENCSR056HPM	1989	0.0	0.0			True
chr10	7007459	7007959	ATP5F1C	0	ENCSR056HPM	1989	0.0	0.0			True
chr10	7027472	7029087	ATP5F1C	0	ENCSR056HPM	1989	0.0	0.0			True
chr10	11640254	11640987	NUDT5	0	ENCSR056HPM	1989	0.0	0.0			True
chr10	11901847	11902590	NUDT5	0	ENCSR056HPM	1989	0.0	0.0			True
chr10	22133774	22134635	MLLT10	0	ENCSR056HPM	1989	0.0	0.0			True
chr10	22816304	22816804	MSRB2	0	ENCSR056HPM	1989	0.0	0.0			True
chr10	22816854	22817885	MSRB2	0	ENCSR056HPM	1989	0.0	0.0			True
chr10	31972387	31973080	KIF5B	0	ENCSR056HPM	1989	0.0	0.0			True
chr10	42645040	42645540	HNRNPF	0	ENCSR056HPM	1989	0.0	0.0			True
chr10	42768723	42769283	HNRNPF	0	ENCSR056HPM	1989	0.0	0.0			True
chr10	44478000	44478500	ZNF22	0	ENCSR056HPM	1989	0.0	0.0			True
chr10	70575712	70576748	PPA1	0	ENCSR056HPM	1989	0.0	0.0			True
chr10	70619225	70619725	PPA1	0	ENCSR056HPM	1989	0.0	0.0			True
chr10	70649497	70649997	EIF4EBP2	0	ENCSR056HPM	1989	0.0	0.0			True
chr10	70649497	70649997	PCBD1	0	ENCSR056HPM	1989	0.0	0.0			True
chr10	70649497	70649997	PPA1	0	ENCSR056HPM	1989	0.0	0.0			True
chr10	70649497	70649997	SAR1A	0	ENCSR056HPM	1989	0.0	0.0			True
chr10	70660755	70661255	PCBD1	0	ENCSR056HPM	1989	0.0	0.0			True
chr10	70660755	70661255	PPA1	0	ENCSR056HPM	1989	0.0	0.0			True
chr10	70660755	70661255	SAR1A	0	ENCSR056HPM	1989	0.0	0.0			True
chr10	70664855	70665355	PCBD1	0	ENCSR056HPM	1989	0.0	0.0			True
chr10	70667141	70667813	PPA1	0	ENCSR056HPM	1989	0.0	0.0			True
chr10	71893870	71894370	PSAP	0	ENCSR056HPM	1989	0.0	0.0			True
chr10	72244090	72245417	ANAPC16	0	ENCSR056HPM	1989	0.40360434739758516	0.00015047594206407666	0.00037282033008523285	8.81760025024414	False
chr10	72254684	72255534	MRPS16	0	ENCSR056HPM	1989	0.0	0.0			True
chr10	72254684	72255534	PSAP	0	ENCSR056HPM	1989	0.0	0.0			True
chr10	72256978	72257478	DNAJC9	0	ENCSR056HPM	1989	0.0	0.0			True
chr10	72256978	72257478	MRPS16	0	ENCSR056HPM	1989	0.0	0.0			True
chr10	72256978	72257478	PSAP	0	ENCSR056HPM	1989	0.0	0.0			True
chr10	72260398	72261972	DNAJC9	0	ENCSR056HPM	1989	0.0	0.0			True
chr10	72260398	72261972	MRPS16	0	ENCSR056HPM	1989	0.0	0.0			True
chr10	72290983	72291483	PSAP	0	ENCSR056HPM	1989	0.0	0.0			True
chr10	72297037	72297723	MRPS16	0	ENCSR056HPM	1989	0.0	0.0			True
chr10	72308153	72308969	ANAPC16	0	ENCSR056HPM	1989	0.0	0.0			True
chr10	72320646	72321796	DNAJC9	0	ENCSR056HPM	1989	0.0	0.0			True
chr10	72320646	72321796	MRPS16	0	ENCSR056HPM	1989	0.0	0.0			True
chr10	72320646	72321796	PSAP	0	ENCSR056HPM	1989	0.0	0.0			True
chr10	72688092	72688592	MRPS16	0	ENCSR056HPM	1989	0.0	0.0			True
chr10	72981872	72982372	ANAPC16	0	ENCSR056HPM	1989	0.0	0.0			True
chr10	72981872	72982372	CHCHD1	0	ENCSR056HPM	1989	0.0	0.0			True
chr10	72981872	72982372	DNAJC9	0	ENCSR056HPM	1989	0.0	0.0			True
chr10	73894194	73894984	ANXA7	0	ENCSR056HPM	1989	0.0	0.0			True
chr10	73894194	73894984	DNAJC9	0	ENCSR056HPM	1989	0.0	0.0			True
chr10	73894194	73894984	MRPS16	0	ENCSR056HPM	1989	0.0	0.0			True
chr10	73930593	73931093	MRPS16	0	ENCSR056HPM	1989	0.0	0.0			True
chr10	73932261	73932761	CHCHD1	0	ENCSR056HPM	1989	0.0	0.0			True
chr10	73932261	73932761	MRPS16	0	ENCSR056HPM	1989	0.0	0.0			True
chr10	73956407	73957796	ANXA7	0	ENCSR056HPM	1989	0.0	0.0			True
chr10	73956407	73957796	CHCHD1	0	ENCSR056HPM	1989	0.0	0.0			True
chr10	73956407	73957796	DNAJC9	0	ENCSR056HPM	1989	0.0	0.0			True
chr10	73956407	73957796	MRPS16	0	ENCSR056HPM	1989	0.0	0.0			True
chr10	73991727	73992227	CHCHD1	0	ENCSR056HPM	1989	0.0	0.0			True
chr10	73991727	73992227	VCL	1	ENCSR056HPM	1989	3.80986053162878	9.14262855076231e-05	2.3987278837012127e-05	7.268097400665283	False
chr10	91575514	91576533	PCGF5	0	ENCSR056HPM	1989	0.0	0.0			True
chr10	91575514	91576533	RPP30	0	ENCSR056HPM	1989	0.0	0.0			True
chr10	95297410	95297910	PDLIM1	1	ENCSR056HPM	1989	2.889017514629938	0.0010578511282801628	0.00036615293356589973	8.8407564163208	False
chr10	97689535	97690035	PGAM1	0	ENCSR056HPM	1989	0.0	0.0			True
chr10	98360942	98361749	EXOSC1	0	ENCSR056HPM	1989	0.0	0.0			True
chr10	100370530	100371657	MRPL43	0	ENCSR056HPM	1989	0.0	0.0			True
chr10	103965697	103966197	ATP5MD	0	ENCSR056HPM	1989					False
chr10	110857083	110857996	SMC3	0	ENCSR056HPM	1989	0.0	0.0			True
chr10	117411392	117412093	PDZD8	1	ENCSR056HPM	1989	0.0	0.0			True
chr10	118481814	118482314	FAM204A	0	ENCSR056HPM	1989	0.0	0.0			True
chr10	118495363	118496029	EIF3A	0	ENCSR056HPM	1989	0.0	0.0			True
chr10	119189687	119190298	EIF3A	0	ENCSR056HPM	1989	0.0	0.0			True
chr11	267480	268474	CD151	0	ENCSR056HPM	1989	0.0	0.0			True
chr11	267480	268474	PKP3	0	ENCSR056HPM	1989	0.0	0.0			True
chr11	267480	268474	POLR2L	0	ENCSR056HPM	1989	0.0	0.0			True
chr11	267480	268474	RPLP2	0	ENCSR056HPM	1989	0.0	0.0			True
chr11	267480	268474	TALDO1	0	ENCSR056HPM	1989	0.0	0.0			True
chr11	268698	269824	CHID1	0	ENCSR056HPM	1989	0.0	0.0			True
chr11	268698	269824	POLR2L	0	ENCSR056HPM	1989	0.0	0.0			True
chr11	268698	269824	RPLP2	0	ENCSR056HPM	1989	0.0	0.0			True
chr11	268698	269824	TALDO1	0	ENCSR056HPM	1989	0.0	0.0			True
chr11	335679	336457	RPLP2	0	ENCSR056HPM	1989	0.0	0.0			True
chr11	335679	336457	TALDO1	0	ENCSR056HPM	1989	0.0	0.0			True
chr11	350333	351247	MIR210HG	0	ENCSR056HPM	1989	0.0	0.0			True
chr11	353280	353780	CHID1	0	ENCSR056HPM	1989	0.0	0.0			True
chr11	353280	353780	HRAS	0	ENCSR056HPM	1989	0.0	0.0			True
chr11	353280	353780	POLR2L	0	ENCSR056HPM	1989	0.0	0.0			True
chr11	353280	353780	TALDO1	0	ENCSR056HPM	1989	0.0	0.0			True
chr11	574081	574581	CD151	0	ENCSR056HPM	1989	0.0	0.0			True
chr11	574081	574581	POLR2L	0	ENCSR056HPM	1989	0.0	0.0			True
chr11	574081	574581	PSMD13	0	ENCSR056HPM	1989	0.0	0.0			True
chr11	574081	574581	TALDO1	0	ENCSR056HPM	1989	0.0	0.0			True
chr11	1844518	1845018	TSSC4	0	ENCSR056HPM	1989	0.0	0.0			True
chr11	2866950	2868050	TSSC4	0	ENCSR056HPM	1989	0.0	0.0			True
chr11	2868110	2869016	KCNQ1OT1	0	ENCSR056HPM	1989	0.0	0.0			True
chr11	2868110	2869016	MRPL23	0	ENCSR056HPM	1989	0.0	0.0			True
chr11	3168353	3168853	CARS1	0	ENCSR056HPM	1989	0.0	0.0			True
chr11	3168353	3168853	TSSC4	0	ENCSR056HPM	1989	0.0	0.0			True
chr11	3261848	3262348	RRM1	0	ENCSR056HPM	1989	0.0	0.0			True
chr11	5129329	5129829	HBG1	0	ENCSR056HPM	1989	0.0	0.0			True
chr11	5129329	5129829	HBG2	0	ENCSR056HPM	1989	0.0	0.0			True
chr11	5280486	5280986	HBB	1	ENCSR056HPM	1989	0.0	0.0			True
chr11	5280486	5280986	HBD	1	ENCSR056HPM	1989	0.0	0.0			True
chr11	5280486	5280986	HBG1	1	ENCSR056HPM	1989	0.972810447909711	0.0003697385254781693	0.00038006252725608647	9.682086944580078	False
chr11	5284550	5285050	HBG1	1	ENCSR056HPM	1989	0.0	0.0			True
chr11	5288018	5288518	HBG1	1	ENCSR056HPM	1989	0.0	0.0			True
chr11	9566611	9567111	IPO7	0	ENCSR056HPM	1989	0.0	0.0			True
chr11	9652174	9652674	RPL27A	0	ENCSR056HPM	1989	0.0	0.0			True
chr11	10735602	10736102	CTR9	0	ENCSR056HPM	1989	1.2144623548002071	0.0003795418015215546	0.00031250837491825223	8.87296199798584	False
chr11	10920178	10920678	MTRNR2L8	0	ENCSR056HPM	1989					False
chr11	33898779	33899750	CAPRIN1	0	ENCSR056HPM	1989	0.0	0.0			True
chr11	33898779	33899750	CD59	0	ENCSR056HPM	1989	0.0	0.0			True
chr11	33898779	33899750	CSTF3	0	ENCSR056HPM	1989	0.0	0.0			True
chr11	33912202	33913196	CAPRIN1	0	ENCSR056HPM	1989	0.0	0.0			True
chr11	33912202	33913196	CD59	0	ENCSR056HPM	1989	0.0	0.0			True
chr11	33912202	33913196	CSTF3	0	ENCSR056HPM	1989	0.0	0.0			True
chr11	33932753	33933253	CD59	0	ENCSR056HPM	1989	0.0	0.0			True
chr11	33932753	33933253	CSTF3	0	ENCSR056HPM	1989	0.0	0.0			True
chr11	33936808	33937715	APIP	0	ENCSR056HPM	1989	0.0	0.0			True
chr11	33936808	33937715	CAPRIN1	0	ENCSR056HPM	1989	0.0	0.0			True
chr11	33936808	33937715	CSTF3	0	ENCSR056HPM	1989	0.0	0.0			True
chr11	33941571	33942071	APIP	0	ENCSR056HPM	1989	0.0	0.0			True
chr11	33941571	33942071	CAPRIN1	0	ENCSR056HPM	1989	0.0	0.0			True
chr11	33941571	33942071	CAT	1	ENCSR056HPM	1989	0.0	0.0			True
chr11	33941571	33942071	PDHX	0	ENCSR056HPM	1989	0.0	0.0			True
chr11	33944736	33945236	APIP	1	ENCSR056HPM	1989	0.0	0.0			True
chr11	33944736	33945236	CAPRIN1	0	ENCSR056HPM	1989	0.0	0.0			True
chr11	33944736	33945236	CAT	1	ENCSR056HPM	1989	0.0	0.0			True
chr11	33944736	33945236	CD59	0	ENCSR056HPM	1989	0.0	0.0			True
chr11	33944736	33945236	CSTF3	0	ENCSR056HPM	1989	0.0	0.0			True
chr11	33944736	33945236	HIPK3	0	ENCSR056HPM	1989	0.0	0.0			True
chr11	33944736	33945236	NAT10	1	ENCSR056HPM	1989	0.0	0.0			True
chr11	34371411	34371911	CAPRIN1	0	ENCSR056HPM	1989	0.0	0.0			True
chr11	34426836	34427967	APIP	0	ENCSR056HPM	1989	0.0	0.0			True
chr11	34426836	34427967	CAPRIN1	0	ENCSR056HPM	1989	0.0	0.0			True
chr11	34426836	34427967	CD59	0	ENCSR056HPM	1989	0.0	0.0			True
chr11	34599439	34600166	LMO2	0	ENCSR056HPM	1989	0.0	0.0			True
chr11	34600202	34601097	CAPRIN1	0	ENCSR056HPM	1989	0.0	0.0			True
chr11	34600202	34601097	CAT	0	ENCSR056HPM	1989	0.0	0.0			True
chr11	34600202	34601097	CD59	0	ENCSR056HPM	1989	0.0	0.0			True
chr11	34603088	34604016	CAPRIN1	0	ENCSR056HPM	1989	0.0	0.0			True
chr11	34603088	34604016	CAT	0	ENCSR056HPM	1989	0.0	0.0			True
chr11	34603088	34604016	CD59	0	ENCSR056HPM	1989	0.0	0.0			True
chr11	34603088	34604016	LMO2	0	ENCSR056HPM	1989	0.0	0.0			True
chr11	34758203	34758800	CAPRIN1	0	ENCSR056HPM	1989	0.0	0.0			True
chr11	35029850	35030350	CAPRIN1	0	ENCSR056HPM	1989	0.0	0.0			True
chr11	35036600	35037100	APIP	0	ENCSR056HPM	1989	0.0	0.0			True
chr11	35036600	35037100	CAT	0	ENCSR056HPM	1989	0.0	0.0			True
chr11	35040088	35040588	CAPRIN1	0	ENCSR056HPM	1989	0.0	0.0			True
chr11	45834193	45834858	MDK	0	ENCSR056HPM	1989	0.0	0.0			True
chr11	45834193	45834858	PEX16	0	ENCSR056HPM	1989	0.0	0.0			True
chr11	46249564	46250064	ARFGAP2	0	ENCSR056HPM	1989	0.0	0.0			True
chr11	46597562	46598062	ARFGAP2	0	ENCSR056HPM	1989	0.0	0.0			True
chr11	46597562	46598062	CELF1	0	ENCSR056HPM	1989	0.0	0.0			True
chr11	46597562	46598062	NDUFS3	0	ENCSR056HPM	1989	0.0	0.0			True
chr11	46597562	46598062	PEX16	0	ENCSR056HPM	1989	0.0	0.0			True
chr11	46597562	46598062	PSMC3	0	ENCSR056HPM	1989	0.0	0.0			True
chr11	46597562	46598062	PTPMT1	0	ENCSR056HPM	1989	0.0	0.0			True
chr11	47863068	47863768	MTCH2	0	ENCSR056HPM	1989	0.0	0.0			True
chr11	47863068	47863768	NDUFS3	0	ENCSR056HPM	1989	0.0	0.0			True
chr11	47863068	47863768	PSMC3	0	ENCSR056HPM	1989	0.0	0.0			True
chr11	47916267	47916877	CELF1	0	ENCSR056HPM	1989	0.0	0.0			True
chr11	47917797	47918605	ARFGAP2	0	ENCSR056HPM	1989	0.0	0.0			True
chr11	47917797	47918605	CELF1	0	ENCSR056HPM	1989	0.0	0.0			True
chr11	47917797	47918605	MTCH2	0	ENCSR056HPM	1989	0.0	0.0			True
chr11	47917797	47918605	PSMC3	0	ENCSR056HPM	1989	0.0	0.0			True
chr11	47946874	47947374	NDUFS3	0	ENCSR056HPM	1989	0.0	0.0			True
chr11	47948046	47948546	CELF1	0	ENCSR056HPM	1989	0.0	0.0			True
chr11	47948046	47948546	MTCH2	0	ENCSR056HPM	1989	0.0	0.0			True
chr11	47948046	47948546	PSMC3	0	ENCSR056HPM	1989	0.0	0.0			True
chr11	47948046	47948546	PTPMT1	0	ENCSR056HPM	1989	0.0	0.0			True
chr11	57126739	57127414	TIMM10	0	ENCSR056HPM	1989	0.0	0.0			True
chr11	57239284	57239784	SELENOH	0	ENCSR056HPM	1989	0.0	0.0			True
chr11	57292880	57293380	SELENOH	0	ENCSR056HPM	1989	0.0	0.0			True
chr11	57292880	57293380	TIMM10	0	ENCSR056HPM	1989	0.0	0.0			True
chr11	57292880	57293380	TMX2	0	ENCSR056HPM	1989	0.0	0.0			True
chr11	57432658	57433158	SELENOH	0	ENCSR056HPM	1989	0.0	0.0			True
chr11	57901270	57902152	SSRP1	0	ENCSR056HPM	1989	0.0	0.0			True
chr11	60085806	60086306	CCDC86	0	ENCSR056HPM	1989	0.0	0.0			True
chr11	60127168	60127668	PRPF19	0	ENCSR056HPM	1989	0.0	0.0			True
chr11	60193546	60195055	CCDC86	0	ENCSR056HPM	1989	0.0	0.0			True
chr11	60193546	60195055	PRPF19	0	ENCSR056HPM	1989	0.0	0.0			True
chr11	60863750	60864594	FADS1	0	ENCSR056HPM	1989	0.0	0.0			True
chr11	60863750	60864594	TMEM138	0	ENCSR056HPM	1989	0.0	0.0			True
chr11	60863750	60864594	TMEM258	0	ENCSR056HPM	1989	0.0	0.0			True
chr11	61871048	61871769	B3GAT3	0	ENCSR056HPM	1989	0.0	0.0			True
chr11	61871048	61871769	CPSF7	0	ENCSR056HPM	1989	0.0	0.0			True
chr11	61871048	61871769	FEN1	0	ENCSR056HPM	1989	0.0	0.0			True
chr11	61871048	61871769	FTH1	0	ENCSR056HPM	1989	0.0	0.0			True
chr11	61871048	61871769	LBHD1	0	ENCSR056HPM	1989	0.0	0.0			True
chr11	61871048	61871769	POLR2G	0	ENCSR056HPM	1989	0.0	0.0			True
chr11	61871048	61871769	PRPF19	0	ENCSR056HPM	1989	0.0	0.0			True
chr11	61871048	61871769	SLC3A2	0	ENCSR056HPM	1989	0.0	0.0			True
chr11	61871048	61871769	TMEM138	0	ENCSR056HPM	1989	0.0	0.0			True
chr11	61871048	61871769	TMEM179B	0	ENCSR056HPM	1989	0.0	0.0			True
chr11	61871048	61871769	TMEM223	0	ENCSR056HPM	1989	0.0	0.0			True
chr11	61871048	61871769	TMEM258	0	ENCSR056HPM	1989	0.0	0.0			True
chr11	61871048	61871769	UBXN1	0	ENCSR056HPM	1989	0.0	0.0			True
chr11	61871048	61871769	UQCC3	0	ENCSR056HPM	1989	0.0	0.0			True
chr11	61971409	61972293	FTH1	1	ENCSR056HPM	1989	4.0675778317962115	0.0004976825439371169	0.00012234353926032782	10.353970527648926	False
chr11	61971409	61972293	LBHD1	0	ENCSR056HPM	1989	0.0	0.0			True
chr11	61971409	61972293	TMEM258	0	ENCSR056HPM	1989	0.0	0.0			True
chr11	62025411	62026080	TMEM179B	0	ENCSR056HPM	1989	0.0	0.0			True
chr11	62025411	62026080	WDR74	0	ENCSR056HPM	1989	0.0	0.0			True
chr11	62041876	62042808	B3GAT3	0	ENCSR056HPM	1989	0.0	0.0			True
chr11	62041876	62042808	FADS1	0	ENCSR056HPM	1989	0.0	0.0			True
chr11	62041876	62042808	FEN1	0	ENCSR056HPM	1989	0.0	0.0			True
chr11	62041876	62042808	LBHD1	0	ENCSR056HPM	1989	0.0	0.0			True
chr11	62041876	62042808	POLR2G	0	ENCSR056HPM	1989	0.0	0.0			True
chr11	62041876	62042808	SDHAF2	0	ENCSR056HPM	1989	0.0	0.0			True
chr11	62041876	62042808	SLC3A2	0	ENCSR056HPM	1989	0.0	0.0			True
chr11	62041876	62042808	TMEM258	0	ENCSR056HPM	1989	0.0	0.0			True
chr11	62041876	62042808	UBXN1	0	ENCSR056HPM	1989	0.0	0.0			True
chr11	62041876	62042808	UQCC3	0	ENCSR056HPM	1989	0.0	0.0			True
chr11	62104974	62105575	TMEM179B	0	ENCSR056HPM	1989	0.0	0.0			True
chr11	62104974	62105575	UBXN1	0	ENCSR056HPM	1989	0.0	0.0			True
chr11	62104974	62105575	UQCC3	0	ENCSR056HPM	1989	0.0	0.0			True
chr11	62680733	62681233	FTH1	0	ENCSR056HPM	1989	0.0	0.0			True
chr11	62680733	62681233	LBHD1	0	ENCSR056HPM	1989	0.6886086464579034	0.000199856745894067	0.00029022269882261753	10.20499038696289	False
chr11	63531389	63531889	PRDX5	0	ENCSR056HPM	1989	0.0	0.0			True
chr11	63531389	63531889	TRMT112	0	ENCSR056HPM	1989	0.0	0.0			True
chr11	63531389	63531889	UQCC3	0	ENCSR056HPM	1989	0.0	0.0			True
chr11	63566946	63567809	DNAJC4	0	ENCSR056HPM	1989	0.0	0.0			True
chr11	63566946	63567809	FKBP2	0	ENCSR056HPM	1989	0.0	0.0			True
chr11	63566946	63567809	PRDX5	0	ENCSR056HPM	1989	0.0	0.0			True
chr11	63566946	63567809	TRMT112	0	ENCSR056HPM	1989	0.0	0.0			True
chr11	63566946	63567809	UBXN1	0	ENCSR056HPM	1989	0.0	0.0			True
chr11	63566946	63567809	UQCC3	0	ENCSR056HPM	1989	0.0	0.0			True
chr11	63802740	63803379	COX8A	0	ENCSR056HPM	1989	0.0	0.0			True
chr11	63802740	63803379	FKBP2	0	ENCSR056HPM	1989	0.0	0.0			True
chr11	63802740	63803379	SF1	0	ENCSR056HPM	1989	0.0	0.0			True
chr11	63837159	63837659	DNAJC4	0	ENCSR056HPM	1989	0.0	0.0			True
chr11	63837159	63837659	FKBP2	0	ENCSR056HPM	1989	0.0	0.0			True
chr11	63837159	63837659	PRDX5	0	ENCSR056HPM	1989	0.0	0.0			True
chr11	63837159	63837659	SF1	0	ENCSR056HPM	1989	0.0	0.0			True
chr11	63837159	63837659	SLC3A2	0	ENCSR056HPM	1989	0.0	0.0			True
chr11	63837159	63837659	TRMT112	0	ENCSR056HPM	1989	0.0	0.0			True
chr11	63837159	63837659	WDR74	0	ENCSR056HPM	1989	0.0	0.0			True
chr11	64334970	64335891	ARL2	0	ENCSR056HPM	1989	0.0	0.0			True
chr11	64334970	64335891	ATL3	0	ENCSR056HPM	1989	0.0	0.0			True
chr11	64334970	64335891	BAD	0	ENCSR056HPM	1989	0.0	0.0			True
chr11	64334970	64335891	CAPN1	0	ENCSR056HPM	1989	0.0	0.0			True
chr11	64334970	64335891	CDCA5	0	ENCSR056HPM	1989	0.0	0.0			True
chr11	64334970	64335891	COX8A	0	ENCSR056HPM	1989	0.0	0.0			True
chr11	64334970	64335891	DNAJC4	0	ENCSR056HPM	1989	0.0	0.0			True
chr11	64334970	64335891	ESRRA	0	ENCSR056HPM	1989	0.34108507944590477	0.00011050662578782067	0.00032397551694884896	9.02653694152832	False
chr11	64334970	64335891	FAU	0	ENCSR056HPM	1989	0.0	0.0			True
chr11	64334970	64335891	FKBP2	0	ENCSR056HPM	1989	0.0	0.0			True
chr11	64334970	64335891	MACROD1	0	ENCSR056HPM	1989	0.0	0.0			True
chr11	64334970	64335891	MRPL49	0	ENCSR056HPM	1989	0.0	0.0			True
chr11	64334970	64335891	NUDT22	0	ENCSR056HPM	1989	0.0	0.0			True
chr11	64334970	64335891	RTN3	0	ENCSR056HPM	1989	0.0	0.0			True
chr11	64334970	64335891	SF1	0	ENCSR056HPM	1989	0.0	0.0			True
chr11	64334970	64335891	STIP1	0	ENCSR056HPM	1989	0.0	0.0			True
chr11	64334970	64335891	ZFPL1	0	ENCSR056HPM	1989	0.0	0.0			True
chr11	64472625	64473845	ARL2	0	ENCSR056HPM	1989	0.0	0.0			True
chr11	64472625	64473845	COX8A	0	ENCSR056HPM	1989	0.0	0.0			True
chr11	64472625	64473845	DNAJC4	0	ENCSR056HPM	1989	0.0	0.0			True
chr11	64472625	64473845	FAU	0	ENCSR056HPM	1989	0.0	0.0			True
chr11	64472625	64473845	FKBP2	0	ENCSR056HPM	1989	0.0	0.0			True
chr11	64472625	64473845	RTN3	0	ENCSR056HPM	1989	0.0	0.0			True
chr11	65150605	65151105	CFL1	0	ENCSR056HPM	1989	0.0	0.0			True
chr11	65150605	65151105	DNAJC4	0	ENCSR056HPM	1989	0.0	0.0			True
chr11	65150605	65151105	DRAP1	0	ENCSR056HPM	1989	0.0	0.0			True
chr11	65150605	65151105	FAU	0	ENCSR056HPM	1989	0.20751390159172428	2.3717511794529855e-05	0.00011428360448917374	10.114303588867188	False
chr11	65150605	65151105	FKBP2	0	ENCSR056HPM	1989	0.0	0.0			True
chr11	65150605	65151105	NEAT1	0	ENCSR056HPM	1989	0.0	0.0			True
chr11	65150605	65151105	PRDX5	0	ENCSR056HPM	1989	0.0	0.0			True
chr11	65150605	65151105	SF1	0	ENCSR056HPM	1989	0.0	0.0			True
chr11	65150605	65151105	SF3B2	0	ENCSR056HPM	1989	0.0	0.0			True
chr11	65150605	65151105	SSSCA1	0	ENCSR056HPM	1989					False
chr11	65150605	65151105	STIP1	0	ENCSR056HPM	1989	0.0	0.0			True
chr11	65150605	65151105	TRMT112	0	ENCSR056HPM	1989	0.0	0.0			True
chr11	65362343	65362917	BANF1	0	ENCSR056HPM	1989	0.0	0.0			True
chr11	65362343	65362917	BRMS1	0	ENCSR056HPM	1989	0.0	0.0			True
chr11	65362343	65362917	DRAP1	0	ENCSR056HPM	1989	0.0	0.0			True
chr11	65362343	65362917	FAU	0	ENCSR056HPM	1989	0.0	0.0			True
chr11	65362343	65362917	FIBP	1	ENCSR056HPM	1989	0.0	0.0			True
chr11	65362343	65362917	MALAT1	0	ENCSR056HPM	1989	0.0	0.0			True
chr11	65362343	65362917	NEAT1	0	ENCSR056HPM	1989	0.0	0.0			True
chr11	65362343	65362917	RNASEH2C	0	ENCSR056HPM	1989	0.0	0.0			True
chr11	65362343	65362917	SAC3D1	0	ENCSR056HPM	1989	0.0	0.0			True
chr11	65362343	65362917	SF3B2	0	ENCSR056HPM	1989	0.0	0.0			True
chr11	65362343	65362917	SSSCA1	0	ENCSR056HPM	1989					False
chr11	65416275	65416775	BANF1	0	ENCSR056HPM	1989	0.0	0.0			True
chr11	65416275	65416775	MALAT1	0	ENCSR056HPM	1989	0.0	0.0			True
chr11	65416275	65416775	SF3B2	0	ENCSR056HPM	1989	0.0	0.0			True
chr11	65418191	65419462	BANF1	0	ENCSR056HPM	1989	0.0	0.0			True
chr11	65418191	65419462	DRAP1	0	ENCSR056HPM	1989	0.0	0.0			True
chr11	65418191	65419462	FAU	0	ENCSR056HPM	1989	0.0	0.0			True
chr11	65418191	65419462	SF3B2	0	ENCSR056HPM	1989	0.0	0.0			True
chr11	65419862	65420362	ARL2	0	ENCSR056HPM	1989	0.0	0.0			True
chr11	65419862	65420362	BANF1	0	ENCSR056HPM	1989	0.0	0.0			True
chr11	65419862	65420362	CCDC85B	0	ENCSR056HPM	1989	0.0	0.0			True
chr11	65419862	65420362	FIBP	0	ENCSR056HPM	1989	0.0	0.0			True
chr11	65419862	65420362	MALAT1	0	ENCSR056HPM	1989	0.0	0.0			True
chr11	65419862	65420362	NEAT1	0	ENCSR056HPM	1989	1.5157536116724588	0.00035867461701855063	0.000236621213844046	10.232942581176758	False
chr11	65419862	65420362	RNASEH2C	0	ENCSR056HPM	1989	0.0	0.0			True
chr11	65419862	65420362	SF3B2	0	ENCSR056HPM	1989	0.0	0.0			True
chr11	65421107	65421607	ARL2	0	ENCSR056HPM	1989	0.0	0.0			True
chr11	65421107	65421607	CCDC85B	0	ENCSR056HPM	1989	0.0	0.0			True
chr11	65421107	65421607	FIBP	0	ENCSR056HPM	1989	0.0	0.0			True
chr11	65471299	65471799	CCDC85B	0	ENCSR056HPM	1989	0.0	0.0			True
chr11	65471299	65471799	CFL1	0	ENCSR056HPM	1989	0.0	0.0			True
chr11	65471299	65471799	DRAP1	0	ENCSR056HPM	1989	0.0	0.0			True
chr11	65471299	65471799	FAU	0	ENCSR056HPM	1989	0.0	0.0			True
chr11	65471299	65471799	MRPL11	0	ENCSR056HPM	1989	0.0	0.0			True
chr11	65471299	65471799	SF1	0	ENCSR056HPM	1989	0.0	0.0			True
chr11	65471299	65471799	SF3B2	0	ENCSR056HPM	1989	0.0	0.0			True
chr11	65471299	65471799	SSSCA1	0	ENCSR056HPM	1989					False
chr11	65471299	65471799	YIF1A	0	ENCSR056HPM	1989	0.0	0.0			True
chr11	65472002	65472502	ARL2	0	ENCSR056HPM	1989	0.0	0.0			True
chr11	65472002	65472502	BANF1	0	ENCSR056HPM	1989	0.0	0.0			True
chr11	65472002	65472502	BRMS1	0	ENCSR056HPM	1989	0.0	0.0			True
chr11	65472002	65472502	CCDC85B	0	ENCSR056HPM	1989	0.0	0.0			True
chr11	65472002	65472502	CFL1	0	ENCSR056HPM	1989	0.0	0.0			True
chr11	65472002	65472502	DPF2	0	ENCSR056HPM	1989	0.0	0.0			True
chr11	65472002	65472502	DRAP1	0	ENCSR056HPM	1989	0.0	0.0			True
chr11	65472002	65472502	FAU	0	ENCSR056HPM	1989	0.0	0.0			True
chr11	65472002	65472502	FIBP	0	ENCSR056HPM	1989	0.0	0.0			True
chr11	65472002	65472502	MALAT1	0	ENCSR056HPM	1989	0.5481688743733701	0.00016435551515314728	0.0002998164272867143	7.718045234680176	False
chr11	65472002	65472502	MRPL11	0	ENCSR056HPM	1989	0.0	0.0			True
chr11	65472002	65472502	MRPL49	0	ENCSR056HPM	1989	0.0	0.0			True
chr11	65472002	65472502	NEAT1	0	ENCSR056HPM	1989	0.0	0.0			True
chr11	65472002	65472502	RAB1B	0	ENCSR056HPM	1989	0.0	0.0			True
chr11	65472002	65472502	RNASEH2C	0	ENCSR056HPM	1989	0.0	0.0			True
chr11	65472002	65472502	SF1	0	ENCSR056HPM	1989	0.0	0.0			True
chr11	65472002	65472502	SF3B2	0	ENCSR056HPM	1989	0.0	0.0			True
chr11	65472002	65472502	SSSCA1	0	ENCSR056HPM	1989					False
chr11	65472002	65472502	YIF1A	0	ENCSR056HPM	1989	0.0	0.0			True
chr11	65477117	65477876	ARL2	0	ENCSR056HPM	1989	0.0	0.0			True
chr11	65477117	65477876	BANF1	0	ENCSR056HPM	1989	0.0	0.0			True
chr11	65477117	65477876	BRMS1	0	ENCSR056HPM	1989	0.0	0.0			True
chr11	65477117	65477876	CAPN1	0	ENCSR056HPM	1989	0.0	0.0			True
chr11	65477117	65477876	CCDC85B	0	ENCSR056HPM	1989	0.0	0.0			True
chr11	65477117	65477876	CDCA5	0	ENCSR056HPM	1989	0.0	0.0			True
chr11	65477117	65477876	CFL1	0	ENCSR056HPM	1989	0.0	0.0			True
chr11	65477117	65477876	DRAP1	0	ENCSR056HPM	1989	0.0	0.0			True
chr11	65477117	65477876	FAU	0	ENCSR056HPM	1989	0.0	0.0			True
chr11	65477117	65477876	FIBP	0	ENCSR056HPM	1989	0.0	0.0			True
chr11	65477117	65477876	MALAT1	0	ENCSR056HPM	1989	0.7428416325401603	0.00022272355272434652	0.0002998164272867143	7.718045234680176	False
chr11	65477117	65477876	MRPL11	0	ENCSR056HPM	1989	0.0	0.0			True
chr11	65477117	65477876	NEAT1	0	ENCSR056HPM	1989	0.0	0.0			True
chr11	65477117	65477876	RNASEH2C	0	ENCSR056HPM	1989	0.0	0.0			True
chr11	65477117	65477876	SAC3D1	0	ENCSR056HPM	1989	0.0	0.0			True
chr11	65477117	65477876	SF1	0	ENCSR056HPM	1989	0.0	0.0			True
chr11	65477117	65477876	SF3B2	0	ENCSR056HPM	1989	0.0	0.0			True
chr11	65477117	65477876	SSSCA1	0	ENCSR056HPM	1989					False
chr11	65477117	65477876	YIF1A	0	ENCSR056HPM	1989	0.0	0.0			True
chr11	65478647	65479147	ARL2	0	ENCSR056HPM	1989	0.0	0.0			True
chr11	65478647	65479147	BANF1	0	ENCSR056HPM	1989	0.0	0.0			True
chr11	65478647	65479147	CAPN1	0	ENCSR056HPM	1989	0.0	0.0			True
chr11	65478647	65479147	CCDC85B	0	ENCSR056HPM	1989	0.0	0.0			True
chr11	65478647	65479147	CFL1	0	ENCSR056HPM	1989	0.0	0.0			True
chr11	65478647	65479147	DRAP1	0	ENCSR056HPM	1989	0.0	0.0			True
chr11	65478647	65479147	FAU	0	ENCSR056HPM	1989	0.0	0.0			True
chr11	65478647	65479147	MALAT1	0	ENCSR056HPM	1989	0.44849490558701255	0.00013447062519844621	0.0002998164272867143	7.718045234680176	False
chr11	65478647	65479147	SF1	0	ENCSR056HPM	1989	0.0	0.0			True
chr11	65478647	65479147	SF3B2	0	ENCSR056HPM	1989	0.0	0.0			True
chr11	65478647	65479147	YIF1A	0	ENCSR056HPM	1989	0.0	0.0			True
chr11	65479392	65479892	BANF1	0	ENCSR056HPM	1989	0.0	0.0			True
chr11	65479392	65479892	BRMS1	0	ENCSR056HPM	1989	0.0	0.0			True
chr11	65479392	65479892	CFL1	0	ENCSR056HPM	1989	0.0	0.0			True
chr11	65479392	65479892	DRAP1	0	ENCSR056HPM	1989	0.0	0.0			True
chr11	65479392	65479892	SF3B2	0	ENCSR056HPM	1989	0.0	0.0			True
chr11	65491691	65492191	BANF1	0	ENCSR056HPM	1989	0.0	0.0			True
chr11	65491691	65492191	BRMS1	0	ENCSR056HPM	1989	0.0	0.0			True
chr11	65491691	65492191	CCDC85B	0	ENCSR056HPM	1989	0.0	0.0			True
chr11	65491691	65492191	CFL1	0	ENCSR056HPM	1989	0.0	0.0			True
chr11	65491691	65492191	FAU	0	ENCSR056HPM	1989	0.0	0.0			True
chr11	65491691	65492191	FIBP	0	ENCSR056HPM	1989	0.0	0.0			True
chr11	65491691	65492191	MRPL11	0	ENCSR056HPM	1989	0.0	0.0			True
chr11	65491691	65492191	NEAT1	0	ENCSR056HPM	1989	0.0	0.0			True
chr11	65491691	65492191	SF1	0	ENCSR056HPM	1989	0.0	0.0			True
chr11	65491691	65492191	SF3B2	0	ENCSR056HPM	1989	0.0	0.0			True
chr11	65492527	65493335	BRMS1	0	ENCSR056HPM	1989	0.0	0.0			True
chr11	65492527	65493335	CFL1	0	ENCSR056HPM	1989	0.0	0.0			True
chr11	65492527	65493335	DRAP1	0	ENCSR056HPM	1989	0.0	0.0			True
chr11	65492527	65493335	FAU	0	ENCSR056HPM	1989	0.0	0.0			True
chr11	65492527	65493335	FIBP	0	ENCSR056HPM	1989	0.0	0.0			True
chr11	65492527	65493335	MRPL11	0	ENCSR056HPM	1989	0.0	0.0			True
chr11	65492527	65493335	SF1	0	ENCSR056HPM	1989	0.0	0.0			True
chr11	65492527	65493335	SF3B2	0	ENCSR056HPM	1989	0.0	0.0			True
chr11	65493787	65494287	ARL2	0	ENCSR056HPM	1989	0.0	0.0			True
chr11	65493787	65494287	BANF1	0	ENCSR056HPM	1989	0.0	0.0			True
chr11	65493787	65494287	CAPN1	0	ENCSR056HPM	1989	0.0	0.0			True
chr11	65493787	65494287	FAU	0	ENCSR056HPM	1989	0.0	0.0			True
chr11	65510688	65511188	BANF1	0	ENCSR056HPM	1989	0.0	0.0			True
chr11	65510688	65511188	BRMS1	0	ENCSR056HPM	1989	0.0	0.0			True
chr11	65510688	65511188	CFL1	0	ENCSR056HPM	1989	0.0	0.0			True
chr11	65510688	65511188	FAU	0	ENCSR056HPM	1989	0.0	0.0			True
chr11	65510688	65511188	MRPL11	0	ENCSR056HPM	1989	0.0	0.0			True
chr11	65510688	65511188	NEAT1	0	ENCSR056HPM	1989	0.0	0.0			True
chr11	65510688	65511188	SF3B2	0	ENCSR056HPM	1989	0.0	0.0			True
chr11	65510688	65511188	YIF1A	0	ENCSR056HPM	1989	0.0	0.0			True
chr11	65692158	65692962	CCDC85B	0	ENCSR056HPM	1989	0.0	0.0			True
chr11	65692158	65692962	DRAP1	0	ENCSR056HPM	1989	0.0	0.0			True
chr11	65692158	65692962	FAU	0	ENCSR056HPM	1989	0.0	0.0			True
chr11	65692158	65692962	MALAT1	0	ENCSR056HPM	1989	0.0	0.0			True
chr11	65692158	65692962	MRPL11	0	ENCSR056HPM	1989	0.0	0.0			True
chr11	65903079	65903579	ARL2	0	ENCSR056HPM	1989	0.0	0.0			True
chr11	65903079	65903579	BANF1	0	ENCSR056HPM	1989	0.0	0.0			True
chr11	65903079	65903579	FAU	0	ENCSR056HPM	1989	0.0	0.0			True
chr11	65903079	65903579	MALAT1	0	ENCSR056HPM	1989	0.0	0.0			True
chr11	65903079	65903579	MRPL11	0	ENCSR056HPM	1989	0.0	0.0			True
chr11	65903079	65903579	SSSCA1	0	ENCSR056HPM	1989					False
chr11	65906553	65907053	FAU	0	ENCSR056HPM	1989	0.0	0.0			True
chr11	65906553	65907053	MALAT1	0	ENCSR056HPM	1989	0.0	0.0			True
chr11	65906553	65907053	MRPL11	0	ENCSR056HPM	1989	0.0	0.0			True
chr11	65928038	65928538	ARL2	0	ENCSR056HPM	1989	0.0	0.0			True
chr11	65928038	65928538	CDCA5	0	ENCSR056HPM	1989	0.0	0.0			True
chr11	65928038	65928538	FAU	0	ENCSR056HPM	1989	0.0	0.0			True
chr11	65928038	65928538	MALAT1	0	ENCSR056HPM	1989	0.0	0.0			True
chr11	65928038	65928538	SAC3D1	0	ENCSR056HPM	1989	0.0	0.0			True
chr11	65928038	65928538	YIF1A	0	ENCSR056HPM	1989	0.0	0.0			True
chr11	65928608	65929108	FAU	0	ENCSR056HPM	1989	0.0	0.0			True
chr11	65928608	65929108	YIF1A	0	ENCSR056HPM	1989	0.0	0.0			True
chr11	65941318	65941818	BANF1	0	ENCSR056HPM	1989	0.0	0.0			True
chr11	65941318	65941818	CFL1	0	ENCSR056HPM	1989	0.0	0.0			True
chr11	65941318	65941818	FAU	0	ENCSR056HPM	1989	0.0	0.0			True
chr11	66987041	66987541	BANF1	0	ENCSR056HPM	1989	0.0	0.0			True
chr11	66987041	66987541	GSTP1	0	ENCSR056HPM	1989	0.0	0.0			True
chr11	66987041	66987541	SF3B2	0	ENCSR056HPM	1989	0.0	0.0			True
chr11	66987041	66987541	YIF1A	0	ENCSR056HPM	1989	0.0	0.0			True
chr11	67572611	67573568	NDUFS8	0	ENCSR056HPM	1989	0.0	0.0			True
chr11	67572611	67573568	POLD4	0	ENCSR056HPM	1989	0.0	0.0			True
chr11	67572611	67573568	PPP1CA	0	ENCSR056HPM	1989	0.0	0.0			True
chr11	67600315	67601033	NDUFS8	0	ENCSR056HPM	1989	0.0	0.0			True
chr11	67620654	67621154	KMT5B	0	ENCSR056HPM	1989	0.0	0.0			True
chr11	67620654	67621154	NDUFS8	0	ENCSR056HPM	1989	0.0	0.0			True
chr11	67620654	67621154	POLD4	0	ENCSR056HPM	1989	0.0	0.0			True
chr11	67620654	67621154	PPP1CA	0	ENCSR056HPM	1989	0.0	0.0			True
chr11	67620654	67621154	RPS6KB2	0	ENCSR056HPM	1989	0.0	0.0			True
chr11	68282033	68282533	GSTP1	0	ENCSR056HPM	1989	0.0	0.0			True
chr11	68282033	68282533	MRPL21	0	ENCSR056HPM	1989	0.0	0.0			True
chr11	68945790	68946290	NDUFS8	0	ENCSR056HPM	1989	0.0	0.0			True
chr11	69396079	69396579	MRPL21	0	ENCSR056HPM	1989	0.0	0.0			True
chr11	69950010	69950510	CTTN	0	ENCSR056HPM	1989	0.0	0.0			True
chr11	72493741	72494461	LAMTOR1	0	ENCSR056HPM	1989	0.0	0.0			True
chr11	74673224	74674106	RPS3	0	ENCSR056HPM	1989	0.0	0.0			True
chr11	75022812	75023312	RPS3	0	ENCSR056HPM	1989	0.0	0.0			True
chr11	75030098	75030598	PPME1	0	ENCSR056HPM	1989	0.0	0.0			True
chr11	75030098	75030598	RPS3	0	ENCSR056HPM	1989	0.0	0.0			True
chr11	75030098	75030598	SERPINH1	0	ENCSR056HPM	1989	0.0	0.0			True
chr11	75031192	75031841	RPS3	0	ENCSR056HPM	1989	0.0	0.0			True
chr11	75031891	75032391	RPS3	0	ENCSR056HPM	1989	0.0	0.0			True
chr11	75059203	75059703	RPS3	0	ENCSR056HPM	1989	0.0	0.0			True
chr11	75059203	75059703	SPCS2	0	ENCSR056HPM	1989	0.0	0.0			True
chr11	75096776	75097276	P4HA3	0	ENCSR056HPM	1989	0.0	0.0			True
chr11	75096776	75097276	RPS3	0	ENCSR056HPM	1989	0.0	0.0			True
chr11	75096776	75097276	SPCS2	0	ENCSR056HPM	1989	0.0	0.0			True
chr11	75096776	75097276	UVRAG	0	ENCSR056HPM	1989	0.0	0.0			True
chr11	75537046	75537546	RPS3	0	ENCSR056HPM	1989	0.0	0.0			True
chr11	75538583	75539083	RPS3	0	ENCSR056HPM	1989	0.0	0.0			True
chr11	75538583	75539083	SPCS2	0	ENCSR056HPM	1989	0.0	0.0			True
chr11	75558095	75558595	RPS3	0	ENCSR056HPM	1989	0.0	0.0			True
chr11	75558095	75558595	SPCS2	0	ENCSR056HPM	1989	0.0	0.0			True
chr11	75559011	75560060	RPS3	0	ENCSR056HPM	1989	0.0	0.0			True
chr11	75559011	75560060	SPCS2	0	ENCSR056HPM	1989	0.0	0.0			True
chr11	76735825	76736558	CLNS1A	0	ENCSR056HPM	1989	0.0	0.0			True
chr11	76745566	76746279	CLNS1A	0	ENCSR056HPM	1989	0.0	0.0			True
chr11	76823302	76824758	CLNS1A	0	ENCSR056HPM	1989	0.0	0.0			True
chr11	77644460	77645164	CLNS1A	0	ENCSR056HPM	1989	1.0350687994949272	0.00025844911579042673	0.00024968269281089306	9.123071670532227	False
chr11	86134577	86135528	TMEM126A	0	ENCSR056HPM	1989	0.0	0.0			True
chr11	86134577	86135528	TMEM126B	0	ENCSR056HPM	1989	0.0	0.0			True
chr11	86143550	86144050	HIKESHI	0	ENCSR056HPM	1989	0.0	0.0			True
chr11	86143550	86144050	TMEM126A	0	ENCSR056HPM	1989	0.0	0.0			True
chr11	86143550	86144050	TMEM126B	0	ENCSR056HPM	1989	0.0	0.0			True
chr11	86148009	86148811	TMEM126B	0	ENCSR056HPM	1989	0.0	0.0			True
chr11	86151226	86151726	EED	1	ENCSR056HPM	1989	0.0	0.0			True
chr11	86151226	86151726	HIKESHI	0	ENCSR056HPM	1989	0.0	0.0			True
chr11	86151226	86151726	TMEM126A	0	ENCSR056HPM	1989	0.0	0.0			True
chr11	86151226	86151726	TMEM126B	0	ENCSR056HPM	1989	0.0	0.0			True
chr11	86158462	86159404	TMEM126B	0	ENCSR056HPM	1989	0.0	0.0			True
chr11	86162957	86163653	HIKESHI	0	ENCSR056HPM	1989	0.0	0.0			True
chr11	86174203	86175075	HIKESHI	0	ENCSR056HPM	1989	0.0	0.0			True
chr11	86174203	86175075	TMEM126B	0	ENCSR056HPM	1989	0.0	0.0			True
chr11	86175661	86176963	TMEM126A	0	ENCSR056HPM	1989	0.0	0.0			True
chr11	86175661	86176963	TMEM126B	0	ENCSR056HPM	1989	0.0	0.0			True
chr11	86182972	86184155	HIKESHI	0	ENCSR056HPM	1989	0.0	0.0			True
chr11	86182972	86184155	TMEM126A	0	ENCSR056HPM	1989	0.0	0.0			True
chr11	86182972	86184155	TMEM126B	0	ENCSR056HPM	1989	0.0	0.0			True
chr11	93000534	93001034	TAF1D	0	ENCSR056HPM	1989	0.0	0.0			True
chr11	95147369	95147869	CEP57	0	ENCSR056HPM	1989	0.0	0.0			True
chr11	95148818	95149318	CEP57	0	ENCSR056HPM	1989	0.0	0.0			True
chr11	102341813	102342483	DCUN1D5	0	ENCSR056HPM	1989	0.0	0.0			True
chr11	109892426	109893205	RDX	0	ENCSR056HPM	1989	0.0	0.0			True
chr11	113554592	113555675	REXO2	0	ENCSR056HPM	1989	0.0	0.0			True
chr11	113634896	113635396	REXO2	0	ENCSR056HPM	1989	0.0	0.0			True
chr11	113663611	113664472	REXO2	0	ENCSR056HPM	1989	0.0	0.0			True
chr11	113664603	113665540	REXO2	0	ENCSR056HPM	1989	0.0	0.0			True
chr11	113730731	113731519	RBM7	0	ENCSR056HPM	1989	0.0	0.0			True
chr11	113730731	113731519	REXO2	0	ENCSR056HPM	1989	0.0	0.0			True
chr11	114384193	114384904	RBM7	0	ENCSR056HPM	1989	0.4137623572831836	0.0002481802075635642	0.0005998034030199051	9.733981132507324	False
chr11	118604494	118604994	HMBS	0	ENCSR056HPM	1989	0.0	0.0			True
chr11	118604494	118604994	RPS25	0	ENCSR056HPM	1989	0.0	0.0			True
chr11	118846196	118846696	ATP5MG	0	ENCSR056HPM	1989	0.0	0.0			True
chr11	118846196	118846696	HMBS	0	ENCSR056HPM	1989	0.0	0.0			True
chr11	118846196	118846696	RPS25	0	ENCSR056HPM	1989	0.0	0.0			True
chr11	118846196	118846696	TRAPPC4	0	ENCSR056HPM	1989	0.0	0.0			True
chr11	119062736	119063236	ATP5MG	0	ENCSR056HPM	1989	0.0	0.0			True
chr11	125532640	125533140	CHEK1	0	ENCSR056HPM	1989	0.0	0.0			True
chr11	125532640	125533140	FEZ1	1	ENCSR056HPM	1989	0.0	0.0			True
chr11	125532640	125533140	SRPRA	0	ENCSR056HPM	1989	0.0	0.0			True
chr11	125551610	125552466	EI24	1	ENCSR056HPM	1989	0.24672614314429092	8.868796430760995e-05	0.00035944912815466523	8.674540519714355	False
chr11	125551610	125552466	FEZ1	1	ENCSR056HPM	1989	0.0	0.0			True
chr11	125551610	125552466	ST3GAL4	0	ENCSR056HPM	1989	0.0	0.0			True
chr11	125551610	125552466	STT3A	0	ENCSR056HPM	1989	0.0	0.0			True
chr11	125551610	125552466	TBRG1	0	ENCSR056HPM	1989	0.0	0.0			True
chr11	125552655	125553360	EI24	1	ENCSR056HPM	1989	0.3636957748117796	0.00013073376612737775	0.00035944912815466523	8.674540519714355	False
chr11	125552655	125553360	TMEM218	0	ENCSR056HPM	1989	0.0	0.0			True
chr11	125553954	125554454	EI24	0	ENCSR056HPM	1989	0.6978894596680059	0.0002508627367205918	0.00035944912815466523	8.674540519714355	False
chr11	125553954	125554454	FEZ1	1	ENCSR056HPM	1989	0.0	0.0			True
chr11	134727229	134727729	THYN1	0	ENCSR056HPM	1989	0.0	0.0			True
chr12	666590	667895	WNK1	0	ENCSR056HPM	1989	0.0	0.0			True
chr12	4142807	4143307	NDUFA9	0	ENCSR056HPM	1989	0.0	0.0			True
chr12	4153227	4153980	NDUFA9	0	ENCSR056HPM	1989	0.0	0.0			True
chr12	6167553	6168243	CHD4	0	ENCSR056HPM	1989	0.0	0.0			True
chr12	6167553	6168243	PHB2	0	ENCSR056HPM	1989	0.0	0.0			True
chr12	6167553	6168243	PTMS	0	ENCSR056HPM	1989	0.0	0.0			True
chr12	6167553	6168243	TPI1	0	ENCSR056HPM	1989	0.0	0.0			True
chr12	6253214	6253714	CHD4	0	ENCSR056HPM	1989	0.0	0.0			True
chr12	6253214	6253714	MLF2	0	ENCSR056HPM	1989	0.0	0.0			True
chr12	6253214	6253714	TPI1	0	ENCSR056HPM	1989	0.0	0.0			True
chr12	6263899	6264399	MLF2	0	ENCSR056HPM	1989	0.0	0.0			True
chr12	6263899	6264399	MRPL51	0	ENCSR056HPM	1989	0.0	0.0			True
chr12	6263899	6264399	PHB2	0	ENCSR056HPM	1989	0.0	0.0			True
chr12	6263899	6264399	TPI1	0	ENCSR056HPM	1989	0.0	0.0			True
chr12	6284953	6285453	C12orf57	0	ENCSR056HPM	1989	0.0	0.0			True
chr12	6284953	6285453	CHD4	0	ENCSR056HPM	1989	0.0	0.0			True
chr12	6284953	6285453	EMG1	0	ENCSR056HPM	1989	0.0	0.0			True
chr12	6284953	6285453	MRPL51	0	ENCSR056HPM	1989	0.0	0.0			True
chr12	6284953	6285453	PHB2	0	ENCSR056HPM	1989	0.0	0.0			True
chr12	6284953	6285453	PTMS	0	ENCSR056HPM	1989	0.0	0.0			True
chr12	6430306	6430983	TPI1	0	ENCSR056HPM	1989	0.0	0.0			True
chr12	6612814	6613412	PHB2	0	ENCSR056HPM	1989	0.0	0.0			True
chr12	6613425	6614302	CHD4	1	ENCSR056HPM	1989	2.570574301932583	0.0006035836413502693	0.0002347949775867164	8.029890060424805	False
chr12	7242057	7243004	PHB2	0	ENCSR056HPM	1989	0.0	0.0			True
chr12	7292948	7294141	GAPDH	0	ENCSR056HPM	1989	0.0	0.0			True
chr12	7292948	7294141	MRPL51	0	ENCSR056HPM	1989	0.0	0.0			True
chr12	7302423	7303079	GAPDH	0	ENCSR056HPM	1989	0.0	0.0			True
chr12	7302423	7303079	MRPL51	0	ENCSR056HPM	1989	0.0	0.0			True
chr12	7302423	7303079	TPI1	0	ENCSR056HPM	1989	0.0	0.0			True
chr12	9764686	9765406	CD69	1	ENCSR056HPM	1989	6.50488941104889	0.003975118510425091	0.0006110870162956417	8.2616605758667	False
chr12	9797956	9798456	YBX3	0	ENCSR056HPM	1989	0.0	0.0			True
chr12	12353671	12354299	BORCS5	1	ENCSR056HPM	1989	1.5233287871334762	0.000876838166732341	0.0005755966412834823	8.838107109069824	False
chr12	12353671	12354299	MANSC1	1	ENCSR056HPM	1989	1.851807801566437	0.0012564640492200851	0.0006784967263229191	7.994106292724609	False
chr12	14257474	14258209	WBP11	0	ENCSR056HPM	1989	0.0	0.0			True
chr12	27859378	27860076	MRPS35	0	ENCSR056HPM	1989	0.0	0.0			True
chr12	32020294	32021404	SINHCAF	0	ENCSR056HPM	1989	0.0	0.0			True
chr12	33588022	33588689	SYT10	1	ENCSR056HPM	1989	0.0	0.0			True
chr12	48600923	48601423	TUBA1B	0	ENCSR056HPM	1989	0.0	0.0			True
chr12	49160042	49160874	TUBA1C	0	ENCSR056HPM	1989	0.28556495891530914	0.0001113864709623158	0.0003900465089827776	8.841708183288574	False
chr12	50039025	50039653	TMBIM6	0	ENCSR056HPM	1989	0.0	0.0			True
chr12	50901580	50902080	DAZAP2	0	ENCSR056HPM	1989	0.0	0.0			True
chr12	51326656	51327468	DAZAP2	0	ENCSR056HPM	1989	0.0	0.0			True
chr12	51885791	51886291	DAZAP2	0	ENCSR056HPM	1989	0.0	0.0			True
chr12	52662303	52663150	PCBP2	0	ENCSR056HPM	1989	0.0	0.0			True
chr12	52662303	52663150	PFDN5	0	ENCSR056HPM	1989	0.0	0.0			True
chr12	52662303	52663150	PRR13	0	ENCSR056HPM	1989	0.0	0.0			True
chr12	52874213	52874923	PCBP2	0	ENCSR056HPM	1989	0.0	0.0			True
chr12	52874213	52874923	PFDN5	0	ENCSR056HPM	1989	0.0	0.0			True
chr12	52992558	52994015	ATP5MC2	0	ENCSR056HPM	1989	0.0	0.0			True
chr12	52992558	52994015	PFDN5	0	ENCSR056HPM	1989	0.0	0.0			True
chr12	52992558	52994015	PRR13	0	ENCSR056HPM	1989	0.0	0.0			True
chr12	53365157	53365657	ATP5MC2	0	ENCSR056HPM	1989	0.0	0.0			True
chr12	53365157	53365657	HNRNPA1	0	ENCSR056HPM	1989	0.0	0.0			True
chr12	53365157	53365657	KRT18	0	ENCSR056HPM	1989	0.0	0.0			True
chr12	53365157	53365657	PCBP2	0	ENCSR056HPM	1989	0.0	0.0			True
chr12	53365157	53365657	PFDN5	0	ENCSR056HPM	1989	0.0	0.0			True
chr12	53365817	53366317	COPZ1	0	ENCSR056HPM	1989	0.0	0.0			True
chr12	53365817	53366317	HNRNPA1	0	ENCSR056HPM	1989	0.0	0.0			True
chr12	53365817	53366317	NFE2	0	ENCSR056HPM	1989	0.0	0.0			True
chr12	53365817	53366317	PCBP2	0	ENCSR056HPM	1989	0.0	0.0			True
chr12	53370654	53372050	ATP5MC2	0	ENCSR056HPM	1989	0.0	0.0			True
chr12	53370654	53372050	CBX5	0	ENCSR056HPM	1989	0.0	0.0			True
chr12	53370654	53372050	COPZ1	0	ENCSR056HPM	1989	0.0	0.0			True
chr12	53370654	53372050	HNRNPA1	0	ENCSR056HPM	1989	0.0	0.0			True
chr12	53370654	53372050	KRT18	0	ENCSR056HPM	1989	0.0	0.0			True
chr12	53370654	53372050	KRT8	0	ENCSR056HPM	1989	0.0	0.0			True
chr12	53370654	53372050	NFE2	0	ENCSR056HPM	1989	0.0	0.0			True
chr12	53370654	53372050	SMUG1	0	ENCSR056HPM	1989	0.0	0.0			True
chr12	53421211	53422003	EIF4B	0	ENCSR056HPM	1989	0.0	0.0			True
chr12	53421211	53422003	HNRNPA1	0	ENCSR056HPM	1989	0.0	0.0			True
chr12	53421211	53422003	KRT18	0	ENCSR056HPM	1989	0.0	0.0			True
chr12	53421211	53422003	SMUG1	0	ENCSR056HPM	1989	0.0	0.0			True
chr12	54935250	54935897	HNRNPA1	0	ENCSR056HPM	1989	0.0	0.0			True
chr12	54987842	54988835	CD63	0	ENCSR056HPM	1989	0.0	0.0			True
chr12	54987842	54988835	GTSF1	0	ENCSR056HPM	1989	0.0	0.0			True
chr12	54987842	54988835	NFE2	0	ENCSR056HPM	1989	0.0	0.0			True
chr12	55188906	55189406	MYL6	0	ENCSR056HPM	1989	0.0	0.0			True
chr12	55188906	55189406	RPL41	0	ENCSR056HPM	1989	0.0	0.0			True
chr12	56047044	56047544	ATP5F1B	0	ENCSR056HPM	1989	0.0	0.0			True
chr12	56047044	56047544	PTGES3	0	ENCSR056HPM	1989	0.0	0.0			True
chr12	56698763	56699706	ATP5F1B	0	ENCSR056HPM	1989	0.0	0.0			True
chr12	56698763	56699706	CD63	0	ENCSR056HPM	1989	0.0	0.0			True
chr12	56698763	56699706	DCTN2	0	ENCSR056HPM	1989	0.0	0.0			True
chr12	56698763	56699706	MYL6B	0	ENCSR056HPM	1989	0.0	0.0			True
chr12	56698763	56699706	RPL41	0	ENCSR056HPM	1989	0.0	0.0			True
chr12	56877920	56878420	NACA	0	ENCSR056HPM	1989	0.0	0.0			True
chr12	56877920	56878420	PA2G4	0	ENCSR056HPM	1989	0.0	0.0			True
chr12	56877920	56878420	PTGES3	0	ENCSR056HPM	1989	0.0	0.0			True
chr12	56877920	56878420	RPL41	0	ENCSR056HPM	1989	0.0	0.0			True
chr12	56877920	56878420	RPS26	0	ENCSR056HPM	1989	0.0	0.0			True
chr12	56987434	56988095	MYL6	0	ENCSR056HPM	1989	0.0	0.0			True
chr12	56987434	56988095	RPL41	0	ENCSR056HPM	1989	0.0	0.0			True
chr12	56987434	56988095	RPS26	0	ENCSR056HPM	1989	0.0	0.0			True
chr12	56988219	56988719	ATP5F1B	0	ENCSR056HPM	1989	0.0	0.0			True
chr12	56988219	56988719	CDK4	0	ENCSR056HPM	1989	0.0	0.0			True
chr12	56988219	56988719	CNPY2	0	ENCSR056HPM	1989	0.0	0.0			True
chr12	56988219	56988719	CS	0	ENCSR056HPM	1989	0.0	0.0			True
chr12	56988219	56988719	MYL6	0	ENCSR056HPM	1989	0.0	0.0			True
chr12	56988219	56988719	MYL6B	0	ENCSR056HPM	1989	0.0	0.0			True
chr12	56988219	56988719	NABP2	0	ENCSR056HPM	1989	0.0	0.0			True
chr12	56988219	56988719	NACA	0	ENCSR056HPM	1989	0.0	0.0			True
chr12	56988219	56988719	PA2G4	0	ENCSR056HPM	1989	0.0	0.0			True
chr12	56988219	56988719	RPL41	0	ENCSR056HPM	1989	0.0	0.0			True
chr12	56988219	56988719	RPS26	0	ENCSR056HPM	1989	0.0	0.0			True
chr12	56988219	56988719	TSFM	0	ENCSR056HPM	1989	0.0	0.0			True
chr12	56990940	56991999	ATP5F1B	0	ENCSR056HPM	1989	0.0	0.0			True
chr12	56990940	56991999	CNPY2	0	ENCSR056HPM	1989	0.0	0.0			True
chr12	56990940	56991999	CS	0	ENCSR056HPM	1989	0.0	0.0			True
chr12	56990940	56991999	MYL6	0	ENCSR056HPM	1989	0.0	0.0			True
chr12	56990940	56991999	NABP2	0	ENCSR056HPM	1989	0.0	0.0			True
chr12	56990940	56991999	NACA	0	ENCSR056HPM	1989	0.0	0.0			True
chr12	56990940	56991999	PA2G4	0	ENCSR056HPM	1989	0.0	0.0			True
chr12	56990940	56991999	PTGES3	0	ENCSR056HPM	1989	0.0	0.0			True
chr12	56990940	56991999	RPL41	0	ENCSR056HPM	1989	0.0	0.0			True
chr12	56990940	56991999	RPS26	0	ENCSR056HPM	1989	0.0	0.0			True
chr12	56990940	56991999	TSFM	0	ENCSR056HPM	1989	0.0	0.0			True
chr12	57861556	57862056	CDK4	0	ENCSR056HPM	1989	0.0	0.0			True
chr12	71752862	71753362	RAB21	1	ENCSR056HPM	1989	0.8892464956922326	0.00037920341128483415	0.0004264222807250917	8.754901885986328	False
chr12	76183266	76183927	OSBPL8	0	ENCSR056HPM	1989	0.0	0.0			True
chr12	76206579	76207335	NAP1L1	0	ENCSR056HPM	1989	0.0	0.0			True
chr12	92379026	92379526	NUDT4	0	ENCSR056HPM	1989	0.0	0.0			True
chr12	92394419	92395272	NUDT4	0	ENCSR056HPM	1989	0.0	0.0			True
chr12	93229177	93229886	UBE2N	0	ENCSR056HPM	1989	0.0	0.0			True
chr12	93302544	93303259	MRPL42	0	ENCSR056HPM	1989	0.0	0.0			True
chr12	93624907	93625577	NUDT4	0	ENCSR056HPM	1989	0.0	0.0			True
chr12	94100257	94100757	NDUFA12	0	ENCSR056HPM	1989	0.0	0.0			True
chr12	98399474	98399974	SLC25A3	0	ENCSR056HPM	1989	0.0	0.0			True
chr12	101855210	101856351	NUP37	0	ENCSR056HPM	1989	0.0	0.0			True
chr12	108090407	108090907	PWP1	0	ENCSR056HPM	1989	0.0	0.0			True
chr12	108117249	108117891	ISCU	0	ENCSR056HPM	1989	0.0	0.0			True
chr12	110093821	110094386	ARPC3	0	ENCSR056HPM	1989	0.0	0.0			True
chr12	110100126	110100903	ARPC3	0	ENCSR056HPM	1989	0.0	0.0			True
chr12	110100126	110100903	PPP1CC	0	ENCSR056HPM	1989	0.0	0.0			True
chr12	110100126	110100903	VPS29	0	ENCSR056HPM	1989	0.0	0.0			True
chr12	110118251	110118751	ARPC3	0	ENCSR056HPM	1989	0.0	0.0			True
chr12	110269527	110270944	MMAB	0	ENCSR056HPM	1989	0.0	0.0			True
chr12	110354069	110354569	ARPC3	0	ENCSR056HPM	1989	0.0	0.0			True
chr12	110760104	110760604	VPS29	0	ENCSR056HPM	1989	0.0	0.0			True
chr12	111635465	111636217	ERP29	0	ENCSR056HPM	1989	0.0	0.0			True
chr12	111635465	111636217	PPP1CC	0	ENCSR056HPM	1989	0.0	0.0			True
chr12	111635465	111636217	RPL6	0	ENCSR056HPM	1989	0.0	0.0			True
chr12	111636429	111637072	ERP29	0	ENCSR056HPM	1989	0.0	0.0			True
chr12	112114778	112115745	RPL6	0	ENCSR056HPM	1989	0.0	0.0			True
chr12	112386678	112387774	DDX54	0	ENCSR056HPM	1989	0.0	0.0			True
chr12	116360799	116361299	TESC	0	ENCSR056HPM	1989	0.0	0.0			True
chr12	118625219	118625841	PEBP1	0	ENCSR056HPM	1989	0.0	0.0			True
chr12	119901975	119902475	POP5	0	ENCSR056HPM	1989	0.0	0.0			True
chr12	119901975	119902475	RPLP0	0	ENCSR056HPM	1989	0.0	0.0			True
chr12	119901975	119902475	SRSF9	0	ENCSR056HPM	1989	0.0	0.0			True
chr12	120625573	120626234	COX6A1	0	ENCSR056HPM	1989	0.0	0.0			True
chr12	120625573	120626234	DYNLL1	0	ENCSR056HPM	1989	0.0	0.0			True
chr12	120625573	120626234	POP5	0	ENCSR056HPM	1989	0.0	0.0			True
chr12	120625573	120626234	RPLP0	0	ENCSR056HPM	1989	0.0	0.0			True
chr12	120625573	120626234	SRSF9	0	ENCSR056HPM	1989	0.0	0.0			True
chr12	120625573	120626234	TRIAP1	0	ENCSR056HPM	1989	0.0	0.0			True
chr12	121201921	121203473	ANAPC5	0	ENCSR056HPM	1989	0.0	0.0			True
chr12	121201921	121203473	COX6A1	0	ENCSR056HPM	1989	0.0	0.0			True
chr12	121624541	121625041	RSRC2	0	ENCSR056HPM	1989	0.0	0.0			True
chr12	124573746	124574246	TMED2	0	ENCSR056HPM	1989	0.0	0.0			True
chr12	124884566	124885309	UBC	0	ENCSR056HPM	1989	0.22689163179351776	1.3872588169761002e-05	6.113191193435341e-05	7.304401874542236	False
chr12	124887089	124887589	SCARB1	1	ENCSR056HPM	1989	1.6029781473473041	0.0004960279911756516	0.00030943151796236634	7.3570237159729	False
chr12	124887089	124887589	UBC	0	ENCSR056HPM	1989	0.16804584751910062	1.0274644409946632e-05	6.113191193435341e-05	7.304401874542236	False
chr12	124921043	124922503	UBC	0	ENCSR056HPM	1989	2.1470505759238363	0.00013127477723173797	6.113191193435341e-05	7.304401874542236	False
chr12	131231029	131232010	NOC4L	0	ENCSR056HPM	1989	0.0	0.0			True
chr12	131231029	131232010	RAN	0	ENCSR056HPM	1989	0.0	0.0			True
chr12	131239600	131240100	RAN	0	ENCSR056HPM	1989	0.0	0.0			True
chr12	131242858	131243358	RAN	0	ENCSR056HPM	1989	0.0	0.0			True
chr13	21243002	21243502	SAP18	0	ENCSR056HPM	1989	0.0	0.0			True
chr13	28611163	28612057	POLR1D	0	ENCSR056HPM	1989	0.0	0.0			True
chr13	49846517	49847017	EBPL	0	ENCSR056HPM	1989	0.0	0.0			True
chr13	74919835	74921427	COMMD6	0	ENCSR056HPM	1989	0.0	0.0			True
chr13	80359308	80360088	NDFIP2	0	ENCSR056HPM	1989	0.0	0.0			True
chr14	20482156	20482864	APEX1	0	ENCSR056HPM	1989	0.17087265736883317	4.19102179876063e-05	0.00024526164634153247	10.276446342468262	False
chr14	20482156	20482864	HNRNPC	0	ENCSR056HPM	1989	0.0	0.0			True
chr14	20482156	20482864	SUPT16H	0	ENCSR056HPM	1989	0.0	0.0			True
chr14	20490309	20491291	APEX1	0	ENCSR056HPM	1989	0.0	0.0			True
chr14	20490309	20491291	HNRNPC	0	ENCSR056HPM	1989	0.0	0.0			True
chr14	20490309	20491291	METTL17	0	ENCSR056HPM	1989	0.0	0.0			True
chr14	20578926	20579426	CCNB1IP1	0	ENCSR056HPM	1989	0.0	0.0			True
chr14	20578926	20579426	HNRNPC	0	ENCSR056HPM	1989	0.0	0.0			True
chr14	20820431	20821091	RNASE1	1	ENCSR056HPM	1989	2.4674634555336836	0.0011099022813141346	0.0004498050839174539	7.52103853225708	False
chr14	20820431	20821091	SUPT16H	0	ENCSR056HPM	1989	0.0	0.0			True
chr14	22337893	22338393	DAD1	0	ENCSR056HPM	1989	0.0	0.0			True
chr14	22337893	22338393	PSMB5	0	ENCSR056HPM	1989	0.0	0.0			True
chr14	22560754	22561361	C14orf119	0	ENCSR056HPM	1989	0.0	0.0			True
chr14	22560754	22561361	HOMEZ	0	ENCSR056HPM	1989	0.0	0.0			True
chr14	22560754	22561361	PABPN1	0	ENCSR056HPM	1989	0.0	0.0			True
chr14	22560754	22561361	PSMB5	0	ENCSR056HPM	1989	0.0	0.0			True
chr14	22614179	22614681	C14orf119	0	ENCSR056HPM	1989	0.0	0.0			True
chr14	22614179	22614681	MRPL52	0	ENCSR056HPM	1989	0.0	0.0			True
chr14	22671575	22672075	PSMB5	0	ENCSR056HPM	1989	0.0	0.0			True
chr14	22700080	22700580	ACIN1	0	ENCSR056HPM	1989	0.0	0.0			True
chr14	22700080	22700580	C14orf119	0	ENCSR056HPM	1989	0.0	0.0			True
chr14	22700080	22700580	DAD1	0	ENCSR056HPM	1989	0.0	0.0			True
chr14	22700080	22700580	PSMB5	0	ENCSR056HPM	1989	0.0	0.0			True
chr14	22865230	22866103	PSMB5	0	ENCSR056HPM	1989	0.0	0.0			True
chr14	23437919	23438538	NEDD8	0	ENCSR056HPM	1989	0.0	0.0			True
chr14	23437919	23438538	PSME1	0	ENCSR056HPM	1989	0.0	0.0			True
chr14	23437919	23438538	PSME2	0	ENCSR056HPM	1989	0.0	0.0			True
chr14	23453713	23454213	DAD1	0	ENCSR056HPM	1989	0.0	0.0			True
chr14	23453713	23454213	MRPL52	0	ENCSR056HPM	1989	0.0	0.0			True
chr14	23453713	23454213	PSME2	0	ENCSR056HPM	1989	0.0	0.0			True
chr14	23454416	23454916	MRPL52	0	ENCSR056HPM	1989	0.0	0.0			True
chr14	23454416	23454916	NEDD8	0	ENCSR056HPM	1989	0.0	0.0			True
chr14	23454416	23454916	PSMB5	0	ENCSR056HPM	1989	0.0	0.0			True
chr14	23454416	23454916	PSME1	0	ENCSR056HPM	1989	0.0	0.0			True
chr14	23694591	23695091	MRPL52	0	ENCSR056HPM	1989	0.0	0.0			True
chr14	23694591	23695091	NEDD8	0	ENCSR056HPM	1989	0.0	0.0			True
chr14	23694591	23695091	NGDN	0	ENCSR056HPM	1989	0.0	0.0			True
chr14	24274230	24274730	PSME1	0	ENCSR056HPM	1989	0.0	0.0			True
chr14	33811664	33813118	EAPP	0	ENCSR056HPM	1989	0.0	0.0			True
chr14	33811664	33813118	SNX6	0	ENCSR056HPM	1989	0.0	0.0			True
chr14	33811664	33813118	SPTSSA	0	ENCSR056HPM	1989	0.0	0.0			True
chr14	33915078	33915578	SPTSSA	0	ENCSR056HPM	1989	0.0	0.0			True
chr14	35359600	35360100	BAZ1A	0	ENCSR056HPM	1989	0.0	0.0			True
chr14	35365438	35366056	SNX6	0	ENCSR056HPM	1989	0.0	0.0			True
chr14	35365438	35366056	SPTSSA	0	ENCSR056HPM	1989	0.0	0.0			True
chr14	35376407	35377046	BAZ1A	0	ENCSR056HPM	1989	0.0	0.0			True
chr14	49858275	49858866	RPL36AL	0	ENCSR056HPM	1989	0.0	0.0			True
chr14	49858275	49858866	RPS29	0	ENCSR056HPM	1989	0.0	0.0			True
chr14	65107151	65107651	MAX	0	ENCSR056HPM	1989	1.6910935863450096	0.0005056857480667531	0.00029901883681304753	9.106256484985352	False
chr14	67416008	67416508	EIF2S1	0	ENCSR056HPM	1989	0.0	0.0			True
chr14	67416008	67416508	PIGH	0	ENCSR056HPM	1989	0.0	0.0			True
chr14	67416008	67416508	VTI1B	0	ENCSR056HPM	1989	0.0	0.0			True
chr14	67418854	67419354	PIGH	0	ENCSR056HPM	1989	0.0	0.0			True
chr14	67418854	67419354	VTI1B	0	ENCSR056HPM	1989	0.0	0.0			True
chr14	68747502	68749996	ERH	0	ENCSR056HPM	1989	0.0	0.0			True
chr14	68757442	68758205	ERH	0	ENCSR056HPM	1989	0.0	0.0			True
chr14	68757442	68758205	SRSF5	0	ENCSR056HPM	1989	0.0	0.0			True
chr14	68757442	68758205	ZFP36L1	0	ENCSR056HPM	1989	0.0	0.0			True
chr14	68762693	68763722	ERH	0	ENCSR056HPM	1989	0.0	0.0			True
chr14	68762693	68763722	SRSF5	0	ENCSR056HPM	1989	0.0	0.0			True
chr14	68814446	68815314	ERH	0	ENCSR056HPM	1989	0.0	0.0			True
chr14	68814446	68815314	SRSF5	0	ENCSR056HPM	1989	0.0	0.0			True
chr14	68816084	68817015	ERH	0	ENCSR056HPM	1989	0.0	0.0			True
chr14	68816084	68817015	SRSF5	0	ENCSR056HPM	1989	0.0	0.0			True
chr14	72907416	72908372	RBM25	0	ENCSR056HPM	1989	0.0	0.0			True
chr14	72924304	72924804	RBM25	0	ENCSR056HPM	1989	0.0	0.0			True
chr14	74927092	74927740	ACYP1	0	ENCSR056HPM	1989	0.0	0.0			True
chr14	75229644	75230244	ERG28	0	ENCSR056HPM	1989	0.0	0.0			True
chr14	75229644	75230244	NPC2	0	ENCSR056HPM	1989	0.0	0.0			True
chr14	75301750	75302250	NPC2	0	ENCSR056HPM	1989	0.0	0.0			True
chr14	76880307	76880807	SLIRP	0	ENCSR056HPM	1989	0.0	0.0			True
chr14	76956255	76957054	SNW1	0	ENCSR056HPM	1989	0.0	0.0			True
chr14	91267362	91267862	GPR68	1	ENCSR056HPM	1989	0.2867819363275597	0.00011447440192569047	0.0003991588018834591	7.475844383239746	False
chr14	95507155	95507655	PAPOLA	0	ENCSR056HPM	1989	0.0	0.0			True
chr14	96581033	96581533	PAPOLA	0	ENCSR056HPM	1989	0.0	0.0			True
chr14	96581033	96581533	VRK1	0	ENCSR056HPM	1989	0.0	0.0			True
chr14	100683517	100684667	WARS1	0	ENCSR056HPM	1989	0.0	0.0			True
chr14	100683517	100684667	YY1	0	ENCSR056HPM	1989	0.0	0.0			True
chr14	100755179	100756143	YY1	0	ENCSR056HPM	1989	0.0	0.0			True
chr14	100770440	100770940	DLK1	1	ENCSR056HPM	1989	0.0	0.0			True
chr14	100770440	100770940	MEG3	1	ENCSR056HPM	1989	2.1747046496901548	0.0003086201613768935	0.00014190359797794372	7.289661884307861	False
chr14	101360300	101360884	WARS1	0	ENCSR056HPM	1989	0.0	0.0			True
chr14	102570881	102571522	MARK3	0	ENCSR056HPM	1989	0.0	0.0			True
chr14	102590532	102591032	COA8	0	ENCSR056HPM	1989	0.0	0.0			True
chr14	103115097	103115597	COA8	0	ENCSR056HPM	1989	0.0	0.0			True
chr14	103115097	103115597	ATP5MJ	0	ENCSR056HPM	1989	0.0	0.0			True
chr14	103115097	103115597	HSP90AA1	0	ENCSR056HPM	1989	0.0	0.0			True
chr14	103116473	103117083	CKB	0	ENCSR056HPM	1989	0.0	0.0			True
chr14	103116473	103117083	HSP90AA1	0	ENCSR056HPM	1989	0.0	0.0			True
chr14	103118966	103119466	ATP5MJ	0	ENCSR056HPM	1989	0.0	0.0			True
chr14	103204831	103205651	ATP5MJ	0	ENCSR056HPM	1989	0.0	0.0			True
chr14	103309169	103309669	ATP5MJ	0	ENCSR056HPM	1989	0.0	0.0			True
chr14	103313559	103314059	ATP5MJ	0	ENCSR056HPM	1989	0.0	0.0			True
chr14	103313559	103314059	CKB	0	ENCSR056HPM	1989	0.0	0.0			True
chr14	103314489	103314989	COA8	0	ENCSR056HPM	1989	0.0	0.0			True
chr14	103314489	103314989	ATP5MJ	0	ENCSR056HPM	1989	0.0	0.0			True
chr14	103314489	103314989	CINP	0	ENCSR056HPM	1989	0.0	0.0			True
chr14	103314489	103314989	CKB	0	ENCSR056HPM	1989	0.0	0.0			True
chr14	103315200	103315700	ATP5MJ	0	ENCSR056HPM	1989	0.0	0.0			True
chr14	103360477	103360977	ATP5MJ	0	ENCSR056HPM	1989	0.0	0.0			True
chr14	103360477	103360977	CKB	0	ENCSR056HPM	1989	0.0	0.0			True
chr14	103360477	103360977	EIF5	0	ENCSR056HPM	1989	0.2882107905836187	7.005120278336108e-05	0.0002430454478599131	9.43372917175293	False
chr14	103360477	103360977	ZFYVE21	0	ENCSR056HPM	1989	0.0	0.0			True
chr14	103372535	103373035	EIF5	0	ENCSR056HPM	1989	0.0	0.0			True
chr14	103378033	103378533	COA8	0	ENCSR056HPM	1989	0.0	0.0			True
chr14	103378033	103378533	ATP5MJ	0	ENCSR056HPM	1989	0.0	0.0			True
chr15	34079861	34080361	EMC7	0	ENCSR056HPM	1989	0.2010221304939469	0.00012353929923847318	0.0006145457155071199	9.4158353805542	False
chr15	34708281	34708781	EMC4	0	ENCSR056HPM	1989	0.0	0.0			True
chr15	40080686	40081186	GCHFR	0	ENCSR056HPM	1989	0.0	0.0			True
chr15	43230535	43231035	SERF2	0	ENCSR056HPM	1989	0.0	0.0			True
chr15	44726554	44727467	PDIA3	0	ENCSR056HPM	1989	0.0	0.0			True
chr15	44783970	44785123	SORD	0	ENCSR056HPM	1989	0.0	0.0			True
chr15	44792522	44793217	B2M	0	ENCSR056HPM	1989	0.0	0.0			True
chr15	44820533	44821360	B2M	0	ENCSR056HPM	1989	0.0	0.0			True
chr15	44820533	44821360	EIF3J	0	ENCSR056HPM	1989	0.0	0.0			True
chr15	48696057	48696557	COPS2	0	ENCSR056HPM	1989	0.0	0.0			True
chr15	51652121	51652621	SCG3	1	ENCSR056HPM	1989	0.7341990568462636	0.0006401562714017928	0.0008719010511413217	8.056968688964844	False
chr15	57329523	57330459	ZNF280D	0	ENCSR056HPM	1989	0.0	0.0			True
chr15	57951020	57951862	SLTM	0	ENCSR056HPM	1989	0.0	0.0			True
chr15	63841840	63842554	RPS27L	0	ENCSR056HPM	1989	0.0	0.0			True
chr15	63892622	63893122	RPS27L	0	ENCSR056HPM	1989	0.0	0.0			True
chr15	65189094	65189594	SPG21	0	ENCSR056HPM	1989	0.0	0.0			True
chr15	66894319	66894819	RPL4	0	ENCSR056HPM	1989	0.0	0.0			True
chr15	67882872	67883837	CLN6	0	ENCSR056HPM	1989	0.0	0.0			True
chr15	67884443	67885164	ANP32A	0	ENCSR056HPM	1989	0.0	0.0			True
chr15	72237366	72237866	PKM	1	ENCSR056HPM	1989	4.491751322740353	0.0015447168843820691	0.00034389080246910453	9.018138885498047	False
chr15	74392412	74392912	COX5A	0	ENCSR056HPM	1989	0.0	0.0			True
chr15	74760120	74760790	COX5A	0	ENCSR056HPM	1989	0.0	0.0			True
chr15	74760120	74760790	IMP3	0	ENCSR056HPM	1989	0.0	0.0			True
chr15	75124807	75125734	COX5A	0	ENCSR056HPM	1989	0.0	0.0			True
chr15	75167474	75168177	COX5A	0	ENCSR056HPM	1989	0.0	0.0			True
chr15	75167474	75168177	IMP3	0	ENCSR056HPM	1989	0.0	0.0			True
chr15	75831413	75832596	COX5A	0	ENCSR056HPM	1989	0.0	0.0			True
chr15	75902047	75902664	COX5A	0	ENCSR056HPM	1989	0.0	0.0			True
chr15	78308337	78308837	PSMA4	0	ENCSR056HPM	1989	0.0	0.0			True
chr15	79178806	79179486	CTSH	0	ENCSR056HPM	1989	0.0	0.0			True
chr15	79178806	79179486	PSMA4	0	ENCSR056HPM	1989	0.0	0.0			True
chr15	79178806	79179486	TMED3	0	ENCSR056HPM	1989	0.0	0.0			True
chr15	79178806	79179486	ZFAND6	0	ENCSR056HPM	1989	0.0	0.0			True
chr15	84948374	84948874	SEC11A	0	ENCSR056HPM	1989	0.0	0.0			True
chr15	84949565	84951278	SEC11A	0	ENCSR056HPM	1989	0.0	0.0			True
chr15	84960502	84961476	SEC11A	0	ENCSR056HPM	1989	0.0	0.0			True
chr15	85188003	85188503	SEC11A	0	ENCSR056HPM	1989	0.0	0.0			True
chr15	89226566	89227066	IDH2	0	ENCSR056HPM	1989	0.0	0.0			True
chr15	90834571	90835071	CIB1	0	ENCSR056HPM	1989	0.0	0.0			True
chr15	90834571	90835071	IDH2	0	ENCSR056HPM	1989	0.0	0.0			True
chr15	90859162	90860275	CIB1	0	ENCSR056HPM	1989	0.0	0.0			True
chr16	142952	143452	FAM173A	0	ENCSR056HPM	1989					False
chr16	142952	143452	HBQ1	0	ENCSR056HPM	1989	0.0	0.0			True
chr16	142952	143452	HBZ	1	ENCSR056HPM	1989	0.9295922376331512	0.000586623908020556	0.0006310450844466686	9.087535858154297	False
chr16	142952	143452	MCRIP2	0	ENCSR056HPM	1989	0.0	0.0			True
chr16	142952	143452	METTL26	0	ENCSR056HPM	1989	0.0	0.0			True
chr16	142952	143452	MPG	0	ENCSR056HPM	1989	0.0	0.0			True
chr16	142952	143452	MRPL28	0	ENCSR056HPM	1989	0.0	0.0			True
chr16	142952	143452	NME4	0	ENCSR056HPM	1989	0.0	0.0			True
chr16	144736	145236	HBA1	0	ENCSR056HPM	1989	0.23194322378012572	0.000139733892865479	0.0006024386966601014	9.107610702514648	False
chr16	144736	145236	HBQ1	0	ENCSR056HPM	1989	0.0	0.0			True
chr16	144736	145236	HBZ	1	ENCSR056HPM	1989	1.1621598777757156	0.0007333868998102844	0.0006310450844466686	9.087535858154297	False
chr16	144736	145236	MCRIP2	0	ENCSR056HPM	1989	0.0	0.0			True
chr16	144736	145236	MRPL28	0	ENCSR056HPM	1989	0.0	0.0			True
chr16	144736	145236	NME4	0	ENCSR056HPM	1989	0.0	0.0			True
chr16	144736	145236	POLR3K	0	ENCSR056HPM	1989	0.0	0.0			True
chr16	144736	145236	SNRNP25	0	ENCSR056HPM	1989	0.0	0.0			True
chr16	1923418	1923918	ELOB	0	ENCSR056HPM	1989	0.0	0.0			True
chr16	1923418	1923918	NDUFB10	0	ENCSR056HPM	1989	0.0	0.0			True
chr16	1923418	1923918	PRSS21	0	ENCSR056HPM	1989	0.0	0.0			True
chr16	1923418	1923918	RNPS1	0	ENCSR056HPM	1989	0.0	0.0			True
chr16	1923418	1923918	RPS2	0	ENCSR056HPM	1989	0.0	0.0			True
chr16	1923418	1923918	TSR3	0	ENCSR056HPM	1989	0.0	0.0			True
chr16	2022546	2023904	ELOB	0	ENCSR056HPM	1989	0.0	0.0			True
chr16	2022546	2023904	HAGH	0	ENCSR056HPM	1989	0.0	0.0			True
chr16	2022546	2023904	MSRB1	0	ENCSR056HPM	1989	0.0	0.0			True
chr16	2022546	2023904	NME3	0	ENCSR056HPM	1989	0.0	0.0			True
chr16	2022546	2023904	PGP	0	ENCSR056HPM	1989	0.0	0.0			True
chr16	2022546	2023904	SRRM2	0	ENCSR056HPM	1989	0.0	0.0			True
chr16	2022546	2023904	UBE2I	0	ENCSR056HPM	1989	0.0	0.0			True
chr16	2679823	2680323	ECI1	0	ENCSR056HPM	1989	0.0	0.0			True
chr16	2679823	2680323	MLST8	0	ENCSR056HPM	1989	0.0	0.0			True
chr16	2679823	2680323	MRPS34	0	ENCSR056HPM	1989	0.0	0.0			True
chr16	2679823	2680323	MSRB1	0	ENCSR056HPM	1989	0.0	0.0			True
chr16	2679823	2680323	RPS2	0	ENCSR056HPM	1989	0.0	0.0			True
chr16	3151957	3153231	ECI1	0	ENCSR056HPM	1989	0.0	0.0			True
chr16	3151957	3153231	FLYWCH2	0	ENCSR056HPM	1989	0.0	0.0			True
chr16	3151957	3153231	MLST8	0	ENCSR056HPM	1989	0.0	0.0			True
chr16	3151957	3153231	PRSS21	0	ENCSR056HPM	1989	0.0	0.0			True
chr16	3151957	3153231	RNPS1	0	ENCSR056HPM	1989	0.0	0.0			True
chr16	3151957	3153231	SRRM2	0	ENCSR056HPM	1989	0.0	0.0			True
chr16	8087883	8088383	CARHSP1	0	ENCSR056HPM	1989	0.0	0.0			True
chr16	8108831	8109331	CARHSP1	0	ENCSR056HPM	1989	0.0	0.0			True
chr16	8109891	8111276	CARHSP1	0	ENCSR056HPM	1989	0.0	0.0			True
chr16	8991683	8992403	CARHSP1	0	ENCSR056HPM	1989	0.0	0.0			True
chr16	9047724	9048224	CARHSP1	0	ENCSR056HPM	1989	0.0	0.0			True
chr16	9127474	9127974	CARHSP1	0	ENCSR056HPM	1989	0.0	0.0			True
chr16	10323027	10323527	DEXI	0	ENCSR056HPM	1989	0.0	0.0			True
chr16	10500959	10501556	DEXI	0	ENCSR056HPM	1989	0.0	0.0			True
chr16	10500959	10501556	NUBP1	0	ENCSR056HPM	1989	0.0	0.0			True
chr16	10500959	10501556	RMI2	0	ENCSR056HPM	1989	0.0	0.0			True
chr16	11231111	11231611	RSL1D1	0	ENCSR056HPM	1989	0.0	0.0			True
chr16	11231111	11231611	SOCS1	1	ENCSR056HPM	1989	0.2728773955490212	0.00011593784438446164	0.0004248615587130189	9.60268497467041	False
chr16	11233038	11233538	GSPT1	0	ENCSR056HPM	1989	0.0	0.0			True
chr16	11233038	11233538	RSL1D1	0	ENCSR056HPM	1989	0.0	0.0			True
chr16	11233038	11233538	SOCS1	1	ENCSR056HPM	1989	1.7127477340497865	0.0007276977994479239	0.0004248615587130189	9.60268497467041	False
chr16	11234006	11234506	GSPT1	0	ENCSR056HPM	1989	0.0	0.0			True
chr16	11234006	11234506	RSL1D1	0	ENCSR056HPM	1989	0.0	0.0			True
chr16	11238125	11238991	RSL1D1	0	ENCSR056HPM	1989	0.0	0.0			True
chr16	18945906	18946622	KNOP1	0	ENCSR056HPM	1989	0.0	0.0			True
chr16	18945906	18946622	RPS15A	0	ENCSR056HPM	1989	0.0	0.0			True
chr16	23274936	23275436	NDUFAB1	0	ENCSR056HPM	1989	0.0	0.0			True
chr16	23274936	23275436	PRKCB	0	ENCSR056HPM	1989	0.0	0.0			True
chr16	23727675	23728175	NDUFAB1	0	ENCSR056HPM	1989	0.0	0.0			True
chr16	23784725	23785225	NDUFAB1	0	ENCSR056HPM	1989	0.0	0.0			True
chr16	23784725	23785225	PLK1	0	ENCSR056HPM	1989	0.0	0.0			True
chr16	23784725	23785225	RBBP6	0	ENCSR056HPM	1989	0.0	0.0			True
chr16	23784725	23785225	UBFD1	0	ENCSR056HPM	1989	0.0	0.0			True
chr16	23803436	23804335	NDUFAB1	0	ENCSR056HPM	1989	0.0	0.0			True
chr16	23821649	23822380	NDUFAB1	0	ENCSR056HPM	1989	0.0	0.0			True
chr16	23821649	23822380	UBFD1	0	ENCSR056HPM	1989	0.0	0.0			True
chr16	24462945	24463826	NDUFAB1	0	ENCSR056HPM	1989	0.0	0.0			True
chr16	28070527	28071027	TUFM	0	ENCSR056HPM	1989	0.0	0.0			True
chr16	29007905	29008405	QPRT	0	ENCSR056HPM	1989	0.0	0.0			True
chr16	29020654	29021154	TUFM	0	ENCSR056HPM	1989	0.0	0.0			True
chr16	29028930	29029716	TMEM219	0	ENCSR056HPM	1989	0.0	0.0			True
chr16	29654824	29655324	PPP4C	0	ENCSR056HPM	1989	0.0	0.0			True
chr16	29654824	29655324	SPN	1	ENCSR056HPM	1989	2.140142348192781	0.0005898359813727438	0.0002755959576461464	9.483878135681152	False
chr16	29654824	29655324	TMEM219	0	ENCSR056HPM	1989	0.0	0.0			True
chr16	29654824	29655324	TUFM	0	ENCSR056HPM	1989	0.0	0.0			True
chr16	29700432	29700932	PPP4C	0	ENCSR056HPM	1989	0.0	0.0			True
chr16	29700432	29700932	SPNS1	0	ENCSR056HPM	1989	0.0	0.0			True
chr16	29700432	29700932	TUFM	0	ENCSR056HPM	1989	0.0	0.0			True
chr16	30628676	30629176	ALDOA	0	ENCSR056HPM	1989	0.0	0.0			True
chr16	30628676	30629176	CD2BP2	0	ENCSR056HPM	1989	0.0	0.0			True
chr16	30628676	30629176	FUS	0	ENCSR056HPM	1989	0.0	0.0			True
chr16	30628676	30629176	INO80E	0	ENCSR056HPM	1989	0.0	0.0			True
chr16	30628676	30629176	KIF22	0	ENCSR056HPM	1989	0.0	0.0			True
chr16	30628676	30629176	PPP4C	0	ENCSR056HPM	1989	0.0	0.0			True
chr16	30628676	30629176	QPRT	0	ENCSR056HPM	1989	0.0	0.0			True
chr16	30628676	30629176	SPN	0	ENCSR056HPM	1989	0.0	0.0			True
chr16	30628676	30629176	TMEM219	0	ENCSR056HPM	1989	0.0	0.0			True
chr16	30814215	30814817	ALDOA	0	ENCSR056HPM	1989	0.0	0.0			True
chr16	30814215	30814817	PPP4C	0	ENCSR056HPM	1989	0.0	0.0			True
chr16	31159593	31160093	FUS	0	ENCSR056HPM	1989	0.22287990699350904	3.913099499186501e-05	0.00017555986414663494	8.716365814208984	False
chr16	31243999	31244499	FUS	0	ENCSR056HPM	1989	0.0	0.0			True
chr16	31253589	31254089	BCL7C	0	ENCSR056HPM	1989	0.0	0.0			True
chr16	31253589	31254089	FUS	0	ENCSR056HPM	1989	0.0	0.0			True
chr16	31535673	31536173	BCL7C	0	ENCSR056HPM	1989	0.0	0.0			True
chr16	31535673	31536173	FUS	0	ENCSR056HPM	1989	0.0	0.0			True
chr16	55257883	55258383	CRNDE	0	ENCSR056HPM	1989	0.0	0.0			True
chr16	65767025	65767525	CKLF	0	ENCSR056HPM	1989	0.0	0.0			True
chr16	65975030	65975530	CIAO2B	0	ENCSR056HPM	1989	0.0	0.0			True
chr16	66315171	66315671	CIAO2B	0	ENCSR056HPM	1989	0.0	0.0			True
chr16	66315171	66315671	NAE1	0	ENCSR056HPM	1989	0.0	0.0			True
chr16	66315171	66315671	TMEM208	0	ENCSR056HPM	1989	0.0	0.0			True
chr16	66900493	66900993	CBFB	0	ENCSR056HPM	1989	0.0	0.0			True
chr16	67514292	67514792	CIAO2B	0	ENCSR056HPM	1989	0.0	0.0			True
chr16	67514292	67514792	NAE1	0	ENCSR056HPM	1989	0.0	0.0			True
chr16	67514292	67514792	TMEM208	0	ENCSR056HPM	1989	0.0	0.0			True
chr16	67984720	67985362	CTCF	0	ENCSR056HPM	1989	0.0	0.0			True
chr16	67984720	67985362	E2F4	0	ENCSR056HPM	1989	0.0	0.0			True
chr16	67984720	67985362	NFATC3	0	ENCSR056HPM	1989	0.0	0.0			True
chr16	67984720	67985362	NUTF2	0	ENCSR056HPM	1989	0.0	0.0			True
chr16	67984720	67985362	TMEM208	0	ENCSR056HPM	1989	0.0	0.0			True
chr16	67984720	67985362	TRADD	0	ENCSR056HPM	1989	0.0	0.0			True
chr16	68724717	68725217	CYB5B	0	ENCSR056HPM	1989	0.0	0.0			True
chr16	68724717	68725217	NIP7	0	ENCSR056HPM	1989	0.0	0.0			True
chr16	68724717	68725217	NUTF2	0	ENCSR056HPM	1989	0.0	0.0			True
chr16	69529527	69530027	CHTF8	0	ENCSR056HPM	1989	0.0	0.0			True
chr16	81405660	81406160	CMC2	0	ENCSR056HPM	1989	0.0	0.0			True
chr16	81405660	81406160	GCSH	0	ENCSR056HPM	1989	0.0	0.0			True
chr16	81718861	81719361	GCSH	0	ENCSR056HPM	1989	0.0	0.0			True
chr16	84952138	84953173	COX4I1	0	ENCSR056HPM	1989	0.0	0.0			True
chr16	87871503	87872003	CDT1	0	ENCSR056HPM	1989	0.0	0.0			True
chr16	87871503	87872003	CYBA	0	ENCSR056HPM	1989	0.0	0.0			True
chr16	87871503	87872003	RNF166	0	ENCSR056HPM	1989	0.0	0.0			True
chr16	88333031	88333814	APRT	0	ENCSR056HPM	1989	0.0	0.0			True
chr16	88333031	88333814	CDT1	0	ENCSR056HPM	1989	0.0	0.0			True
chr16	88333031	88333814	CYBA	0	ENCSR056HPM	1989	0.0	0.0			True
chr16	88333031	88333814	MAP1LC3B	0	ENCSR056HPM	1989	0.0	0.0			True
chr16	88799037	88799537	CYBA	0	ENCSR056HPM	1989	0.0	0.0			True
chr16	88799037	88799537	RPL13	0	ENCSR056HPM	1989	0.0	0.0			True
chr16	88978424	88979804	ANKRD11	0	ENCSR056HPM	1989	0.0	0.0			True
chr16	88978424	88979804	CYBA	0	ENCSR056HPM	1989	0.0	0.0			True
chr16	88978424	88979804	RPL13	0	ENCSR056HPM	1989	0.0	0.0			True
chr16	88978424	88979804	TCF25	0	ENCSR056HPM	1989	0.0	0.0			True
chr16	89025893	89026661	RPL13	0	ENCSR056HPM	1989	0.0	0.0			True
chr16	89240597	89241689	APRT	0	ENCSR056HPM	1989	0.0	0.0			True
chr16	89240597	89241689	CDT1	0	ENCSR056HPM	1989	0.0	0.0			True
chr16	89240597	89241689	DEF8	0	ENCSR056HPM	1989	0.0	0.0			True
chr16	89240597	89241689	RNF166	0	ENCSR056HPM	1989	0.0	0.0			True
chr17	1321980	1322935	TIMM22	0	ENCSR056HPM	1989	0.0	0.0			True
chr17	1321980	1322935	YWHAE	0	ENCSR056HPM	1989	0.0	0.0			True
chr17	1331562	1332062	PRPF8	0	ENCSR056HPM	1989	0.0	0.0			True
chr17	3918262	3918891	PSMB6	0	ENCSR056HPM	1989	0.0	0.0			True
chr17	3969074	3969574	EMC6	0	ENCSR056HPM	1989	0.0	0.0			True
chr17	3969074	3969574	ITGAE	0	ENCSR056HPM	1989	0.0	0.0			True
chr17	3969074	3969574	PSMB6	0	ENCSR056HPM	1989	0.0	0.0			True
chr17	4002173	4002751	PFN1	0	ENCSR056HPM	1989	0.0	0.0			True
chr17	4660447	4660947	PFN1	0	ENCSR056HPM	1989	0.0	0.0			True
chr17	6575183	6575918	CTDNEP1	0	ENCSR056HPM	1989	0.0	0.0			True
chr17	8192076	8192882	EIF4A1	0	ENCSR056HPM	1989	0.0	0.0			True
chr17	8192076	8192882	EIF5A	0	ENCSR056HPM	1989	0.0	0.0			True
chr17	8192076	8192882	RPL26	0	ENCSR056HPM	1989	0.0	0.0			True
chr17	8192076	8192882	TRAPPC1	0	ENCSR056HPM	1989	0.0	0.0			True
chr17	8192076	8192882	VAMP2	0	ENCSR056HPM	1989	0.2201217710833794	6.242494418984279e-05	0.00028358277631923556	8.455988883972168	False
chr17	8304029	8304948	EIF4A1	0	ENCSR056HPM	1989	0.0	0.0			True
chr17	8304029	8304948	EIF5A	0	ENCSR056HPM	1989	0.0	0.0			True
chr17	8304029	8304948	RPL26	0	ENCSR056HPM	1989	0.0	0.0			True
chr17	8386790	8387290	RPL26	0	ENCSR056HPM	1989	1.065741382391571	0.00014369450218509883	0.00013482055510394275	9.695363998413086	False
chr17	16395791	16396291	UBB	0	ENCSR056HPM	1989	0.5646313753339596	0.00011723999341484159	0.0002076298842439428	8.973313331604004	False
chr17	16516490	16516990	CENPV	0	ENCSR056HPM	1989	0.0	0.0			True
chr17	17354859	17355359	COPS3	0	ENCSR056HPM	1989	0.0	0.0			True
chr17	17354859	17355359	UBB	0	ENCSR056HPM	1989	0.0	0.0			True
chr17	27106382	27107794	WSB1	0	ENCSR056HPM	1989	0.0	0.0			True
chr17	27356048	27356712	IFT20	0	ENCSR056HPM	1989	0.0	0.0			True
chr17	27986710	27987338	RPL23A	0	ENCSR056HPM	1989	0.0	0.0			True
chr17	28028967	28029467	POLDIP2	0	ENCSR056HPM	1989	0.0	0.0			True
chr17	28028967	28029467	RPL23A	0	ENCSR056HPM	1989	0.0	0.0			True
chr17	28028967	28029467	TMEM97	0	ENCSR056HPM	1989	0.0	0.0			True
chr17	28028967	28029467	TRAF4	0	ENCSR056HPM	1989	0.0	0.0			True
chr17	28033833	28035022	RPL23A	0	ENCSR056HPM	1989	0.0	0.0			True
chr17	28033833	28035022	TRAF4	0	ENCSR056HPM	1989	0.0	0.0			True
chr17	28865135	28865635	POLDIP2	0	ENCSR056HPM	1989	0.0	0.0			True
chr17	28865135	28865635	RPL23A	0	ENCSR056HPM	1989	0.0	0.0			True
chr17	28872623	28873523	POLDIP2	0	ENCSR056HPM	1989	0.0	0.0			True
chr17	28872623	28873523	SDF2	0	ENCSR056HPM	1989	0.0	0.0			True
chr17	28872623	28873523	TMEM97	0	ENCSR056HPM	1989	0.0	0.0			True
chr17	29237245	29237745	RPL23A	0	ENCSR056HPM	1989	0.0	0.0			True
chr17	29237245	29237745	TMEM97	0	ENCSR056HPM	1989	0.0	0.0			True
chr17	29243683	29244183	RPL23A	0	ENCSR056HPM	1989	0.0	0.0			True
chr17	31802508	31803008	COPRS	0	ENCSR056HPM	1989	0.0	0.0			True
chr17	31802508	31803008	SUZ12	0	ENCSR056HPM	1989	0.0	0.0			True
chr17	32893927	32894699	PSMD11	0	ENCSR056HPM	1989	0.0	0.0			True
chr17	32893927	32894699	SUZ12	0	ENCSR056HPM	1989	0.0	0.0			True
chr17	32893927	32894699	ZNF207	0	ENCSR056HPM	1989	0.0	0.0			True
chr17	32896587	32897843	PSMD11	0	ENCSR056HPM	1989	0.0	0.0			True
chr17	32896587	32897843	SUZ12	0	ENCSR056HPM	1989	0.0	0.0			True
chr17	32896587	32897843	ZNF207	0	ENCSR056HPM	1989	0.0	0.0			True
chr17	32909833	32910333	PSMD11	0	ENCSR056HPM	1989	0.0	0.0			True
chr17	32909833	32910333	ZNF207	0	ENCSR056HPM	1989	0.0	0.0			True
chr17	32910697	32911197	SUZ12	0	ENCSR056HPM	1989	0.0	0.0			True
chr17	32910697	32911197	ZNF207	0	ENCSR056HPM	1989	0.0	0.0			True
chr17	32911882	32912998	PSMD11	0	ENCSR056HPM	1989	0.0	0.0			True
chr17	32911882	32912998	SUZ12	0	ENCSR056HPM	1989	0.0	0.0			True
chr17	32911882	32912998	ZNF207	0	ENCSR056HPM	1989	0.0	0.0			True
chr17	32962150	32962879	ZNF207	0	ENCSR056HPM	1989	0.0	0.0			True
chr17	38867260	38868514	MIEN1	0	ENCSR056HPM	1989	0.0	0.0			True
chr17	38867260	38868514	RPL19	0	ENCSR056HPM	1989	0.0	0.0			True
chr17	39001613	39002808	MIEN1	0	ENCSR056HPM	1989	0.0	0.0			True
chr17	39001613	39002808	RPL19	0	ENCSR056HPM	1989	0.0	0.0			True
chr17	39014424	39014924	CDK12	0	ENCSR056HPM	1989	0.0	0.0			True
chr17	39014424	39014924	MIEN1	0	ENCSR056HPM	1989	0.0	0.0			True
chr17	39014424	39014924	RPL19	0	ENCSR056HPM	1989	0.0	0.0			True
chr17	39014424	39014924	RPL23	0	ENCSR056HPM	1989	0.0	0.0			True
chr17	40005478	40005978	KRT10	0	ENCSR056HPM	1989	0.0	0.0			True
chr17	40005478	40005978	PSMD3	0	ENCSR056HPM	1989	0.23944152308600328	4.3853913666680455e-05	0.00018314082990400493	9.943605422973633	False
chr17	40005478	40005978	TMEM99	0	ENCSR056HPM	1989					False
chr17	40111349	40112094	CDK12	0	ENCSR056HPM	1989	0.0	0.0			True
chr17	40111349	40112094	MIEN1	0	ENCSR056HPM	1989	0.0	0.0			True
chr17	40111349	40112094	RPL19	0	ENCSR056HPM	1989	0.0	0.0			True
chr17	40111349	40112094	SMARCE1	0	ENCSR056HPM	1989	0.0	0.0			True
chr17	40533241	40534063	KRT10	0	ENCSR056HPM	1989	0.0	0.0			True
chr17	40533241	40534063	MIEN1	0	ENCSR056HPM	1989	0.0	0.0			True
chr17	40533241	40534063	PSMD3	0	ENCSR056HPM	1989	0.0	0.0			True
chr17	40533241	40534063	STARD3	0	ENCSR056HPM	1989	0.0	0.0			True
chr17	40535942	40536820	KRT19	0	ENCSR056HPM	1989	0.0	0.0			True
chr17	40535942	40536820	MIEN1	0	ENCSR056HPM	1989	0.0	0.0			True
chr17	40535942	40536820	TMEM99	0	ENCSR056HPM	1989					False
chr17	40816451	40817141	KRT10	1	ENCSR056HPM	1989	0.7510829959356552	0.00033760175574570894	0.0004494766180869192	7.51685094833374	False
chr17	40844526	40845370	PSMD3	0	ENCSR056HPM	1989	0.0	0.0			True
chr17	41530112	41531001	DNAJC7	0	ENCSR056HPM	1989	0.0	0.0			True
chr17	41530112	41531001	EIF1	0	ENCSR056HPM	1989	0.0	0.0			True
chr17	41530112	41531001	KRT10	0	ENCSR056HPM	1989	0.0	0.0			True
chr17	41530112	41531001	NT5C3B	0	ENCSR056HPM	1989	0.0	0.0			True
chr17	41530112	41531001	RAB5C	0	ENCSR056HPM	1989	0.0	0.0			True
chr17	41530112	41531001	STAT3	0	ENCSR056HPM	1989	0.0	0.0			True
chr17	41547888	41548388	EIF1	0	ENCSR056HPM	1989	0.0	0.0			True
chr17	41547888	41548388	STAT5A	0	ENCSR056HPM	1989	0.0	0.0			True
chr17	41547888	41548388	TMEM99	0	ENCSR056HPM	1989					False
chr17	41678231	41678731	DNAJC7	0	ENCSR056HPM	1989	0.0	0.0			True
chr17	41678231	41678731	EIF1	0	ENCSR056HPM	1989	0.8462841977606675	0.00010175289935432374	0.00012022490409435704	10.345803260803223	False
chr17	41678231	41678731	RAB5C	0	ENCSR056HPM	1989	0.0	0.0			True
chr17	41678231	41678731	TUBG1	0	ENCSR056HPM	1989	0.0	0.0			True
chr17	41697198	41697698	EIF1	0	ENCSR056HPM	1989	0.9036390739608617	0.00010864895739359781	0.00012022490409435704	10.345803260803223	False
chr17	41792441	41793544	EIF1	0	ENCSR056HPM	1989	0.0	0.0			True
chr17	41792441	41793544	KRT19	0	ENCSR056HPM	1989	0.0	0.0			True
chr17	41792441	41793544	VPS25	0	ENCSR056HPM	1989	0.0	0.0			True
chr17	42624116	42624616	COASY	0	ENCSR056HPM	1989	0.0	0.0			True
chr17	42624116	42624616	DNAJC7	0	ENCSR056HPM	1989	0.0	0.0			True
chr17	42624116	42624616	EIF1	0	ENCSR056HPM	1989	0.0	0.0			True
chr17	42624116	42624616	NT5C3B	0	ENCSR056HPM	1989	0.0	0.0			True
chr17	42624116	42624616	RPL27	0	ENCSR056HPM	1989	0.0	0.0			True
chr17	42624116	42624616	TUBG1	1	ENCSR056HPM	1989	1.0700868969103787	0.00028972516884095967	0.00027073919773101807	9.806941032409668	False
chr17	42624116	42624616	VPS25	0	ENCSR056HPM	1989	0.0	0.0			True
chr17	42626241	42626741	DNAJC7	0	ENCSR056HPM	1989	0.0	0.0			True
chr17	42626241	42626741	EIF1	0	ENCSR056HPM	1989	0.0	0.0			True
chr17	42629599	42630099	RAB5C	0	ENCSR056HPM	1989	0.0	0.0			True
chr17	42629599	42630099	RPL27	0	ENCSR056HPM	1989	0.0	0.0			True
chr17	42632927	42633427	COA3	0	ENCSR056HPM	1989	0.0	0.0			True
chr17	42632927	42633427	EIF1	0	ENCSR056HPM	1989	0.0	0.0			True
chr17	42632927	42633427	NKIRAS2	0	ENCSR056HPM	1989	0.0	0.0			True
chr17	42632927	42633427	PSME3	0	ENCSR056HPM	1989	0.0	0.0			True
chr17	42632927	42633427	RAB5C	0	ENCSR056HPM	1989	0.0	0.0			True
chr17	42632927	42633427	RPL27	0	ENCSR056HPM	1989	0.0	0.0			True
chr17	42632927	42633427	STAT3	0	ENCSR056HPM	1989	0.0	0.0			True
chr17	42632927	42633427	TUBG1	0	ENCSR056HPM	1989	0.5816125100040814	0.00015747112047392875	0.00027073919773101807	9.806941032409668	False
chr17	42632927	42633427	VPS25	0	ENCSR056HPM	1989	0.0	0.0			True
chr17	42928659	42929614	COA3	0	ENCSR056HPM	1989	0.0	0.0			True
chr17	42928659	42929614	DNAJC7	0	ENCSR056HPM	1989	0.0	0.0			True
chr17	42928659	42929614	RAB5C	0	ENCSR056HPM	1989	0.0	0.0			True
chr17	43315445	43316305	RPL27	0	ENCSR056HPM	1989	0.0	0.0			True
chr17	44132050	44132708	LINC00910	0	ENCSR056HPM	1989	0.0	0.0			True
chr17	44132050	44132708	SLC25A39	0	ENCSR056HPM	1989	0.0	0.0			True
chr17	44138037	44138537	NMT1	0	ENCSR056HPM	1989	0.0	0.0			True
chr17	44138037	44138537	SLC25A39	0	ENCSR056HPM	1989	0.0	0.0			True
chr17	44245227	44246503	SLC25A39	0	ENCSR056HPM	1989	0.0	0.0			True
chr17	44281453	44282034	LSM12	0	ENCSR056HPM	1989	0.0	0.0			True
chr17	44288325	44288825	GPATCH8	0	ENCSR056HPM	1989	0.0	0.0			True
chr17	44288325	44288825	UBTF	1	ENCSR056HPM	1989	0.0	0.0			True
chr17	44326738	44327238	SLC25A39	1	ENCSR056HPM	1989	3.9292484692584373	0.0014934196369722486	0.0003800676786340773	9.527424812316895	False
chr17	44393252	44394081	SLC25A39	0	ENCSR056HPM	1989	0.0	0.0			True
chr17	44523097	44523597	LSM12	0	ENCSR056HPM	1989	0.0	0.0			True
chr17	44523097	44523597	SLC25A39	0	ENCSR056HPM	1989	0.0	0.0			True
chr17	45320848	45321348	SLC25A39	0	ENCSR056HPM	1989	0.0	0.0			True
chr17	47239945	47240445	MYL4	0	ENCSR056HPM	1989	0.0	0.0			True
chr17	47240771	47241271	KPNB1	0	ENCSR056HPM	1989	0.0	0.0			True
chr17	47719374	47719874	NPEPPS	0	ENCSR056HPM	1989	0.0	0.0			True
chr17	47877451	47878055	HOXB9	0	ENCSR056HPM	1989	0.0	0.0			True
chr17	48002464	48002964	MYL4	0	ENCSR056HPM	1989	0.0	0.0			True
chr17	48002464	48002964	SNF8	0	ENCSR056HPM	1989	0.0	0.0			True
chr17	48442793	48443293	ATP5MC1	0	ENCSR056HPM	1989	0.0	0.0			True
chr17	48442793	48443293	IGF2BP1	0	ENCSR056HPM	1989	0.0	0.0			True
chr17	48442793	48443293	KPNB1	0	ENCSR056HPM	1989	0.0	0.0			True
chr17	48442793	48443293	SNF8	0	ENCSR056HPM	1989	0.0	0.0			True
chr17	48486498	48486998	ATP5MC1	0	ENCSR056HPM	1989	0.0	0.0			True
chr17	48486498	48486998	IGF2BP1	0	ENCSR056HPM	1989	0.0	0.0			True
chr17	48486498	48486998	KPNB1	0	ENCSR056HPM	1989	0.0	0.0			True
chr17	48486498	48486998	PHB	0	ENCSR056HPM	1989					False
chr17	48486498	48486998	SNF8	0	ENCSR056HPM	1989	0.0	0.0			True
chr17	48488649	48489220	MRPL10	0	ENCSR056HPM	1989	0.0	0.0			True
chr17	48488649	48489220	SNF8	0	ENCSR056HPM	1989	0.0	0.0			True
chr17	48491527	48492405	SNF8	0	ENCSR056HPM	1989	0.0	0.0			True
chr17	48519334	48519962	ATP5MC1	0	ENCSR056HPM	1989	0.0	0.0			True
chr17	48519334	48519962	SNF8	0	ENCSR056HPM	1989	0.0	0.0			True
chr17	48521699	48522551	ATP5MC1	1	ENCSR056HPM	1989	0.0	0.0			True
chr17	48521699	48522551	CBX1	0	ENCSR056HPM	1989	0.0	0.0			True
chr17	48521699	48522551	HOXB7	0	ENCSR056HPM	1989	0.0	0.0			True
chr17	48521699	48522551	HOXB9	0	ENCSR056HPM	1989	0.0	0.0			True
chr17	48521699	48522551	KPNB1	0	ENCSR056HPM	1989	0.0	0.0			True
chr17	48521699	48522551	PHB	0	ENCSR056HPM	1989					False
chr17	48521699	48522551	SNF8	0	ENCSR056HPM	1989	0.0	0.0			True
chr17	48972284	48972784	SLC35B1	0	ENCSR056HPM	1989	0.0	0.0			True
chr17	48973775	48974275	PHB	0	ENCSR056HPM	1989					False
chr17	50153521	50154769	LRRC59	0	ENCSR056HPM	1989	0.0	0.0			True
chr17	50153521	50154769	LUC7L3	0	ENCSR056HPM	1989	0.0	0.0			True
chr17	50153521	50154769	MRPL27	0	ENCSR056HPM	1989	0.0	0.0			True
chr17	50153521	50154769	PHB	0	ENCSR056HPM	1989					False
chr17	50154957	50155457	MRPL27	0	ENCSR056HPM	1989	0.0	0.0			True
chr17	50289804	50290532	LRRC59	0	ENCSR056HPM	1989	0.0	0.0			True
chr17	50817183	50817683	LUC7L3	0	ENCSR056HPM	1989	0.0	0.0			True
chr17	50817183	50817683	MRPL27	0	ENCSR056HPM	1989	0.0	0.0			True
chr17	55742922	55743519	COX11	0	ENCSR056HPM	1989	0.0	0.0			True
chr17	56876362	56877335	MRPS23	0	ENCSR056HPM	1989	0.0	0.0			True
chr17	57053935	57054753	SRSF1	0	ENCSR056HPM	1989	0.0	0.0			True
chr17	57851171	57852134	COIL	0	ENCSR056HPM	1989	0.0	0.0			True
chr17	57851171	57852134	RAD51C	0	ENCSR056HPM	1989	0.0	0.0			True
chr17	58289803	58290303	MRPS23	0	ENCSR056HPM	1989	0.0	0.0			True
chr17	58289803	58290303	RAD51C	0	ENCSR056HPM	1989	0.0	0.0			True
chr17	58289803	58290303	SUPT4H1	0	ENCSR056HPM	1989	0.0	0.0			True
chr17	59296768	59297596	CLTC	0	ENCSR056HPM	1989	0.0	0.0			True
chr17	59616390	59616987	CLTC	0	ENCSR056HPM	1989	1.1256163027991029	0.0004494918102864176	0.0003993195132352412	9.51644229888916	False
chr17	62994801	62996104	DCAF7	0	ENCSR056HPM	1989	0.0	0.0			True
chr17	63460755	63461255	DDX5	0	ENCSR056HPM	1989	0.0	0.0			True
chr17	63844230	63844730	PSMC5	0	ENCSR056HPM	1989	0.2241528614926603	5.4892287153052166e-05	0.0002448777377139777	9.47781753540039	False
chr17	64023910	64024664	ICAM2	1	ENCSR056HPM	1989	1.554572484626398	0.0002504649164620787	0.00016110498108901083	7.327953338623047	False
chr17	64025648	64026148	DCAF7	0	ENCSR056HPM	1989	0.0	0.0			True
chr17	64331654	64332389	DCAF7	0	ENCSR056HPM	1989	0.0	0.0			True
chr17	64708743	64709422	PSMC5	0	ENCSR056HPM	1989	0.0	0.0			True
chr17	65064548	65065048	DDX5	0	ENCSR056HPM	1989	0.0	0.0			True
chr17	68019653	68021045	HELZ	0	ENCSR056HPM	1989	0.0	0.0			True
chr17	68089842	68090342	C17orf58	0	ENCSR056HPM	1989	0.0	0.0			True
chr17	73325364	73325864	RPL38	0	ENCSR056HPM	1989	0.0	0.0			True
chr17	74163410	74163910	NT5C	0	ENCSR056HPM	1989	0.0	0.0			True
chr17	74463453	74463953	ATP5PD	0	ENCSR056HPM	1989	0.0	0.0			True
chr17	74463453	74463953	MRPS7	0	ENCSR056HPM	1989	0.0	0.0			True
chr17	74463453	74463953	SUMO2	0	ENCSR056HPM	1989	0.0	0.0			True
chr17	74513831	74515116	GRB2	0	ENCSR056HPM	1989	0.0	0.0			True
chr17	74513831	74515116	RPL38	0	ENCSR056HPM	1989	0.0	0.0			True
chr17	74513831	74515116	SUMO2	0	ENCSR056HPM	1989	0.0	0.0			True
chr17	75071805	75072305	ATP5PD	0	ENCSR056HPM	1989	0.3152849963227691	9.913080430123955e-05	0.00031440649763680995	9.044198989868164	False
chr17	75071805	75072305	H3-3B	0	ENCSR056HPM	1989	0.0	0.0			True
chr17	75071805	75072305	JPT1	0	ENCSR056HPM	1989	0.0	0.0			True
chr17	75071805	75072305	MIF4GD	0	ENCSR056HPM	1989	0.0	0.0			True
chr17	75071805	75072305	MRPL58	0	ENCSR056HPM	1989	0.0	0.0			True
chr17	75071805	75072305	MRPS7	0	ENCSR056HPM	1989	0.0	0.0			True
chr17	75071805	75072305	NT5C	0	ENCSR056HPM	1989	0.0	0.0			True
chr17	75071805	75072305	RPL38	0	ENCSR056HPM	1989	0.0	0.0			True
chr17	75071805	75072305	SLC25A19	0	ENCSR056HPM	1989	0.0	0.0			True
chr17	75071805	75072305	SUMO2	0	ENCSR056HPM	1989	0.0	0.0			True
chr17	75858668	75859168	ATP5PD	0	ENCSR056HPM	1989	0.0	0.0			True
chr17	75858668	75859168	METTL23	0	ENCSR056HPM	1989	0.0	0.0			True
chr17	75858668	75859168	MRPS7	0	ENCSR056HPM	1989	0.0	0.0			True
chr17	75858668	75859168	NT5C	0	ENCSR056HPM	1989	0.0	0.0			True
chr17	75858668	75859168	SUMO2	0	ENCSR056HPM	1989	0.0	0.0			True
chr17	76601545	76602532	H3-3B	0	ENCSR056HPM	1989	0.0	0.0			True
chr17	76601545	76602532	SEC14L1	0	ENCSR056HPM	1989	0.0	0.0			True
chr17	76601545	76602532	SRSF2	0	ENCSR056HPM	1989	0.0	0.0			True
chr17	76601545	76602532	ST6GALNAC1	0	ENCSR056HPM	1989	0.0	0.0			True
chr17	76659597	76660588	EXOC7	0	ENCSR056HPM	1989	0.0	0.0			True
chr17	76659597	76660588	SEC14L1	0	ENCSR056HPM	1989	0.0	0.0			True
chr17	76659597	76660588	SRSF2	0	ENCSR056HPM	1989	0.0	0.0			True
chr17	76848641	76849141	SRSF2	0	ENCSR056HPM	1989	0.0	0.0			True
chr17	77070139	77071372	METTL23	0	ENCSR056HPM	1989	0.0	0.0			True
chr17	77071380	77072061	SRSF2	0	ENCSR056HPM	1989	0.0	0.0			True
chr17	77233618	77234343	BIRC5	0	ENCSR056HPM	1989	0.0	0.0			True
chr17	77233618	77234343	METTL23	0	ENCSR056HPM	1989	0.0	0.0			True
chr17	78256539	78257039	SYNGR2	0	ENCSR056HPM	1989	0.0	0.0			True
chr17	78258528	78259028	BIRC5	0	ENCSR056HPM	1989	0.0	0.0			True
chr17	78258528	78259028	SYNGR2	0	ENCSR056HPM	1989	0.0	0.0			True
chr17	78289738	78290238	SYNGR2	0	ENCSR056HPM	1989	0.0	0.0			True
chr17	78301063	78301563	BIRC5	0	ENCSR056HPM	1989	0.0	0.0			True
chr17	78784922	78785422	SYNGR2	0	ENCSR056HPM	1989	0.0	0.0			True
chr17	78784922	78785422	TMC6	0	ENCSR056HPM	1989	0.0	0.0			True
chr17	78937471	78937971	BIRC5	0	ENCSR056HPM	1989	0.0	0.0			True
chr17	78937471	78937971	TMC6	0	ENCSR056HPM	1989	0.0	0.0			True
chr17	78986611	78987419	SYNGR2	0	ENCSR056HPM	1989	0.0	0.0			True
chr17	80254696	80255316	NDUFAF8	0	ENCSR056HPM	1989	0.0	0.0			True
chr17	80254696	80255316	RNF213	1	ENCSR056HPM	1989	3.04377898312248	0.0018644393421709538	0.000612530973739922	8.1382474899292	False
chr17	81343049	81343549	ANAPC11	0	ENCSR056HPM	1989	0.0	0.0			True
chr17	81343049	81343549	ARHGDIA	0	ENCSR056HPM	1989	0.0	0.0			True
chr17	81343049	81343549	CCDC137	0	ENCSR056HPM	1989	0.0	0.0			True
chr17	81343049	81343549	CENPX	0	ENCSR056HPM	1989	0.0	0.0			True
chr17	81343049	81343549	DCXR	0	ENCSR056HPM	1989	0.0	0.0			True
chr17	81343049	81343549	FASN	0	ENCSR056HPM	1989	0.0	0.0			True
chr17	81343049	81343549	GPS1	0	ENCSR056HPM	1989	0.0	0.0			True
chr17	81343049	81343549	MAFG	0	ENCSR056HPM	1989	0.0	0.0			True
chr17	81343049	81343549	MRPL12	0	ENCSR056HPM	1989	0.0	0.0			True
chr17	81343049	81343549	PCYT2	0	ENCSR056HPM	1989	0.0	0.0			True
chr17	81343049	81343549	PYCR1	0	ENCSR056HPM	1989	0.0	0.0			True
chr17	81343049	81343549	RAC3	0	ENCSR056HPM	1989	0.0	0.0			True
chr17	81343049	81343549	SLC25A10	0	ENCSR056HPM	1989	0.0	0.0			True
chr17	81349529	81350254	ANAPC11	0	ENCSR056HPM	1989	0.0	0.0			True
chr17	81349529	81350254	PYCR1	0	ENCSR056HPM	1989	0.0	0.0			True
chr17	81484168	81485150	ANAPC11	0	ENCSR056HPM	1989	0.0	0.0			True
chr17	81484168	81485150	ARHGDIA	0	ENCSR056HPM	1989	0.0	0.0			True
chr17	81484168	81485150	ASPSCR1	0	ENCSR056HPM	1989	0.0	0.0			True
chr17	81484168	81485150	CCDC137	0	ENCSR056HPM	1989	0.0	0.0			True
chr17	81484168	81485150	CSNK1D	0	ENCSR056HPM	1989	0.0	0.0			True
chr17	81484168	81485150	MRPL12	0	ENCSR056HPM	1989	0.0	0.0			True
chr17	81484168	81485150	OXLD1	0	ENCSR056HPM	1989	0.0	0.0			True
chr17	81484168	81485150	P4HB	0	ENCSR056HPM	1989	0.0	0.0			True
chr17	81484168	81485150	PYCR1	0	ENCSR056HPM	1989	0.0	0.0			True
chr17	81484168	81485150	RAC3	0	ENCSR056HPM	1989	0.0	0.0			True
chr17	82287947	82288447	ANAPC11	0	ENCSR056HPM	1989	0.0	0.0			True
chr17	82287947	82288447	ARHGDIA	0	ENCSR056HPM	1989	0.0	0.0			True
chr17	82338905	82339525	ANAPC11	0	ENCSR056HPM	1989	0.0	0.0			True
chr17	82338905	82339525	MRPL12	0	ENCSR056HPM	1989	0.0	0.0			True
chr17	82343494	82343994	ACTG1	0	ENCSR056HPM	1989	0.0	0.0			True
chr17	82494383	82494883	MRPL12	0	ENCSR056HPM	1989	0.0	0.0			True
chr17	82494383	82494883	P4HB	0	ENCSR056HPM	1989	0.0	0.0			True
chr18	839269	840459	USP14	0	ENCSR056HPM	1989	0.0	0.0			True
chr18	3037309	3037809	MYL12A	0	ENCSR056HPM	1989	0.0	0.0			True
chr18	3037309	3037809	MYL12B	0	ENCSR056HPM	1989	0.0	0.0			True
chr18	8890930	8891430	NDUFV2	0	ENCSR056HPM	1989	0.0	0.0			True
chr18	8893172	8894143	NDUFV2	0	ENCSR056HPM	1989	0.0	0.0			True
chr18	8912276	8912776	NDUFV2	0	ENCSR056HPM	1989	0.0	0.0			True
chr18	8994195	8995253	NDUFV2	0	ENCSR056HPM	1989	0.0	0.0			True
chr18	8994195	8995253	RALBP1	0	ENCSR056HPM	1989	0.0	0.0			True
chr18	8994195	8995253	VAPA	0	ENCSR056HPM	1989	0.0	0.0			True
chr18	8998449	8999097	ANKRD12	0	ENCSR056HPM	1989	0.0	0.0			True
chr18	8998449	8999097	NDUFV2	0	ENCSR056HPM	1989	0.0	0.0			True
chr18	8998449	8999097	RALBP1	0	ENCSR056HPM	1989	0.0	0.0			True
chr18	8998449	8999097	VAPA	0	ENCSR056HPM	1989	0.0	0.0			True
chr18	9005416	9005916	ANKRD12	0	ENCSR056HPM	1989	0.0	0.0			True
chr18	9005416	9005916	NDUFV2	0	ENCSR056HPM	1989	0.0	0.0			True
chr18	9005416	9005916	RALBP1	0	ENCSR056HPM	1989	0.0	0.0			True
chr18	9005416	9005916	VAPA	0	ENCSR056HPM	1989	0.0	0.0			True
chr18	9008510	9009413	ANKRD12	0	ENCSR056HPM	1989	0.0	0.0			True
chr18	9008510	9009413	RALBP1	0	ENCSR056HPM	1989	0.0	0.0			True
chr18	9008510	9009413	VAPA	0	ENCSR056HPM	1989	0.0	0.0			True
chr18	9016791	9018106	VAPA	0	ENCSR056HPM	1989	0.0	0.0			True
chr18	9403508	9404241	NDUFV2	0	ENCSR056HPM	1989	0.0	0.0			True
chr18	9403508	9404241	VAPA	0	ENCSR056HPM	1989	0.0	0.0			True
chr18	9404396	9405599	NDUFV2	0	ENCSR056HPM	1989	0.0	0.0			True
chr18	9404396	9405599	VAPA	0	ENCSR056HPM	1989	0.0	0.0			True
chr18	9421858	9422476	NDUFV2	0	ENCSR056HPM	1989	0.0	0.0			True
chr18	9421858	9422476	VAPA	0	ENCSR056HPM	1989	0.0	0.0			True
chr18	9683792	9685875	NDUFV2	0	ENCSR056HPM	1989	0.0	0.0			True
chr18	9683792	9685875	RALBP1	0	ENCSR056HPM	1989	0.0	0.0			True
chr18	9868423	9870282	NDUFV2	0	ENCSR056HPM	1989	0.0	0.0			True
chr18	9868423	9870282	RALBP1	0	ENCSR056HPM	1989	0.0	0.0			True
chr18	9876828	9877738	NDUFV2	0	ENCSR056HPM	1989	0.0	0.0			True
chr18	9876828	9877738	RAB31	1	ENCSR056HPM	1989	0.0	0.0			True
chr18	9895441	9895941	NDUFV2	0	ENCSR056HPM	1989	0.0	0.0			True
chr18	9895441	9895941	VAPA	0	ENCSR056HPM	1989	0.4918477251135963	0.0001375777501380071	0.00027970614610239863	10.25013256072998	False
chr18	9897041	9897541	NDUFV2	0	ENCSR056HPM	1989	0.0	0.0			True
chr18	9897041	9897541	VAPA	0	ENCSR056HPM	1989	0.42307995218163047	0.00011834229371743277	0.00027970614610239863	10.25013256072998	False
chr18	11946724	11947668	PSMG2	0	ENCSR056HPM	1989	0.0	0.0			True
chr18	11946724	11947668	SEH1L	0	ENCSR056HPM	1989	0.0	0.0			True
chr18	11951417	11952091	AFG3L2	0	ENCSR056HPM	1989	0.0	0.0			True
chr18	11951417	11952091	PSMG2	0	ENCSR056HPM	1989	0.0	0.0			True
chr18	11951417	11952091	TUBB6	0	ENCSR056HPM	1989	0.0	0.0			True
chr18	11953067	11953567	AFG3L2	0	ENCSR056HPM	1989	0.0	0.0			True
chr18	11953067	11953567	PSMG2	0	ENCSR056HPM	1989	0.0	0.0			True
chr18	11953067	11953567	TUBB6	0	ENCSR056HPM	1989	0.0	0.0			True
chr18	11955604	11956104	PSMG2	0	ENCSR056HPM	1989	0.0	0.0			True
chr18	12403511	12404317	PSMG2	0	ENCSR056HPM	1989	0.0	0.0			True
chr18	22110382	22110882	SNRPD1	0	ENCSR056HPM	1989	0.0	0.0			True
chr18	46153192	46153692	ATP5F1A	0	ENCSR056HPM	1989	0.0	0.0			True
chr18	46658113	46658613	ATP5F1A	0	ENCSR056HPM	1989	0.0	0.0			True
chr18	48982129	48982704	RPL17	0	ENCSR056HPM	1989	0.0	0.0			True
chr18	59881571	59882812	LMAN1	0	ENCSR056HPM	1989	0.0	0.0			True
chr18	74479914	74480817	DIPK3	1	ENCSR056HPM	1989					False
chr19	555793	556394	ATP5F1D	0	ENCSR056HPM	1989	0.0	0.0			True
chr19	555793	556394	C19orf24	0	ENCSR056HPM	1989					False
chr19	555793	556394	C19orf25	0	ENCSR056HPM	1989	0.0	0.0			True
chr19	555793	556394	CFD	0	ENCSR056HPM	1989	0.0	0.0			True
chr19	555793	556394	R3HDM4	0	ENCSR056HPM	1989	0.0	0.0			True
chr19	555793	556394	RNF126	0	ENCSR056HPM	1989	0.0	0.0			True
chr19	789048	790207	ATP5F1D	0	ENCSR056HPM	1989	0.0	0.0			True
chr19	789048	790207	C19orf25	0	ENCSR056HPM	1989	0.0	0.0			True
chr19	789048	790207	DAZAP1	0	ENCSR056HPM	1989	0.0	0.0			True
chr19	789048	790207	GPX4	0	ENCSR056HPM	1989	0.0	0.0			True
chr19	789048	790207	NDUFS7	0	ENCSR056HPM	1989	0.0	0.0			True
chr19	789048	790207	POLR2E	0	ENCSR056HPM	1989	0.0	0.0			True
chr19	789048	790207	RPS15	0	ENCSR056HPM	1989	0.0	0.0			True
chr19	789048	790207	TCF3	0	ENCSR056HPM	1989	0.0	0.0			True
chr19	791124	791624	ATP5F1D	0	ENCSR056HPM	1989	0.0	0.0			True
chr19	791124	791624	RPS15	0	ENCSR056HPM	1989	0.0	0.0			True
chr19	980444	980944	ATP5F1D	0	ENCSR056HPM	1989	0.0	0.0			True
chr19	980444	980944	BSG	0	ENCSR056HPM	1989	0.0	0.0			True
chr19	980444	980944	C19orf24	0	ENCSR056HPM	1989					False
chr19	980444	980944	CIRBP	0	ENCSR056HPM	1989	0.0	0.0			True
chr19	980444	980944	MIDN	0	ENCSR056HPM	1989	0.0	0.0			True
chr19	980444	980944	POLR2E	0	ENCSR056HPM	1989	0.0	0.0			True
chr19	980444	980944	PTBP1	0	ENCSR056HPM	1989	0.0	0.0			True
chr19	980444	980944	RPS15	0	ENCSR056HPM	1989	0.0	0.0			True
chr19	980444	980944	UQCR11	0	ENCSR056HPM	1989	0.0	0.0			True
chr19	982611	983111	ABHD17A	0	ENCSR056HPM	1989	0.0	0.0			True
chr19	982611	983111	ATP5F1D	0	ENCSR056HPM	1989	0.0	0.0			True
chr19	982611	983111	BSG	0	ENCSR056HPM	1989	0.0	0.0			True
chr19	982611	983111	C19orf24	0	ENCSR056HPM	1989					False
chr19	982611	983111	GPX4	0	ENCSR056HPM	1989	0.0	0.0			True
chr19	982611	983111	PTBP1	0	ENCSR056HPM	1989	0.0	0.0			True
chr19	982611	983111	RPS15	0	ENCSR056HPM	1989	0.0	0.0			True
chr19	982611	983111	SCAMP4	0	ENCSR056HPM	1989	0.0	0.0			True
chr19	982611	983111	TPGS1	0	ENCSR056HPM	1989	0.0	0.0			True
chr19	1101709	1102209	ATP5F1D	0	ENCSR056HPM	1989	0.0	0.0			True
chr19	1101709	1102209	CDC34	0	ENCSR056HPM	1989	0.0	0.0			True
chr19	1101709	1102209	DAZAP1	0	ENCSR056HPM	1989	0.0	0.0			True
chr19	1101709	1102209	GAMT	0	ENCSR056HPM	1989	0.0	0.0			True
chr19	1101709	1102209	REEP6	0	ENCSR056HPM	1989	0.0	0.0			True
chr19	1101709	1102209	RPS15	0	ENCSR056HPM	1989	0.0	0.0			True
chr19	1101709	1102209	UQCR11	0	ENCSR056HPM	1989	0.0	0.0			True
chr19	1443136	1444414	ATP5F1D	0	ENCSR056HPM	1989	0.0	0.0			True
chr19	1443136	1444414	CIRBP	0	ENCSR056HPM	1989	0.0	0.0			True
chr19	1443136	1444414	LSM7	0	ENCSR056HPM	1989	0.0	0.0			True
chr19	1443136	1444414	OAZ1	0	ENCSR056HPM	1989	0.0	0.0			True
chr19	1443136	1444414	PLEKHJ1	0	ENCSR056HPM	1989	0.0	0.0			True
chr19	1443136	1444414	POLR2E	0	ENCSR056HPM	1989	0.0	0.0			True
chr19	1443136	1444414	PTBP1	0	ENCSR056HPM	1989	0.0	0.0			True
chr19	1443136	1444414	RPS15	0	ENCSR056HPM	1989	0.9167654600317587	0.0001248057233169675	0.00013612702605314553	9.612479209899902	False
chr19	1443136	1444414	UQCR11	0	ENCSR056HPM	1989	0.0	0.0			True
chr19	1546109	1546609	BSG	0	ENCSR056HPM	1989	0.0	0.0			True
chr19	1546109	1546609	C19orf24	0	ENCSR056HPM	1989					False
chr19	1546109	1546609	C19orf25	0	ENCSR056HPM	1989	0.0	0.0			True
chr19	1546109	1546609	CIRBP	0	ENCSR056HPM	1989	0.0	0.0			True
chr19	1546109	1546609	GAMT	0	ENCSR056HPM	1989	0.0	0.0			True
chr19	1546109	1546609	GPX4	0	ENCSR056HPM	1989	0.0	0.0			True
chr19	1546109	1546609	NDUFS7	0	ENCSR056HPM	1989	0.0	0.0			True
chr19	1546109	1546609	OAZ1	0	ENCSR056HPM	1989	0.0	0.0			True
chr19	1546109	1546609	POLR2E	0	ENCSR056HPM	1989	0.0	0.0			True
chr19	1546109	1546609	PTBP1	0	ENCSR056HPM	1989	0.0	0.0			True
chr19	1546109	1546609	R3HDM4	0	ENCSR056HPM	1989	0.0	0.0			True
chr19	1546109	1546609	REEP6	0	ENCSR056HPM	1989	0.0	0.0			True
chr19	1546109	1546609	RPS15	0	ENCSR056HPM	1989	0.0	0.0			True
chr19	1546109	1546609	SF3A2	0	ENCSR056HPM	1989	0.0	0.0			True
chr19	1546109	1546609	TIMM13	0	ENCSR056HPM	1989	0.0	0.0			True
chr19	1546109	1546609	TMEM259	0	ENCSR056HPM	1989	0.0	0.0			True
chr19	1655899	1656399	POLR2E	0	ENCSR056HPM	1989	0.0	0.0			True
chr19	1850840	1851340	GPX4	0	ENCSR056HPM	1989	0.0	0.0			True
chr19	1850840	1851340	R3HDM4	0	ENCSR056HPM	1989	0.0	0.0			True
chr19	1850840	1851340	RPS15	0	ENCSR056HPM	1989	0.0	0.0			True
chr19	1872299	1872799	GPX4	0	ENCSR056HPM	1989	0.0	0.0			True
chr19	1873437	1873937	ARID3A	0	ENCSR056HPM	1989	0.0	0.0			True
chr19	1873437	1873937	GPX4	0	ENCSR056HPM	1989	0.0	0.0			True
chr19	1873437	1873937	LSM7	0	ENCSR056HPM	1989	0.0	0.0			True
chr19	1873437	1873937	OAZ1	0	ENCSR056HPM	1989	0.0	0.0			True
chr19	1873437	1873937	PLEKHJ1	0	ENCSR056HPM	1989	0.0	0.0			True
chr19	1873437	1873937	RPS15	0	ENCSR056HPM	1989	0.0	0.0			True
chr19	1873437	1873937	SGTA	0	ENCSR056HPM	1989	0.0	0.0			True
chr19	1873437	1873937	SLC39A3	0	ENCSR056HPM	1989	0.0	0.0			True
chr19	1873437	1873937	TIMM13	0	ENCSR056HPM	1989	0.0	0.0			True
chr19	1873437	1873937	UQCR11	0	ENCSR056HPM	1989	0.0	0.0			True
chr19	1897449	1897949	ARID3A	0	ENCSR056HPM	1989	0.0	0.0			True
chr19	1897449	1897949	C19orf24	0	ENCSR056HPM	1989					False
chr19	1897449	1897949	CIRBP	0	ENCSR056HPM	1989	0.0	0.0			True
chr19	1897449	1897949	CNN2	0	ENCSR056HPM	1989	0.0	0.0			True
chr19	1897449	1897949	DAZAP1	0	ENCSR056HPM	1989	0.0	0.0			True
chr19	1897449	1897949	GPX4	0	ENCSR056HPM	1989	0.0	0.0			True
chr19	1897449	1897949	LSM7	0	ENCSR056HPM	1989	0.0	0.0			True
chr19	1897449	1897949	OAZ1	0	ENCSR056HPM	1989	0.0	0.0			True
chr19	1897449	1897949	POLR2E	0	ENCSR056HPM	1989	0.0	0.0			True
chr19	1897449	1897949	RPS15	0	ENCSR056HPM	1989	0.0	0.0			True
chr19	1897449	1897949	SLC39A3	0	ENCSR056HPM	1989	0.0	0.0			True
chr19	1897449	1897949	TCF3	0	ENCSR056HPM	1989	0.0	0.0			True
chr19	1897449	1897949	TIMM13	0	ENCSR056HPM	1989	0.0	0.0			True
chr19	2056356	2056856	C19orf24	0	ENCSR056HPM	1989					False
chr19	2056356	2056856	OAZ1	0	ENCSR056HPM	1989	0.0	0.0			True
chr19	2059459	2060334	AP3D1	0	ENCSR056HPM	1989	0.0	0.0			True
chr19	2059459	2060334	ATP5F1D	0	ENCSR056HPM	1989	0.0	0.0			True
chr19	2059459	2060334	C19orf24	0	ENCSR056HPM	1989					False
chr19	2059459	2060334	C19orf25	0	ENCSR056HPM	1989	0.0	0.0			True
chr19	2059459	2060334	CIRBP	0	ENCSR056HPM	1989	0.0	0.0			True
chr19	2059459	2060334	DAZAP1	1	ENCSR056HPM	1989	0.0	0.0			True
chr19	2059459	2060334	GAMT	0	ENCSR056HPM	1989	0.0	0.0			True
chr19	2059459	2060334	LMNB2	0	ENCSR056HPM	1989	0.0	0.0			True
chr19	2059459	2060334	LSM7	0	ENCSR056HPM	1989	0.0	0.0			True
chr19	2059459	2060334	MBD3	1	ENCSR056HPM	1989	0.0	0.0			True
chr19	2059459	2060334	MUM1	0	ENCSR056HPM	1989					False
chr19	2059459	2060334	NDUFS7	0	ENCSR056HPM	1989	0.0	0.0			True
chr19	2059459	2060334	OAZ1	0	ENCSR056HPM	1989	0.0	0.0			True
chr19	2059459	2060334	PLEKHJ1	0	ENCSR056HPM	1989	0.0	0.0			True
chr19	2059459	2060334	POLR2E	0	ENCSR056HPM	1989	0.0	0.0			True
chr19	2059459	2060334	REEP6	0	ENCSR056HPM	1989	0.0	0.0			True
chr19	2059459	2060334	RPS15	0	ENCSR056HPM	1989	0.0	0.0			True
chr19	2059459	2060334	SF3A2	0	ENCSR056HPM	1989	0.0	0.0			True
chr19	2059459	2060334	SGTA	0	ENCSR056HPM	1989	0.0	0.0			True
chr19	2059459	2060334	SLC39A3	0	ENCSR056HPM	1989	0.0	0.0			True
chr19	2059459	2060334	TCF3	0	ENCSR056HPM	1989	0.0	0.0			True
chr19	2059459	2060334	THOP1	0	ENCSR056HPM	1989	0.0	0.0			True
chr19	2059459	2060334	TIMM13	0	ENCSR056HPM	1989	0.0	0.0			True
chr19	2059459	2060334	UQCR11	0	ENCSR056HPM	1989	0.0	0.0			True
chr19	2060902	2061900	ATP5F1D	0	ENCSR056HPM	1989	0.0	0.0			True
chr19	2060902	2061900	CIRBP	0	ENCSR056HPM	1989	0.0	0.0			True
chr19	2060902	2061900	DAZAP1	0	ENCSR056HPM	1989	0.0	0.0			True
chr19	2060902	2061900	GAMT	0	ENCSR056HPM	1989	0.0	0.0			True
chr19	2060902	2061900	LSM7	0	ENCSR056HPM	1989	0.0	0.0			True
chr19	2060902	2061900	NDUFS7	0	ENCSR056HPM	1989	0.0	0.0			True
chr19	2060902	2061900	OAZ1	0	ENCSR056HPM	1989	0.0	0.0			True
chr19	2060902	2061900	PLEKHJ1	0	ENCSR056HPM	1989	0.0	0.0			True
chr19	2060902	2061900	POLR2E	0	ENCSR056HPM	1989	0.0	0.0			True
chr19	2060902	2061900	RPS15	0	ENCSR056HPM	1989	0.0	0.0			True
chr19	2060902	2061900	TIMM13	0	ENCSR056HPM	1989	0.0	0.0			True
chr19	2355847	2356347	AES	0	ENCSR056HPM	1989					False
chr19	2355847	2356347	DAZAP1	0	ENCSR056HPM	1989	0.0	0.0			True
chr19	2355847	2356347	NDUFS7	0	ENCSR056HPM	1989	0.0	0.0			True
chr19	2355847	2356347	OAZ1	0	ENCSR056HPM	1989	0.0	0.0			True
chr19	2355847	2356347	PLEKHJ1	0	ENCSR056HPM	1989	0.0	0.0			True
chr19	2355847	2356347	REEP6	0	ENCSR056HPM	1989	0.0	0.0			True
chr19	2355847	2356347	RPS15	0	ENCSR056HPM	1989	0.0	0.0			True
chr19	2355847	2356347	SGTA	0	ENCSR056HPM	1989	0.0	0.0			True
chr19	2355847	2356347	SLC39A3	0	ENCSR056HPM	1989	0.0	0.0			True
chr19	2355847	2356347	TIMM13	0	ENCSR056HPM	1989	0.0	0.0			True
chr19	2385086	2385586	OAZ1	0	ENCSR056HPM	1989	0.0	0.0			True
chr19	2385086	2385586	REEP6	0	ENCSR056HPM	1989	0.0	0.0			True
chr19	2385086	2385586	RPS15	0	ENCSR056HPM	1989	0.0	0.0			True
chr19	2385086	2385586	UQCR11	0	ENCSR056HPM	1989	0.0	0.0			True
chr19	2507099	2507599	LSM7	0	ENCSR056HPM	1989	0.0	0.0			True
chr19	2507099	2507599	OAZ1	0	ENCSR056HPM	1989	0.0	0.0			True
chr19	2507099	2507599	PLEKHJ1	0	ENCSR056HPM	1989	0.0	0.0			True
chr19	2507099	2507599	TCF3	0	ENCSR056HPM	1989	0.0	0.0			True
chr19	2507099	2507599	TIMM13	0	ENCSR056HPM	1989	0.0	0.0			True
chr19	2507099	2507599	UQCR11	0	ENCSR056HPM	1989	0.0	0.0			True
chr19	2749135	2749635	OAZ1	0	ENCSR056HPM	1989	0.0	0.0			True
chr19	2865292	2866319	LSM7	0	ENCSR056HPM	1989	0.0	0.0			True
chr19	2865292	2866319	MRPL54	0	ENCSR056HPM	1989	0.0	0.0			True
chr19	2865292	2866319	SF3A2	0	ENCSR056HPM	1989	0.0	0.0			True
chr19	2974351	2974851	HMG20B	0	ENCSR056HPM	1989	0.0	0.0			True
chr19	2974351	2974851	LSM7	0	ENCSR056HPM	1989	0.0	0.0			True
chr19	2974351	2974851	MRPL54	0	ENCSR056HPM	1989	0.0	0.0			True
chr19	2974351	2974851	PLEKHJ1	0	ENCSR056HPM	1989	0.0	0.0			True
chr19	2974351	2974851	SF3A2	0	ENCSR056HPM	1989	0.0	0.0			True
chr19	2974351	2974851	SLC39A3	0	ENCSR056HPM	1989	0.0	0.0			True
chr19	3073837	3074337	EEF2	0	ENCSR056HPM	1989	0.0	0.0			True
chr19	3073837	3074337	HMG20B	0	ENCSR056HPM	1989	0.0	0.0			True
chr19	3073837	3074337	LSM7	0	ENCSR056HPM	1989	0.0	0.0			True
chr19	3073837	3074337	NFIC	0	ENCSR056HPM	1989	0.0	0.0			True
chr19	3073837	3074337	OAZ1	0	ENCSR056HPM	1989	0.0	0.0			True
chr19	3073837	3074337	PLEKHJ1	0	ENCSR056HPM	1989	0.0	0.0			True
chr19	3073837	3074337	SLC39A3	0	ENCSR056HPM	1989	0.0	0.0			True
chr19	3133302	3133802	EEF2	0	ENCSR056HPM	1989	0.0	0.0			True
chr19	3133302	3133802	OAZ1	0	ENCSR056HPM	1989	0.0	0.0			True
chr19	3133302	3133802	TIMM13	1	ENCSR056HPM	1989	0.0	0.0			True
chr19	3183672	3184172	EEF2	0	ENCSR056HPM	1989	0.0	0.0			True
chr19	3183672	3184172	OAZ1	0	ENCSR056HPM	1989	0.0	0.0			True
chr19	3183672	3184172	PLEKHJ1	0	ENCSR056HPM	1989	0.0	0.0			True
chr19	3343473	3344613	EEF2	0	ENCSR056HPM	1989	0.0	0.0			True
chr19	3343473	3344613	SGTA	0	ENCSR056HPM	1989	0.0	0.0			True
chr19	4005501	4006001	EEF2	0	ENCSR056HPM	1989	0.14441036613478497	2.8877857403131202e-05	0.00019996080663986504	8.578581809997559	False
chr19	4005501	4006001	HMG20B	0	ENCSR056HPM	1989	0.0	0.0			True
chr19	4145487	4146226	EEF2	0	ENCSR056HPM	1989	0.0	0.0			True
chr19	4145487	4146226	MRPL54	0	ENCSR056HPM	1989	0.0	0.0			True
chr19	4145487	4146226	MYDGF	0	ENCSR056HPM	1989	0.0	0.0			True
chr19	4145487	4146226	PIP5K1C	0	ENCSR056HPM	1989	0.0	0.0			True
chr19	4812793	4813502	MICOS13	0	ENCSR056HPM	1989	0.0	0.0			True
chr19	4812793	4813502	EEF2	0	ENCSR056HPM	1989	0.0	0.0			True
chr19	4812793	4813502	MYDGF	0	ENCSR056HPM	1989	0.0	0.0			True
chr19	4812793	4813502	RPL36	0	ENCSR056HPM	1989	0.0	0.0			True
chr19	4870060	4870560	MYDGF	0	ENCSR056HPM	1989	0.0	0.0			True
chr19	5434909	5435801	CLPP	0	ENCSR056HPM	1989	0.0	0.0			True
chr19	5434909	5435801	KHSRP	0	ENCSR056HPM	1989	0.0	0.0			True
chr19	5434909	5435801	MYDGF	0	ENCSR056HPM	1989	0.0	0.0			True
chr19	5434909	5435801	NDUFA11	0	ENCSR056HPM	1989	0.0	0.0			True
chr19	5436540	5437040	ALKBH7	0	ENCSR056HPM	1989	0.0	0.0			True
chr19	5436540	5437040	MICOS13	0	ENCSR056HPM	1989	0.0	0.0			True
chr19	5436540	5437040	CLPP	0	ENCSR056HPM	1989	0.0	0.0			True
chr19	5436540	5437040	GTF2F1	0	ENCSR056HPM	1989	0.0	0.0			True
chr19	5436540	5437040	KHSRP	0	ENCSR056HPM	1989	0.0	0.0			True
chr19	5436540	5437040	MYDGF	0	ENCSR056HPM	1989	0.0	0.0			True
chr19	5436540	5437040	RPL36	0	ENCSR056HPM	1989	0.0	0.0			True
chr19	5436540	5437040	SAFB2	0	ENCSR056HPM	1989	0.0	0.0			True
chr19	6504693	6505193	MICOS13	0	ENCSR056HPM	1989	0.0	0.0			True
chr19	6504693	6505193	RPL36	0	ENCSR056HPM	1989	0.0	0.0			True
chr19	6516780	6517280	MICOS13	0	ENCSR056HPM	1989	0.0	0.0			True
chr19	6516780	6517280	CLPP	0	ENCSR056HPM	1989	0.0	0.0			True
chr19	6516780	6517280	GTF2F1	0	ENCSR056HPM	1989	0.0	0.0			True
chr19	6516780	6517280	RPL36	0	ENCSR056HPM	1989	0.0	0.0			True
chr19	6528757	6529257	ALKBH7	0	ENCSR056HPM	1989	0.0	0.0			True
chr19	6528757	6529257	CLPP	0	ENCSR056HPM	1989	0.0	0.0			True
chr19	6674793	6675293	ALKBH7	0	ENCSR056HPM	1989	0.0	0.0			True
chr19	6674793	6675293	MICOS13	0	ENCSR056HPM	1989	0.0	0.0			True
chr19	6674793	6675293	CLPP	0	ENCSR056HPM	1989	0.0	0.0			True
chr19	6674793	6675293	NRTN	1	ENCSR056HPM	1989	0.0	0.0			True
chr19	7098626	7099854	ALKBH7	0	ENCSR056HPM	1989	0.0	0.0			True
chr19	7098626	7099854	CLPP	0	ENCSR056HPM	1989	0.0	0.0			True
chr19	7568324	7568824	HNRNPM	0	ENCSR056HPM	1989	0.0	0.0			True
chr19	7568324	7568824	RAB11B	0	ENCSR056HPM	1989	0.0	0.0			True
chr19	7568324	7568824	RPS28	0	ENCSR056HPM	1989	0.0	0.0			True
chr19	7568324	7568824	TRIP10	0	ENCSR056HPM	1989	0.0	0.0			True
chr19	7652050	7652550	RAB11B	0	ENCSR056HPM	1989	0.0	0.0			True
chr19	7652050	7652550	RPS28	0	ENCSR056HPM	1989	0.0	0.0			True
chr19	7799492	7799992	ELAVL1	0	ENCSR056HPM	1989	0.0	0.0			True
chr19	8033154	8033923	CD320	0	ENCSR056HPM	1989	0.0	0.0			True
chr19	8033154	8033923	ELAVL1	1	ENCSR056HPM	1989	0.5953667188533033	0.00022114350576885045	0.000371430825907737	8.816380500793457	False
chr19	8033154	8033923	HNRNPM	1	ENCSR056HPM	1989	0.0	0.0			True
chr19	8033154	8033923	MAP2K7	0	ENCSR056HPM	1989	0.0	0.0			True
chr19	8033154	8033923	RPS28	0	ENCSR056HPM	1989	0.0	0.0			True
chr19	8033154	8033923	STXBP2	0	ENCSR056HPM	1989	0.0	0.0			True
chr19	8161118	8161618	MAP2K7	0	ENCSR056HPM	1989	0.0	0.0			True
chr19	8161118	8161618	RPS28	0	ENCSR056HPM	1989	0.0	0.0			True
chr19	10027628	10028128	CDC37	0	ENCSR056HPM	1989	0.0	0.0			True
chr19	10027628	10028128	UBL5	0	ENCSR056HPM	1989	0.0	0.0			True
chr19	10236057	10236557	ATG4D	0	ENCSR056HPM	1989	0.0	0.0			True
chr19	10236057	10236557	CDC37	0	ENCSR056HPM	1989	0.0	0.0			True
chr19	10236057	10236557	DNM2	0	ENCSR056HPM	1989	0.0	0.0			True
chr19	10236057	10236557	FBXL12	0	ENCSR056HPM	1989	0.0	0.0			True
chr19	10236057	10236557	ICAM3	0	ENCSR056HPM	1989	0.0	0.0			True
chr19	10236057	10236557	ICAM4	0	ENCSR056HPM	1989	0.0	0.0			True
chr19	10236057	10236557	ILF3	0	ENCSR056HPM	1989	0.0	0.0			True
chr19	10236057	10236557	ILF3-AS1	0	ENCSR056HPM	1989					False
chr19	10236057	10236557	PIN1	0	ENCSR056HPM	1989	0.0	0.0			True
chr19	10236057	10236557	SMARCA4	0	ENCSR056HPM	1989	0.0	0.0			True
chr19	10236057	10236557	UBL5	0	ENCSR056HPM	1989	0.0	0.0			True
chr19	10299410	10300270	EIF3G	0	ENCSR056HPM	1989	0.0	0.0			True
chr19	10299410	10300270	ICAM3	1	ENCSR056HPM	1989	0.0	0.0			True
chr19	10299410	10300270	PPAN	0	ENCSR056HPM	1989	0.0	0.0			True
chr19	10299410	10300270	UBL5	0	ENCSR056HPM	1989	0.0	0.0			True
chr19	10541385	10541885	DNMT1	0	ENCSR056HPM	1989	0.0	0.0			True
chr19	10541385	10541885	EIF3G	0	ENCSR056HPM	1989	0.0	0.0			True
chr19	10541385	10541885	ILF3	0	ENCSR056HPM	1989	0.0	0.0			True
chr19	10541385	10541885	MRPL4	0	ENCSR056HPM	1989	0.0	0.0			True
chr19	10541385	10541885	PIN1	0	ENCSR056HPM	1989	0.0	0.0			True
chr19	10541385	10541885	TMEM205	0	ENCSR056HPM	1989	0.0	0.0			True
chr19	11085276	11086007	ATG4D	0	ENCSR056HPM	1989	0.0	0.0			True
chr19	11085276	11086007	CDC37	0	ENCSR056HPM	1989	0.0	0.0			True
chr19	11085276	11086007	DNMT1	0	ENCSR056HPM	1989	0.0	0.0			True
chr19	11085276	11086007	EIF3G	0	ENCSR056HPM	1989	0.0	0.0			True
chr19	11085276	11086007	ELOF1	0	ENCSR056HPM	1989	0.0	0.0			True
chr19	11085276	11086007	ICAM3	0	ENCSR056HPM	1989	0.0	0.0			True
chr19	11085276	11086007	ILF3	0	ENCSR056HPM	1989	0.0	0.0			True
chr19	11085276	11086007	ILF3-AS1	0	ENCSR056HPM	1989					False
chr19	11085276	11086007	PRKCSH	0	ENCSR056HPM	1989	0.0	0.0			True
chr19	11159944	11160570	ACP5	0	ENCSR056HPM	1989	0.0	0.0			True
chr19	11159944	11160570	ELOF1	0	ENCSR056HPM	1989	0.0	0.0			True
chr19	11159944	11160570	ICAM3	0	ENCSR056HPM	1989	0.0	0.0			True
chr19	11159944	11160570	ILF3	0	ENCSR056HPM	1989	0.0	0.0			True
chr19	11159944	11160570	MRPL4	0	ENCSR056HPM	1989	0.0	0.0			True
chr19	11159944	11160570	TMEM205	0	ENCSR056HPM	1989	0.0	0.0			True
chr19	11693812	11694312	WDR83OS	0	ENCSR056HPM	1989	0.0	0.0			True
chr19	11923565	11924065	GET3	0	ENCSR056HPM	1989	0.0	0.0			True
chr19	11923565	11924065	DHPS	0	ENCSR056HPM	1989	0.0	0.0			True
chr19	11923565	11924065	ELOF1	0	ENCSR056HPM	1989	0.0	0.0			True
chr19	11923565	11924065	PRDX2	0	ENCSR056HPM	1989	0.0	0.0			True
chr19	13163623	13164991	GET3	0	ENCSR056HPM	1989	0.0	0.0			True
chr19	13163623	13164991	GADD45GIP1	0	ENCSR056HPM	1989	0.0	0.0			True
chr19	13163623	13164991	RAD23A	0	ENCSR056HPM	1989	0.0	0.0			True
chr19	13167479	13168145	GET3	0	ENCSR056HPM	1989	0.0	0.0			True
chr19	13167479	13168145	C19orf53	0	ENCSR056HPM	1989	0.0	0.0			True
chr19	13167479	13168145	GADD45GIP1	0	ENCSR056HPM	1989	0.0	0.0			True
chr19	13167479	13168145	LYL1	0	ENCSR056HPM	1989	0.0	0.0			True
chr19	13167479	13168145	RAD23A	0	ENCSR056HPM	1989	0.0	0.0			True
chr19	13167479	13168145	RNASEH2A	0	ENCSR056HPM	1989	0.0	0.0			True
chr19	13167479	13168145	WDR83OS	0	ENCSR056HPM	1989	0.0	0.0			True
chr19	13717239	13717816	TRIR	0	ENCSR056HPM	1989	0.0	0.0			True
chr19	13717239	13717816	C19orf53	0	ENCSR056HPM	1989	0.0	0.0			True
chr19	13717239	13717816	DNAJB1	0	ENCSR056HPM	1989	0.0	0.0			True
chr19	13717239	13717816	GADD45GIP1	0	ENCSR056HPM	1989	0.0	0.0			True
chr19	13717239	13717816	KLF1	0	ENCSR056HPM	1989	0.0	0.0			True
chr19	13717239	13717816	NDUFB7	0	ENCSR056HPM	1989	0.0	0.0			True
chr19	13717239	13717816	PRDX2	0	ENCSR056HPM	1989	0.0	0.0			True
chr19	13717239	13717816	RAD23A	0	ENCSR056HPM	1989	0.0	0.0			True
chr19	13839483	13839983	DDX39A	1	ENCSR056HPM	1989	0.0	0.0			True
chr19	13842702	13843202	C19orf53	0	ENCSR056HPM	1989	0.0	0.0			True
chr19	13846219	13847395	DDX39A	0	ENCSR056HPM	1989	0.0	0.0			True
chr19	13846219	13847395	GADD45GIP1	0	ENCSR056HPM	1989	0.0	0.0			True
chr19	13846219	13847395	KLF1	0	ENCSR056HPM	1989	0.0	0.0			True
chr19	13846219	13847395	NDUFB7	0	ENCSR056HPM	1989	0.0	0.0			True
chr19	13849874	13850758	KLF1	0	ENCSR056HPM	1989	0.0	0.0			True
chr19	13849874	13850758	PKN1	0	ENCSR056HPM	1989	0.0	0.0			True
chr19	13851081	13851581	C19orf53	0	ENCSR056HPM	1989	0.0	0.0			True
chr19	13851081	13851581	KLF1	0	ENCSR056HPM	1989	0.0	0.0			True
chr19	13851081	13851581	NDUFB7	0	ENCSR056HPM	1989	0.0	0.0			True
chr19	13851081	13851581	RAD23A	0	ENCSR056HPM	1989	0.0	0.0			True
chr19	14023453	14023953	C19orf53	0	ENCSR056HPM	1989	0.0	0.0			True
chr19	14023453	14023953	NDUFB7	0	ENCSR056HPM	1989	0.0	0.0			True
chr19	14023453	14023953	TECR	0	ENCSR056HPM	1989	0.0	0.0			True
chr19	14294852	14295474	C19orf53	0	ENCSR056HPM	1989	0.0	0.0			True
chr19	14294852	14295474	NDUFB7	0	ENCSR056HPM	1989	0.0	0.0			True
chr19	14294852	14295474	TECR	0	ENCSR056HPM	1989	0.0	0.0			True
chr19	14372303	14372803	C19orf53	0	ENCSR056HPM	1989	0.0	0.0			True
chr19	14372303	14372803	DDX39A	0	ENCSR056HPM	1989	0.0	0.0			True
chr19	14372303	14372803	NDUFB7	0	ENCSR056HPM	1989	0.0	0.0			True
chr19	14425674	14426174	C19orf53	0	ENCSR056HPM	1989	0.0	0.0			True
chr19	14425674	14426174	NDUFB7	0	ENCSR056HPM	1989	0.0	0.0			True
chr19	14425674	14426174	TECR	0	ENCSR056HPM	1989	0.0	0.0			True
chr19	14507660	14508160	C19orf53	0	ENCSR056HPM	1989	0.0	0.0			True
chr19	14507660	14508160	NDUFB7	0	ENCSR056HPM	1989	0.0	0.0			True
chr19	14574201	14574701	AKAP8L	0	ENCSR056HPM	1989	0.0	0.0			True
chr19	14574201	14574701	C19orf53	0	ENCSR056HPM	1989	0.0	0.0			True
chr19	14614022	14614522	ASF1B	0	ENCSR056HPM	1989	0.0	0.0			True
chr19	14614022	14614522	C19orf53	0	ENCSR056HPM	1989	0.0	0.0			True
chr19	14784691	14785585	AKAP8L	0	ENCSR056HPM	1989	0.0	0.0			True
chr19	14784691	14785585	ASF1B	0	ENCSR056HPM	1989	0.0	0.0			True
chr19	14784691	14785585	BRD4	0	ENCSR056HPM	1989	0.0	0.0			True
chr19	14784691	14785585	DDX39A	0	ENCSR056HPM	1989	0.0	0.0			True
chr19	14784691	14785585	DNAJB1	0	ENCSR056HPM	1989	0.0	0.0			True
chr19	14784691	14785585	GIPC1	0	ENCSR056HPM	1989	0.0	0.0			True
chr19	14784691	14785585	TECR	0	ENCSR056HPM	1989	0.0	0.0			True
chr19	16885110	16885610	BABAM1	0	ENCSR056HPM	1989	0.0	0.0			True
chr19	16885110	16885610	MRPL34	0	ENCSR056HPM	1989	0.0	0.0			True
chr19	16885110	16885610	NR2F6	0	ENCSR056HPM	1989	0.0	0.0			True
chr19	16885110	16885610	RPL18A	0	ENCSR056HPM	1989	0.0	0.0			True
chr19	16885110	16885610	USE1	0	ENCSR056HPM	1989	0.0	0.0			True
chr19	17289461	17289961	MVB12A	0	ENCSR056HPM	1989	0.0	0.0			True
chr19	17289461	17289961	RPL18A	0	ENCSR056HPM	1989	0.0	0.0			True
chr19	17289461	17289961	SMIM7	0	ENCSR056HPM	1989	0.0	0.0			True
chr19	17398833	17399622	BST2	1	ENCSR056HPM	1989	0.755845155817587	0.00031096048769541085	0.0004113976610824466	9.802063941955566	False
chr19	17398833	17399622	CCDC124	0	ENCSR056HPM	1989	0.0	0.0			True
chr19	17398833	17399622	LSM4	0	ENCSR056HPM	1989	0.0	0.0			True
chr19	17398833	17399622	MPV17L2	0	ENCSR056HPM	1989	0.0	0.0			True
chr19	17398833	17399622	NR2F6	0	ENCSR056HPM	1989	0.0	0.0			True
chr19	17398833	17399622	OCEL1	0	ENCSR056HPM	1989	0.0	0.0			True
chr19	17398833	17399622	PGLS	0	ENCSR056HPM	1989	0.0	0.0			True
chr19	17398833	17399622	PGPEP1	0	ENCSR056HPM	1989	0.0	0.0			True
chr19	17398833	17399622	SLC35E1	0	ENCSR056HPM	1989	0.0	0.0			True
chr19	18044909	18045409	BST2	0	ENCSR056HPM	1989	0.0	0.0			True
chr19	18044909	18045409	REX1BD	0	ENCSR056HPM	1989	0.0	0.0			True
chr19	18044909	18045409	CCDC124	0	ENCSR056HPM	1989	0.0	0.0			True
chr19	18044909	18045409	COPE	0	ENCSR056HPM	1989	0.0	0.0			True
chr19	18044909	18045409	DDA1	0	ENCSR056HPM	1989	0.0	0.0			True
chr19	18044909	18045409	FKBP8	0	ENCSR056HPM	1989	0.0	0.0			True
chr19	18044909	18045409	KXD1	0	ENCSR056HPM	1989	0.0	0.0			True
chr19	18044909	18045409	LSM4	0	ENCSR056HPM	1989	0.0	0.0			True
chr19	18044909	18045409	PGLS	0	ENCSR056HPM	1989	0.0	0.0			True
chr19	18044909	18045409	RPL18A	0	ENCSR056HPM	1989	0.0	0.0			True
chr19	18044909	18045409	UBA52	0	ENCSR056HPM	1989	0.0	0.0			True
chr19	18044909	18045409	USE1	0	ENCSR056HPM	1989	0.0	0.0			True
chr19	18289909	18290720	BST2	0	ENCSR056HPM	1989	0.0	0.0			True
chr19	18289909	18290720	CCDC124	0	ENCSR056HPM	1989	0.0	0.0			True
chr19	18289909	18290720	COPE	0	ENCSR056HPM	1989	0.0	0.0			True
chr19	18289909	18290720	FKBP8	0	ENCSR056HPM	1989	0.0	0.0			True
chr19	18289909	18290720	ISYNA1	0	ENCSR056HPM	1989	0.0	0.0			True
chr19	18289909	18290720	KXD1	0	ENCSR056HPM	1989	0.0	0.0			True
chr19	18289909	18290720	MRPL34	0	ENCSR056HPM	1989	0.0	0.0			True
chr19	18289909	18290720	PGPEP1	0	ENCSR056HPM	1989	0.0	0.0			True
chr19	18289909	18290720	RPL18A	0	ENCSR056HPM	1989	0.0	0.0			True
chr19	18289909	18290720	UBA52	0	ENCSR056HPM	1989	0.0	0.0			True
chr19	18291477	18292285	BST2	0	ENCSR056HPM	1989	0.0	0.0			True
chr19	18291477	18292285	CCDC124	0	ENCSR056HPM	1989	0.0	0.0			True
chr19	18291477	18292285	COPE	0	ENCSR056HPM	1989	0.0	0.0			True
chr19	18291477	18292285	FKBP8	0	ENCSR056HPM	1989	0.0	0.0			True
chr19	18291477	18292285	KXD1	0	ENCSR056HPM	1989	0.0	0.0			True
chr19	18291477	18292285	MVB12A	0	ENCSR056HPM	1989	0.0	0.0			True
chr19	18291477	18292285	PGLS	0	ENCSR056HPM	1989	0.0	0.0			True
chr19	18291477	18292285	RPL18A	0	ENCSR056HPM	1989	0.0	0.0			True
chr19	18291477	18292285	UBA52	0	ENCSR056HPM	1989	0.0	0.0			True
chr19	18300981	18301481	BST2	0	ENCSR056HPM	1989	0.0	0.0			True
chr19	18300981	18301481	REX1BD	0	ENCSR056HPM	1989	0.0	0.0			True
chr19	18300981	18301481	COPE	0	ENCSR056HPM	1989	0.0	0.0			True
chr19	18300981	18301481	FKBP8	0	ENCSR056HPM	1989	0.0	0.0			True
chr19	18300981	18301481	KXD1	0	ENCSR056HPM	1989	0.0	0.0			True
chr19	18300981	18301481	RPL18A	0	ENCSR056HPM	1989	0.0	0.0			True
chr19	18300981	18301481	SSBP4	0	ENCSR056HPM	1989	0.0	0.0			True
chr19	18300981	18301481	SUGP2	0	ENCSR056HPM	1989	0.0	0.0			True
chr19	18300981	18301481	UBA52	0	ENCSR056HPM	1989	0.0	0.0			True
chr19	18303382	18303882	CCDC124	0	ENCSR056HPM	1989	0.0	0.0			True
chr19	18303382	18303882	DDX49	0	ENCSR056HPM	1989	0.0	0.0			True
chr19	18303382	18303882	FKBP8	0	ENCSR056HPM	1989	0.0	0.0			True
chr19	18303382	18303882	KXD1	0	ENCSR056HPM	1989	0.0	0.0			True
chr19	18303382	18303882	RPL18A	0	ENCSR056HPM	1989	0.0	0.0			True
chr19	18303382	18303882	UBA52	0	ENCSR056HPM	1989	0.0	0.0			True
chr19	18407986	18408629	REX1BD	0	ENCSR056HPM	1989	0.0	0.0			True
chr19	18407986	18408629	FKBP8	0	ENCSR056HPM	1989	0.0	0.0			True
chr19	18407986	18408629	KXD1	0	ENCSR056HPM	1989	0.0	0.0			True
chr19	18407986	18408629	LSM4	0	ENCSR056HPM	1989	0.0	0.0			True
chr19	18407986	18408629	RPL18A	0	ENCSR056HPM	1989	0.0	0.0			True
chr19	18407986	18408629	UBA52	0	ENCSR056HPM	1989	0.0	0.0			True
chr19	19062361	19062861	COPE	0	ENCSR056HPM	1989	0.0	0.0			True
chr19	19062361	19062861	DDX49	0	ENCSR056HPM	1989	0.0	0.0			True
chr19	19062361	19062861	KXD1	0	ENCSR056HPM	1989	0.0	0.0			True
chr19	19062361	19062861	LSM4	0	ENCSR056HPM	1989	0.0	0.0			True
chr19	19364667	19365338	REX1BD	0	ENCSR056HPM	1989	0.0	0.0			True
chr19	19364667	19365338	COPE	0	ENCSR056HPM	1989	0.0	0.0			True
chr19	19364667	19365338	FKBP8	0	ENCSR056HPM	1989	0.0	0.0			True
chr19	19364667	19365338	ISYNA1	0	ENCSR056HPM	1989	0.0	0.0			True
chr19	19364667	19365338	KXD1	0	ENCSR056HPM	1989	0.0	0.0			True
chr19	19364667	19365338	UBA52	0	ENCSR056HPM	1989	0.0	0.0			True
chr19	19372988	19373488	COPE	0	ENCSR056HPM	1989	0.0	0.0			True
chr19	19372988	19373488	FKBP8	0	ENCSR056HPM	1989	0.0	0.0			True
chr19	19372988	19373488	ISYNA1	0	ENCSR056HPM	1989	0.0	0.0			True
chr19	19372988	19373488	KXD1	0	ENCSR056HPM	1989	0.0	0.0			True
chr19	19372988	19373488	UBA52	0	ENCSR056HPM	1989	0.0	0.0			True
chr19	29687145	29687976	POP4	0	ENCSR056HPM	1989	0.0	0.0			True
chr19	29893630	29894130	UQCRFS1	0	ENCSR056HPM	1989	0.0	0.0			True
chr19	34165190	34165774	FXYD5	0	ENCSR056HPM	1989	0.0	0.0			True
chr19	34165190	34165774	UBA2	0	ENCSR056HPM	1989	0.0	0.0			True
chr19	34712608	34713108	COX6B1	0	ENCSR056HPM	1989	0.0	0.0			True
chr19	34712608	34713108	FXYD5	0	ENCSR056HPM	1989	0.0	0.0			True
chr19	34712608	34713108	UBA2	0	ENCSR056HPM	1989	0.0	0.0			True
chr19	34731449	34731949	COX6B1	0	ENCSR056HPM	1989	0.0	0.0			True
chr19	34869939	34870439	COX6B1	0	ENCSR056HPM	1989	0.0	0.0			True
chr19	34869939	34870439	FXYD5	0	ENCSR056HPM	1989	0.0	0.0			True
chr19	34869939	34870439	UBA2	0	ENCSR056HPM	1989	0.0	0.0			True
chr19	34973138	34973638	COX6B1	0	ENCSR056HPM	1989	0.0	0.0			True
chr19	34973138	34973638	FXYD5	0	ENCSR056HPM	1989	0.0	0.0			True
chr19	34973138	34973638	GPI	0	ENCSR056HPM	1989	0.0	0.0			True
chr19	34973138	34973638	LSM14A	0	ENCSR056HPM	1989	0.0	0.0			True
chr19	34973138	34973638	RBM42	0	ENCSR056HPM	1989	0.0	0.0			True
chr19	34973138	34973638	TMEM147	0	ENCSR056HPM	1989	0.0	0.0			True
chr19	34975852	34976352	FXYD5	0	ENCSR056HPM	1989	0.0	0.0			True
chr19	34975852	34976352	GPI	0	ENCSR056HPM	1989	0.0	0.0			True
chr19	34975852	34976352	PDCD2L	0	ENCSR056HPM	1989	0.0	0.0			True
chr19	34975852	34976352	RBM42	0	ENCSR056HPM	1989	0.0	0.0			True
chr19	35210656	35211283	RBM42	0	ENCSR056HPM	1989	0.0	0.0			True
chr19	35210656	35211283	TBCB	0	ENCSR056HPM	1989	0.0	0.0			True
chr19	35220180	35220994	COX6B1	0	ENCSR056HPM	1989	0.0	0.0			True
chr19	35220180	35220994	GPI	0	ENCSR056HPM	1989	0.0	0.0			True
chr19	35220180	35220994	RBM42	0	ENCSR056HPM	1989	0.0	0.0			True
chr19	35220180	35220994	UBA2	0	ENCSR056HPM	1989	0.0	0.0			True
chr19	35317406	35318063	COX6B1	0	ENCSR056HPM	1989	0.0	0.0			True
chr19	35317406	35318063	POLR2I	0	ENCSR056HPM	1989	0.0	0.0			True
chr19	35317406	35318063	TMEM147	0	ENCSR056HPM	1989	0.0	0.0			True
chr19	35389382	35389882	COX6B1	0	ENCSR056HPM	1989	0.0	0.0			True
chr19	35389382	35389882	FXYD5	0	ENCSR056HPM	1989	0.0	0.0			True
chr19	35389382	35389882	POLR2I	0	ENCSR056HPM	1989	0.0	0.0			True
chr19	35389382	35389882	PSENEN	0	ENCSR056HPM	1989	0.0	0.0			True
chr19	35389382	35389882	RBM42	0	ENCSR056HPM	1989	0.0	0.0			True
chr19	35389382	35389882	TMEM147	0	ENCSR056HPM	1989	0.0	0.0			True
chr19	35389382	35389882	UBA2	0	ENCSR056HPM	1989	0.0	0.0			True
chr19	35819925	35820425	COX6B1	0	ENCSR056HPM	1989	0.0	0.0			True
chr19	35819925	35820425	FXYD5	0	ENCSR056HPM	1989	0.0	0.0			True
chr19	35819925	35820425	SDHAF1	0	ENCSR056HPM	1989	0.0	0.0			True
chr19	35819925	35820425	TBCB	0	ENCSR056HPM	1989	0.0	0.0			True
chr19	35819925	35820425	USF2	0	ENCSR056HPM	1989	0.0	0.0			True
chr19	36127454	36128662	COX6B1	0	ENCSR056HPM	1989	0.0	0.0			True
chr19	39046036	39046536	EIF3K	0	ENCSR056HPM	1989	0.0	0.0			True
chr19	39046036	39046536	PSMD8	0	ENCSR056HPM	1989	0.0	0.0			True
chr19	39252418	39252918	PSMD8	0	ENCSR056HPM	1989	0.0	0.0			True
chr19	39258244	39259558	ACTN4	0	ENCSR056HPM	1989	0.0	0.0			True
chr19	39258244	39259558	PSMD8	0	ENCSR056HPM	1989	0.0	0.0			True
chr19	39258244	39259558	RPS16	0	ENCSR056HPM	1989	0.0	0.0			True
chr19	39430596	39431096	EIF3K	0	ENCSR056HPM	1989	0.0	0.0			True
chr19	40416806	40417474	BLVRB	0	ENCSR056HPM	1989	0.0	0.0			True
chr19	40416806	40417474	FBL	0	ENCSR056HPM	1989	0.0	0.0			True
chr19	40416806	40417474	HNRNPUL1	0	ENCSR056HPM	1989	0.0	0.0			True
chr19	40416806	40417474	RPS16	0	ENCSR056HPM	1989	0.0	0.0			True
chr19	40416806	40417474	SNRPA	0	ENCSR056HPM	1989	0.0	0.0			True
chr19	40433276	40434535	TIMM50	0	ENCSR056HPM	1989	0.0	0.0			True
chr19	40435180	40435680	FBL	0	ENCSR056HPM	1989	0.0	0.0			True
chr19	40445863	40446363	FBL	0	ENCSR056HPM	1989	0.0	0.0			True
chr19	40445863	40446363	TGFB1	0	ENCSR056HPM	1989	0.0	0.0			True
chr19	40662680	40664332	BLVRB	0	ENCSR056HPM	1989	0.0	0.0			True
chr19	40662680	40664332	PSMC4	0	ENCSR056HPM	1989	0.0	0.0			True
chr19	40920826	40921539	BLVRB	0	ENCSR056HPM	1989	0.0	0.0			True
chr19	40920826	40921539	RPS19	0	ENCSR056HPM	1989	0.0	0.0			True
chr19	44721966	44722780	ERCC1	0	ENCSR056HPM	1989	0.0	0.0			True
chr19	44721966	44722780	SNRPD2	0	ENCSR056HPM	1989	0.0	0.0			True
chr19	44721966	44722780	TOMM40	0	ENCSR056HPM	1989	0.0	0.0			True
chr19	44721966	44722780	VASP	0	ENCSR056HPM	1989	0.0	0.0			True
chr19	44741739	44742239	TOMM40	0	ENCSR056HPM	1989	0.0	0.0			True
chr19	46078363	46078863	CALM3	0	ENCSR056HPM	1989	0.0	0.0			True
chr19	46078363	46078863	SNRPD2	0	ENCSR056HPM	1989	0.0	0.0			True
chr19	46078363	46078863	TMEM160	0	ENCSR056HPM	1989	0.0	0.0			True
chr19	46628959	46629459	AP2S1	0	ENCSR056HPM	1989	0.0	0.0			True
chr19	46628959	46629459	SNRPD2	0	ENCSR056HPM	1989	0.0	0.0			True
chr19	46862934	46863434	CALM3	0	ENCSR056HPM	1989	0.0	0.0			True
chr19	46862934	46863434	SELENOW	0	ENCSR056HPM	1989	0.0	0.0			True
chr19	46862934	46863434	SLC1A5	0	ENCSR056HPM	1989	0.0	0.0			True
chr19	46862934	46863434	TMEM160	0	ENCSR056HPM	1989	0.0	0.0			True
chr19	47242920	47243688	CALM3	0	ENCSR056HPM	1989	0.0	0.0			True
chr19	47244028	47244641	CALM3	0	ENCSR056HPM	1989	0.0	0.0			True
chr19	47324468	47324968	EMP3	0	ENCSR056HPM	1989	0.0	0.0			True
chr19	47891679	47892586	KDELR1	0	ENCSR056HPM	1989	0.0	0.0			True
chr19	47891679	47892586	RPL18	0	ENCSR056HPM	1989	0.0	0.0			True
chr19	47891679	47892586	SAE1	0	ENCSR056HPM	1989	0.0	0.0			True
chr19	48259606	48260562	FTL	0	ENCSR056HPM	1989	0.0	0.0			True
chr19	48259606	48260562	RPL18	0	ENCSR056HPM	1989	0.0	0.0			True
chr19	48780421	48781372	RPL13A	0	ENCSR056HPM	1989	0.0	0.0			True
chr19	48780421	48781372	RPL18	0	ENCSR056HPM	1989	0.0	0.0			True
chr19	48878461	48878961	RPL13A	0	ENCSR056HPM	1989	0.0	0.0			True
chr19	48878461	48878961	RPL18	0	ENCSR056HPM	1989	0.0	0.0			True
chr19	48950851	48951577	BCL2L12	0	ENCSR056HPM	1989	0.0	0.0			True
chr19	48950851	48951577	PIH1D1	0	ENCSR056HPM	1989	0.0	0.0			True
chr19	48950851	48951577	RPL13A	0	ENCSR056HPM	1989	0.0	0.0			True
chr19	48950851	48951577	RPL18	0	ENCSR056HPM	1989	0.0	0.0			True
chr19	49717414	49717914	FTL	0	ENCSR056HPM	1989	0.0	0.0			True
chr19	49717414	49717914	RPL13A	0	ENCSR056HPM	1989	0.0	0.0			True
chr19	49717414	49717914	RPS11	0	ENCSR056HPM	1989	0.0	0.0			True
chr19	49717414	49717914	SNRNP70	0	ENCSR056HPM	1989	0.0	0.0			True
chr19	50082252	50082752	BCL2L12	0	ENCSR056HPM	1989	0.0	0.0			True
chr19	50082252	50082752	PIH1D1	0	ENCSR056HPM	1989	0.0	0.0			True
chr19	50082252	50082752	RPL13A	0	ENCSR056HPM	1989	0.0	0.0			True
chr19	50082252	50082752	RPS11	0	ENCSR056HPM	1989	0.0	0.0			True
chr19	50602846	50603346	ETFB	0	ENCSR056HPM	1989	0.0	0.0			True
chr19	50728300	50728800	CLEC11A	1	ENCSR056HPM	1989	1.843602983774161	0.001237442484125495	0.0006711987662129104	9.125638008117676	False
chr19	50741218	50741718	TMA7	0	ENCSR056HPM	1989	0.0	0.0			True
chr19	50741218	50741718	ETFB	0	ENCSR056HPM	1989	0.0	0.0			True
chr19	50743080	50743580	TMA7	0	ENCSR056HPM	1989	0.0	0.0			True
chr19	50929772	50930272	TMA7	0	ENCSR056HPM	1989	0.0	0.0			True
chr19	50929772	50930272	ETFB	0	ENCSR056HPM	1989	0.0	0.0			True
chr19	51471011	51471511	TMA7	0	ENCSR056HPM	1989	0.0	0.0			True
chr19	51471011	51471511	ETFB	0	ENCSR056HPM	1989	0.0	0.0			True
chr19	51472870	51473370	ETFB	0	ENCSR056HPM	1989	0.0	0.0			True
chr19	51541680	51542352	CD33	0	ENCSR056HPM	1989	0.0	0.0			True
chr19	51546564	51547194	PPP2R1A	0	ENCSR056HPM	1989	0.0	0.0			True
chr19	51548353	51548853	ETFB	0	ENCSR056HPM	1989	0.0	0.0			True
chr19	51548353	51548853	PPP2R1A	0	ENCSR056HPM	1989	0.0	0.0			True
chr19	51552831	51553640	ETFB	0	ENCSR056HPM	1989	0.0	0.0			True
chr19	55473634	55474134	EPN1	0	ENCSR056HPM	1989	0.0	0.0			True
chr19	55473634	55474134	ISOC2	0	ENCSR056HPM	1989	0.28349459369581625	7.962691597640514e-05	0.0002808663120958954	8.74631118774414	False
chr19	55473634	55474134	RPL28	0	ENCSR056HPM	1989	0.0	0.0			True
chr19	55547221	55548272	EPN1	0	ENCSR056HPM	1989	0.0	0.0			True
chr19	55547221	55548272	ISOC2	0	ENCSR056HPM	1989	0.0	0.0			True
chr19	55547221	55548272	ZNF580	0	ENCSR056HPM	1989	0.0	0.0			True
chr19	56162210	56162710	EPN1	0	ENCSR056HPM	1989	0.0	0.0			True
chr19	56162210	56162710	RPL28	0	ENCSR056HPM	1989	0.0	0.0			True
chr19	56162210	56162710	ZNF581	0	ENCSR056HPM	1989	0.0	0.0			True
chr19	56186791	56187291	RPL28	0	ENCSR056HPM	1989	0.0	0.0			True
chr19	57098938	57099438	ZNF550	1	ENCSR056HPM	1989	0.0	0.0			True
chr2	8526044	8526658	ITGB1BP1	0	ENCSR056HPM	1989	0.0	0.0			True
chr2	8536470	8537291	ITGB1BP1	0	ENCSR056HPM	1989	0.0	0.0			True
chr2	8536470	8537291	MBOAT2	0	ENCSR056HPM	1989	0.0	0.0			True
chr2	8593172	8593672	ITGB1BP1	0	ENCSR056HPM	1989	0.0	0.0			True
chr2	8636008	8636508	YWHAQ	0	ENCSR056HPM	1989	0.0	0.0			True
chr2	9033345	9033845	YWHAQ	0	ENCSR056HPM	1989	0.0	0.0			True
chr2	9168800	9169781	ITGB1BP1	0	ENCSR056HPM	1989	0.0	0.0			True
chr2	9201126	9202089	YWHAQ	0	ENCSR056HPM	1989	0.0	0.0			True
chr2	10028199	10028699	ITGB1BP1	0	ENCSR056HPM	1989	0.0	0.0			True
chr2	10028199	10028699	PDIA6	0	ENCSR056HPM	1989	0.0	0.0			True
chr2	10028199	10028699	YWHAQ	0	ENCSR056HPM	1989	0.0	0.0			True
chr2	10030262	10030762	NOL10	0	ENCSR056HPM	1989	0.0	0.0			True
chr2	10030262	10030762	PDIA6	0	ENCSR056HPM	1989	0.0	0.0			True
chr2	10030262	10030762	YWHAQ	0	ENCSR056HPM	1989	0.0	0.0			True
chr2	10118115	10118615	PDIA6	0	ENCSR056HPM	1989	0.0	0.0			True
chr2	10118115	10118615	YWHAQ	0	ENCSR056HPM	1989	0.0	0.0			True
chr2	10215389	10215889	YWHAQ	0	ENCSR056HPM	1989	0.0	0.0			True
chr2	10278334	10279239	PDIA6	0	ENCSR056HPM	1989	0.0	0.0			True
chr2	10283198	10283698	ITGB1BP1	0	ENCSR056HPM	1989	0.0	0.0			True
chr2	10283198	10283698	PDIA6	1	ENCSR056HPM	1989	0.0	0.0			True
chr2	10297670	10298303	IAH1	0	ENCSR056HPM	1989	0.0	0.0			True
chr2	10530567	10531323	PDIA6	0	ENCSR056HPM	1989	0.0	0.0			True
chr2	11829147	11830691	PDIA6	0	ENCSR056HPM	1989	0.0	0.0			True
chr2	24362273	24362773	SF3B6	0	ENCSR056HPM	1989	0.0	0.0			True
chr2	24456540	24457040	PTRHD1	0	ENCSR056HPM	1989	0.0	0.0			True
chr2	24456540	24457040	SF3B6	0	ENCSR056HPM	1989	0.0	0.0			True
chr2	24457698	24458198	PTRHD1	0	ENCSR056HPM	1989	0.0	0.0			True
chr2	24457698	24458198	SF3B6	0	ENCSR056HPM	1989	0.0	0.0			True
chr2	24461423	24462137	SF3B6	0	ENCSR056HPM	1989	0.0	0.0			True
chr2	24482318	24483073	SF3B6	0	ENCSR056HPM	1989	0.0	0.0			True
chr2	26658869	26659369	ATRAID	0	ENCSR056HPM	1989	0.0	0.0			True
chr2	26658869	26659369	HADHA	0	ENCSR056HPM	1989	0.0	0.0			True
chr2	26658869	26659369	OST4	0	ENCSR056HPM	1989	0.0	0.0			True
chr2	26658869	26659369	PPM1G	0	ENCSR056HPM	1989	0.0	0.0			True
chr2	27527246	27527746	OST4	0	ENCSR056HPM	1989	0.0	0.0			True
chr2	27727174	27727674	ATRAID	0	ENCSR056HPM	1989	0.0	0.0			True
chr2	27727174	27727674	GTF3C2	0	ENCSR056HPM	1989	0.0	0.0			True
chr2	27727174	27727674	MPV17	0	ENCSR056HPM	1989	0.0	0.0			True
chr2	27727174	27727674	OST4	0	ENCSR056HPM	1989	0.0	0.0			True
chr2	28366337	28367191	PPM1G	0	ENCSR056HPM	1989	0.0	0.0			True
chr2	28366337	28367191	SNX17	0	ENCSR056HPM	1989	0.0	0.0			True
chr2	37561123	37562055	CEBPZ	0	ENCSR056HPM	1989	0.0	0.0			True
chr2	38613065	38614248	SRSF7	1	ENCSR056HPM	1989	0.0	0.0			True
chr2	38643689	38644189	GEMIN6	0	ENCSR056HPM	1989	0.0	0.0			True
chr2	39150063	39151173	SRSF7	1	ENCSR056HPM	1989	0.0	0.0			True
chr2	41830453	41830953	COX7A2L	0	ENCSR056HPM	1989	0.0	0.0			True
chr2	41922053	41922660	COX7A2L	0	ENCSR056HPM	1989	0.0	0.0			True
chr2	42927216	42928376	COX7A2L	0	ENCSR056HPM	1989	0.0	0.0			True
chr2	42928543	42929043	COX7A2L	0	ENCSR056HPM	1989	0.0	0.0			True
chr2	42928543	42929043	EML4	0	ENCSR056HPM	1989	0.0	0.0			True
chr2	42931360	42932334	COX7A2L	0	ENCSR056HPM	1989	0.0	0.0			True
chr2	42931360	42932334	ZFP36L2	0	ENCSR056HPM	1989	0.0	0.0			True
chr2	43059491	43059991	COX7A2L	0	ENCSR056HPM	1989	0.0	0.0			True
chr2	43073251	43073974	COX7A2L	0	ENCSR056HPM	1989	0.0	0.0			True
chr2	43073251	43073974	LRPPRC	0	ENCSR056HPM	1989	0.0	0.0			True
chr2	43168296	43169111	COX7A2L	0	ENCSR056HPM	1989	0.0	0.0			True
chr2	43168296	43169111	LRPPRC	0	ENCSR056HPM	1989	0.0	0.0			True
chr2	43184192	43184831	COX7A2L	0	ENCSR056HPM	1989	0.0	0.0			True
chr2	43185052	43185671	COX7A2L	0	ENCSR056HPM	1989	0.0	0.0			True
chr2	43186535	43187035	COX7A2L	0	ENCSR056HPM	1989	0.0	0.0			True
chr2	43194824	43195324	COX7A2L	0	ENCSR056HPM	1989	0.0	0.0			True
chr2	43197260	43197760	COX7A2L	0	ENCSR056HPM	1989	0.0	0.0			True
chr2	43197260	43197760	LRPPRC	0	ENCSR056HPM	1989	0.0	0.0			True
chr2	43218756	43219256	COX7A2L	0	ENCSR056HPM	1989	0.0	0.0			True
chr2	43219485	43220340	LRPPRC	0	ENCSR056HPM	1989	0.0	0.0			True
chr2	43219485	43220340	ZFP36L2	0	ENCSR056HPM	1989	4.528726318431331	0.0012767828302457929	0.0002819197834469378	9.883344650268555	False
chr2	46224510	46225299	CALM2	0	ENCSR056HPM	1989	0.0	0.0			True
chr2	46258682	46259743	CALM2	0	ENCSR056HPM	1989	0.0	0.0			True
chr2	47179209	47179819	CALM2	0	ENCSR056HPM	1989	1.7111609014415927	0.0004734157701022923	0.00027665350353345275	8.860931396484375	False
chr2	55115968	55116468	RPS27A	0	ENCSR056HPM	1989	0.0	0.0			True
chr2	55120528	55121415	RPS27A	0	ENCSR056HPM	1989	0.0	0.0			True
chr2	55140350	55141482	CFAP36	0	ENCSR056HPM	1989	0.0	0.0			True
chr2	55140350	55141482	MTIF2	0	ENCSR056HPM	1989	0.0	0.0			True
chr2	55140350	55141482	RPS27A	0	ENCSR056HPM	1989	0.0	0.0			True
chr2	55157303	55158448	RPS27A	0	ENCSR056HPM	1989	0.0	0.0			True
chr2	55459213	55460676	RPS27A	0	ENCSR056HPM	1989	0.0	0.0			True
chr2	55459213	55460676	RTN4	0	ENCSR056HPM	1989	0.0	0.0			True
chr2	61165959	61166459	XPO1	0	ENCSR056HPM	1989	0.0	0.0			True
chr2	61620185	61621281	CCT4	0	ENCSR056HPM	1989	0.0	0.0			True
chr2	62304652	62305152	CCT4	0	ENCSR056HPM	1989	0.0	0.0			True
chr2	64260703	64261203	RAB1A	0	ENCSR056HPM	1989	0.0	0.0			True
chr2	64354746	64355246	MDH1	0	ENCSR056HPM	1989	0.0	0.0			True
chr2	64354746	64355246	RAB1A	0	ENCSR056HPM	1989	0.0	0.0			True
chr2	64831073	64832160	RAB1A	0	ENCSR056HPM	1989	0.0	0.0			True
chr2	64831073	64832160	UGP2	0	ENCSR056HPM	1989	0.0	0.0			True
chr2	65294682	65295182	ACTR2	0	ENCSR056HPM	1989	0.0	0.0			True
chr2	68352552	68353391	C1D	0	ENCSR056HPM	1989	0.0	0.0			True
chr2	68352552	68353391	PNO1	0	ENCSR056HPM	1989	0.0	0.0			True
chr2	68423835	68424335	C1D	0	ENCSR056HPM	1989	0.0	0.0			True
chr2	68441508	68442155	NFU1	0	ENCSR056HPM	1989	0.0	0.0			True
chr2	68849598	68850098	C1D	0	ENCSR056HPM	1989	0.0	0.0			True
chr2	68909741	68910670	NFU1	0	ENCSR056HPM	1989	0.0	0.0			True
chr2	69946506	69947931	SNRPG	0	ENCSR056HPM	1989	0.0	0.0			True
chr2	70108487	70109291	SNRPG	0	ENCSR056HPM	1989	0.0	0.0			True
chr2	70118670	70119170	SNRPG	0	ENCSR056HPM	1989	0.0	0.0			True
chr2	70135795	70136489	SNRPG	0	ENCSR056HPM	1989	0.0	0.0			True
chr2	70141005	70141812	NFU1	0	ENCSR056HPM	1989	0.0	0.0			True
chr2	73921102	73921602	AUP1	0	ENCSR056HPM	1989	0.0	0.0			True
chr2	73921102	73921602	DGUOK	0	ENCSR056HPM	1989	0.6701979205630421	0.0004064225358888507	0.0006064116605557501	8.602655410766602	False
chr2	73921102	73921602	HTRA2	0	ENCSR056HPM	1989	0.0	0.0			True
chr2	73921102	73921602	TPRKB	0	ENCSR056HPM	1989	0.0	0.0			True
chr2	74185851	74186351	BOLA3	0	ENCSR056HPM	1989	0.0	0.0			True
chr2	74185851	74186351	CCT7	0	ENCSR056HPM	1989	0.0	0.0			True
chr2	74185851	74186351	DGUOK	0	ENCSR056HPM	1989	0.0	0.0			True
chr2	74185851	74186351	MTHFD2	0	ENCSR056HPM	1989	0.4769394989870747	0.0002335426106583327	0.0004896592581644654	8.695182800292969	False
chr2	74185851	74186351	POLE4	0	ENCSR056HPM	1989	0.0	0.0			True
chr2	74185851	74186351	TPRKB	0	ENCSR056HPM	1989	0.0	0.0			True
chr2	75466649	75467149	AUP1	0	ENCSR056HPM	1989	0.0	0.0			True
chr2	75609025	75609525	POLE4	0	ENCSR056HPM	1989	0.0	0.0			True
chr2	75871641	75872141	POLE4	0	ENCSR056HPM	1989	0.0	0.0			True
chr2	83969063	83969563	TMSB10	0	ENCSR056HPM	1989	0.0	0.0			True
chr2	83971272	83972009	KCMF1	0	ENCSR056HPM	1989	0.0	0.0			True
chr2	84495476	84495976	TGOLN2	0	ENCSR056HPM	1989	0.0	0.0			True
chr2	85500048	85500548	VAMP8	0	ENCSR056HPM	1989	0.0	0.0			True
chr2	85524194	85525034	TGOLN2	0	ENCSR056HPM	1989	0.0	0.0			True
chr2	85537475	85538125	IMMT	0	ENCSR056HPM	1989	0.0	0.0			True
chr2	85537475	85538125	MRPL35	0	ENCSR056HPM	1989	0.0	0.0			True
chr2	85537475	85538125	TMSB10	0	ENCSR056HPM	1989	0.0	0.0			True
chr2	85921645	85922145	VAMP8	0	ENCSR056HPM	1989	0.0	0.0			True
chr2	85933810	85934559	IMMT	0	ENCSR056HPM	1989	0.0	0.0			True
chr2	85933810	85934559	MRPL35	0	ENCSR056HPM	1989	0.0	0.0			True
chr2	85933810	85934559	VAMP8	0	ENCSR056HPM	1989	0.0	0.0			True
chr2	85951546	85952046	RNF181	0	ENCSR056HPM	1989	0.0	0.0			True
chr2	85951546	85952046	TMEM150A	0	ENCSR056HPM	1989	0.0	0.0			True
chr2	85952246	85952867	MAT2A	0	ENCSR056HPM	1989	0.0	0.0			True
chr2	85952246	85952867	MRPL35	0	ENCSR056HPM	1989	0.0	0.0			True
chr2	85993835	85994451	RNF181	0	ENCSR056HPM	1989	0.0	0.0			True
chr2	85993835	85994451	VAMP8	0	ENCSR056HPM	1989	0.0	0.0			True
chr2	85996512	85997012	IMMT	0	ENCSR056HPM	1989	0.0	0.0			True
chr2	85996512	85997012	MAT2A	0	ENCSR056HPM	1989	0.0	0.0			True
chr2	86000165	86000665	MAT2A	0	ENCSR056HPM	1989	0.0	0.0			True
chr2	86000165	86000665	RNF181	0	ENCSR056HPM	1989	0.0	0.0			True
chr2	86000165	86000665	VAMP8	0	ENCSR056HPM	1989	0.0	0.0			True
chr2	95550922	95551629	STARD7	0	ENCSR056HPM	1989	0.0	0.0			True
chr2	96094716	96095602	MRPS5	0	ENCSR056HPM	1989	0.0	0.0			True
chr2	96396569	96397069	CIAO1	0	ENCSR056HPM	1989	0.0	0.0			True
chr2	100513596	100514096	CNOT11	0	ENCSR056HPM	1989	0.0	0.0			True
chr2	100513596	100514096	RPL31	0	ENCSR056HPM	1989	0.0	0.0			True
chr2	101689403	101689903	RPL31	0	ENCSR056HPM	1989	0.0	0.0			True
chr2	105968272	105968892	C2orf49	0	ENCSR056HPM	1989	0.0	0.0			True
chr2	111642858	111643358	CHCHD5	0	ENCSR056HPM	1989	0.0	0.0			True
chr2	111702061	111702561	CHCHD5	0	ENCSR056HPM	1989	0.0	0.0			True
chr2	112272425	112273458	MIR4435-2HG	0	ENCSR056HPM	1989	0.0	0.0			True
chr2	112685082	112685729	ZC3H8	0	ENCSR056HPM	1989	0.0	0.0			True
chr2	112686463	112686963	CHCHD5	0	ENCSR056HPM	1989	0.0	0.0			True
chr2	112904763	112905371	CHCHD5	0	ENCSR056HPM	1989	0.0	0.0			True
chr2	113372341	113372841	ACTR3	0	ENCSR056HPM	1989	0.0	0.0			True
chr2	113372341	113372841	CHCHD5	0	ENCSR056HPM	1989	0.0	0.0			True
chr2	121811175	121811675	NIFK	0	ENCSR056HPM	1989	0.0	0.0			True
chr2	121811175	121811675	TSN	0	ENCSR056HPM	1989	0.0	0.0			True
chr2	121902206	121902706	NIFK	0	ENCSR056HPM	1989	0.0	0.0			True
chr2	126645231	126645731	IWS1	0	ENCSR056HPM	1989	0.0	0.0			True
chr2	126994271	126994881	GYPC	0	ENCSR056HPM	1989	0.0	0.0			True
chr2	130378090	130379290	IMP4	0	ENCSR056HPM	1989	0.0	0.0			True
chr2	130380029	130380529	MZT2B	0	ENCSR056HPM	1989	0.0	0.0			True
chr2	132337827	132338327	MZT2A	0	ENCSR056HPM	1989	0.0	0.0			True
chr2	135050130	135051140	DARS1	0	ENCSR056HPM	1989	0.0	0.0			True
chr2	151760313	151760813	ARL6IP6	0	ENCSR056HPM	1989	0.0	0.0			True
chr2	151760313	151760813	NMI	0	ENCSR056HPM	1989	0.0	0.0			True
chr2	151760313	151760813	PRPF40A	0	ENCSR056HPM	1989	0.0	0.0			True
chr2	151760313	151760813	RIF1	0	ENCSR056HPM	1989	0.0	0.0			True
chr2	151766458	151766958	NMI	0	ENCSR056HPM	1989	0.0	0.0			True
chr2	151766458	151766958	PRPF40A	0	ENCSR056HPM	1989	0.0	0.0			True
chr2	151766458	151766958	RIF1	0	ENCSR056HPM	1989	0.0	0.0			True
chr2	151767509	151768009	PRPF40A	0	ENCSR056HPM	1989	0.0	0.0			True
chr2	151782544	151783218	ARL5A	0	ENCSR056HPM	1989	0.0	0.0			True
chr2	151782544	151783218	NMI	0	ENCSR056HPM	1989	0.0	0.0			True
chr2	151782544	151783218	PRPF40A	0	ENCSR056HPM	1989	0.0	0.0			True
chr2	152200525	152201025	ARL5A	0	ENCSR056HPM	1989	0.0	0.0			True
chr2	169034231	169034731	METTL5	0	ENCSR056HPM	1989	0.0	0.0			True
chr2	169034231	169034731	SSB	0	ENCSR056HPM	1989	0.0	0.0			True
chr2	169050772	169051272	METTL5	0	ENCSR056HPM	1989	0.0	0.0			True
chr2	169050772	169051272	SSB	0	ENCSR056HPM	1989	0.0	0.0			True
chr2	169415215	169415911	METTL5	0	ENCSR056HPM	1989	0.0	0.0			True
chr2	170155013	170155707	PPIG	0	ENCSR056HPM	1989	0.0	0.0			True
chr2	170155013	170155707	SSB	0	ENCSR056HPM	1989	0.0	0.0			True
chr2	173291317	173291817	CDCA7	0	ENCSR056HPM	1989	0.0	0.0			True
chr2	173291317	173291817	OLA1	0	ENCSR056HPM	1989	0.0	0.0			True
chr2	173400724	173401224	CDCA7	0	ENCSR056HPM	1989	0.0	0.0			True
chr2	173400724	173401224	OLA1	0	ENCSR056HPM	1989	0.0	0.0			True
chr2	174031778	174032551	CDCA7	0	ENCSR056HPM	1989	0.0	0.0			True
chr2	174051642	174052142	CDCA7	0	ENCSR056HPM	1989	0.0	0.0			True
chr2	175036530	175037030	ATP5MC3	1	ENCSR056HPM	1989	0.0	0.0			True
chr2	176018642	176019142	ATP5MC3	0	ENCSR056HPM	1989	0.0	0.0			True
chr2	176018642	176019142	MTX2	0	ENCSR056HPM	1989	0.0	0.0			True
chr2	176088216	176088716	ATP5MC3	0	ENCSR056HPM	1989	0.0	0.0			True
chr2	176088216	176088716	MTX2	0	ENCSR056HPM	1989	0.0	0.0			True
chr2	189210108	189210608	ORMDL1	0	ENCSR056HPM	1989	0.0	0.0			True
chr2	189505363	189506999	C2orf88	0	ENCSR056HPM	1989	0.0	0.0			True
chr2	189505363	189506999	ORMDL1	0	ENCSR056HPM	1989	0.0	0.0			True
chr2	200174282	200174782	BZW1	0	ENCSR056HPM	1989	0.0	0.0			True
chr2	201906822	201907629	SUMO1	0	ENCSR056HPM	1989	0.0	0.0			True
chr2	202069387	202070242	NDUFB3	0	ENCSR056HPM	1989	0.0	0.0			True
chr2	215505459	215505959	RPL37A	0	ENCSR056HPM	1989	0.0	0.0			True
chr2	217077875	217078375	RPL37A	0	ENCSR056HPM	1989	0.0	0.0			True
chr2	217092690	217093190	XRCC5	0	ENCSR056HPM	1989	0.0	0.0			True
chr2	217105645	217106145	RPL37A	0	ENCSR056HPM	1989	0.0	0.0			True
chr2	217106606	217107239	RPL37A	0	ENCSR056HPM	1989	0.0	0.0			True
chr2	217107437	217107937	RPL37A	0	ENCSR056HPM	1989	0.0	0.0			True
chr2	217108594	217109094	RPL37A	0	ENCSR056HPM	1989	0.0	0.0			True
chr2	217147504	217148259	RPL37A	0	ENCSR056HPM	1989	0.0	0.0			True
chr2	219661173	219662525	CHPF	1	ENCSR056HPM	1989	0.0	0.0			True
chr2	219661173	219662525	DNPEP	0	ENCSR056HPM	1989	0.0	0.0			True
chr2	219661173	219662525	GMPPA	0	ENCSR056HPM	1989	0.0	0.0			True
chr2	230660483	230660983	NCL	0	ENCSR056HPM	1989	0.0	0.0			True
chr2	230667135	230667877	NCL	0	ENCSR056HPM	1989	0.0	0.0			True
chr2	230711142	230711773	NCL	0	ENCSR056HPM	1989	0.0	0.0			True
chr2	230711142	230711773	PTMA	0	ENCSR056HPM	1989	0.0	0.0			True
chr2	235460549	235461049	AGAP1	1	ENCSR056HPM	1989	0.0	0.0			True
chr2	238421267	238421767	UBE2F	0	ENCSR056HPM	1989	0.0	0.0			True
chr2	238422153	238422776	HES6	0	ENCSR056HPM	1989	0.0	0.0			True
chr2	240060731	240061405	NDUFA10	0	ENCSR056HPM	1989	0.0	0.0			True
chr20	577009	577710	FKBP1A	0	ENCSR056HPM	1989	0.0	0.0			True
chr20	828944	829444	RBCK1	0	ENCSR056HPM	1989	0.0	0.0			True
chr20	1211942	1212583	RBCK1	0	ENCSR056HPM	1989	0.0	0.0			True
chr20	1215251	1216203	RBCK1	0	ENCSR056HPM	1989	0.0	0.0			True
chr20	3076729	3077229	SNRPB	0	ENCSR056HPM	1989	0.0	0.0			True
chr20	3446707	3447820	SNRPB	0	ENCSR056HPM	1989	0.0	0.0			True
chr20	3652558	3653058	ADISSP	0	ENCSR056HPM	1989	0.0	0.0			True
chr20	3652558	3653058	IDH3B	0	ENCSR056HPM	1989	0.0	0.0			True
chr20	3839277	3839777	ADISSP	0	ENCSR056HPM	1989	0.0	0.0			True
chr20	3839277	3839777	MRPS26	0	ENCSR056HPM	1989	0.0	0.0			True
chr20	3843451	3843951	ADISSP	0	ENCSR056HPM	1989	0.0	0.0			True
chr20	4025605	4026421	DDRGK1	0	ENCSR056HPM	1989	0.0	0.0			True
chr20	4025605	4026421	MRPS26	0	ENCSR056HPM	1989	0.0	0.0			True
chr20	4037971	4038471	ADISSP	1	ENCSR056HPM	1989	0.0	0.0			True
chr20	4119362	4119862	TMEM230	0	ENCSR056HPM	1989	0.0	0.0			True
chr20	5659564	5660064	CRLS1	0	ENCSR056HPM	1989	0.0	0.0			True
chr20	5659564	5660064	PCNA	0	ENCSR056HPM	1989	0.0	0.0			True
chr20	5659564	5660064	TMEM230	0	ENCSR056HPM	1989	0.0	0.0			True
chr20	5675386	5675886	PCNA	0	ENCSR056HPM	1989	0.0	0.0			True
chr20	5675386	5675886	TMEM230	0	ENCSR056HPM	1989	0.0	0.0			True
chr20	5719539	5720305	TMEM230	0	ENCSR056HPM	1989	0.0	0.0			True
chr20	5736995	5737662	TMEM230	0	ENCSR056HPM	1989	0.0	0.0			True
chr20	17925055	17925961	DTD1	0	ENCSR056HPM	1989	0.0	0.0			True
chr20	17925055	17925961	LINC00493	0	ENCSR056HPM	1989					False
chr20	20946305	20946806	NAA20	0	ENCSR056HPM	1989	0.0	0.0			True
chr20	22836781	22837281	CST3	0	ENCSR056HPM	1989	0.0	0.0			True
chr20	22921384	22922580	CST3	0	ENCSR056HPM	1989	0.0	0.0			True
chr20	22921384	22922580	NXT1	0	ENCSR056HPM	1989	0.0	0.0			True
chr20	22924302	22924802	CST3	0	ENCSR056HPM	1989	0.0	0.0			True
chr20	22924302	22924802	NXT1	0	ENCSR056HPM	1989	0.0	0.0			True
chr20	22928654	22929154	CST3	0	ENCSR056HPM	1989	0.0	0.0			True
chr20	22928654	22929154	NXT1	0	ENCSR056HPM	1989	0.0	0.0			True
chr20	23091586	23092889	CST3	0	ENCSR056HPM	1989	0.0	0.0			True
chr20	23660402	23660902	CST3	0	ENCSR056HPM	1989	0.25435466485088953	0.0005326816462911665	0.0020942375995218754	7.749104022979736	False
chr20	31590725	31591225	HM13	0	ENCSR056HPM	1989	0.0	0.0			True
chr20	31608520	31609020	ID1	1	ENCSR056HPM	1989	5.400728757065495	0.0013771425001323223	0.00025498197646811604	10.477485656738281	False
chr20	31608520	31609020	PDRG1	0	ENCSR056HPM	1989	0.0	0.0			True
chr20	31610562	31611062	ID1	1	ENCSR056HPM	1989	4.805769762850126	0.0012254327302798629	0.00025498197646811604	10.477485656738281	False
chr20	32629093	32629593	MAPRE1	0	ENCSR056HPM	1989	0.0	0.0			True
chr20	32681092	32682226	MAPRE1	0	ENCSR056HPM	1989	0.0	0.0			True
chr20	32685588	32686456	ASXL1	0	ENCSR056HPM	1989	0.0	0.0			True
chr20	32685588	32686456	BCL2L1	0	ENCSR056HPM	1989	0.0	0.0			True
chr20	33257161	33257661	EIF2S2	0	ENCSR056HPM	1989	0.0	0.0			True
chr20	33257161	33257661	MAPRE1	0	ENCSR056HPM	1989	0.0	0.0			True
chr20	33257161	33257661	RALY	0	ENCSR056HPM	1989	0.0	0.0			True
chr20	33339435	33339935	MAPRE1	0	ENCSR056HPM	1989	0.0	0.0			True
chr20	33339435	33339935	RALY	0	ENCSR056HPM	1989	0.0	0.0			True
chr20	33688908	33689408	AHCY	0	ENCSR056HPM	1989	0.0	0.0			True
chr20	33688908	33689408	DYNLRB1	0	ENCSR056HPM	1989	0.0	0.0			True
chr20	33688908	33689408	E2F1	1	ENCSR056HPM	1989	1.5291357914317019	0.00042271739221177995	0.000276432023383677	9.269102096557617	False
chr20	33689971	33690471	AHCY	0	ENCSR056HPM	1989	0.0	0.0			True
chr20	33689971	33690471	COMMD7	0	ENCSR056HPM	1989	0.0	0.0			True
chr20	33689971	33690471	DYNLRB1	0	ENCSR056HPM	1989	0.0	0.0			True
chr20	33689971	33690471	EIF2S2	0	ENCSR056HPM	1989	0.0	0.0			True
chr20	33689971	33690471	MAPRE1	0	ENCSR056HPM	1989	0.0	0.0			True
chr20	33689971	33690471	RALY	0	ENCSR056HPM	1989	0.0	0.0			True
chr20	36035749	36036249	RAB5IF	0	ENCSR056HPM	1989	0.0	0.0			True
chr20	36035749	36036249	ERGIC3	0	ENCSR056HPM	1989	0.0	0.0			True
chr20	36035749	36036249	RBM39	0	ENCSR056HPM	1989	0.0	0.0			True
chr20	37973051	37973865	RPN2	0	ENCSR056HPM	1989	0.0	0.0			True
chr20	47358658	47359158	ZMYND8	1	ENCSR056HPM	1989	6.0922625625591715	0.0038379800971597433	0.0006299661472439766	8.114705085754395	False
chr20	47360466	47361135	ZMYND8	1	ENCSR056HPM	1989	3.3869788675859094	0.002133715897798538	0.0006299661472439766	8.114705085754395	False
chr20	48920161	48920661	ZFAS1	0	ENCSR056HPM	1989	0.0	0.0			True
chr20	49747690	49748190	STAU1	0	ENCSR056HPM	1989	0.0	0.0			True
chr20	49765020	49765667	ZFAS1	0	ENCSR056HPM	1989	0.0	0.0			True
chr20	49775077	49775782	ZFAS1	0	ENCSR056HPM	1989	0.0	0.0			True
chr20	49776033	49776796	ZFAS1	0	ENCSR056HPM	1989	0.0	0.0			True
chr20	49785678	49786178	STAU1	0	ENCSR056HPM	1989	0.0	0.0			True
chr20	49785678	49786178	ZFAS1	0	ENCSR056HPM	1989	0.0	0.0			True
chr20	49789475	49790807	CSE1L	0	ENCSR056HPM	1989	0.0	0.0			True
chr20	49789475	49790807	RNF114	0	ENCSR056HPM	1989	0.0	0.0			True
chr20	50475774	50476274	RNF114	0	ENCSR056HPM	1989	0.0	0.0			True
chr20	50483433	50483933	DPM1	0	ENCSR056HPM	1989	0.0	0.0			True
chr20	50483433	50483933	RNF114	0	ENCSR056HPM	1989	0.0	0.0			True
chr20	50503984	50504657	RNF114	0	ENCSR056HPM	1989	0.0	0.0			True
chr20	50711023	50711523	RNF114	0	ENCSR056HPM	1989	0.0	0.0			True
chr20	51339361	51340876	DPM1	0	ENCSR056HPM	1989	0.0	0.0			True
chr20	51339361	51340876	PTPN1	0	ENCSR056HPM	1989	0.0	0.0			True
chr20	57415679	57416506	RAE1	0	ENCSR056HPM	1989	0.0	0.0			True
chr20	57415679	57416506	RTFDC1	0	ENCSR056HPM	1989					False
chr20	58209572	58210261	ATP5F1E	0	ENCSR056HPM	1989	0.0	0.0			True
chr20	58623834	58624334	ATP5F1E	0	ENCSR056HPM	1989	0.0	0.0			True
chr20	58623834	58624334	CTSZ	0	ENCSR056HPM	1989	0.0	0.0			True
chr20	62088401	62088901	ADRM1	0	ENCSR056HPM	1989	0.0	0.0			True
chr20	62088401	62088901	GID8	0	ENCSR056HPM	1989	0.0	0.0			True
chr20	62088401	62088901	MRGBP	0	ENCSR056HPM	1989	0.0	0.0			True
chr20	62088401	62088901	PSMA7	0	ENCSR056HPM	1989	0.0	0.0			True
chr20	62776665	62777370	LINC00659	1	ENCSR056HPM	1989	11.097229259490975	0.010310765355825424	0.0009291197056882083	8.04265308380127	False
chr20	62875464	62875964	ADRM1	0	ENCSR056HPM	1989	0.0	0.0			True
chr20	62875464	62875964	RPS21	0	ENCSR056HPM	1989	0.0	0.0			True
chr21	31865912	31866412	SOD1	0	ENCSR056HPM	1989	0.0	0.0			True
chr21	32545903	32546566	SOD1	0	ENCSR056HPM	1989	0.0	0.0			True
chr21	33380428	33380928	MRPS6	0	ENCSR056HPM	1989	0.0	0.0			True
chr21	34443465	34443965	ATP5PO	0	ENCSR056HPM	1989	0.0	0.0			True
chr21	37338541	37339630	DSCR8	0	ENCSR056HPM	1989	0.0	0.0			True
chr21	37356569	37357069	DSCR8	0	ENCSR056HPM	1989	0.0	0.0			True
chr21	37564291	37565541	DSCR8	0	ENCSR056HPM	1989	0.0	0.0			True
chr21	38850238	38850868	HMGN1	0	ENCSR056HPM	1989	0.0	0.0			True
chr21	38850238	38850868	PSMG1	0	ENCSR056HPM	1989	0.0	0.0			True
chr21	41957039	41957853	NDUFV3	0	ENCSR056HPM	1989	0.0	0.0			True
chr21	42929909	42930508	CSTB	0	ENCSR056HPM	1989	0.0	0.0			True
chr21	43049736	43050236	CSTB	0	ENCSR056HPM	1989	0.0	0.0			True
chr21	43108963	43109463	CBS	0	ENCSR056HPM	1989	0.6464548192236823	0.0003959398018196225	0.0006124686915427446	7.491281509399414	False
chr21	43108963	43109463	CSTB	0	ENCSR056HPM	1989	0.0	0.0			True
chr21	43108963	43109463	NDUFV3	0	ENCSR056HPM	1989	0.0	0.0			True
chr21	43138914	43139414	GATD3	0	ENCSR056HPM	1989	0.0	0.0			True
chr21	43138914	43139414	CSTB	0	ENCSR056HPM	1989	0.0	0.0			True
chr21	43138914	43139414	U2AF1	0	ENCSR056HPM	1989	0.1437886011085789	8.584639726905152e-05	0.000597022008150816	8.732958793640137	False
chr21	43397742	43398833	CSTB	0	ENCSR056HPM	1989	0.0	0.0			True
chr21	43397742	43398833	NDUFV3	0	ENCSR056HPM	1989	0.0	0.0			True
chr21	43397742	43398833	PKNOX1	1	ENCSR056HPM	1989	0.0	0.0			True
chr21	43768121	43769026	CBS	0	ENCSR056HPM	1989	0.0	0.0			True
chr21	43768121	43769026	RRP1B	0	ENCSR056HPM	1989	0.0	0.0			True
chr21	43860698	43861198	NDUFV3	0	ENCSR056HPM	1989	0.0	0.0			True
chr21	43860698	43861198	RRP1	0	ENCSR056HPM	1989	0.0	0.0			True
chr21	43860698	43861198	SUMO3	0	ENCSR056HPM	1989	0.0	0.0			True
chr21	43860698	43861198	U2AF1	0	ENCSR056HPM	1989	0.0	0.0			True
chr21	44836322	44836966	SUMO3	0	ENCSR056HPM	1989	0.3494405949165238	9.95918526314199e-05	0.0002849936718121171	8.8865327835083	False
chr21	45067438	45068291	GATD3	0	ENCSR056HPM	1989	0.0	0.0			True
chr21	45067438	45068291	PTTG1IP	0	ENCSR056HPM	1989	0.0	0.0			True
chr21	45067438	45068291	SUMO3	0	ENCSR056HPM	1989	0.0	0.0			True
chr21	45067438	45068291	UBE2G2	0	ENCSR056HPM	1989	0.0	0.0			True
chr21	45360195	45360695	SUMO3	0	ENCSR056HPM	1989	0.0	0.0			True
chr22	19627267	19627933	RTL10	0	ENCSR056HPM	1989	0.0	0.0			True
chr22	19627267	19627933	COMT	0	ENCSR056HPM	1989	0.0	0.0			True
chr22	19627267	19627933	MRPL40	0	ENCSR056HPM	1989	0.0	0.0			True
chr22	19627267	19627933	RANBP1	0	ENCSR056HPM	1989	0.0	0.0			True
chr22	19643412	19644641	SLC25A1	0	ENCSR056HPM	1989	0.0	0.0			True
chr22	20076379	20077236	C22orf39	0	ENCSR056HPM	1989	0.0	0.0			True
chr22	23522701	23523201	DDT	0	ENCSR056HPM	1989	0.0	0.0			True
chr22	26632454	26633359	SRRD	0	ENCSR056HPM	1989	0.0	0.0			True
chr22	29195544	29196468	EWSR1	0	ENCSR056HPM	1989	0.0	0.0			True
chr22	29303468	29303968	UQCR10	0	ENCSR056HPM	1989	0.0	0.0			True
chr22	30216619	30217119	LIMK2	1	ENCSR056HPM	1989	0.0	0.0			True
chr22	30216619	30217119	UQCR10	0	ENCSR056HPM	1989	0.0	0.0			True
chr22	36052544	36053044	EIF3D	0	ENCSR056HPM	1989	0.0	0.0			True
chr22	36123895	36124395	MPST	0	ENCSR056HPM	1989	0.0	0.0			True
chr22	36123895	36124395	TXN2	0	ENCSR056HPM	1989	0.0	0.0			True
chr22	36423376	36423876	EIF3D	0	ENCSR056HPM	1989	0.0	0.0			True
chr22	36430768	36431268	EIF3D	0	ENCSR056HPM	1989	0.0	0.0			True
chr22	36430768	36431268	MPST	0	ENCSR056HPM	1989	0.0	0.0			True
chr22	36980605	36981105	EIF3D	0	ENCSR056HPM	1989	0.0	0.0			True
chr22	36980605	36981105	EIF3L	0	ENCSR056HPM	1989	0.0	0.0			True
chr22	36980605	36981105	MPST	0	ENCSR056HPM	1989	0.0	0.0			True
chr22	36980605	36981105	POLR2F	0	ENCSR056HPM	1989	0.0	0.0			True
chr22	36980605	36981105	TXN2	0	ENCSR056HPM	1989	0.0	0.0			True
chr22	36982112	36982612	CDC42EP1	0	ENCSR056HPM	1989	0.0	0.0			True
chr22	36982112	36982612	EIF3D	0	ENCSR056HPM	1989	0.0	0.0			True
chr22	36982112	36982612	EIF3L	0	ENCSR056HPM	1989	0.0	0.0			True
chr22	36982112	36982612	GCAT	0	ENCSR056HPM	1989	0.0	0.0			True
chr22	36982112	36982612	POLR2F	0	ENCSR056HPM	1989	0.0	0.0			True
chr22	36982112	36982612	TXN2	0	ENCSR056HPM	1989	0.0	0.0			True
chr22	37258745	37259962	EIF3L	0	ENCSR056HPM	1989	0.0	0.0			True
chr22	37258745	37259962	TXN2	0	ENCSR056HPM	1989	0.0	0.0			True
chr22	38284967	38285617	POLR2F	0	ENCSR056HPM	1989	0.0	0.0			True
chr22	38461435	38461935	POLR2F	0	ENCSR056HPM	1989	0.0	0.0			True
chr22	38514511	38515011	EIF3L	0	ENCSR056HPM	1989	0.0	0.0			True
chr22	38514511	38515011	RPL3	0	ENCSR056HPM	1989	0.0	0.0			True
chr22	38846894	38847394	EIF3L	0	ENCSR056HPM	1989	0.0	0.0			True
chr22	38846894	38847394	NPTXR	1	ENCSR056HPM	1989	1.528189156664363	0.0012871375074610114	0.0008422532118856907	8.741276741027832	False
chr22	38846894	38847394	POLR2F	0	ENCSR056HPM	1989	0.0	0.0			True
chr22	38846894	38847394	RPL3	0	ENCSR056HPM	1989	0.0	0.0			True
chr22	39274143	39274643	DDX17	0	ENCSR056HPM	1989	0.0	0.0			True
chr22	39274143	39274643	RPL3	0	ENCSR056HPM	1989	0.0	0.0			True
chr22	39274143	39274643	RPS19BP1	0	ENCSR056HPM	1989	0.0	0.0			True
chr22	39274143	39274643	TOMM22	0	ENCSR056HPM	1989	0.0	0.0			True
chr22	39281156	39282122	ATF4	0	ENCSR056HPM	1989	0.0	0.0			True
chr22	39281156	39282122	DDX17	0	ENCSR056HPM	1989	0.0	0.0			True
chr22	39282872	39283372	RPL3	0	ENCSR056HPM	1989	0.0	0.0			True
chr22	39282872	39283372	RPS19BP1	0	ENCSR056HPM	1989	0.0	0.0			True
chr22	39282872	39283372	TOMM22	0	ENCSR056HPM	1989	0.0	0.0			True
chr22	39343458	39344554	TOMM22	0	ENCSR056HPM	1989	0.0	0.0			True
chr22	39452407	39453167	ADSL	0	ENCSR056HPM	1989	0.0	0.0			True
chr22	39452407	39453167	APOBEC3C	0	ENCSR056HPM	1989	0.0	0.0			True
chr22	39452407	39453167	ATF4	0	ENCSR056HPM	1989	0.0	0.0			True
chr22	39452407	39453167	DDX17	0	ENCSR056HPM	1989	0.0	0.0			True
chr22	39452407	39453167	MGAT3	1	ENCSR056HPM	1989	2.1170248084592456	0.0015492911916226149	0.0007318147690966725	7.793554782867432	False
chr22	39452407	39453167	RPL3	0	ENCSR056HPM	1989	0.0	0.0			True
chr22	39452407	39453167	RPS19BP1	0	ENCSR056HPM	1989	0.0	0.0			True
chr22	39452407	39453167	SYNGR1	1	ENCSR056HPM	1989	0.0	0.0			True
chr22	39452407	39453167	TNRC6B	0	ENCSR056HPM	1989	0.0	0.0			True
chr22	39988487	39988987	APOBEC3C	0	ENCSR056HPM	1989	0.0	0.0			True
chr22	39988487	39988987	ATF4	0	ENCSR056HPM	1989	0.0	0.0			True
chr22	39988487	39988987	RPS19BP1	0	ENCSR056HPM	1989	0.0	0.0			True
chr22	40651323	40652405	DESI1	0	ENCSR056HPM	1989	0.0	0.0			True
chr22	40651323	40652405	RBX1	0	ENCSR056HPM	1989	0.0	0.0			True
chr22	40651323	40652405	XRCC6	0	ENCSR056HPM	1989	0.0	0.0			True
chr22	40711524	40712024	RBX1	0	ENCSR056HPM	1989	0.0	0.0			True
chr22	40711524	40712024	SNU13	0	ENCSR056HPM	1989	0.0	0.0			True
chr22	40711524	40712024	XRCC6	0	ENCSR056HPM	1989	0.0	0.0			True
chr22	41413406	41414640	ST13	0	ENCSR056HPM	1989	0.0	0.0			True
chr22	41666609	41667109	RBX1	0	ENCSR056HPM	1989	0.0	0.0			True
chr22	41666609	41667109	ST13	0	ENCSR056HPM	1989	0.0	0.0			True
chr22	41667145	41667809	RBX1	0	ENCSR056HPM	1989	0.0	0.0			True
chr22	42754650	42755150	NDUFA6	0	ENCSR056HPM	1989	0.0	0.0			True
chr22	42754650	42755150	SMDT1	0	ENCSR056HPM	1989	0.0	0.0			True
chr22	42754650	42755150	TSPO	0	ENCSR056HPM	1989	0.0	0.0			True
chr22	49979548	49980048	SCO2	0	ENCSR056HPM	1989	0.0	0.0			True
chr3	9645922	9646781	BRK1	0	ENCSR056HPM	1989	0.0	0.0			True
chr3	9645922	9646781	EMC3	0	ENCSR056HPM	1989	0.0	0.0			True
chr3	9645922	9646781	RPUSD3	0	ENCSR056HPM	1989	0.0	0.0			True
chr3	12193435	12193935	RPL32	0	ENCSR056HPM	1989	0.0	0.0			True
chr3	13277889	13278389	LSM3	0	ENCSR056HPM	1989	0.0	0.0			True
chr3	13277889	13278389	RPL32	0	ENCSR056HPM	1989	0.0	0.0			True
chr3	13537755	13538255	CHCHD4	0	ENCSR056HPM	1989	0.0	0.0			True
chr3	13537755	13538255	RPL32	0	ENCSR056HPM	1989	0.0	0.0			True
chr3	14204402	14205344	CHCHD4	0	ENCSR056HPM	1989	0.0	0.0			True
chr3	14232367	14233112	CHCHD4	0	ENCSR056HPM	1989	0.0	0.0			True
chr3	14232367	14233112	FGD5-AS1	0	ENCSR056HPM	1989	0.0	0.0			True
chr3	14232367	14233112	MRPS25	0	ENCSR056HPM	1989	0.0	0.0			True
chr3	14252708	14253628	LSM3	0	ENCSR056HPM	1989	0.0	0.0			True
chr3	14646489	14646989	FGD5-AS1	0	ENCSR056HPM	1989	0.0	0.0			True
chr3	14646489	14646989	LSM3	0	ENCSR056HPM	1989	0.0	0.0			True
chr3	23739248	23739965	RPL15	0	ENCSR056HPM	1989	0.0	0.0			True
chr3	33901815	33902608	PDCD6IP	0	ENCSR056HPM	1989	0.0	0.0			True
chr3	39639810	39640310	RPL14	0	ENCSR056HPM	1989	0.0	0.0			True
chr3	40623554	40624054	EIF1B	0	ENCSR056HPM	1989	0.0	0.0			True
chr3	41026219	41026992	RPL14	0	ENCSR056HPM	1989	0.0	0.0			True
chr3	43770607	43771107	HIGD1A	0	ENCSR056HPM	1989	0.0	0.0			True
chr3	43772986	43773676	HIGD1A	0	ENCSR056HPM	1989	0.0	0.0			True
chr3	44235863	44237653	ZDHHC3	0	ENCSR056HPM	1989	0.0	0.0			True
chr3	45183063	45183742	EXOSC7	0	ENCSR056HPM	1989	0.0	0.0			True
chr3	46078750	46079250	CCDC12	0	ENCSR056HPM	1989	0.0	0.0			True
chr3	47479167	47479667	CCDC12	0	ENCSR056HPM	1989	0.0	0.0			True
chr3	47479167	47479667	TMA7	0	ENCSR056HPM	1989	0.0	0.0			True
chr3	48742166	48742666	UQCRC1	0	ENCSR056HPM	1989	0.0	0.0			True
chr3	48915282	48915782	TMA7	0	ENCSR056HPM	1989	0.0	0.0			True
chr3	49465569	49466069	UQCRC1	0	ENCSR056HPM	1989	0.0	0.0			True
chr3	51992082	51992582	SPCS1	0	ENCSR056HPM	1989	0.0	0.0			True
chr3	52189005	52189583	GNL3	0	ENCSR056HPM	1989	0.0	0.0			True
chr3	52189005	52189583	RPL29	0	ENCSR056HPM	1989	0.0	0.0			True
chr3	52428474	52428974	RPL29	0	ENCSR056HPM	1989	0.0	0.0			True
chr3	69724543	69725631	MITF	1	ENCSR056HPM	1989	0.6991680050421952	0.0002762007643468678	0.000395032053347677	7.3650431632995605	False
chr3	101142124	101142624	RPL24	0	ENCSR056HPM	1989	0.0	0.0			True
chr3	101147967	101148467	RPL24	0	ENCSR056HPM	1989	0.0	0.0			True
chr3	101147967	101148467	TFG	0	ENCSR056HPM	1989	0.0	0.0			True
chr3	101529746	101530762	RPL24	0	ENCSR056HPM	1989	0.0	0.0			True
chr3	101634605	101635105	RPL24	0	ENCSR056HPM	1989	0.0	0.0			True
chr3	101635929	101636584	RPL24	0	ENCSR056HPM	1989	0.0	0.0			True
chr3	101642303	101642803	RPL24	0	ENCSR056HPM	1989	0.0	0.0			True
chr3	101868671	101869434	RPL24	0	ENCSR056HPM	1989	0.0	0.0			True
chr3	108104249	108104749	CD47	1	ENCSR056HPM	1989	0.9818395644964713	0.00040056626312434673	0.00040796527173370123	8.46030330657959	False
chr3	112786061	112786561	NAA50	0	ENCSR056HPM	1989	0.0	0.0			True
chr3	120558748	120560025	COX17	0	ENCSR056HPM	1989	0.0	0.0			True
chr3	120571951	120572451	GSK3B	1	ENCSR056HPM	1989	0.0	0.0			True
chr3	120622968	120623828	COX17	0	ENCSR056HPM	1989	0.0	0.0			True
chr3	122355531	122356171	CCDC58	0	ENCSR056HPM	1989					False
chr3	127455476	127455976	PODXL2	0	ENCSR056HPM	1989	0.0	0.0			True
chr3	128411466	128411966	CNBP	0	ENCSR056HPM	1989	0.0	0.0			True
chr3	128415251	128415751	CNBP	0	ENCSR056HPM	1989	0.0	0.0			True
chr3	128505758	128506258	CNBP	0	ENCSR056HPM	1989	0.0	0.0			True
chr3	128505758	128506258	GATA2	0	ENCSR056HPM	1989	1.1941884790705368	0.0002705008373595774	0.00022650435857940465	7.322370529174805	False
chr3	128505758	128506258	MBD4	0	ENCSR056HPM	1989	0.0	0.0			True
chr3	128505758	128506258	RAB7A	0	ENCSR056HPM	1989	0.0	0.0			True
chr3	128532632	128533403	CNBP	0	ENCSR056HPM	1989	0.0	0.0			True
chr3	128532632	128533403	RAB7A	0	ENCSR056HPM	1989	0.0	0.0			True
chr3	128532632	128533403	RUVBL1	0	ENCSR056HPM	1989	0.0	0.0			True
chr3	128547335	128547835	CNBP	0	ENCSR056HPM	1989	0.0	0.0			True
chr3	128549196	128549696	GATA2-AS1	0	ENCSR056HPM	1989	0.0	0.0			True
chr3	128549196	128549696	MBD4	0	ENCSR056HPM	1989	0.0	0.0			True
chr3	128549196	128549696	RAB7A	0	ENCSR056HPM	1989	0.0	0.0			True
chr3	128549196	128549696	RUVBL1	0	ENCSR056HPM	1989	0.0	0.0			True
chr3	129195657	129196157	CNBP	0	ENCSR056HPM	1989	2.2360970212213616	0.0006981624173931777	0.00031221366953104734	8.67056941986084	False
chr3	129195657	129196157	GATA2	0	ENCSR056HPM	1989	0.0	0.0			True
chr3	129226313	129227013	RAB7A	0	ENCSR056HPM	1989	0.0	0.0			True
chr3	141629823	141630493	RNF7	0	ENCSR056HPM	1989	0.0	0.0			True
chr3	141848947	141849843	ATP1B3	1	ENCSR056HPM	1989	0.5148096548051863	0.00024033771478570998	0.00046683772234246135	9.245582580566406	False
chr3	143084982	143085482	TFDP2	0	ENCSR056HPM	1989	0.0	0.0			True
chr3	143084982	143085482	U2SURP	0	ENCSR056HPM	1989	0.0	0.0			True
chr3	143183335	143183996	U2SURP	0	ENCSR056HPM	1989	0.0	0.0			True
chr3	150787715	150788215	EIF2A	0	ENCSR056HPM	1989	0.0	0.0			True
chr3	156604624	156606038	GMPS	0	ENCSR056HPM	1989	0.0	0.0			True
chr3	171470702	171471405	TNIK	1	ENCSR056HPM	1989	2.736007944472418	0.0024274922907352448	0.0008872287580743432	9.000009536743164	False
chr3	179268236	179268900	NDUFB5	0	ENCSR056HPM	1989	0.0	0.0			True
chr3	185558258	185559469	TRA2B	0	ENCSR056HPM	1989	0.0	0.0			True
chr3	185900212	185900712	EIF4A2	0	ENCSR056HPM	1989	0.0	0.0			True
chr3	186870331	186871952	EIF4A2	0	ENCSR056HPM	1989	0.0	0.0			True
chr3	186882735	186883235	TRA2B	0	ENCSR056HPM	1989	0.0	0.0			True
chr3	186888519	186889612	DNAJB11	0	ENCSR056HPM	1989	0.0	0.0			True
chr3	186908872	186910084	RFC4	0	ENCSR056HPM	1989	0.0	0.0			True
chr3	187747917	187748417	RPL39L	0	ENCSR056HPM	1989	0.0	0.0			True
chr3	196108170	196108998	NCBP2	0	ENCSR056HPM	1989	0.0	0.0			True
chr3	196108170	196108998	NCBP2-AS2	0	ENCSR056HPM	1989					False
chr3	196108170	196108998	PAK2	0	ENCSR056HPM	1989	0.0	0.0			True
chr3	196110144	196110854	NCBP2	0	ENCSR056HPM	1989	0.0	0.0			True
chr3	196110144	196110854	NCBP2-AS2	0	ENCSR056HPM	1989					False
chr3	196140895	196141395	NCBP2	0	ENCSR056HPM	1989	0.0	0.0			True
chr3	196181747	196182350	ZDHHC19	1	ENCSR056HPM	1989	0.30906001645025266	1.445034195057815e-05	4.674577940022573e-05	7.285646915435791	False
chr3	196183454	196183954	NCBP2	0	ENCSR056HPM	1989	0.0	0.0			True
chr3	196183454	196183954	PAK2	0	ENCSR056HPM	1989	0.0	0.0			True
chr3	196611943	196612443	NCBP2	0	ENCSR056HPM	1989	0.0	0.0			True
chr3	196842644	196843144	NCBP2-AS2	0	ENCSR056HPM	1989					False
chr3	196971070	196971570	RPL35A	0	ENCSR056HPM	1989	0.0	0.0			True
chr3	197433576	197434076	FYTTD1	0	ENCSR056HPM	1989	0.0	0.0			True
chr3	197433576	197434076	NCBP2	0	ENCSR056HPM	1989	0.0	0.0			True
chr3	197433576	197434076	NCBP2-AS2	0	ENCSR056HPM	1989					False
chr3	197433576	197434076	RPL35A	0	ENCSR056HPM	1989	0.0	0.0			True
chr3	198092167	198092667	RPL35A	0	ENCSR056HPM	1989	0.0	0.0			True
chr3	198107346	198108749	RPL35A	0	ENCSR056HPM	1989	0.0	0.0			True
chr4	188055	188555	ATP5ME	0	ENCSR056HPM	1989	0.0	0.0			True
chr4	702457	702957	ATP5ME	0	ENCSR056HPM	1989	0.16235779271945927	4.0343424188904464e-05	0.0002484746801201254	9.639021873474121	False
chr4	1590154	1590654	ATP5ME	0	ENCSR056HPM	1989	0.0	0.0			True
chr4	1590154	1590654	SLBP	0	ENCSR056HPM	1989	0.0	0.0			True
chr4	1785084	1785584	C4orf48	0	ENCSR056HPM	1989	0.0	0.0			True
chr4	1788516	1789016	SLBP	0	ENCSR056HPM	1989	0.0	0.0			True
chr4	3623990	3624490	NOP14	0	ENCSR056HPM	1989	0.0	0.0			True
chr4	6730500	6731329	BLOC1S4	0	ENCSR056HPM	1989	0.7015924743991876	0.00018252509471494704	0.0002601482847239822	9.992413520812988	False
chr4	6730500	6731329	GRPEL1	0	ENCSR056HPM	1989	0.0	0.0			True
chr4	6730500	6731329	MRFAP1	0	ENCSR056HPM	1989	0.0	0.0			True
chr4	6730500	6731329	MRFAP1L1	0	ENCSR056HPM	1989	0.3027501730683702	0.00017940702673513442	0.0005925809964537621	10.184174537658691	False
chr4	6732549	6733049	GRPEL1	0	ENCSR056HPM	1989	0.0	0.0			True
chr4	6732549	6733049	MRFAP1	0	ENCSR056HPM	1989	0.0	0.0			True
chr4	6733930	6734838	BLOC1S4	0	ENCSR056HPM	1989	0.43654039438748454	0.00011356960021657869	0.0002601482847239822	9.992413520812988	False
chr4	6733930	6734838	GRPEL1	0	ENCSR056HPM	1989	0.0	0.0			True
chr4	6733930	6734838	MRFAP1	0	ENCSR056HPM	1989	0.0	0.0			True
chr4	6763496	6763996	MRFAP1	0	ENCSR056HPM	1989	0.0	0.0			True
chr4	6891714	6892773	BLOC1S4	0	ENCSR056HPM	1989	0.0	0.0			True
chr4	6891714	6892773	MRFAP1	0	ENCSR056HPM	1989	0.0	0.0			True
chr4	7081880	7082380	MRFAP1	0	ENCSR056HPM	1989	0.0	0.0			True
chr4	38605064	38606347	RPL9	0	ENCSR056HPM	1989	0.0	0.0			True
chr4	38858795	38859654	RPL9	0	ENCSR056HPM	1989	0.0	0.0			True
chr4	38858795	38859654	UBE2K	0	ENCSR056HPM	1989	0.0	0.0			True
chr4	40292234	40292943	RPL9	0	ENCSR056HPM	1989	0.0	0.0			True
chr4	40292234	40292943	UBE2K	0	ENCSR056HPM	1989	0.0	0.0			True
chr4	48334868	48335368	OCIAD1	0	ENCSR056HPM	1989	0.0	0.0			True
chr4	48481557	48482057	SLC10A4	1	ENCSR056HPM	1989	1.3723600701753784	0.0013299958081915975	0.0009691203595139086	9.169580459594727	False
chr4	54473046	54473546	TMEM165	0	ENCSR056HPM	1989	0.0	0.0			True
chr4	54588225	54588827	TMEM165	0	ENCSR056HPM	1989	0.0	0.0			True
chr4	55666008	55666737	SRP72	0	ENCSR056HPM	1989	0.0	0.0			True
chr4	55723369	55723869	NMU	1	ENCSR056HPM	1989	0.0	0.0			True
chr4	55723369	55723869	SRP72	0	ENCSR056HPM	1989	0.0	0.0			True
chr4	55723369	55723869	TMEM165	0	ENCSR056HPM	1989	0.0	0.0			True
chr4	55729466	55730962	PAICS	0	ENCSR056HPM	1989	0.0	0.0			True
chr4	55729466	55730962	PPAT	0	ENCSR056HPM	1989	0.0	0.0			True
chr4	55729466	55730962	SRP72	0	ENCSR056HPM	1989	0.0	0.0			True
chr4	55729466	55730962	TMEM165	1	ENCSR056HPM	1989	0.0	0.0			True
chr4	55733769	55734436	PAICS	0	ENCSR056HPM	1989	0.0	0.0			True
chr4	55733769	55734436	SRP72	0	ENCSR056HPM	1989	0.0	0.0			True
chr4	55733769	55734436	TMEM165	0	ENCSR056HPM	1989	0.0	0.0			True
chr4	56389499	56389999	NMU	0	ENCSR056HPM	1989	0.0	0.0			True
chr4	68864253	68864990	YTHDC1	0	ENCSR056HPM	1989	0.0	0.0			True
chr4	74330103	74330893	EREG	1	ENCSR056HPM	1989	0.0	0.0			True
chr4	76803359	76803859	CCNI	0	ENCSR056HPM	1989	0.0	0.0			True
chr4	76803359	76803859	SDAD1	0	ENCSR056HPM	1989	0.0	0.0			True
chr4	77618588	77619088	CCNI	0	ENCSR056HPM	1989	0.0	0.0			True
chr4	78732519	78733156	BMP2K	1	ENCSR056HPM	1989	0.0	0.0			True
chr4	83252599	83253248	HNRNPDL	0	ENCSR056HPM	1989	0.0	0.0			True
chr4	83618902	83619402	MRPS18C	0	ENCSR056HPM	1989	0.0	0.0			True
chr4	83618902	83619402	SEC31A	0	ENCSR056HPM	1989	0.0	0.0			True
chr4	83629840	83630598	SEC31A	0	ENCSR056HPM	1989	0.0	0.0			True
chr4	98682629	98683129	TSPAN5	1	ENCSR056HPM	1989	0.8023491255201955	0.000746004341635853	0.0009297652286477387	8.547981262207031	False
chr4	98861060	98861560	ADH5	0	ENCSR056HPM	1989	0.0	0.0			True
chr4	108359300	108361136	OSTC	0	ENCSR056HPM	1989	0.0	0.0			True
chr4	108361152	108361652	OSTC	0	ENCSR056HPM	1989	0.0	0.0			True
chr4	108361152	108361652	RPL34	0	ENCSR056HPM	1989	0.0	0.0			True
chr4	108361813	108362313	OSTC	0	ENCSR056HPM	1989	0.0	0.0			True
chr4	108477420	108477920	OSTC	0	ENCSR056HPM	1989	0.0	0.0			True
chr4	108477420	108477920	RPL34	0	ENCSR056HPM	1989	0.0	0.0			True
chr4	153341638	153342138	MND1	0	ENCSR056HPM	1989	2.231286456089374	0.000810207100585103	0.00036310209543444216	7.705447673797607	False
chr4	173051637	173052137	HMGB2	0	ENCSR056HPM	1989	0.0	0.0			True
chr4	176290445	176290945	SPCS3	1	ENCSR056HPM	1989	0.7397540490446491	0.00021529085643123835	0.0002910203184001148	9.7631254196167	False
chr4	183063361	183064749	RWDD4	0	ENCSR056HPM	1989	0.0	0.0			True
chr4	183348863	183350188	ING2	0	ENCSR056HPM	1989	0.0	0.0			True
chr4	185115878	185116378	CENPU	0	ENCSR056HPM	1989	0.0	0.0			True
chr5	1190677	1191400	MRPL36	0	ENCSR056HPM	1989	0.0	0.0			True
chr5	1190677	1191400	NDUFS6	0	ENCSR056HPM	1989	0.0	0.0			True
chr5	10310245	10310745	CMBL	1	ENCSR056HPM	1989	1.6726941532457809	0.00012022208829876035	7.186332368291914e-05	7.27754020690918	False
chr5	10319195	10319831	CCT5	0	ENCSR056HPM	1989	0.0	0.0			True
chr5	10319195	10319831	MARCHF6	0	ENCSR056HPM	1989	0.0	0.0			True
chr5	10320745	10321245	CCT5	0	ENCSR056HPM	1989	0.0	0.0			True
chr5	10320745	10321245	CMBL	0	ENCSR056HPM	1989	0.27681000111689386	1.989525480894372e-05	7.186332368291914e-05	7.27754020690918	False
chr5	10320745	10321245	DAP	0	ENCSR056HPM	1989	0.0	0.0			True
chr5	10320745	10321245	MARCHF6	0	ENCSR056HPM	1989	0.1898944766106234	0.0001221169368363917	0.0006430678768083453	8.604063034057617	False
chr5	33474956	33476107	SUB1	0	ENCSR056HPM	1989	0.0	0.0			True
chr5	33474956	33476107	TARS1	0	ENCSR056HPM	1989	0.0	0.0			True
chr5	34496949	34497449	DNAJC21	0	ENCSR056HPM	1989	0.0	0.0			True
chr5	34553467	34553967	DNAJC21	0	ENCSR056HPM	1989	0.0	0.0			True
chr5	36442136	36443276	NUP155	0	ENCSR056HPM	1989	0.0	0.0			True
chr5	42993140	42995326	NNT-AS1	0	ENCSR056HPM	1989	0.0	0.0			True
chr5	43010601	43011101	PAIP1	0	ENCSR056HPM	1989	0.0	0.0			True
chr5	43320504	43321232	PAIP1	0	ENCSR056HPM	1989	0.0	0.0			True
chr5	53118712	53119369	MOCS2	1	ENCSR056HPM	1989	1.969905978022914	0.0010975663317367435	0.0005571568617597222	8.295297622680664	False
chr5	53118712	53119369	NDUFS4	0	ENCSR056HPM	1989	0.0	0.0			True
chr5	53120100	53120600	MOCS2	1	ENCSR056HPM	1989	0.3883172126036296	0.0002163574827136472	0.0005571568617597222	8.295297622680664	False
chr5	54311751	54312251	LINC01033	1	ENCSR056HPM	1989	2.167260944622719	0.0019771642982959747	0.0009122771443799138	8.056014060974121	False
chr5	54313246	54313746	LINC01033	1	ENCSR056HPM	1989	7.858756199176477	0.007169442251324654	0.0009122771443799138	8.056014060974121	False
chr5	54742309	54742809	DHX29	0	ENCSR056HPM	1989	0.0	0.0			True
chr5	56763646	56764303	GPBP1	0	ENCSR056HPM	1989	0.0	0.0			True
chr5	57066912	57068359	GPBP1	0	ENCSR056HPM	1989	0.0	0.0			True
chr5	61575037	61575537	KIF2A	0	ENCSR056HPM	1989	0.0	0.0			True
chr5	62261182	62262119	DIMT1	0	ENCSR056HPM	1989	0.0	0.0			True
chr5	68316308	68316808	MRPS36	0	ENCSR056HPM	1989	0.0	0.0			True
chr5	68324698	68325462	CENPH	0	ENCSR056HPM	1989	0.0	0.0			True
chr5	68344368	68345233	CENPH	0	ENCSR056HPM	1989	0.0	0.0			True
chr5	68344368	68345233	MRPS36	0	ENCSR056HPM	1989	0.0	0.0			True
chr5	68419452	68421080	AK6	0	ENCSR056HPM	1989	0.0	0.0			True
chr5	68419452	68421080	CCNB1	0	ENCSR056HPM	1989	0.0	0.0			True
chr5	68419452	68421080	CDK7	0	ENCSR056HPM	1989	0.0	0.0			True
chr5	68419452	68421080	CENPH	0	ENCSR056HPM	1989	0.0	0.0			True
chr5	68419452	68421080	MRPS36	0	ENCSR056HPM	1989	0.0	0.0			True
chr5	68419452	68421080	RAD17	0	ENCSR056HPM	1989	0.0	0.0			True
chr5	68419452	68421080	SLC30A5	0	ENCSR056HPM	1989	0.0	0.0			True
chr5	68423179	68423679	MRPS36	0	ENCSR056HPM	1989	0.0	0.0			True
chr5	68428124	68428905	AK6	0	ENCSR056HPM	1989	0.0	0.0			True
chr5	68428124	68428905	CENPH	0	ENCSR056HPM	1989	0.0	0.0			True
chr5	68428124	68428905	MRPS36	0	ENCSR056HPM	1989	0.0	0.0			True
chr5	68452239	68452739	AK6	0	ENCSR056HPM	1989	0.0	0.0			True
chr5	68452239	68452739	CENPH	0	ENCSR056HPM	1989	0.0	0.0			True
chr5	68452239	68452739	SLC30A5	0	ENCSR056HPM	1989	0.0	0.0			True
chr5	68456595	68457095	AK6	0	ENCSR056HPM	1989	0.0	0.0			True
chr5	68456595	68457095	CENPH	0	ENCSR056HPM	1989	0.0	0.0			True
chr5	68456595	68457095	SLC30A5	0	ENCSR056HPM	1989	0.0	0.0			True
chr5	68698168	68698668	CENPH	0	ENCSR056HPM	1989	0.0	0.0			True
chr5	72561075	72562140	BTF3	0	ENCSR056HPM	1989	0.0	0.0			True
chr5	72565229	72565976	BTF3	0	ENCSR056HPM	1989	0.0	0.0			True
chr5	74591835	74592473	NSA2	0	ENCSR056HPM	1989	0.0	0.0			True
chr5	74595107	74595607	NSA2	0	ENCSR056HPM	1989	0.0	0.0			True
chr5	76947015	76947515	TBCA	0	ENCSR056HPM	1989	0.0	0.0			True
chr5	77881471	77882105	AGGF1	0	ENCSR056HPM	1989	0.0	0.0			True
chr5	78771233	78772101	TBCA	0	ENCSR056HPM	1989	0.0	0.0			True
chr5	81754579	81755079	SSBP2	1	ENCSR056HPM	1989	1.576134364535171	0.0007726461044512689	0.0004902058863081038	8.264546394348145	False
chr5	81758675	81759175	SSBP2	1	ENCSR056HPM	1989	1.0159267006830848	0.0004980234079994261	0.0004902058863081038	8.264546394348145	False
chr5	81954712	81955212	RPS23	0	ENCSR056HPM	1989	0.0	0.0			True
chr5	82388769	82389269	RPS23	0	ENCSR056HPM	1989	0.0	0.0			True
chr5	82388769	82389269	TMEM167A	0	ENCSR056HPM	1989	0.0	0.0			True
chr5	82421065	82421669	TMEM167A	0	ENCSR056HPM	1989	0.0	0.0			True
chr5	82422224	82423155	RPS23	0	ENCSR056HPM	1989	0.0	0.0			True
chr5	85646604	85647104	COX7C	0	ENCSR056HPM	1989	0.0	0.0			True
chr5	85647640	85648140	COX7C	0	ENCSR056HPM	1989	0.0	0.0			True
chr5	85823725	85824225	COX7C	0	ENCSR056HPM	1989	0.0	0.0			True
chr5	86786992	86787492	COX7C	0	ENCSR056HPM	1989	0.0	0.0			True
chr5	112492235	112492735	SRP19	0	ENCSR056HPM	1989	0.0	0.0			True
chr5	112973835	112974335	DCP2	1	ENCSR056HPM	1989	1.4622078510493575	0.0005111488862894475	0.0003495633427519351	8.653669357299805	False
chr5	130897448	130898292	LYRM7	0	ENCSR056HPM	1989	0.0	0.0			True
chr5	132098048	132098548	HINT1	0	ENCSR056HPM	1989	0.0	0.0			True
chr5	132098048	132098548	UQCRQ	0	ENCSR056HPM	1989	0.0	0.0			True
chr5	132103251	132104093	HINT1	0	ENCSR056HPM	1989	0.0	0.0			True
chr5	132103251	132104093	LYRM7	0	ENCSR056HPM	1989	0.0	0.0			True
chr5	132114504	132115004	RAD50	0	ENCSR056HPM	1989	0.0	0.0			True
chr5	132177672	132178172	UQCRQ	0	ENCSR056HPM	1989	0.0	0.0			True
chr5	133906461	133906961	DDX46	0	ENCSR056HPM	1989	0.0	0.0			True
chr5	133906461	133906961	SKP1	0	ENCSR056HPM	1989	0.0	0.0			True
chr5	133906461	133906961	UBE2B	0	ENCSR056HPM	1989	0.0	0.0			True
chr5	133906461	133906961	VDAC1	0	ENCSR056HPM	1989	0.0	0.0			True
chr5	133930196	133931107	DDX46	1	ENCSR056HPM	1989	0.0	0.0			True
chr5	133930196	133931107	HSPA4	0	ENCSR056HPM	1989	0.0	0.0			True
chr5	133930196	133931107	SKP1	0	ENCSR056HPM	1989	0.0	0.0			True
chr5	133932550	133933438	C5orf24	0	ENCSR056HPM	1989	0.0	0.0			True
chr5	133932550	133933438	CAMLG	0	ENCSR056HPM	1989	0.0	0.0			True
chr5	133932550	133933438	PCBD2	0	ENCSR056HPM	1989	0.0	0.0			True
chr5	133932550	133933438	PPP2CA	0	ENCSR056HPM	1989	0.0	0.0			True
chr5	133932550	133933438	SAR1B	0	ENCSR056HPM	1989	0.0	0.0			True
chr5	133932550	133933438	SKP1	0	ENCSR056HPM	1989	0.0	0.0			True
chr5	133932550	133933438	UBE2B	0	ENCSR056HPM	1989	0.0	0.0			True
chr5	133932550	133933438	ZCCHC10	0	ENCSR056HPM	1989	0.0	0.0			True
chr5	133936530	133937030	SKP1	0	ENCSR056HPM	1989	0.0	0.0			True
chr5	133938076	133938902	SKP1	0	ENCSR056HPM	1989	0.0	0.0			True
chr5	134018396	134018896	DDX46	0	ENCSR056HPM	1989	0.0	0.0			True
chr5	134503290	134503790	DDX46	0	ENCSR056HPM	1989	0.0	0.0			True
chr5	134503290	134503790	MACROH2A1	0	ENCSR056HPM	1989	0.0	0.0			True
chr5	134503290	134503790	PITX1	0	ENCSR056HPM	1989	0.0	0.0			True
chr5	134503290	134503790	SAR1B	0	ENCSR056HPM	1989	0.0	0.0			True
chr5	134503290	134503790	SKP1	0	ENCSR056HPM	1989	0.0	0.0			True
chr5	134503290	134503790	VDAC1	0	ENCSR056HPM	1989	0.0	0.0			True
chr5	135434043	135434543	MACROH2A1	0	ENCSR056HPM	1989	0.0	0.0			True
chr5	135526903	135527403	PITX1	0	ENCSR056HPM	1989	0.0	0.0			True
chr5	138222707	138223430	ETF1	0	ENCSR056HPM	1989	0.0	0.0			True
chr5	138222707	138223430	HNRNPA0	0	ENCSR056HPM	1989	0.0	0.0			True
chr5	138476305	138477464	MATR3	0	ENCSR056HPM	1989	0.0	0.0			True
chr5	138490883	138491383	HSPA9	0	ENCSR056HPM	1989	0.0	0.0			True
chr5	139503864	139504364	CXXC5	0	ENCSR056HPM	1989	0.0	0.0			True
chr5	139503864	139504364	CYSTM1	0	ENCSR056HPM	1989	0.0	0.0			True
chr5	139503864	139504364	PFDN1	0	ENCSR056HPM	1989	0.0	0.0			True
chr5	139517620	139518679	CYSTM1	0	ENCSR056HPM	1989	0.0	0.0			True
chr5	139517620	139518679	HSPA9	0	ENCSR056HPM	1989	0.0	0.0			True
chr5	139517620	139518679	PFDN1	0	ENCSR056HPM	1989	0.0	0.0			True
chr5	139633216	139633716	SLC35A4	0	ENCSR056HPM	1989	0.0	0.0			True
chr5	139635695	139636511	MATR3	0	ENCSR056HPM	1989	0.0	0.0			True
chr5	139635695	139636511	PAIP2	0	ENCSR056HPM	1989	0.0	0.0			True
chr5	139635695	139636511	PURA	0	ENCSR056HPM	1989	0.0	0.0			True
chr5	139635695	139636511	SLC35A4	0	ENCSR056HPM	1989	0.0	0.0			True
chr5	139635695	139636511	SRA1	0	ENCSR056HPM	1989	0.0	0.0			True
chr5	139636869	139638871	MATR3	0	ENCSR056HPM	1989	0.0	0.0			True
chr5	140611078	140611578	PFDN1	0	ENCSR056HPM	1989	0.0	0.0			True
chr5	141692840	141693597	HDAC3	0	ENCSR056HPM	1989	0.0	0.0			True
chr5	142014235	142014735	GNPDA1	1	ENCSR056HPM	1989	1.9354826914550103	0.0010041951900348067	0.0005188244977034628	8.380800247192383	False
chr5	142014235	142014735	HDAC3	0	ENCSR056HPM	1989	0.0	0.0			True
chr5	142088782	142089590	TAF7	0	ENCSR056HPM	1989	0.0	0.0			True
chr5	142295942	142297048	GNPDA1	0	ENCSR056HPM	1989	0.0	0.0			True
chr5	145854297	145855550	TCERG1	0	ENCSR056HPM	1989	0.0	0.0			True
chr5	149439804	149440304	TCOF1	0	ENCSR056HPM	1989	0.0	0.0			True
chr5	149455847	149456491	RPS14	0	ENCSR056HPM	1989	0.0	0.0			True
chr5	149456682	149457182	RPS14	0	ENCSR056HPM	1989	0.0	0.0			True
chr5	149666120	149666620	RPS14	0	ENCSR056HPM	1989	0.0	0.0			True
chr5	149666120	149666620	TCOF1	0	ENCSR056HPM	1989	0.0	0.0			True
chr5	149667197	149668202	RPS14	0	ENCSR056HPM	1989	0.0	0.0			True
chr5	150562792	150563292	RPS14	0	ENCSR056HPM	1989	0.0	0.0			True
chr5	151015833	151016703	ATOX1	0	ENCSR056HPM	1989	0.0	0.0			True
chr5	151015833	151016703	RPS14	0	ENCSR056HPM	1989	0.0	0.0			True
chr5	153978956	153979762	LARP1	0	ENCSR056HPM	1989	0.0	0.0			True
chr5	153978956	153979762	MRPL22	0	ENCSR056HPM	1989	0.0	0.0			True
chr5	159128057	159128557	RNF145	0	ENCSR056HPM	1989	0.0	0.0			True
chr5	171494483	171495227	NPM1	0	ENCSR056HPM	1989	0.0	0.0			True
chr5	171533909	171534409	NPM1	0	ENCSR056HPM	1989	0.0	0.0			True
chr5	171534495	171534995	NPM1	0	ENCSR056HPM	1989	0.0	0.0			True
chr5	171841081	171841581	NPM1	0	ENCSR056HPM	1989	0.0	0.0			True
chr5	172802562	172803410	RPL26L1	0	ENCSR056HPM	1989	0.0	0.0			True
chr5	172807133	172807633	RPL26L1	0	ENCSR056HPM	1989	0.0	0.0			True
chr5	173671035	173671535	ATP6V0E1	0	ENCSR056HPM	1989	0.0	0.0			True
chr5	173671035	173671535	RPL26L1	0	ENCSR056HPM	1989	0.0	0.0			True
chr5	173753265	173753765	ATP6V0E1	0	ENCSR056HPM	1989	0.0	0.0			True
chr5	173762136	173762636	RPL26L1	0	ENCSR056HPM	1989	0.0	0.0			True
chr5	173762831	173763779	RPL26L1	0	ENCSR056HPM	1989	0.0	0.0			True
chr5	173766270	173766770	ATP6V0E1	0	ENCSR056HPM	1989	0.0	0.0			True
chr5	173766270	173766770	RPL26L1	0	ENCSR056HPM	1989	0.0	0.0			True
chr5	173782585	173783085	ATP6V0E1	0	ENCSR056HPM	1989	0.0	0.0			True
chr5	173822401	173822901	ATP6V0E1	0	ENCSR056HPM	1989	0.0	0.0			True
chr5	173859263	173860109	RPL26L1	0	ENCSR056HPM	1989	0.0	0.0			True
chr5	173860527	173861173	ATP6V0E1	0	ENCSR056HPM	1989	0.0	0.0			True
chr5	173861882	173862560	ATP6V0E1	0	ENCSR056HPM	1989	0.0	0.0			True
chr5	173864351	173864851	ATP6V0E1	0	ENCSR056HPM	1989	0.0	0.0			True
chr5	176217153	176217653	HIGD2A	0	ENCSR056HPM	1989	0.0	0.0			True
chr5	177116296	177117428	LMAN2	0	ENCSR056HPM	1989	0.0	0.0			True
chr5	177116296	177117428	NOP16	0	ENCSR056HPM	1989	0.0	0.0			True
chr5	177116296	177117428	TMED9	0	ENCSR056HPM	1989	0.0	0.0			True
chr5	177556957	177557638	LMAN2	0	ENCSR056HPM	1989	0.0	0.0			True
chr5	177556957	177557638	NHP2	0	ENCSR056HPM	1989	0.0	0.0			True
chr5	177568287	177568787	NHP2	0	ENCSR056HPM	1989	0.0	0.0			True
chr5	177568287	177568787	RGS14	0	ENCSR056HPM	1989	0.0	0.0			True
chr5	177568287	177568787	TMED9	0	ENCSR056HPM	1989	0.16384062034605032	2.8186559575260617e-05	0.00017202645540237427	9.682809829711914	False
chr5	178081500	178082349	DDX41	0	ENCSR056HPM	1989	0.0	0.0			True
chr5	178081500	178082349	GRK6	0	ENCSR056HPM	1989	0.0	0.0			True
chr5	178081500	178082349	NHP2	0	ENCSR056HPM	1989	0.0	0.0			True
chr5	178081500	178082349	RGS14	0	ENCSR056HPM	1989	0.0	0.0			True
chr5	178127330	178127952	DDX41	0	ENCSR056HPM	1989	0.0	0.0			True
chr5	178127330	178127952	LMAN2	0	ENCSR056HPM	1989	0.0	0.0			True
chr5	178127330	178127952	NHP2	0	ENCSR056HPM	1989	0.2468221759191571	4.381899634608999e-05	0.00017752265557646751	9.772574424743652	False
chr5	178127330	178127952	NSD1	0	ENCSR056HPM	1989	0.0	0.0			True
chr5	178127330	178127952	PRELID1	0	ENCSR056HPM	1989	0.0	0.0			True
chr5	178127330	178127952	RGS14	0	ENCSR056HPM	1989	0.0	0.0			True
chr5	178127330	178127952	TMED9	1	ENCSR056HPM	1989	0.0	0.0			True
chr5	178182167	178182667	HNRNPAB	0	ENCSR056HPM	1989	0.5823117395643457	9.716641216073185e-05	0.0001668532204348594	10.234535217285156	False
chr5	178683694	178684194	CANX	0	ENCSR056HPM	1989	0.0	0.0			True
chr5	178683694	178684194	HNRNPAB	0	ENCSR056HPM	1989	0.0	0.0			True
chr5	178683694	178684194	NHP2	0	ENCSR056HPM	1989	0.0	0.0			True
chr5	180782685	180783185	RACK1	0	ENCSR056HPM	1989	0.0	0.0			True
chr5	180873490	180874330	RACK1	0	ENCSR056HPM	1989	0.0	0.0			True
chr5	181133566	181134066	RACK1	0	ENCSR056HPM	1989	0.0	0.0			True
chr5	181138227	181138727	RACK1	0	ENCSR056HPM	1989	0.0	0.0			True
chr5	181159216	181159716	RACK1	0	ENCSR056HPM	1989	0.0	0.0			True
chr5	181161024	181161954	RACK1	0	ENCSR056HPM	1989	0.0	0.0			True
chr6	2973630	2974130	PSMG4	0	ENCSR056HPM	1989	0.0	0.0			True
chr6	3160182	3160682	SERPINB6	0	ENCSR056HPM	1989	0.0	0.0			True
chr6	3162001	3163516	ECI2	0	ENCSR056HPM	1989	0.0	0.0			True
chr6	3162001	3163516	PRPF4B	0	ENCSR056HPM	1989	0.0	0.0			True
chr6	3162001	3163516	SERPINB6	0	ENCSR056HPM	1989	0.0	0.0			True
chr6	3209067	3209875	SERPINB1	0	ENCSR056HPM	1989	0.0	0.0			True
chr6	3209067	3209875	SERPINB6	0	ENCSR056HPM	1989	0.0	0.0			True
chr6	3472727	3473530	ECI2	0	ENCSR056HPM	1989	0.0	0.0			True
chr6	3472727	3473530	PSMG4	0	ENCSR056HPM	1989	0.0	0.0			True
chr6	3648710	3649210	SERPINB1	0	ENCSR056HPM	1989	0.0	0.0			True
chr6	4291586	4292416	LYRM4	0	ENCSR056HPM	1989	0.0	0.0			True
chr6	4358631	4359131	LYRM4	0	ENCSR056HPM	1989	0.0	0.0			True
chr6	4371355	4371855	LYRM4	0	ENCSR056HPM	1989	0.0	0.0			True
chr6	4620205	4621263	LYRM4	0	ENCSR056HPM	1989	0.0	0.0			True
chr6	4687916	4688721	LYRM4	0	ENCSR056HPM	1989	0.0	0.0			True
chr6	4986918	4987543	LYRM4	0	ENCSR056HPM	1989	0.0	0.0			True
chr6	6749673	6750617	SSR1	0	ENCSR056HPM	1989	0.0	0.0			True
chr6	6885374	6886764	RIOK1	0	ENCSR056HPM	1989	0.0	0.0			True
chr6	6885374	6886764	SSR1	0	ENCSR056HPM	1989	0.0	0.0			True
chr6	7041933	7042745	SSR1	0	ENCSR056HPM	1989	0.0	0.0			True
chr6	7047917	7048417	SSR1	0	ENCSR056HPM	1989	0.0	0.0			True
chr6	7057534	7058034	SSR1	0	ENCSR056HPM	1989	0.0	0.0			True
chr6	7058315	7058815	RIOK1	0	ENCSR056HPM	1989	0.0	0.0			True
chr6	7058315	7058815	SSR1	0	ENCSR056HPM	1989	0.0	0.0			True
chr6	8139808	8140308	EEF1E1	0	ENCSR056HPM	1989	0.0	0.0			True
chr6	10313611	10315034	TMEM14B	0	ENCSR056HPM	1989	0.0	0.0			True
chr6	10313611	10315034	TMEM14C	0	ENCSR056HPM	1989	0.0	0.0			True
chr6	10347682	10348182	TMEM14B	0	ENCSR056HPM	1989	0.0	0.0			True
chr6	10347682	10348182	TMEM14C	0	ENCSR056HPM	1989	0.0	0.0			True
chr6	10640322	10640960	TMEM14B	0	ENCSR056HPM	1989	0.0	0.0			True
chr6	11143669	11144169	TMEM14C	0	ENCSR056HPM	1989	0.0	0.0			True
chr6	13987041	13987778	NOL7	0	ENCSR056HPM	1989	0.0	0.0			True
chr6	13992401	13993086	NOL7	0	ENCSR056HPM	1989	0.0	0.0			True
chr6	14038575	14039531	MCUR1	0	ENCSR056HPM	1989	0.0	0.0			True
chr6	14038575	14039531	TBC1D7	0	ENCSR056HPM	1989	0.0	0.0			True
chr6	14108205	14109346	MCUR1	0	ENCSR056HPM	1989	0.0	0.0			True
chr6	14108205	14109346	RANBP9	0	ENCSR056HPM	1989	0.0	0.0			True
chr6	14449258	14449959	MCUR1	0	ENCSR056HPM	1989	0.0	0.0			True
chr6	14449258	14449959	NOL7	0	ENCSR056HPM	1989	0.0	0.0			True
chr6	14452510	14453148	NOL7	0	ENCSR056HPM	1989	0.0	0.0			True
chr6	14476826	14477326	NOL7	0	ENCSR056HPM	1989	0.0	0.0			True
chr6	15908129	15908808	DTNBP1	0	ENCSR056HPM	1989	0.0	0.0			True
chr6	15922388	15922976	JARID2	0	ENCSR056HPM	1989	0.0	0.0			True
chr6	16224139	16225317	GMPR	1	ENCSR056HPM	1989	0.6754830987785814	0.00038846227107569575	0.0005750780692324042	8.593559265136719	False
chr6	17715073	17715573	DEK	0	ENCSR056HPM	1989	0.0	0.0			True
chr6	18053073	18053924	DEK	0	ENCSR056HPM	1989	0.0	0.0			True
chr6	18090212	18090922	DEK	0	ENCSR056HPM	1989	0.0	0.0			True
chr6	26296617	26297451	H2BC12	0	ENCSR056HPM	1989	0.0	0.0			True
chr6	26312357	26314042	H4C3	0	ENCSR056HPM	1989	0.0	0.0			True
chr6	26327194	26328421	H1-2	0	ENCSR056HPM	1989	0.0	0.0			True
chr6	26327194	26328421	H2BC12	0	ENCSR056HPM	1989	0.0	0.0			True
chr6	26330865	26331741	H2AC6	0	ENCSR056HPM	1989	0.0	0.0			True
chr6	26330865	26331741	H2BC4	0	ENCSR056HPM	1989	0.0	0.0			True
chr6	26330865	26331741	H2BC5	0	ENCSR056HPM	1989	0.0	0.0			True
chr6	26330865	26331741	H2BC12	0	ENCSR056HPM	1989	0.0	0.0			True
chr6	26532642	26533413	H2BC12	0	ENCSR056HPM	1989	0.0	0.0			True
chr6	26553072	26554529	H2BC12	0	ENCSR056HPM	1989	0.0	0.0			True
chr6	26555030	26555530	H2BC12	0	ENCSR056HPM	1989	0.0	0.0			True
chr6	26556099	26556974	H2BC12	0	ENCSR056HPM	1989	0.0	0.0			True
chr6	26592614	26593114	H2BC12	0	ENCSR056HPM	1989	0.0	0.0			True
chr6	27157290	27158523	H2BC12	0	ENCSR056HPM	1989	0.9942525231083424	0.00016672557103447616	0.00016767936176620424	10.577407836914062	False
chr6	27174607	27175435	H2BC12	0	ENCSR056HPM	1989	0.265021744508075	4.444132719072513e-05	0.00016767936176620424	10.577407836914062	False
chr6	27188283	27189261	H2BC12	0	ENCSR056HPM	1989	0.0	0.0			True
chr6	27205707	27206563	ABT1	0	ENCSR056HPM	1989	0.0	0.0			True
chr6	27478563	27479904	H2BC12	0	ENCSR056HPM	1989	0.0	0.0			True
chr6	27495145	27496211	H2BC12	0	ENCSR056HPM	1989	0.0	0.0			True
chr6	27518331	27519757	H2BC12	0	ENCSR056HPM	1989	0.0	0.0			True
chr6	27518331	27519757	H2BC14	0	ENCSR056HPM	1989	0.0	0.0			True
chr6	27544153	27544653	H2BC14	0	ENCSR056HPM	1989	0.0	0.0			True
chr6	27552275	27553874	H2BC12	0	ENCSR056HPM	1989	0.0	0.0			True
chr6	27592154	27593098	ABT1	0	ENCSR056HPM	1989	0.0	0.0			True
chr6	27592154	27593098	H2BC14	0	ENCSR056HPM	1989	0.0	0.0			True
chr6	27592154	27593098	ZSCAN16-AS1	0	ENCSR056HPM	1989	0.0	0.0			True
chr6	27600213	27600873	H2BC12	0	ENCSR056HPM	1989	0.0	0.0			True
chr6	27601650	27602838	ABT1	0	ENCSR056HPM	1989	0.0	0.0			True
chr6	27605401	27605995	ABT1	0	ENCSR056HPM	1989	0.0	0.0			True
chr6	27618173	27618673	H2BC12	0	ENCSR056HPM	1989	0.0	0.0			True
chr6	27650536	27651178	ZSCAN16-AS1	0	ENCSR056HPM	1989	0.0	0.0			True
chr6	27752191	27752822	H2BC12	0	ENCSR056HPM	1989	0.0	0.0			True
chr6	27895443	27895943	ZSCAN16-AS1	0	ENCSR056HPM	1989	0.0	0.0			True
chr6	27901737	27903450	H2BC11	0	ENCSR056HPM	1989	0.0	0.0			True
chr6	27901737	27903450	ZSCAN16-AS1	0	ENCSR056HPM	1989	0.0	0.0			True
chr6	28735040	28735886	ZSCAN16-AS1	0	ENCSR056HPM	1989	0.0	0.0			True
chr6	28742515	28743762	H2BC14	0	ENCSR056HPM	1989	0.0	0.0			True
chr6	28802278	28802954	ZSCAN16-AS1	0	ENCSR056HPM	1989	0.0	0.0			True
chr6	28940228	28941924	ZSCAN16-AS1	0	ENCSR056HPM	1989	0.0	0.0			True
chr6	29847982	29848482	MRPS18B	0	ENCSR056HPM	1989	0.0	0.0			True
chr6	29847982	29848482	TUBB	0	ENCSR056HPM	1989	0.0	0.0			True
chr6	29965822	29966442	GNL1	0	ENCSR056HPM	1989	0.0	0.0			True
chr6	29965822	29966442	HCG18	0	ENCSR056HPM	1989	0.0	0.0			True
chr6	29965822	29966442	MRPS18B	0	ENCSR056HPM	1989	0.0	0.0			True
chr6	29965822	29966442	PRR3	0	ENCSR056HPM	1989	0.0	0.0			True
chr6	29965822	29966442	TUBB	0	ENCSR056HPM	1989	0.0	0.0			True
chr6	29965822	29966442	POLR1H	0	ENCSR056HPM	1989	0.0	0.0			True
chr6	29967423	29967923	GNL1	0	ENCSR056HPM	1989	0.0	0.0			True
chr6	30097832	30098332	ABCF1	0	ENCSR056HPM	1989	0.0	0.0			True
chr6	30097832	30098332	FLOT1	0	ENCSR056HPM	1989	0.0	0.0			True
chr6	30097832	30098332	PPP1R11	0	ENCSR056HPM	1989	0.152890538080042	5.695262007066049e-05	0.00037249585147947073	9.003793716430664	False
chr6	30357521	30358021	FLOT1	0	ENCSR056HPM	1989	0.0	0.0			True
chr6	30357521	30358021	GNL1	0	ENCSR056HPM	1989	0.0	0.0			True
chr6	30357521	30358021	TUBB	0	ENCSR056HPM	1989	0.0	0.0			True
chr6	30496544	30497044	ABCF1	0	ENCSR056HPM	1989	0.0	0.0			True
chr6	30496544	30497044	FLOT1	0	ENCSR056HPM	1989	0.0	0.0			True
chr6	30496544	30497044	GNL1	0	ENCSR056HPM	1989	0.0	0.0			True
chr6	30496544	30497044	MRPS18B	0	ENCSR056HPM	1989	0.0	0.0			True
chr6	30496544	30497044	PPP1R11	0	ENCSR056HPM	1989	0.0	0.0			True
chr6	30496544	30497044	TUBB	0	ENCSR056HPM	1989	0.0	0.0			True
chr6	30496544	30497044	POLR1H	0	ENCSR056HPM	1989	0.0	0.0			True
chr6	30508916	30509644	FLOT1	0	ENCSR056HPM	1989	0.0	0.0			True
chr6	30508916	30509644	GNL1	0	ENCSR056HPM	1989	0.0	0.0			True
chr6	30508916	30509644	MRPS18B	0	ENCSR056HPM	1989	0.0	0.0			True
chr6	30508916	30509644	PPP1R11	0	ENCSR056HPM	1989	0.0	0.0			True
chr6	30508916	30509644	TUBB	0	ENCSR056HPM	1989	0.0	0.0			True
chr6	30508916	30509644	POLR1H	0	ENCSR056HPM	1989	0.0	0.0			True
chr6	30793712	30794212	GPANK1	0	ENCSR056HPM	1989	0.0	0.0			True
chr6	30793712	30794212	MRPS18B	0	ENCSR056HPM	1989	0.0	0.0			True
chr6	30793712	30794212	TUBB	0	ENCSR056HPM	1989	0.0	0.0			True
chr6	30837738	30838238	ABCF1	0	ENCSR056HPM	1989	0.0	0.0			True
chr6	30837738	30838238	SNHG32	0	ENCSR056HPM	1989	0.0	0.0			True
chr6	30837738	30838238	MRPS18B	0	ENCSR056HPM	1989	0.0	0.0			True
chr6	30837738	30838238	TUBB	0	ENCSR056HPM	1989	0.0	0.0			True
chr6	31490359	31490859	SNHG32	0	ENCSR056HPM	1989	0.0	0.0			True
chr6	31490359	31490859	LSM2	0	ENCSR056HPM	1989	0.0	0.0			True
chr6	31490359	31490859	MRPS18B	0	ENCSR056HPM	1989	0.0	0.0			True
chr6	31490359	31490859	TUBB	0	ENCSR056HPM	1989	0.0	0.0			True
chr6	31560232	31560732	LSM2	0	ENCSR056HPM	1989	0.0	0.0			True
chr6	31560232	31560732	RNF5	0	ENCSR056HPM	1989	0.0	0.0			True
chr6	31563022	31563769	AGPAT1	0	ENCSR056HPM	1989	0.0	0.0			True
chr6	31563022	31563769	SNHG32	0	ENCSR056HPM	1989	0.0	0.0			True
chr6	31563022	31563769	MRPS18B	0	ENCSR056HPM	1989	0.0	0.0			True
chr6	31563022	31563769	NELFE	0	ENCSR056HPM	1989	0.0	0.0			True
chr6	31563022	31563769	TUBB	0	ENCSR056HPM	1989	0.0	0.0			True
chr6	31567576	31568076	ABCF1	0	ENCSR056HPM	1989	0.0	0.0			True
chr6	31567576	31568076	CSNK2B	0	ENCSR056HPM	1989	0.0	0.0			True
chr6	31567576	31568076	MRPS18B	0	ENCSR056HPM	1989	0.0	0.0			True
chr6	31567576	31568076	TUBB	0	ENCSR056HPM	1989	0.0	0.0			True
chr6	31821167	31822455	SNHG32	0	ENCSR056HPM	1989	0.6132489420302265	0.00010009943798650056	0.00016321806469932199	10.141814231872559	False
chr6	31821167	31822455	FKBPL	0	ENCSR056HPM	1989	0.0	0.0			True
chr6	31821167	31822455	NELFE	0	ENCSR056HPM	1989	0.0	0.0			True
chr6	31821167	31822455	PRRC2A	0	ENCSR056HPM	1989	0.0	0.0			True
chr6	31821167	31822455	SLC44A4	0	ENCSR056HPM	1989	0.0	0.0			True
chr6	31821167	31822455	VARS1	0	ENCSR056HPM	1989	0.39035007834775004	0.00010567279241513461	0.00027070287615060806	9.909113883972168	False
chr6	32131463	32131963	BAG6	0	ENCSR056HPM	1989	0.0	0.0			True
chr6	32131463	32131963	BRD2	0	ENCSR056HPM	1989	0.0	0.0			True
chr6	32131463	32131963	C6orf47	0	ENCSR056HPM	1989	0.0	0.0			True
chr6	32131463	32131963	SNHG32	0	ENCSR056HPM	1989	0.0	0.0			True
chr6	32131463	32131963	CLIC1	0	ENCSR056HPM	1989	0.0	0.0			True
chr6	32131463	32131963	CSNK2B	0	ENCSR056HPM	1989	0.0	0.0			True
chr6	32131463	32131963	FKBPL	1	ENCSR056HPM	1989	5.379457615004695	0.0023584237787872553	0.00043840293074026704	9.550459861755371	False
chr6	32131463	32131963	GPANK1	0	ENCSR056HPM	1989	0.0	0.0			True
chr6	32131463	32131963	LSM2	0	ENCSR056HPM	1989	0.0	0.0			True
chr6	32131463	32131963	NEU1	0	ENCSR056HPM	1989	0.0	0.0			True
chr6	32131463	32131963	VARS1	0	ENCSR056HPM	1989	0.0	0.0			True
chr6	32413542	32414042	ATF6B	0	ENCSR056HPM	1989	0.0	0.0			True
chr6	32413542	32414042	BAG6	0	ENCSR056HPM	1989	0.0	0.0			True
chr6	32413542	32414042	SNHG32	0	ENCSR056HPM	1989	0.0	0.0			True
chr6	32413542	32414042	CLIC1	0	ENCSR056HPM	1989	0.0	0.0			True
chr6	32413542	32414042	CSNK2B	0	ENCSR056HPM	1989	0.0	0.0			True
chr6	32413542	32414042	DAXX	0	ENCSR056HPM	1989	0.0	0.0			True
chr6	32413542	32414042	LSM2	0	ENCSR056HPM	1989	0.0	0.0			True
chr6	32413542	32414042	NELFE	0	ENCSR056HPM	1989	0.0	0.0			True
chr6	32413542	32414042	PFDN6	0	ENCSR056HPM	1989	0.0	0.0			True
chr6	32413542	32414042	RPS18	0	ENCSR056HPM	1989	0.0	0.0			True
chr6	32413542	32414042	SLC44A4	0	ENCSR056HPM	1989	0.0	0.0			True
chr6	32413542	32414042	WDR46	0	ENCSR056HPM	1989	0.0	0.0			True
chr6	33380405	33381121	CUTA	0	ENCSR056HPM	1989	0.0	0.0			True
chr6	33839979	33840870	CUTA	0	ENCSR056HPM	1989	0.0	0.0			True
chr6	33839979	33840870	HMGA1	0	ENCSR056HPM	1989	0.0	0.0			True
chr6	33839979	33840870	RPS10	0	ENCSR056HPM	1989	0.0	0.0			True
chr6	33839979	33840870	SNRPC	0	ENCSR056HPM	1989	0.0	0.0			True
chr6	33841109	33841609	CUTA	0	ENCSR056HPM	1989	0.0	0.0			True
chr6	33841109	33841609	HMGA1	0	ENCSR056HPM	1989	0.0	0.0			True
chr6	33841109	33841609	NUDT3	0	ENCSR056HPM	1989	0.0	0.0			True
chr6	33841109	33841609	RING1	0	ENCSR056HPM	1989	0.0	0.0			True
chr6	33841109	33841609	RPS10	0	ENCSR056HPM	1989	0.0	0.0			True
chr6	33841109	33841609	RPS18	0	ENCSR056HPM	1989	0.0	0.0			True
chr6	33841109	33841609	SNRPC	0	ENCSR056HPM	1989	0.0	0.0			True
chr6	33841109	33841609	UQCC2	0	ENCSR056HPM	1989	0.0	0.0			True
chr6	33841109	33841609	WDR46	0	ENCSR056HPM	1989	0.0	0.0			True
chr6	33843568	33844068	SNRPC	0	ENCSR056HPM	1989	0.0	0.0			True
chr6	33989993	33990493	HMGA1	0	ENCSR056HPM	1989	0.0	0.0			True
chr6	33989993	33990493	RPS18	0	ENCSR056HPM	1989	0.0	0.0			True
chr6	33989993	33990493	SNRPC	0	ENCSR056HPM	1989	0.0	0.0			True
chr6	33989993	33990493	UQCC2	0	ENCSR056HPM	1989	0.0	0.0			True
chr6	33989993	33990493	WDR46	0	ENCSR056HPM	1989	0.0	0.0			True
chr6	34200575	34201075	CUTA	0	ENCSR056HPM	1989	0.0	0.0			True
chr6	34200575	34201075	RPS18	0	ENCSR056HPM	1989	0.0	0.0			True
chr6	34200575	34201075	SNRPC	0	ENCSR056HPM	1989	0.0	0.0			True
chr6	34273202	34273702	CUTA	0	ENCSR056HPM	1989	0.0	0.0			True
chr6	34273202	34273702	PFDN6	0	ENCSR056HPM	1989	0.0	0.0			True
chr6	34273202	34273702	SNRPC	0	ENCSR056HPM	1989	0.0	0.0			True
chr6	34276812	34277752	CUTA	0	ENCSR056HPM	1989	0.0	0.0			True
chr6	34276812	34277752	HMGA1	0	ENCSR056HPM	1989	0.0	0.0			True
chr6	34276812	34277752	PFDN6	0	ENCSR056HPM	1989	0.0	0.0			True
chr6	34276812	34277752	SNRPC	0	ENCSR056HPM	1989	0.0	0.0			True
chr6	34276812	34277752	TAF11	0	ENCSR056HPM	1989	0.0	0.0			True
chr6	34276812	34277752	TAPBP	0	ENCSR056HPM	1989	0.0	0.0			True
chr6	34560476	34561298	HMGA1	0	ENCSR056HPM	1989	0.0	0.0			True
chr6	34560476	34561298	RPL10A	0	ENCSR056HPM	1989	0.0	0.0			True
chr6	34560476	34561298	RPS10	0	ENCSR056HPM	1989	0.0	0.0			True
chr6	34560476	34561298	SNRPC	0	ENCSR056HPM	1989	0.0	0.0			True
chr6	34560476	34561298	UQCC2	0	ENCSR056HPM	1989	0.0	0.0			True
chr6	35731272	35732819	KCTD20	0	ENCSR056HPM	1989	0.0	0.0			True
chr6	35731272	35732819	SNRPC	0	ENCSR056HPM	1989	0.0	0.0			True
chr6	35731272	35732819	SRPK1	0	ENCSR056HPM	1989	0.0	0.0			True
chr6	35731272	35732819	SRSF3	0	ENCSR056HPM	1989	0.0	0.0			True
chr6	35731272	35732819	TAF11	0	ENCSR056HPM	1989	0.0	0.0			True
chr6	36116393	36117370	C6orf89	0	ENCSR056HPM	1989	0.0	0.0			True
chr6	36116393	36117370	MTCH1	0	ENCSR056HPM	1989	0.0	0.0			True
chr6	36116393	36117370	PPIL1	0	ENCSR056HPM	1989	0.0	0.0			True
chr6	36116393	36117370	RPL10A	0	ENCSR056HPM	1989	0.0	0.0			True
chr6	36118491	36118991	PPIL1	0	ENCSR056HPM	1989	0.0	0.0			True
chr6	36118491	36118991	RPL10A	0	ENCSR056HPM	1989	0.0	0.0			True
chr6	36123766	36124266	RPL10A	0	ENCSR056HPM	1989	0.0	0.0			True
chr6	36347632	36348132	RPL10A	0	ENCSR056HPM	1989	0.0	0.0			True
chr6	36848568	36849553	KCTD20	0	ENCSR056HPM	1989	0.0	0.0			True
chr6	36848568	36849553	SRPK1	0	ENCSR056HPM	1989	0.0	0.0			True
chr6	37038218	37039096	KCTD20	0	ENCSR056HPM	1989	0.0	0.0			True
chr6	37038218	37039096	PPIL1	0	ENCSR056HPM	1989	0.0	0.0			True
chr6	37050156	37051053	MTCH1	0	ENCSR056HPM	1989	0.0	0.0			True
chr6	37050156	37051053	SRSF3	0	ENCSR056HPM	1989	0.0	0.0			True
chr6	37057991	37058491	CCDC167	0	ENCSR056HPM	1989	0.0	0.0			True
chr6	37057991	37058491	SRSF3	0	ENCSR056HPM	1989	0.0	0.0			True
chr6	37059214	37060038	CCDC167	0	ENCSR056HPM	1989	0.0	0.0			True
chr6	37059214	37060038	KCTD20	0	ENCSR056HPM	1989	0.0	0.0			True
chr6	37059214	37060038	MTCH1	0	ENCSR056HPM	1989	0.0	0.0			True
chr6	37059214	37060038	RNF8	0	ENCSR056HPM	1989	0.0	0.0			True
chr6	37059214	37060038	SRSF3	0	ENCSR056HPM	1989	0.0	0.0			True
chr6	37062421	37062921	MTCH1	0	ENCSR056HPM	1989	0.0	0.0			True
chr6	37111922	37112422	MTCH1	0	ENCSR056HPM	1989	0.0	0.0			True
chr6	37128442	37129240	SRSF3	0	ENCSR056HPM	1989	0.0	0.0			True
chr6	37155272	37155772	PPIL1	0	ENCSR056HPM	1989	0.0	0.0			True
chr6	37155272	37155772	SRSF3	0	ENCSR056HPM	1989	0.0	0.0			True
chr6	37175665	37178356	MTCH1	0	ENCSR056HPM	1989	0.0	0.0			True
chr6	37175665	37178356	PIM1	0	ENCSR056HPM	1989	1.0563432245307436	0.0001497173507232219	0.0001417217281414196	10.631471633911133	False
chr6	37187145	37187645	CCDC167	0	ENCSR056HPM	1989	0.0	0.0			True
chr6	37187145	37187645	SRSF3	0	ENCSR056HPM	1989	0.0	0.0			True
chr6	37191700	37192200	C6orf89	0	ENCSR056HPM	1989	0.0	0.0			True
chr6	37191700	37192200	MTCH1	0	ENCSR056HPM	1989	0.0	0.0			True
chr6	37191700	37192200	PIM1	0	ENCSR056HPM	1989	0.5674753190770515	8.042925765039399e-05	0.0001417217281414196	10.631471633911133	False
chr6	37191700	37192200	PPIL1	0	ENCSR056HPM	1989	0.0	0.0			True
chr6	37191700	37192200	RNF8	0	ENCSR056HPM	1989	0.0	0.0			True
chr6	37191700	37192200	SRSF3	0	ENCSR056HPM	1989	0.0	0.0			True
chr6	37205013	37206166	CCDC167	0	ENCSR056HPM	1989	0.0	0.0			True
chr6	37205013	37206166	KCTD20	0	ENCSR056HPM	1989	0.0	0.0			True
chr6	37205013	37206166	MTCH1	0	ENCSR056HPM	1989	0.0	0.0			True
chr6	37205013	37206166	PPIL1	0	ENCSR056HPM	1989	0.0	0.0			True
chr6	37205013	37206166	SRSF3	0	ENCSR056HPM	1989	0.0	0.0			True
chr6	37207950	37208450	MTCH1	0	ENCSR056HPM	1989	0.0	0.0			True
chr6	37207950	37208450	PPIL1	0	ENCSR056HPM	1989	0.0	0.0			True
chr6	37207950	37208450	SRSF3	0	ENCSR056HPM	1989	0.0	0.0			True
chr6	37423554	37424203	C6orf89	0	ENCSR056HPM	1989	0.0	0.0			True
chr6	37423554	37424203	CCDC167	0	ENCSR056HPM	1989	0.0	0.0			True
chr6	37423554	37424203	MTCH1	0	ENCSR056HPM	1989	0.0	0.0			True
chr6	37423554	37424203	SRSF3	0	ENCSR056HPM	1989	0.0	0.0			True
chr6	37425801	37427847	PIM1	0	ENCSR056HPM	1989	0.0	0.0			True
chr6	37425801	37427847	SRSF3	0	ENCSR056HPM	1989	0.0	0.0			True
chr6	37711181	37712020	CCDC167	0	ENCSR056HPM	1989	0.0	0.0			True
chr6	37711181	37712020	GLO1	0	ENCSR056HPM	1989	0.0	0.0			True
chr6	37711181	37712020	MTCH1	0	ENCSR056HPM	1989	0.0	0.0			True
chr6	37713597	37714319	C6orf89	0	ENCSR056HPM	1989	0.0	0.0			True
chr6	37713597	37714319	MTCH1	0	ENCSR056HPM	1989	0.0	0.0			True
chr6	37713597	37714319	PIM1	0	ENCSR056HPM	1989	0.0	0.0			True
chr6	37713597	37714319	PPIL1	0	ENCSR056HPM	1989	0.0	0.0			True
chr6	40139397	40139897	OARD1	0	ENCSR056HPM	1989	0.0	0.0			True
chr6	41320474	41320974	MRPS10	0	ENCSR056HPM	1989	0.0	0.0			True
chr6	42197508	42198387	RPL7L1	0	ENCSR056HPM	1989	0.0	0.0			True
chr6	42199304	42199804	BYSL	0	ENCSR056HPM	1989	0.0	0.0			True
chr6	42199304	42199804	CCND3	0	ENCSR056HPM	1989	0.0	0.0			True
chr6	42199304	42199804	KLHDC3	0	ENCSR056HPM	1989	0.0	0.0			True
chr6	42199304	42199804	MEA1	0	ENCSR056HPM	1989	0.0	0.0			True
chr6	42199304	42199804	MRPL2	0	ENCSR056HPM	1989	0.0	0.0			True
chr6	42199304	42199804	RPL7L1	0	ENCSR056HPM	1989	0.0	0.0			True
chr6	42199304	42199804	TBCC	0	ENCSR056HPM	1989	0.0	0.0			True
chr6	42547273	42548253	MEA1	0	ENCSR056HPM	1989	0.0	0.0			True
chr6	42547273	42548253	MRPL2	0	ENCSR056HPM	1989	0.0	0.0			True
chr6	43390680	43391917	HSP90AB1	0	ENCSR056HPM	1989	0.0	0.0			True
chr6	43390680	43391917	KLHDC3	0	ENCSR056HPM	1989	0.0	0.0			True
chr6	43390680	43391917	MEA1	0	ENCSR056HPM	1989	0.0	0.0			True
chr6	43390680	43391917	MRPL2	0	ENCSR056HPM	1989	0.0	0.0			True
chr6	43390680	43391917	MRPS18A	0	ENCSR056HPM	1989	0.0	0.0			True
chr6	43390680	43391917	RPL7L1	0	ENCSR056HPM	1989	0.0	0.0			True
chr6	43390680	43391917	RRP36	0	ENCSR056HPM	1989	0.0	0.0			True
chr6	43390680	43391917	XPO5	0	ENCSR056HPM	1989	0.0	0.0			True
chr6	43714390	43714890	DNPH1	0	ENCSR056HPM	1989	0.0	0.0			True
chr6	43714390	43714890	HSP90AB1	0	ENCSR056HPM	1989	0.0	0.0			True
chr6	43714390	43714890	KLHDC3	0	ENCSR056HPM	1989	0.0	0.0			True
chr6	43714390	43714890	MEA1	0	ENCSR056HPM	1989	0.0	0.0			True
chr6	43714390	43714890	MRPL14	0	ENCSR056HPM	1989	0.0	0.0			True
chr6	43714390	43714890	POLR1C	0	ENCSR056HPM	1989	0.0	0.0			True
chr6	43714390	43714890	RPL7L1	0	ENCSR056HPM	1989	0.0	0.0			True
chr6	43798695	43799195	MRPL14	0	ENCSR056HPM	1989	0.0	0.0			True
chr6	43798695	43799195	MRPS18A	0	ENCSR056HPM	1989	0.0	0.0			True
chr6	43798695	43799195	SLC29A1	0	ENCSR056HPM	1989	0.0	0.0			True
chr6	43856105	43856863	DNPH1	0	ENCSR056HPM	1989	0.0	0.0			True
chr6	43856105	43856863	HSP90AB1	0	ENCSR056HPM	1989	0.0	0.0			True
chr6	43856105	43856863	KLHDC3	0	ENCSR056HPM	1989	0.0	0.0			True
chr6	43856105	43856863	MRPL2	0	ENCSR056HPM	1989	0.0	0.0			True
chr6	43856105	43856863	RPL7L1	0	ENCSR056HPM	1989	0.0	0.0			True
chr6	43916063	43917048	DNPH1	0	ENCSR056HPM	1989	0.0	0.0			True
chr6	43916063	43917048	HSP90AB1	0	ENCSR056HPM	1989	0.0	0.0			True
chr6	43916063	43917048	MEA1	0	ENCSR056HPM	1989	0.0	0.0			True
chr6	43926593	43927093	DNPH1	0	ENCSR056HPM	1989	0.0	0.0			True
chr6	43926593	43927093	MRPL2	0	ENCSR056HPM	1989	0.0	0.0			True
chr6	43946547	43947458	CDC5L	0	ENCSR056HPM	1989	0.0	0.0			True
chr6	43946547	43947458	DNPH1	0	ENCSR056HPM	1989	0.0	0.0			True
chr6	43946547	43947458	HSP90AB1	0	ENCSR056HPM	1989	0.0	0.0			True
chr6	43946547	43947458	KLHDC3	0	ENCSR056HPM	1989	0.0	0.0			True
chr6	43946547	43947458	MAD2L1BP	0	ENCSR056HPM	1989	0.0	0.0			True
chr6	43946547	43947458	MEA1	0	ENCSR056HPM	1989	0.0	0.0			True
chr6	43946547	43947458	MRPL14	0	ENCSR056HPM	1989	0.0	0.0			True
chr6	43946547	43947458	MRPL2	0	ENCSR056HPM	1989	0.0	0.0			True
chr6	43946547	43947458	MRPS18A	0	ENCSR056HPM	1989	0.0	0.0			True
chr6	43946547	43947458	SLC29A1	0	ENCSR056HPM	1989	0.0	0.0			True
chr6	43946547	43947458	YIPF3	0	ENCSR056HPM	1989	0.0	0.0			True
chr6	43951141	43951641	CDC5L	0	ENCSR056HPM	1989	0.0	0.0			True
chr6	43951141	43951641	DNPH1	0	ENCSR056HPM	1989	0.0	0.0			True
chr6	43951141	43951641	HSP90AB1	0	ENCSR056HPM	1989	0.0	0.0			True
chr6	43951141	43951641	KLHDC3	0	ENCSR056HPM	1989	0.0	0.0			True
chr6	43951141	43951641	MEA1	0	ENCSR056HPM	1989	0.0	0.0			True
chr6	43951141	43951641	MRPL14	0	ENCSR056HPM	1989	0.0	0.0			True
chr6	43951141	43951641	MRPL2	0	ENCSR056HPM	1989	0.0	0.0			True
chr6	43951141	43951641	MRPS18A	0	ENCSR056HPM	1989	0.0	0.0			True
chr6	43951141	43951641	RRP36	0	ENCSR056HPM	1989	0.0	0.0			True
chr6	43951141	43951641	SLC29A1	0	ENCSR056HPM	1989	0.0	0.0			True
chr6	43965111	43965611	HSP90AB1	0	ENCSR056HPM	1989	0.0	0.0			True
chr6	43965111	43965611	MRPS18A	0	ENCSR056HPM	1989	0.0	0.0			True
chr6	43965111	43965611	YIPF3	0	ENCSR056HPM	1989	0.0	0.0			True
chr6	43969366	43969866	HSP90AB1	0	ENCSR056HPM	1989	0.0	0.0			True
chr6	43969366	43969866	MEA1	0	ENCSR056HPM	1989	0.0	0.0			True
chr6	43969366	43969866	MRPL14	0	ENCSR056HPM	1989	0.0	0.0			True
chr6	43970765	43971691	DNPH1	0	ENCSR056HPM	1989	0.0	0.0			True
chr6	43970765	43971691	HSP90AB1	0	ENCSR056HPM	1989	0.0	0.0			True
chr6	43970765	43971691	MEA1	0	ENCSR056HPM	1989	0.0	0.0			True
chr6	43970765	43971691	MRPL14	0	ENCSR056HPM	1989	0.0	0.0			True
chr6	43970765	43971691	MRPS18A	0	ENCSR056HPM	1989	0.0	0.0			True
chr6	43970765	43971691	RRP36	0	ENCSR056HPM	1989	0.0	0.0			True
chr6	43986456	43986956	HSP90AB1	0	ENCSR056HPM	1989	0.0	0.0			True
chr6	43986456	43986956	MRPL14	0	ENCSR056HPM	1989	0.0	0.0			True
chr6	44079092	44079592	DNPH1	0	ENCSR056HPM	1989	0.0	0.0			True
chr6	44079092	44079592	HSP90AB1	0	ENCSR056HPM	1989	0.0	0.0			True
chr6	44096652	44097152	HSP90AB1	0	ENCSR056HPM	1989	0.0	0.0			True
chr6	44096652	44097152	MRPS18A	0	ENCSR056HPM	1989	0.0	0.0			True
chr6	44096652	44097152	SLC29A1	0	ENCSR056HPM	1989	0.0	0.0			True
chr6	44096652	44097152	YIPF3	0	ENCSR056HPM	1989	0.0	0.0			True
chr6	44462159	44462879	HSP90AB1	0	ENCSR056HPM	1989	0.0	0.0			True
chr6	44462159	44462879	MRPS18A	0	ENCSR056HPM	1989	0.0	0.0			True
chr6	44471538	44472038	HSP90AB1	0	ENCSR056HPM	1989	0.0	0.0			True
chr6	44475650	44476150	HSP90AB1	0	ENCSR056HPM	1989	0.0	0.0			True
chr6	44475650	44476150	POLR1C	0	ENCSR056HPM	1989	0.0	0.0			True
chr6	47135652	47136152	CD2AP	0	ENCSR056HPM	1989	0.0	0.0			True
chr6	72580284	72580784	EEF1A1	0	ENCSR056HPM	1989	0.0	0.0			True
chr6	90467989	90468489	LYRM2	0	ENCSR056HPM	1989	0.0	0.0			True
chr6	100116753	100117253	PNISR	0	ENCSR056HPM	1989	0.0	0.0			True
chr6	100257766	100258409	PNISR	0	ENCSR056HPM	1989	0.0	0.0			True
chr6	100271431	100272059	PNISR	0	ENCSR056HPM	1989	0.0	0.0			True
chr6	108737890	108738390	SNX3	0	ENCSR056HPM	1989	0.0	0.0			True
chr6	125943759	125944259	CENPW	0	ENCSR056HPM	1989	0.0	0.0			True
chr6	125943759	125944259	HDDC2	0	ENCSR056HPM	1989	0.0	0.0			True
chr6	126054253	126054753	HDDC2	0	ENCSR056HPM	1989	0.0	0.0			True
chr6	126054253	126054753	TPD52L1	0	ENCSR056HPM	1989	0.0	0.0			True
chr6	126112102	126112738	HDDC2	0	ENCSR056HPM	1989	0.0	0.0			True
chr6	126117998	126118498	CENPW	0	ENCSR056HPM	1989	0.0	0.0			True
chr6	126123166	126123666	HDDC2	0	ENCSR056HPM	1989	0.0	0.0			True
chr6	134822854	134823354	TBPL1	0	ENCSR056HPM	1989	0.0	0.0			True
chr6	137903425	137903925	HEBP2	0	ENCSR056HPM	1989	0.0	0.0			True
chr6	139516183	139516982	ABRACL	0	ENCSR056HPM	1989	0.0	0.0			True
chr6	149118737	149119693	PCMT1	0	ENCSR056HPM	1989	0.0	0.0			True
chr6	149128435	149128935	PCMT1	0	ENCSR056HPM	1989	0.0	0.0			True
chr6	149139921	149141312	GINM1	0	ENCSR056HPM	1989	0.0	0.0			True
chr6	149139921	149141312	KATNA1	0	ENCSR056HPM	1989	0.0	0.0			True
chr6	149139921	149141312	PCMT1	0	ENCSR056HPM	1989	0.0	0.0			True
chr6	150252971	150253471	MTHFD1L	0	ENCSR056HPM	1989	0.0	0.0			True
chr6	150267660	150268561	GINM1	0	ENCSR056HPM	1989	0.0	0.0			True
chr6	150267660	150268561	PCMT1	0	ENCSR056HPM	1989	0.0	0.0			True
chr6	150269704	150270204	GINM1	0	ENCSR056HPM	1989	0.0	0.0			True
chr6	150269704	150270204	PCMT1	0	ENCSR056HPM	1989	0.0	0.0			True
chr6	150277664	150278164	PCMT1	0	ENCSR056HPM	1989	0.0	0.0			True
chr6	150297262	150297762	PCMT1	0	ENCSR056HPM	1989	0.0	0.0			True
chr6	150559935	150560435	PCMT1	0	ENCSR056HPM	1989	0.0	0.0			True
chr6	152874906	152875406	FBXO5	0	ENCSR056HPM	1989	0.0	0.0			True
chr6	157335769	157336269	GTF2H5	0	ENCSR056HPM	1989	0.0	0.0			True
chr6	157335769	157336269	SNX9	0	ENCSR056HPM	1989	0.0	0.0			True
chr6	157963788	157964549	DYNLT1	0	ENCSR056HPM	1989	0.0	0.0			True
chr6	158825039	158826317	DYNLT1	0	ENCSR056HPM	1989	0.0	0.0			True
chr6	158825039	158826317	MRPL18	0	ENCSR056HPM	1989	0.0	0.0			True
chr6	159086013	159086513	WTAP	0	ENCSR056HPM	1989	0.0	0.0			True
chr6	167652551	167653051	AFDN	0	ENCSR056HPM	1989	0.0	0.0			True
chr7	1412740	1413240	EIF3B	0	ENCSR056HPM	1989	0.0	0.0			True
chr7	1417413	1417913	MRM2	0	ENCSR056HPM	1989	0.0	0.0			True
chr7	1417413	1417913	PSMG3	0	ENCSR056HPM	1989	0.0	0.0			True
chr7	4612854	4613751	ACTB	0	ENCSR056HPM	1989	0.0	0.0			True
chr7	4620419	4620919	ACTB	0	ENCSR056HPM	1989	0.0	0.0			True
chr7	4641306	4642468	FSCN1	0	ENCSR056HPM	1989	0.0	0.0			True
chr7	4773623	4774123	ACTB	0	ENCSR056HPM	1989	0.0	0.0			True
chr7	4773623	4774123	FSCN1	0	ENCSR056HPM	1989	0.0	0.0			True
chr7	4971525	4972025	FSCN1	0	ENCSR056HPM	1989	0.0	0.0			True
chr7	5240104	5240848	ACTB	0	ENCSR056HPM	1989	0.0	0.0			True
chr7	5240104	5240848	EIF2AK1	0	ENCSR056HPM	1989	0.0	0.0			True
chr7	5240104	5240848	FSCN1	0	ENCSR056HPM	1989	0.0	0.0			True
chr7	5525112	5527033	KDELR2	0	ENCSR056HPM	1989	0.0	0.0			True
chr7	5574162	5575313	AIMP2	0	ENCSR056HPM	1989	0.0	0.0			True
chr7	5574162	5575313	CCZ1	0	ENCSR056HPM	1989	0.0	0.0			True
chr7	5574162	5575313	EIF2AK1	0	ENCSR056HPM	1989	0.0	0.0			True
chr7	5574162	5575313	KDELR2	0	ENCSR056HPM	1989	0.0	0.0			True
chr7	5574162	5575313	RAC1	0	ENCSR056HPM	1989	0.0	0.0			True
chr7	5574162	5575313	RNF216	0	ENCSR056HPM	1989	0.0	0.0			True
chr7	5574162	5575313	WIPI2	0	ENCSR056HPM	1989	0.0	0.0			True
chr7	5609507	5610007	EIF2AK1	0	ENCSR056HPM	1989	0.0	0.0			True
chr7	5609507	5610007	FSCN1	0	ENCSR056HPM	1989	1.1000097710416714	0.0002411246532574296	0.00021919228311162442	10.737436294555664	False
chr7	5609507	5610007	RAC1	0	ENCSR056HPM	1989	0.0	0.0			True
chr7	5609507	5610007	ZDHHC4	0	ENCSR056HPM	1989	0.0	0.0			True
chr7	6367562	6368335	ACTB	0	ENCSR056HPM	1989	0.0	0.0			True
chr7	6367562	6368335	EIF2AK1	0	ENCSR056HPM	1989	0.0	0.0			True
chr7	6367562	6368335	FSCN1	0	ENCSR056HPM	1989	0.0	0.0			True
chr7	6367562	6368335	RAC1	0	ENCSR056HPM	1989	1.8966297936310164	0.000499426038004458	0.00026331288972869515	9.571711540222168	False
chr7	6367562	6368335	ZDHHC4	0	ENCSR056HPM	1989	0.0	0.0			True
chr7	7042295	7042938	RAC1	0	ENCSR056HPM	1989	0.0	0.0			True
chr7	7042295	7042938	RPA3	0	ENCSR056HPM	1989	0.0	0.0			True
chr7	7042295	7042938	ZDHHC4	0	ENCSR056HPM	1989	0.0	0.0			True
chr7	7099480	7099980	INTS15	1	ENCSR056HPM	1989	0.0	0.0			True
chr7	7099480	7099980	KDELR2	1	ENCSR056HPM	1989	0.0	0.0			True
chr7	7099480	7099980	RAC1	0	ENCSR056HPM	1989	0.0	0.0			True
chr7	7099480	7099980	ZDHHC4	0	ENCSR056HPM	1989	0.0	0.0			True
chr7	7100238	7100879	ZDHHC4	0	ENCSR056HPM	1989	0.0	0.0			True
chr7	7104054	7104776	RAC1	0	ENCSR056HPM	1989	0.0	0.0			True
chr7	7104054	7104776	RPA3	0	ENCSR056HPM	1989	0.0	0.0			True
chr7	7104842	7105517	KDELR2	0	ENCSR056HPM	1989	0.0	0.0			True
chr7	7104842	7105517	RPA3	0	ENCSR056HPM	1989	0.0	0.0			True
chr7	7148796	7149633	RAC1	0	ENCSR056HPM	1989	0.0	0.0			True
chr7	7148796	7149633	RPA3	0	ENCSR056HPM	1989	0.0	0.0			True
chr7	8391089	8391797	RPA3	0	ENCSR056HPM	1989	0.0	0.0			True
chr7	8396165	8396665	RPA3	0	ENCSR056HPM	1989	0.0	0.0			True
chr7	10803651	10804151	NDUFA4	0	ENCSR056HPM	1989	0.0	0.0			True
chr7	16433530	16434030	TSPAN13	0	ENCSR056HPM	1989	0.0	0.0			True
chr7	22373322	22373822	TOMM7	0	ENCSR056HPM	1989	0.0	0.0			True
chr7	22666683	22667183	MALSU1	0	ENCSR056HPM	1989	0.0	0.0			True
chr7	22680403	22680994	IGF2BP3	0	ENCSR056HPM	1989	0.0	0.0			True
chr7	22680403	22680994	MALSU1	0	ENCSR056HPM	1989	0.0	0.0			True
chr7	22680403	22680994	NUPL2	0	ENCSR056HPM	1989					False
chr7	22680403	22680994	STEAP1B	1	ENCSR056HPM	1989	0.0	0.0			True
chr7	22680403	22680994	TOMM7	0	ENCSR056HPM	1989	0.0	0.0			True
chr7	22681797	22682926	MALSU1	0	ENCSR056HPM	1989	0.0	0.0			True
chr7	22681797	22682926	TOMM7	0	ENCSR056HPM	1989	0.0	0.0			True
chr7	22700580	22701080	TOMM7	0	ENCSR056HPM	1989	0.0	0.0			True
chr7	24762984	24763747	CYCS	0	ENCSR056HPM	1989	0.0	0.0			True
chr7	24762984	24763747	MPP6	0	ENCSR056HPM	1989					False
chr7	25927053	25927553	CBX3	0	ENCSR056HPM	1989	0.0	0.0			True
chr7	25927053	25927553	CYCS	0	ENCSR056HPM	1989	0.0	0.0			True
chr7	25940888	25941388	CYCS	0	ENCSR056HPM	1989	0.0	0.0			True
chr7	26233792	26234555	HNRNPA2B1	0	ENCSR056HPM	1989	0.13407336694665067	2.519811096135527e-05	0.00018793270282913	10.080821990966797	False
chr7	29749512	29750319	GGCT	0	ENCSR056HPM	1989	0.0	0.0			True
chr7	39721888	39722553	MPLKIP	0	ENCSR056HPM	1989	0.0	0.0			True
chr7	39810128	39810628	MPLKIP	0	ENCSR056HPM	1989	0.0	0.0			True
chr7	42869302	42869802	COA1	0	ENCSR056HPM	1989	0.0	0.0			True
chr7	42888739	42889590	COA1	0	ENCSR056HPM	1989	0.0	0.0			True
chr7	43572447	43572947	POLD2	0	ENCSR056HPM	1989	0.0	0.0			True
chr7	43735508	43736639	POLD2	0	ENCSR056HPM	1989	0.0	0.0			True
chr7	43735508	43736639	YKT6	0	ENCSR056HPM	1989	0.0	0.0			True
chr7	43756575	43757509	MRPL32	0	ENCSR056HPM	1989	0.0	0.0			True
chr7	43756575	43757509	POLD2	0	ENCSR056HPM	1989	0.0	0.0			True
chr7	43756575	43757509	PSMA2	0	ENCSR056HPM	1989	0.0	0.0			True
chr7	43756575	43757509	YKT6	0	ENCSR056HPM	1989	0.0	0.0			True
chr7	44131085	44131585	TMED4	0	ENCSR056HPM	1989	0.0	0.0			True
chr7	44562157	44562657	COA1	0	ENCSR056HPM	1989	0.0	0.0			True
chr7	44562157	44562657	POLD2	0	ENCSR056HPM	1989	0.0	0.0			True
chr7	44562157	44562657	PPIA	0	ENCSR056HPM	1989	0.0	0.0			True
chr7	44921566	44922520	H2AZ2	0	ENCSR056HPM	1989	0.0	0.0			True
chr7	44921566	44922520	POLD2	0	ENCSR056HPM	1989	0.0	0.0			True
chr7	44954834	44955597	H2AZ2	0	ENCSR056HPM	1989	0.0	0.0			True
chr7	44954834	44955597	PPIA	0	ENCSR056HPM	1989	0.0	0.0			True
chr7	44955651	44956151	H2AZ2	0	ENCSR056HPM	1989	0.0	0.0			True
chr7	44955651	44956151	POLD2	0	ENCSR056HPM	1989	0.0	0.0			True
chr7	44955651	44956151	PPIA	0	ENCSR056HPM	1989	0.0	0.0			True
chr7	44955651	44956151	TMED4	0	ENCSR056HPM	1989	0.0	0.0			True
chr7	44955651	44956151	YKT6	0	ENCSR056HPM	1989	0.0	0.0			True
chr7	44995065	44995565	CCM2	1	ENCSR056HPM	1989	4.143873682073301	0.0017052635084837675	0.00041150435572490096	8.594388008117676	False
chr7	44995065	44995565	H2AZ2	0	ENCSR056HPM	1989	0.0	0.0			True
chr7	44995065	44995565	PPIA	0	ENCSR056HPM	1989	0.0	0.0			True
chr7	44995065	44995565	SNHG15	1	ENCSR056HPM	1989	3.3108249644991603	0.0012860266724601388	0.0003884208854287863	9.027425765991211	False
chr7	44995065	44995565	YKT6	0	ENCSR056HPM	1989	0.0	0.0			True
chr7	45138601	45139484	H2AZ2	0	ENCSR056HPM	1989	0.0	0.0			True
chr7	64944779	64945451	VKORC1L1	0	ENCSR056HPM	1989	0.0	0.0			True
chr7	64944779	64945451	ZNF138	0	ENCSR056HPM	1989	0.0	0.0			True
chr7	66015945	66016445	SBDS	0	ENCSR056HPM	1989	0.0	0.0			True
chr7	66908462	66909098	GUSB	0	ENCSR056HPM	1989	0.0	0.0			True
chr7	66908462	66909098	SBDS	0	ENCSR056HPM	1989	0.0	0.0			True
chr7	73561941	73562831	EIF4H	0	ENCSR056HPM	1989	0.0	0.0			True
chr7	73774744	73775401	BAZ1B	0	ENCSR056HPM	1989	0.0	0.0			True
chr7	73774744	73775401	EIF4H	0	ENCSR056HPM	1989	0.0	0.0			True
chr7	73793500	73794000	NSUN5	0	ENCSR056HPM	1989	0.0	0.0			True
chr7	74164928	74165577	EIF4H	0	ENCSR056HPM	1989	1.4966553186646863	0.0004823643830604851	0.00032228490454144776	8.788707733154297	False
chr7	74164928	74165577	NSUN5	0	ENCSR056HPM	1989	0.0	0.0			True
chr7	74269902	74270402	ABHD11	0	ENCSR056HPM	1989	0.0	0.0			True
chr7	74269902	74270402	BAZ1B	0	ENCSR056HPM	1989	0.0	0.0			True
chr7	74269902	74270402	BCL7B	0	ENCSR056HPM	1989	0.0	0.0			True
chr7	74269902	74270402	EIF4H	0	ENCSR056HPM	1989	0.0	0.0			True
chr7	74269902	74270402	NSUN5	0	ENCSR056HPM	1989	0.0	0.0			True
chr7	74270945	74271445	NSUN5	0	ENCSR056HPM	1989	0.0	0.0			True
chr7	74271707	74272207	ABHD11	0	ENCSR056HPM	1989	0.0	0.0			True
chr7	74271707	74272207	BCL7B	0	ENCSR056HPM	1989	0.0	0.0			True
chr7	74271707	74272207	EIF4H	0	ENCSR056HPM	1989	0.0	0.0			True
chr7	74272311	74273025	BAZ1B	0	ENCSR056HPM	1989	0.0	0.0			True
chr7	74279558	74280058	BAZ1B	0	ENCSR056HPM	1989	0.0	0.0			True
chr7	74279558	74280058	NSUN5	0	ENCSR056HPM	1989	0.0	0.0			True
chr7	75740887	75741989	HSPB1	0	ENCSR056HPM	1989	0.0	0.0			True
chr7	75740887	75741989	MDH2	0	ENCSR056HPM	1989	0.0	0.0			True
chr7	75795827	75796327	HSPB1	0	ENCSR056HPM	1989	0.0	0.0			True
chr7	75795827	75796327	MDH2	0	ENCSR056HPM	1989	0.0	0.0			True
chr7	75795827	75796327	YWHAG	0	ENCSR056HPM	1989	0.0	0.0			True
chr7	75798708	75799208	HSPB1	0	ENCSR056HPM	1989	0.0	0.0			True
chr7	75798708	75799208	MDH2	0	ENCSR056HPM	1989	0.0	0.0			True
chr7	76166154	76166877	HSPB1	0	ENCSR056HPM	1989	0.0	0.0			True
chr7	76364052	76364552	MDH2	0	ENCSR056HPM	1989	0.0	0.0			True
chr7	76364052	76364552	YWHAG	0	ENCSR056HPM	1989	2.616079734317687	0.0006070588133297861	0.00023203904856927693	9.308107376098633	False
chr7	76372829	76373665	HSPB1	0	ENCSR056HPM	1989	0.0	0.0			True
chr7	76372829	76373665	MDH2	0	ENCSR056HPM	1989	0.0	0.0			True
chr7	76372829	76373665	YWHAG	0	ENCSR056HPM	1989	1.0843360350992468	0.0002516191452741623	0.00023203904856927693	9.308107376098633	False
chr7	76383060	76383560	HSPB1	0	ENCSR056HPM	1989	0.0	0.0			True
chr7	93004809	93005438	BET1	0	ENCSR056HPM	1989	0.0	0.0			True
chr7	93004809	93005438	FAM133B	0	ENCSR056HPM	1989	0.0	0.0			True
chr7	93004809	93005438	GATAD1	0	ENCSR056HPM	1989	0.0	0.0			True
chr7	97198531	97199031	SEM1	0	ENCSR056HPM	1989	0.0	0.0			True
chr7	97450426	97451034	ASNS	0	ENCSR056HPM	1989	0.0	0.0			True
chr7	97450426	97451034	BRI3	0	ENCSR056HPM	1989	0.0	0.0			True
chr7	97450426	97451034	SEM1	0	ENCSR056HPM	1989	0.0	0.0			True
chr7	97512747	97513247	SEM1	0	ENCSR056HPM	1989	0.0	0.0			True
chr7	97835406	97835906	BRI3	0	ENCSR056HPM	1989	0.0	0.0			True
chr7	98418800	98419300	ARPC1A	0	ENCSR056HPM	1989	0.0	0.0			True
chr7	98418800	98419300	PDAP1	0	ENCSR056HPM	1989	0.0	0.0			True
chr7	99806671	99807583	ARPC1B	0	ENCSR056HPM	1989	0.0	0.0			True
chr7	99806671	99807583	ATP5MF	0	ENCSR056HPM	1989	0.0	0.0			True
chr7	99806671	99807583	BUD31	0	ENCSR056HPM	1989	0.0	0.0			True
chr7	99806671	99807583	COPS6	0	ENCSR056HPM	1989	0.0	0.0			True
chr7	99806671	99807583	GNB2	0	ENCSR056HPM	1989	0.0	0.0			True
chr7	99806671	99807583	LAMTOR4	0	ENCSR056HPM	1989	0.0	0.0			True
chr7	99806671	99807583	PDAP1	0	ENCSR056HPM	1989	0.0	0.0			True
chr7	100444358	100445290	ATP5MF	0	ENCSR056HPM	1989	0.0	0.0			True
chr7	100444358	100445290	COPS6	0	ENCSR056HPM	1989	0.0	0.0			True
chr7	100444358	100445290	FIS1	0	ENCSR056HPM	1989	0.0	0.0			True
chr7	100444358	100445290	TRIP6	0	ENCSR056HPM	1989	0.0	0.0			True
chr7	100444358	100445290	ZNHIT1	0	ENCSR056HPM	1989	0.0	0.0			True
chr7	100450352	100451131	ATP5MF	0	ENCSR056HPM	1989	0.0	0.0			True
chr7	100450352	100451131	COPS6	0	ENCSR056HPM	1989	0.0	0.0			True
chr7	100450352	100451131	FIS1	0	ENCSR056HPM	1989	0.0	0.0			True
chr7	100450352	100451131	LAMTOR4	0	ENCSR056HPM	1989	0.0	0.0			True
chr7	100450352	100451131	ZNHIT1	0	ENCSR056HPM	1989	0.0	0.0			True
chr7	100532582	100533082	AP1S1	0	ENCSR056HPM	1989	0.0	0.0			True
chr7	100532582	100533082	FIS1	0	ENCSR056HPM	1989	0.0	0.0			True
chr7	100532582	100533082	TAF6	0	ENCSR056HPM	1989	0.0	0.0			True
chr7	100533195	100533695	FIS1	0	ENCSR056HPM	1989	0.0	0.0			True
chr7	100533195	100533695	GNB2	0	ENCSR056HPM	1989	0.0	0.0			True
chr7	100533195	100533695	LAMTOR4	0	ENCSR056HPM	1989	0.0	0.0			True
chr7	100533195	100533695	MCM7	0	ENCSR056HPM	1989	0.0	0.0			True
chr7	100533195	100533695	MOSPD3	0	ENCSR056HPM	1989	0.0	0.0			True
chr7	100533195	100533695	TAF6	0	ENCSR056HPM	1989	0.0	0.0			True
chr7	100533195	100533695	ZNF655	0	ENCSR056HPM	1989	0.0	0.0			True
chr7	101100068	101100568	FIS1	0	ENCSR056HPM	1989	0.0	0.0			True
chr7	101100068	101100568	GNB2	0	ENCSR056HPM	1989	0.0	0.0			True
chr7	101100068	101100568	LAMTOR4	0	ENCSR056HPM	1989	0.0	0.0			True
chr7	101100068	101100568	POP7	0	ENCSR056HPM	1989	0.0	0.0			True
chr7	101100068	101100568	TFR2	0	ENCSR056HPM	1989	0.0	0.0			True
chr7	101100068	101100568	TRIP6	0	ENCSR056HPM	1989	0.0	0.0			True
chr7	101100068	101100568	ZNHIT1	0	ENCSR056HPM	1989	0.0	0.0			True
chr7	101182351	101182851	GNB2	0	ENCSR056HPM	1989	0.0	0.0			True
chr7	101729240	101729740	POLR2J	0	ENCSR056HPM	1989	0.0	0.0			True
chr7	101733760	101734448	AP1S1	0	ENCSR056HPM	1989	0.0	0.0			True
chr7	101733760	101734448	CUX1	0	ENCSR056HPM	1989	0.0	0.0			True
chr7	101733760	101734448	POLR2J	0	ENCSR056HPM	1989	0.0	0.0			True
chr7	101733760	101734448	ZNHIT1	0	ENCSR056HPM	1989	0.0	0.0			True
chr7	101813922	101814422	AP1S1	0	ENCSR056HPM	1989	0.0	0.0			True
chr7	101813922	101814422	FIS1	0	ENCSR056HPM	1989	0.0	0.0			True
chr7	101813922	101814422	POLR2J	0	ENCSR056HPM	1989	0.0	0.0			True
chr7	101813922	101814422	TRIP6	0	ENCSR056HPM	1989	0.0	0.0			True
chr7	101813922	101814422	ZNHIT1	0	ENCSR056HPM	1989	0.0	0.0			True
chr7	103995900	103996555	RELN	1	ENCSR056HPM	1989	2.3648245514293076	0.002884748624637723	0.0012198473559692502	8.374820709228516	False
chr7	106071996	106072713	PRKAR2B	0	ENCSR056HPM	1989	0.0	0.0			True
chr7	106346553	106347053	PRKAR2B	0	ENCSR056HPM	1989	0.0	0.0			True
chr7	106358104	106358760	PRKAR2B	0	ENCSR056HPM	1989	0.0	0.0			True
chr7	106358104	106358760	SYPL1	0	ENCSR056HPM	1989	0.0	0.0			True
chr7	106848732	106849491	BCAP29	0	ENCSR056HPM	1989	0.0	0.0			True
chr7	106863474	106863974	SYPL1	0	ENCSR056HPM	1989	0.0	0.0			True
chr7	106952556	106953238	DLD	0	ENCSR056HPM	1989	0.0	0.0			True
chr7	106952556	106953238	SYPL1	0	ENCSR056HPM	1989	0.0	0.0			True
chr7	106978516	106979016	BCAP29	0	ENCSR056HPM	1989	0.0	0.0			True
chr7	106978516	106979016	PRKAR2B	1	ENCSR056HPM	1989	0.0	0.0			True
chr7	106979031	106979531	PRKAR2B	1	ENCSR056HPM	1989	0.0	0.0			True
chr7	106979629	106980464	BCAP29	0	ENCSR056HPM	1989	0.0	0.0			True
chr7	106979629	106980464	NAMPT	0	ENCSR056HPM	1989	0.0	0.0			True
chr7	107007135	107008276	BCAP29	0	ENCSR056HPM	1989	0.0	0.0			True
chr7	107007135	107008276	DLD	0	ENCSR056HPM	1989	0.0	0.0			True
chr7	107007135	107008276	SYPL1	0	ENCSR056HPM	1989	0.0	0.0			True
chr7	107010101	107011094	BCAP29	0	ENCSR056HPM	1989	0.0	0.0			True
chr7	107010101	107011094	DLD	0	ENCSR056HPM	1989	0.0	0.0			True
chr7	107010101	107011094	PRKAR2B	1	ENCSR056HPM	1989	0.0	0.0			True
chr7	107010101	107011094	SYPL1	0	ENCSR056HPM	1989	0.0	0.0			True
chr7	107017935	107018794	SYPL1	0	ENCSR056HPM	1989	0.0	0.0			True
chr7	116948875	116949375	CAPZA2	0	ENCSR056HPM	1989	0.0	0.0			True
chr7	128099199	128099699	ARF5	0	ENCSR056HPM	1989	0.0	0.0			True
chr7	128204367	128204867	ATP6V1F	0	ENCSR056HPM	1989	0.0	0.0			True
chr7	128236849	128237547	ARF5	0	ENCSR056HPM	1989	0.0	0.0			True
chr7	129559467	129559967	ATP6V1F	0	ENCSR056HPM	1989	0.0	0.0			True
chr7	129559467	129559967	CALU	0	ENCSR056HPM	1989	0.0	0.0			True
chr7	135517043	135517543	STMP1	0	ENCSR056HPM	1989	0.0	0.0			True
chr7	135518936	135519707	MTPN	0	ENCSR056HPM	1989	0.0	0.0			True
chr7	135923613	135924113	CYREN	0	ENCSR056HPM	1989	0.0	0.0			True
chr7	135923613	135924113	STMP1	0	ENCSR056HPM	1989	0.0	0.0			True
chr7	140223523	140224257	MRPS33	0	ENCSR056HPM	1989	0.0	0.0			True
chr7	140235089	140235878	NDUFB2	0	ENCSR056HPM	1989	0.0	0.0			True
chr7	140245668	140246350	MRPS33	0	ENCSR056HPM	1989	0.0	0.0			True
chr7	140245668	140246350	NDUFB2	0	ENCSR056HPM	1989	0.0	0.0			True
chr7	140506695	140507195	NDUFB2	0	ENCSR056HPM	1989	0.0	0.0			True
chr7	140507907	140508876	NDUFB2	1	ENCSR056HPM	1989	0.0	0.0			True
chr7	142804577	142805077	GSTK1	0	ENCSR056HPM	1989	0.0	0.0			True
chr7	142964196	142964902	GSTK1	0	ENCSR056HPM	1989	0.0	0.0			True
chr7	142964196	142964902	KEL	1	ENCSR056HPM	1989	2.200738955795784	0.001914096879772842	0.0008697418961673975	8.394128799438477	False
chr7	151925543	151926218	ABCF2	0	ENCSR056HPM	1989	0.0	0.0			True
chr7	151925543	151926218	RHEB	0	ENCSR056HPM	1989	0.0	0.0			True
chr7	151925543	151926218	TMUB1	0	ENCSR056HPM	1989	0.0	0.0			True
chr7	155969452	155969952	INSIG1	0	ENCSR056HPM	1989	0.0	0.0			True
chr8	18122637	18123137	CNOT7	0	ENCSR056HPM	1989	0.0	0.0			True
chr8	29272797	29273297	SARAF	0	ENCSR056HPM	1989	0.0	0.0			True
chr8	29289031	29289950	LEPROTL1	0	ENCSR056HPM	1989	0.0	0.0			True
chr8	30912766	30913266	TEX15	1	ENCSR056HPM	1989	3.737669607976676	0.0002407612046226859	6.440479046432301e-05	7.2849602699279785	False
chr8	37905486	37906274	LSM1	0	ENCSR056HPM	1989	0.0	0.0			True
chr8	38080963	38083035	NSD3	0	ENCSR056HPM	1989	0.0	0.0			True
chr8	38080963	38083035	RAB11FIP1	0	ENCSR056HPM	1989	0.0	0.0			True
chr8	38080963	38083035	TM2D2	0	ENCSR056HPM	1989	0.0	0.0			True
chr8	38090386	38090886	LSM1	0	ENCSR056HPM	1989	0.0	0.0			True
chr8	38091598	38092967	EIF4EBP1	0	ENCSR056HPM	1989	0.0	0.0			True
chr8	38091598	38092967	NSD3	0	ENCSR056HPM	1989	0.0	0.0			True
chr8	42214682	42215594	ANK1	0	ENCSR056HPM	1989	0.0	0.0			True
chr8	42214682	42215594	SMIM19	0	ENCSR056HPM	1989	0.0	0.0			True
chr8	42214682	42215594	VDAC3	0	ENCSR056HPM	1989	0.0	0.0			True
chr8	42412266	42413219	ANK1	0	ENCSR056HPM	1989	0.0	0.0			True
chr8	53492443	53492943	LYPLA1	0	ENCSR056HPM	1989	0.0	0.0			True
chr8	55847774	55848651	RPS20	0	ENCSR056HPM	1989	0.0	0.0			True
chr8	55851611	55852111	RPS20	0	ENCSR056HPM	1989	0.0	0.0			True
chr8	55853158	55854232	CHCHD7	0	ENCSR056HPM	1989	0.0	0.0			True
chr8	55853158	55854232	LYN	1	ENCSR056HPM	1989	0.4958121025452343	0.00044342008186504245	0.0008943208958953619	8.574458122253418	False
chr8	55853158	55854232	RPS20	0	ENCSR056HPM	1989	0.0	0.0			True
chr8	55853158	55854232	TGS1	0	ENCSR056HPM	1989	0.0	0.0			True
chr8	55864354	55864854	RPS20	0	ENCSR056HPM	1989	0.0	0.0			True
chr8	90197307	90197807	LINC00534	1	ENCSR056HPM	1989	2.0924456603363883	2.067798050120473e-06	9.782206689123996e-07	7.259019374847412	False
chr8	97325467	97326291	RPL30	0	ENCSR056HPM	1989	0.0	0.0			True
chr8	100458544	100459044	COX6C	0	ENCSR056HPM	1989	0.0	0.0			True
chr8	100458544	100459044	PABPC1	0	ENCSR056HPM	1989	0.0	0.0			True
chr8	100458544	100459044	POLR2K	0	ENCSR056HPM	1989	0.0	0.0			True
chr8	100458544	100459044	YWHAZ	0	ENCSR056HPM	1989	0.0	0.0			True
chr8	100471784	100472673	COX6C	0	ENCSR056HPM	1989	0.0	0.0			True
chr8	100471784	100472673	PABPC1	0	ENCSR056HPM	1989	0.0	0.0			True
chr8	100471784	100472673	ZNF706	0	ENCSR056HPM	1989	0.0	0.0			True
chr8	100763825	100764325	COX6C	0	ENCSR056HPM	1989	0.0	0.0			True
chr8	100763825	100764325	POLR2K	0	ENCSR056HPM	1989	0.0	0.0			True
chr8	100763825	100764325	YWHAZ	0	ENCSR056HPM	1989	0.0	0.0			True
chr8	100881928	100882428	COX6C	0	ENCSR056HPM	1989	0.0	0.0			True
chr8	100881928	100882428	PABPC1	0	ENCSR056HPM	1989	0.0	0.0			True
chr8	100881928	100882428	ZNF706	0	ENCSR056HPM	1989	0.0	0.0			True
chr8	100882744	100883244	COX6C	0	ENCSR056HPM	1989	0.0	0.0			True
chr8	100882744	100883244	PABPC1	0	ENCSR056HPM	1989	0.0	0.0			True
chr8	100882744	100883244	POLR2K	0	ENCSR056HPM	1989	0.0	0.0			True
chr8	100883807	100884307	COX6C	0	ENCSR056HPM	1989	0.0	0.0			True
chr8	100883807	100884307	PABPC1	0	ENCSR056HPM	1989	0.0	0.0			True
chr8	100981205	100981705	PABPC1	0	ENCSR056HPM	1989	0.0	0.0			True
chr8	100981205	100981705	POLR2K	0	ENCSR056HPM	1989	0.0	0.0			True
chr8	100981205	100981705	ZNF706	0	ENCSR056HPM	1989	0.0	0.0			True
chr8	100985597	100987014	PABPC1	0	ENCSR056HPM	1989	0.0	0.0			True
chr8	101003283	101004023	POLR2K	0	ENCSR056HPM	1989	0.0	0.0			True
chr8	101048662	101049162	PABPC1	0	ENCSR056HPM	1989	0.0	0.0			True
chr8	101048662	101049162	ZNF706	0	ENCSR056HPM	1989	0.0	0.0			True
chr8	101149542	101150350	PABPC1	0	ENCSR056HPM	1989	0.0	0.0			True
chr8	101154626	101155379	PABPC1	0	ENCSR056HPM	1989	0.0	0.0			True
chr8	101157542	101158042	PABPC1	0	ENCSR056HPM	1989	0.0	0.0			True
chr8	101373927	101374427	PABPC1	0	ENCSR056HPM	1989	0.0	0.0			True
chr8	101375978	101376478	PABPC1	0	ENCSR056HPM	1989	0.0	0.0			True
chr8	102590328	102591780	DCAF13	0	ENCSR056HPM	1989	0.0	0.0			True
chr8	102742664	102743164	ATP6V1C1	0	ENCSR056HPM	1989	0.0	0.0			True
chr8	102742664	102743164	AZIN1	0	ENCSR056HPM	1989	0.0	0.0			True
chr8	102742664	102743164	UBR5	0	ENCSR056HPM	1989	0.0	0.0			True
chr8	109065701	109066201	EIF3E	0	ENCSR056HPM	1989	0.0	0.0			True
chr8	124735622	124736340	NDUFB9	0	ENCSR056HPM	1989	0.0	0.0			True
chr8	124735622	124736340	NSMCE2	0	ENCSR056HPM	1989	0.0	0.0			True
chr8	124735622	124736340	SQLE	0	ENCSR056HPM	1989	0.0	0.0			True
chr8	124749115	124749615	TATDN1	0	ENCSR056HPM	1989	0.0	0.0			True
chr8	125382571	125383071	SQLE	0	ENCSR056HPM	1989	0.0	0.0			True
chr8	129689337	129689837	CCDC26	1	ENCSR056HPM	1989	1.0877753991860384	6.208384002093226e-05	5.706413503503427e-05	7.2712626457214355	False
chr8	130041890	130043224	CYRIB	0	ENCSR056HPM	1989	0.968673897170255	0.0005408481229096651	0.0005583286983892322	8.051034927368164	False
chr8	130671975	130672475	CYRIB	0	ENCSR056HPM	1989	0.0	0.0			True
chr8	140645744	140646244	CHRAC1	0	ENCSR056HPM	1989	0.0	0.0			True
chr8	142961124	142961993	EEF1D	0	ENCSR056HPM	1989	0.0	0.0			True
chr8	142961124	142961993	LY6E	1	ENCSR056HPM	1989	0.0	0.0			True
chr8	143899414	143900243	EXOSC4	0	ENCSR056HPM	1989	0.0	0.0			True
chr8	144691318	144692059	HSF1	0	ENCSR056HPM	1989	0.0	0.0			True
chr9	19154016	19154622	RPS6	0	ENCSR056HPM	1989	0.0	0.0			True
chr9	31847896	31849207	NDUFB6	0	ENCSR056HPM	1989	0.0	0.0			True
chr9	33619498	33620355	DNAJA1	0	ENCSR056HPM	1989	0.0	0.0			True
chr9	34158272	34158772	STOML2	0	ENCSR056HPM	1989	0.0	0.0			True
chr9	38170822	38171709	EXOSC3	0	ENCSR056HPM	1989	0.0	0.0			True
chr9	68699077	68699577	FXN	0	ENCSR056HPM	1989	0.0	0.0			True
chr9	69812082	69812711	FXN	0	ENCSR056HPM	1989	0.0	0.0			True
chr9	73143858	73144497	ANXA1	1	ENCSR056HPM	1989	2.0181376841192726	0.00048428939771838486	0.00023995846277102828	8.26972770690918	False
chr9	73148376	73149938	ANXA1	1	ENCSR056HPM	1989	1.6952374884424761	0.0004068035341333598	0.00023995846277102828	8.26972770690918	False
chr9	97084470	97084970	ANP32B	0	ENCSR056HPM	1989	0.0	0.0			True
chr9	97954513	97955013	NANS	0	ENCSR056HPM	1989	0.0	0.0			True
chr9	97960769	97961269	HEMGN	1	ENCSR056HPM	1989	2.6250637286278518	1.9579503714339808e-05	7.448677479260368e-06	7.260873794555664	False
chr9	97960769	97961269	NANS	0	ENCSR056HPM	1989	0.0	0.0			True
chr9	97966421	97966921	ANP32B	0	ENCSR056HPM	1989	0.17087327938882682	7.960209040902555e-05	0.00046584452502429485	9.419719696044922	False
chr9	98045050	98045798	HEMGN	0	ENCSR056HPM	1989	0.0	0.0			True
chr9	98886684	98887298	ANP32B	0	ENCSR056HPM	1989	0.0	0.0			True
chr9	98886684	98887298	SEC61B	0	ENCSR056HPM	1989	0.0	0.0			True
chr9	98931498	98932465	ANP32B	0	ENCSR056HPM	1989	0.0	0.0			True
chr9	98931498	98932465	HEMGN	0	ENCSR056HPM	1989	0.0	0.0			True
chr9	98931498	98932465	NANS	0	ENCSR056HPM	1989	0.0	0.0			True
chr9	98931498	98932465	SEC61B	0	ENCSR056HPM	1989	0.0	0.0			True
chr9	99074014	99074637	SEC61B	0	ENCSR056HPM	1989	0.0	0.0			True
chr9	99075179	99075797	SEC61B	0	ENCSR056HPM	1989	0.0	0.0			True
chr9	99075179	99075797	TGFBR1	1	ENCSR056HPM	1989	1.0919762939245963	5.1792394515359774e-05	4.741996235679835e-05	7.279229164123535	False
chr9	108015438	108016101	RAD23B	0	ENCSR056HPM	1989	0.0	0.0			True
chr9	121550415	121550915	NDUFA8	0	ENCSR056HPM	1989	0.0	0.0			True
chr9	124144728	124145228	RPL35	0	ENCSR056HPM	1989	0.0	0.0			True
chr9	124202340	124202840	RPL35	0	ENCSR056HPM	1989	0.0	0.0			True
chr9	125409425	125409925	PSMB7	0	ENCSR056HPM	1989	0.0	0.0			True
chr9	125409425	125409925	RPL35	0	ENCSR056HPM	1989	0.0	0.0			True
chr9	127422121	127422621	BBLN	0	ENCSR056HPM	1989	0.0	0.0			True
chr9	127422121	127422621	COQ4	0	ENCSR056HPM	1989	0.0	0.0			True
chr9	127422121	127422621	RPL12	0	ENCSR056HPM	1989	0.10683602747139212	3.157056198688224e-05	0.0002954948286060244	9.743870735168457	False
chr9	127862350	127863418	RPL12	0	ENCSR056HPM	1989	0.0	0.0			True
chr9	127862350	127863418	SET	0	ENCSR056HPM	1989	0.0	0.0			True
chr9	128001146	128002179	BBLN	0	ENCSR056HPM	1989	0.0	0.0			True
chr9	128001146	128002179	COQ4	0	ENCSR056HPM	1989	0.0	0.0			True
chr9	128001146	128002179	RPL12	0	ENCSR056HPM	1989	0.0	0.0			True
chr9	128001146	128002179	SET	0	ENCSR056HPM	1989	0.0	0.0			True
chr9	128296243	128297250	BBLN	0	ENCSR056HPM	1989	0.0	0.0			True
chr9	128296243	128297250	RPL12	0	ENCSR056HPM	1989	0.0	0.0			True
chr9	128296243	128297250	SET	0	ENCSR056HPM	1989	0.0	0.0			True
chr9	128783424	128784190	BBLN	0	ENCSR056HPM	1989	0.0	0.0			True
chr9	129033196	129033696	BBLN	0	ENCSR056HPM	1989	0.0	0.0			True
chr9	129033196	129033696	C9orf78	0	ENCSR056HPM	1989	0.0	0.0			True
chr9	129033196	129033696	COQ4	0	ENCSR056HPM	1989	0.0	0.0			True
chr9	129167815	129168490	SET	0	ENCSR056HPM	1989	0.0	0.0			True
chr9	129167815	129168490	ZDHHC12	0	ENCSR056HPM	1989	0.0	0.0			True
chr9	129406309	129406809	ENDOG	0	ENCSR056HPM	1989	0.0	0.0			True
chr9	129407173	129407673	C9orf78	0	ENCSR056HPM	1989	0.0	0.0			True
chr9	129412041	129412541	C9orf78	0	ENCSR056HPM	1989	0.0	0.0			True
chr9	129412041	129412541	SET	0	ENCSR056HPM	1989	0.0	0.0			True
chr9	130536499	130536999	C9orf78	0	ENCSR056HPM	1989	0.0	0.0			True
chr9	130549023	130549523	C9orf78	0	ENCSR056HPM	1989	0.0	0.0			True
chr9	130576129	130576629	C9orf78	0	ENCSR056HPM	1989	0.0	0.0			True
chr9	132999160	132999660	RPL7A	0	ENCSR056HPM	1989	0.0	0.0			True
chr9	133002831	133003331	RPL7A	0	ENCSR056HPM	1989	0.0	0.0			True
chr9	133002831	133003331	SURF1	0	ENCSR056HPM	1989	0.0	0.0			True
chr9	133004122	133004622	GFI1B	1	ENCSR056HPM	1989	0.0	0.0			True
chr9	133022123	133022779	RPL7A	0	ENCSR056HPM	1989	0.0	0.0			True
chr9	133027060	133027560	RPL7A	0	ENCSR056HPM	1989	0.0	0.0			True
chr9	133283070	133284222	GTF3C5	0	ENCSR056HPM	1989	0.0	0.0			True
chr9	133283070	133284222	RPL7A	0	ENCSR056HPM	1989	0.0	0.0			True
chr9	135421288	135421788	UBAC1	0	ENCSR056HPM	1989	0.0	0.0			True
chr9	135440397	135442035	UBAC1	0	ENCSR056HPM	1989	0.0	0.0			True
chr9	136143227	136143727	DPP7	0	ENCSR056HPM	1989	0.0	0.0			True
chr9	136143227	136143727	EDF1	0	ENCSR056HPM	1989	0.0	0.0			True
chr9	136644315	136645244	PAXX	0	ENCSR056HPM	1989	0.0	0.0			True
chr9	136784146	136784646	DPP7	0	ENCSR056HPM	1989	0.0	0.0			True
chr9	136784146	136784646	EDF1	0	ENCSR056HPM	1989	0.0	0.0			True
chr9	136784146	136784646	MRPL41	0	ENCSR056HPM	1989	0.0	0.0			True
chr9	136787564	136788172	MRPL41	0	ENCSR056HPM	1989	0.0	0.0			True
chrX	12946730	12947650	OFD1	0	ENCSR056HPM	1989	0.0	0.0			True
chrX	12950092	12950592	TMSB4X	1	ENCSR056HPM	1989	0.7811016612827023	0.000306061003357172	0.0003918224829249084	9.172945022583008	False
chrX	13059633	13060133	TMSB4X	0	ENCSR056HPM	1989	0.0	0.0			True
chrX	13101663	13102163	OFD1	0	ENCSR056HPM	1989	0.0	0.0			True
chrX	15947613	15948113	SYAP1	0	ENCSR056HPM	1989	0.0	0.0			True
chrX	15977582	15978082	SYAP1	0	ENCSR056HPM	1989	0.0	0.0			True
chrX	16930443	16930943	SYAP1	0	ENCSR056HPM	1989	0.0	0.0			True
chrX	24230930	24231576	PRDX4	0	ENCSR056HPM	1989	0.0	0.0			True
chrX	39857688	39858188	ATP6AP2	0	ENCSR056HPM	1989	0.0	0.0			True
chrX	40543822	40544759	DDX3X	0	ENCSR056HPM	1989	0.0	0.0			True
chrX	47128957	47129747	TIMP1	0	ENCSR056HPM	1989	0.0	0.0			True
chrX	47540847	47541593	NDUFB11	0	ENCSR056HPM	1989	0.0	0.0			True
chrX	47661953	47662656	EBP	0	ENCSR056HPM	1989	0.0	0.0			True
chrX	47661953	47662656	NDUFB11	0	ENCSR056HPM	1989	0.0	0.0			True
chrX	47661953	47662656	RBM3	0	ENCSR056HPM	1989	0.0	0.0			True
chrX	47661953	47662656	UXT	1	ENCSR056HPM	1989	2.1423498566743246	0.001169681898318231	0.0005459708045236766	8.75677490234375	False
chrX	47661953	47662656	WDR13	0	ENCSR056HPM	1989	0.0	0.0			True
chrX	47664700	47665200	CDK16	0	ENCSR056HPM	1989	0.0	0.0			True
chrX	47664700	47665200	NDUFB11	0	ENCSR056HPM	1989	0.0	0.0			True
chrX	47664700	47665200	RBM3	0	ENCSR056HPM	1989	0.0	0.0			True
chrX	47664700	47665200	SLC38A5	0	ENCSR056HPM	1989	0.0	0.0			True
chrX	47664700	47665200	TIMP1	0	ENCSR056HPM	1989	0.0	0.0			True
chrX	47664700	47665200	UBA1	0	ENCSR056HPM	1989	0.0	0.0			True
chrX	47664700	47665200	UXT	0	ENCSR056HPM	1989	0.7805735721255923	0.00042617818689905107	0.0005459708045236766	8.75677490234375	False
chrX	47675867	47676955	NDUFB11	0	ENCSR056HPM	1989	0.0	0.0			True
chrX	47675867	47676955	TIMP1	0	ENCSR056HPM	1989	0.0	0.0			True
chrX	47675867	47676955	UXT	0	ENCSR056HPM	1989	0.542812770748177	0.00029636535327881575	0.0005459708045236766	8.75677490234375	False
chrX	47683160	47684279	NDUFB11	0	ENCSR056HPM	1989	0.0	0.0			True
chrX	47817382	47817882	NDUFB11	0	ENCSR056HPM	1989	0.0	0.0			True
chrX	47817382	47817882	RBM3	0	ENCSR056HPM	1989	0.0	0.0			True
chrX	48531561	48532505	TIMM17B	0	ENCSR056HPM	1989	0.0	0.0			True
chrX	48617462	48617962	GATA1	0	ENCSR056HPM	1989	0.0	0.0			True
chrX	48617462	48617962	TIMM17B	0	ENCSR056HPM	1989	0.0	0.0			True
chrX	48617462	48617962	UXT	0	ENCSR056HPM	1989	0.0	0.0			True
chrX	48631332	48631832	PLP2	0	ENCSR056HPM	1989	0.0	0.0			True
chrX	48631332	48631832	RBM3	0	ENCSR056HPM	1989	0.0	0.0			True
chrX	48782818	48783318	CCDC22	1	ENCSR056HPM	1989	0.0	0.0			True
chrX	48782818	48783318	EBP	0	ENCSR056HPM	1989	0.0	0.0			True
chrX	48782818	48783318	FTSJ1	1	ENCSR056HPM	1989	0.0	0.0			True
chrX	48782818	48783318	GATA1	1	ENCSR056HPM	1989	3.5024122980513788	0.0016661850968375802	0.0004757150018122047	8.322249412536621	False
chrX	48782818	48783318	RBM3	0	ENCSR056HPM	1989	0.0	0.0			True
chrX	48782818	48783318	TIMM17B	0	ENCSR056HPM	1989	0.0	0.0			True
chrX	48782818	48783318	WDR13	0	ENCSR056HPM	1989	0.0	0.0			True
chrX	48867737	48868384	GATA1	0	ENCSR056HPM	1989	0.0	0.0			True
chrX	48867737	48868384	RBM3	0	ENCSR056HPM	1989	0.0	0.0			True
chrX	49148423	49149126	TIMM17B	0	ENCSR056HPM	1989	0.0	0.0			True
chrX	49868702	49869202	TIMM17B	0	ENCSR056HPM	1989	0.0	0.0			True
chrX	53831836	53832336	HSD17B10	0	ENCSR056HPM	1989	0.0	0.0			True
chrX	65874748	65876044	MSN	0	ENCSR056HPM	1989	0.0	0.0			True
chrX	65998017	65998517	MSN	1	ENCSR056HPM	1989	0.0	0.0			True
chrX	66009193	66009693	MSN	1	ENCSR056HPM	1989	0.0	0.0			True
chrX	68584140	68584640	YIPF6	0	ENCSR056HPM	1989	0.0	0.0			True
chrX	70969587	70970304	PDZD11	0	ENCSR056HPM	1989	0.0	0.0			True
chrX	71178866	71179366	NONO	0	ENCSR056HPM	1989	0.0	0.0			True
chrX	103124215	103124794	MORF4L2	0	ENCSR056HPM	1989	0.0	0.0			True
chrX	104343633	104344133	MORF4L2	0	ENCSR056HPM	1989	0.0	0.0			True
chrX	118948190	118948690	NDUFA1	0	ENCSR056HPM	1989	0.0	0.0			True
chrX	118948190	118948690	RPL39	0	ENCSR056HPM	1989	0.0	0.0			True
chrX	118948190	118948690	SEPTIN6	0	ENCSR056HPM	1989	0.0	0.0			True
chrX	118948190	118948690	SLC25A5	0	ENCSR056HPM	1989	0.0	0.0			True
chrX	120329087	120329587	RPL39	0	ENCSR056HPM	1989	0.0	0.0			True
chrX	120329087	120329587	SLC25A5	0	ENCSR056HPM	1989	0.0	0.0			True
chrX	120485303	120486551	RPL39	0	ENCSR056HPM	1989	0.0	0.0			True
chrX	121084841	121085661	MCTS1	0	ENCSR056HPM	1989	0.0	0.0			True
chrX	121191607	121192262	MCTS1	0	ENCSR056HPM	1989	0.0	0.0			True
chrX	121356072	121356958	MCTS1	0	ENCSR056HPM	1989	0.0	0.0			True
chrX	130594309	130595007	AIFM1	0	ENCSR056HPM	1989	0.0	0.0			True
chrX	130594309	130595007	UTP14A	0	ENCSR056HPM	1989	0.0	0.0			True
chrX	134981877	134982377	SMIM10	1	ENCSR056HPM	1989	2.097795421287239	0.0018489084905013442	0.0008813478634692729	9.288097381591797	False
chrX	136884138	136884781	HTATSF1	0	ENCSR056HPM	1989	0.0	0.0			True
chrX	136896491	136897194	HTATSF1	0	ENCSR056HPM	1989	0.0	0.0			True
chrX	136896491	136897194	RBMX	0	ENCSR056HPM	1989	0.5561063713439163	9.349222091259435e-05	0.00016810931265354156	8.940876007080078	False
chrX	151098978	151099478	VMA21	0	ENCSR056HPM	1989	0.0	0.0			True
chrX	152907025	152907525	CSAG1	0	ENCSR056HPM	1989	0.0	0.0			True
chrX	152907025	152907525	MAGEA6	0	ENCSR056HPM	1989	0.0	0.0			True
chrX	152907025	152907525	SSR4	0	ENCSR056HPM	1989	0.0	0.0			True
chrX	153379883	153380477	RPL10	0	ENCSR056HPM	1989	0.0	0.0			True
chrX	153381872	153382617	MAGEA6	0	ENCSR056HPM	1989	0.0	0.0			True
chrX	153853336	153854332	EMD	0	ENCSR056HPM	1989	0.0	0.0			True
chrX	153853336	153854332	RPL10	0	ENCSR056HPM	1989	0.0	0.0			True
chrX	153985479	153985979	ABCD1	1	ENCSR056HPM	1989	0.0	0.0			True
chrX	153985479	153985979	IRAK1	1	ENCSR056HPM	1989	0.0	0.0			True
chrX	154001551	154002590	BCAP31	0	ENCSR056HPM	1989	0.0	0.0			True
chrX	154001551	154002590	MPP1	0	ENCSR056HPM	1989	0.0	0.0			True
chrX	154001551	154002590	NAA10	0	ENCSR056HPM	1989	0.0	0.0			True
chrX	154001551	154002590	RPL10	0	ENCSR056HPM	1989	0.0	0.0			True
chrX	154001551	154002590	SSR4	0	ENCSR056HPM	1989	0.0	0.0			True
chrX	154527069	154527569	FUNDC2	0	ENCSR056HPM	1989	0.0	0.0			True
chrX	154527069	154527569	MPP1	0	ENCSR056HPM	1989	0.0	0.0			True
chrX	154527069	154527569	NAA10	0	ENCSR056HPM	1989	0.0	0.0			True
chrX	154757158	154758121	NAA10	0	ENCSR056HPM	1989	0.0	0.0			True
chrX	154757158	154758121	RPL10	0	ENCSR056HPM	1989	0.0	0.0			True
chrX	155434755	155435408	DKC1	0	ENCSR056HPM	1989	0.0	0.0			True
chrX	155434755	155435408	UBL4A	0	ENCSR056HPM	1989	0.0	0.0			True
chrX	155434755	155435408	VAMP7	0	ENCSR056HPM	1989	0.0	0.0			True
chr11	220536	220704	CD151	0	ENCSR056HPM	1989	0.0	0.0			True
chr11	220536	220704	POLR2L	0	ENCSR056HPM	1989	0.0	0.0			True
chr11	220536	220704	PSMD13	0	ENCSR056HPM	1989	0.868127340722695	0.0003154098812956363	0.0003633121377788484	9.095335960388184	False
chr11	220536	220704	RNH1	0	ENCSR056HPM	1989	0.0	0.0			True
chr11	267072	267299	CD151	0	ENCSR056HPM	1989	0.0	0.0			True
chr11	267072	267299	POLR2L	0	ENCSR056HPM	1989	0.0	0.0			True
chr11	267072	267299	RPLP2	0	ENCSR056HPM	1989	0.0	0.0			True
chr11	269110	269851	CD151	0	ENCSR056HPM	1989	0.0	0.0			True
chr11	297498	298134	CD151	0	ENCSR056HPM	1989	0.0	0.0			True
chr11	297498	298134	HRAS	0	ENCSR056HPM	1989	0.0	0.0			True
chr11	297498	298134	IFITM1	0	ENCSR056HPM	1989	0.30590505119326056	1.6082280126283877e-05	5.256278382148594e-05	7.273890972137451	False
chr11	297498	298134	POLR2L	0	ENCSR056HPM	1989	0.0	0.0			True
chr11	316244	316608	CD151	0	ENCSR056HPM	1989	0.0	0.0			True
chr11	316244	316608	CHID1	0	ENCSR056HPM	1989	0.0	0.0			True
chr11	316244	316608	DEAF1	0	ENCSR056HPM	1989	0.0	0.0			True
chr11	316244	316608	HRAS	0	ENCSR056HPM	1989	0.0	0.0			True
chr11	316244	316608	PHRF1	0	ENCSR056HPM	1989	0.0	0.0			True
chr11	316244	316608	POLR2L	0	ENCSR056HPM	1989	0.0	0.0			True
chr11	316244	316608	PSMD13	0	ENCSR056HPM	1989	0.0	0.0			True
chr11	316244	316608	RNH1	0	ENCSR056HPM	1989	0.0	0.0			True
chr11	316244	316608	RPLP2	0	ENCSR056HPM	1989	0.0	0.0			True
chr11	329319	329921	CD151	0	ENCSR056HPM	1989	0.0	0.0			True
chr11	329319	329921	POLR2L	0	ENCSR056HPM	1989	0.0	0.0			True
chr11	329319	329921	PSMD13	0	ENCSR056HPM	1989	0.0	0.0			True
chr11	329319	329921	RNH1	0	ENCSR056HPM	1989	0.0	0.0			True
chr11	334196	334635	CD151	0	ENCSR056HPM	1989	0.0	0.0			True
chr11	334196	334635	IFITM1	1	ENCSR056HPM	1989	0.39176548926029414	2.0596202375600114e-05	5.256278382148594e-05	7.273890972137451	False
chr11	334196	334635	PSMD13	0	ENCSR056HPM	1989	0.0	0.0			True
chr11	334196	334635	RNH1	0	ENCSR056HPM	1989	0.0	0.0			True
chr11	335788	336158	CD151	0	ENCSR056HPM	1989	0.0	0.0			True
chr11	335788	336158	HRAS	0	ENCSR056HPM	1989	0.0	0.0			True
chr11	335788	336158	PKP3	0	ENCSR056HPM	1989	0.0	0.0			True
chr11	335788	336158	POLR2L	0	ENCSR056HPM	1989	0.0	0.0			True
chr11	335788	336158	PSMD13	0	ENCSR056HPM	1989	0.0	0.0			True
chr11	335788	336158	RNH1	0	ENCSR056HPM	1989	0.0	0.0			True
chr11	341585	341795	CD151	0	ENCSR056HPM	1989	0.0	0.0			True
chr11	341585	341795	PSMD13	0	ENCSR056HPM	1989	0.0	0.0			True
chr11	344951	345333	CD151	0	ENCSR056HPM	1989	0.0	0.0			True
chr11	344951	345333	POLR2L	0	ENCSR056HPM	1989	0.0	0.0			True
chr11	344951	345333	PSMD13	0	ENCSR056HPM	1989	0.0	0.0			True
chr11	344951	345333	RPLP2	0	ENCSR056HPM	1989	0.0	0.0			True
chr11	350704	351232	CD151	0	ENCSR056HPM	1989	0.0	0.0			True
chr11	350704	351232	CHID1	0	ENCSR056HPM	1989	0.0	0.0			True
chr11	350704	351232	DEAF1	0	ENCSR056HPM	1989	0.0	0.0			True
chr11	350704	351232	HRAS	0	ENCSR056HPM	1989	0.0	0.0			True
chr11	350704	351232	POLR2L	0	ENCSR056HPM	1989	0.0	0.0			True
chr11	350704	351232	RNH1	0	ENCSR056HPM	1989	0.0	0.0			True
chr11	350704	351232	TSPAN4	0	ENCSR056HPM	1989	0.0	0.0			True
chr11	353334	354301	CD151	0	ENCSR056HPM	1989	0.0	0.0			True
chr11	353334	354301	RNH1	0	ENCSR056HPM	1989	0.0	0.0			True
chr11	355350	355535	CD151	0	ENCSR056HPM	1989	0.0	0.0			True
chr11	355350	355535	CHID1	0	ENCSR056HPM	1989	0.0	0.0			True
chr11	355350	355535	DEAF1	0	ENCSR056HPM	1989	0.0	0.0			True
chr11	355350	355535	HRAS	0	ENCSR056HPM	1989	0.0	0.0			True
chr11	355350	355535	POLR2L	0	ENCSR056HPM	1989	0.0	0.0			True
chr11	355350	355535	TSPAN4	0	ENCSR056HPM	1989	0.0	0.0			True
chr11	356034	356520	CD151	0	ENCSR056HPM	1989	0.0	0.0			True
chr11	356034	356520	DEAF1	0	ENCSR056HPM	1989	0.0	0.0			True
chr11	356034	356520	HRAS	0	ENCSR056HPM	1989	0.0	0.0			True
chr11	356034	356520	POLR2L	0	ENCSR056HPM	1989	0.0	0.0			True
chr11	444368	444852	CD151	0	ENCSR056HPM	1989	0.0	0.0			True
chr11	444368	444852	IFITM1	0	ENCSR056HPM	1989	0.0	0.0			True
chr11	444368	444852	POLR2L	0	ENCSR056HPM	1989	0.0	0.0			True
chr11	459782	461114	CD151	0	ENCSR056HPM	1989	0.0	0.0			True
chr11	459782	461114	IFITM1	0	ENCSR056HPM	1989	0.0	0.0			True
chr11	459782	461114	POLR2L	0	ENCSR056HPM	1989	0.0	0.0			True
chr11	459782	461114	PSMD13	0	ENCSR056HPM	1989	0.0	0.0			True
chr11	459782	461114	RPLP2	0	ENCSR056HPM	1989	0.0	0.0			True
chr11	518540	519179	CD151	0	ENCSR056HPM	1989	0.0	0.0			True
chr11	518540	519179	CHID1	0	ENCSR056HPM	1989	0.0	0.0			True
chr11	518540	519179	DEAF1	0	ENCSR056HPM	1989	0.0	0.0			True
chr11	518540	519179	IFITM1	0	ENCSR056HPM	1989	0.0	0.0			True
chr11	518540	519179	POLR2L	0	ENCSR056HPM	1989	0.0	0.0			True
chr11	518540	519179	RPLP2	0	ENCSR056HPM	1989	0.0	0.0			True
chr11	551677	551880	BET1L	0	ENCSR056HPM	1989	0.0	0.0			True
chr11	551677	551880	CD151	0	ENCSR056HPM	1989	0.0	0.0			True
chr11	551677	551880	IFITM1	0	ENCSR056HPM	1989	0.0	0.0			True
chr11	551677	551880	POLR2L	0	ENCSR056HPM	1989	0.0	0.0			True
chr11	551677	551880	PSMD13	0	ENCSR056HPM	1989	0.0	0.0			True
chr11	551677	551880	RPLP2	0	ENCSR056HPM	1989	0.0	0.0			True
chr11	587844	588335	BET1L	0	ENCSR056HPM	1989	0.0	0.0			True
chr11	587844	588335	CD151	0	ENCSR056HPM	1989	0.0	0.0			True
chr11	587844	588335	POLR2L	0	ENCSR056HPM	1989	0.0	0.0			True
chr11	587844	588335	PSMD13	0	ENCSR056HPM	1989	0.0	0.0			True
chr11	587844	588335	RPLP2	0	ENCSR056HPM	1989	0.0	0.0			True
chr11	628527	628920	BET1L	0	ENCSR056HPM	1989	0.0	0.0			True
chr11	628527	628920	CD151	0	ENCSR056HPM	1989	0.0	0.0			True
chr11	628527	628920	IFITM1	0	ENCSR056HPM	1989	0.0	0.0			True
chr11	628527	628920	POLR2L	0	ENCSR056HPM	1989	0.0	0.0			True
chr11	628527	628920	RNH1	0	ENCSR056HPM	1989	0.0	0.0			True
chr11	628527	628920	RPLP2	0	ENCSR056HPM	1989	0.0	0.0			True
chr11	690928	691358	BET1L	0	ENCSR056HPM	1989	0.0	0.0			True
chr11	690928	691358	CD151	0	ENCSR056HPM	1989	0.0	0.0			True
chr11	690928	691358	IFITM1	0	ENCSR056HPM	1989	0.0	0.0			True
chr11	690928	691358	PKP3	0	ENCSR056HPM	1989	0.0	0.0			True
chr11	690928	691358	POLR2L	0	ENCSR056HPM	1989	0.0	0.0			True
chr11	690928	691358	PSMD13	0	ENCSR056HPM	1989	0.0	0.0			True
chr11	690928	691358	RPLP2	0	ENCSR056HPM	1989	0.0	0.0			True
chr11	741566	741825	BET1L	0	ENCSR056HPM	1989	0.0	0.0			True
chr11	741566	741825	CD151	0	ENCSR056HPM	1989	0.0	0.0			True
chr11	741566	741825	POLR2L	0	ENCSR056HPM	1989	0.0	0.0			True
chr11	741566	741825	PSMD13	0	ENCSR056HPM	1989	0.0	0.0			True
chr11	741566	741825	RNH1	0	ENCSR056HPM	1989	0.0	0.0			True
chr11	745450	745658	CD151	0	ENCSR056HPM	1989	0.0	0.0			True
chr11	745658	745806	POLR2L	0	ENCSR056HPM	1989	0.0	0.0			True
chr11	783641	783767	CD151	0	ENCSR056HPM	1989	0.0	0.0			True
chr11	783641	783767	CTSD	0	ENCSR056HPM	1989	0.0	0.0			True
chr11	783641	783767	DEAF1	0	ENCSR056HPM	1989	0.0	0.0			True
chr11	783641	783767	HRAS	0	ENCSR056HPM	1989	0.0	0.0			True
chr11	783641	783767	IFITM1	0	ENCSR056HPM	1989	0.0	0.0			True
chr11	783641	783767	PHRF1	0	ENCSR056HPM	1989	0.0	0.0			True
chr11	783641	783767	PKP3	0	ENCSR056HPM	1989	0.0	0.0			True
chr11	783641	783767	POLR2L	0	ENCSR056HPM	1989	0.0	0.0			True
chr11	783641	783767	PSMD13	0	ENCSR056HPM	1989	0.0	0.0			True
chr11	783641	783767	RNH1	0	ENCSR056HPM	1989	0.0	0.0			True
chr11	783641	783767	RPLP2	0	ENCSR056HPM	1989	0.20504792879780778	3.569336695363745e-05	0.00017406328697688878	10.014120101928711	False
chr11	816449	816652	CD151	0	ENCSR056HPM	1989	0.17227037464248174	0.00011786757386289537	0.0006841910653747618	8.264589309692383	False
chr11	816449	816652	CHID1	0	ENCSR056HPM	1989	0.0	0.0			True
chr11	816449	816652	CTSD	0	ENCSR056HPM	1989	0.0	0.0			True
chr11	816449	816652	IFITM1	0	ENCSR056HPM	1989	0.0	0.0			True
chr11	816449	816652	POLR2L	0	ENCSR056HPM	1989	0.12961162364935175	6.096814468037337e-05	0.0004703810263890773	8.580171585083008	False
chr11	816449	816652	RNH1	0	ENCSR056HPM	1989	0.0	0.0			True
chr11	875735	876561	IFITM1	0	ENCSR056HPM	1989	0.0	0.0			True
chr11	875735	876561	PSMD13	0	ENCSR056HPM	1989	0.0	0.0			True
chr11	919229	919287	DEAF1	0	ENCSR056HPM	1989	0.0	0.0			True
chr11	919229	919287	IFITM1	0	ENCSR056HPM	1989	0.0	0.0			True
chr11	919229	919287	PSMD13	0	ENCSR056HPM	1989	0.0	0.0			True
chr11	919229	919287	RNH1	0	ENCSR056HPM	1989	0.0	0.0			True
chr11	919287	919489	CTSD	0	ENCSR056HPM	1989	0.0	0.0			True
chr11	919287	919489	HRAS	0	ENCSR056HPM	1989	0.0	0.0			True
chr11	919287	919489	RPLP2	0	ENCSR056HPM	1989	0.0	0.0			True
chr11	937643	938334	BET1L	0	ENCSR056HPM	1989	0.0	0.0			True
chr11	937643	938334	CTSD	0	ENCSR056HPM	1989	0.0	0.0			True
chr11	937643	938334	DEAF1	0	ENCSR056HPM	1989	0.0	0.0			True
chr11	937643	938334	HRAS	0	ENCSR056HPM	1989	0.0	0.0			True
chr11	937643	938334	POLR2L	0	ENCSR056HPM	1989	0.0	0.0			True
chr11	937643	938334	PSMD13	0	ENCSR056HPM	1989	0.0	0.0			True
chr11	1053253	1053594	BET1L	0	ENCSR056HPM	1989	0.0	0.0			True
chr11	1053253	1053594	CD151	0	ENCSR056HPM	1989	0.0	0.0			True
chr11	1053253	1053594	HRAS	0	ENCSR056HPM	1989	0.0	0.0			True
chr11	1053253	1053594	IFITM1	0	ENCSR056HPM	1989	0.0	0.0			True
chr11	1053253	1053594	PSMD13	0	ENCSR056HPM	1989	0.0	0.0			True
chr11	1053253	1053594	RNH1	0	ENCSR056HPM	1989	0.0	0.0			True
chr11	1053253	1053594	RPLP2	0	ENCSR056HPM	1989	0.0	0.0			True
chr11	1153976	1154339	CD151	0	ENCSR056HPM	1989	0.0	0.0			True
chr11	1153976	1154339	DEAF1	0	ENCSR056HPM	1989	0.0	0.0			True
chr11	1153976	1154339	IFITM1	0	ENCSR056HPM	1989	0.0	0.0			True
chr11	1153976	1154339	PHRF1	0	ENCSR056HPM	1989	0.0	0.0			True
chr11	1153976	1154339	PKP3	0	ENCSR056HPM	1989	0.0	0.0			True
chr11	1153976	1154339	POLR2L	0	ENCSR056HPM	1989	0.0	0.0			True
chr11	1153976	1154339	PSMD13	0	ENCSR056HPM	1989	0.0	0.0			True
chr11	1153976	1154339	RNH1	0	ENCSR056HPM	1989	0.0	0.0			True
chr11	1153976	1154339	RPLP2	0	ENCSR056HPM	1989	0.0	0.0			True
chr11	1262409	1263004	CD151	0	ENCSR056HPM	1989	0.0	0.0			True
chr11	1262409	1263004	CTSD	0	ENCSR056HPM	1989	0.0	0.0			True
chr11	1262409	1263004	PKP3	0	ENCSR056HPM	1989	0.0	0.0			True
chr11	1262409	1263004	POLR2L	0	ENCSR056HPM	1989	0.0	0.0			True
chr11	1264503	1264650	POLR2L	0	ENCSR056HPM	1989	0.0	0.0			True
chr11	1264656	1264849	CD151	0	ENCSR056HPM	1989	0.0	0.0			True
chr11	1264656	1264849	POLR2L	0	ENCSR056HPM	1989	0.0	0.0			True
chr11	1336631	1337056	CD151	0	ENCSR056HPM	1989	0.0	0.0			True
chr11	1336631	1337056	CTSD	0	ENCSR056HPM	1989	0.0	0.0			True
chr11	1336631	1337056	DEAF1	0	ENCSR056HPM	1989	0.0	0.0			True
chr11	1336631	1337056	HRAS	0	ENCSR056HPM	1989	0.0	0.0			True
chr11	1336631	1337056	PKP3	0	ENCSR056HPM	1989	0.0	0.0			True
chr11	1336631	1337056	POLR2L	0	ENCSR056HPM	1989	0.0	0.0			True
chr11	1336631	1337056	RNH1	0	ENCSR056HPM	1989	0.0	0.0			True
chr11	1336631	1337056	RPLP2	0	ENCSR056HPM	1989	0.0	0.0			True
chr11	1351265	1351893	CD151	0	ENCSR056HPM	1989	0.0	0.0			True
chr11	1351265	1351893	POLR2L	0	ENCSR056HPM	1989	0.0	0.0			True
chr11	1351265	1351893	RNH1	0	ENCSR056HPM	1989	0.0	0.0			True
chr11	1382970	1383087	CD151	0	ENCSR056HPM	1989	0.0	0.0			True
chr11	1382970	1383087	CD81	0	ENCSR056HPM	1989	0.0	0.0			True
chr11	1382970	1383087	CTSD	0	ENCSR056HPM	1989	0.0	0.0			True
chr11	1382970	1383087	RNH1	0	ENCSR056HPM	1989	0.0	0.0			True
chr11	1382970	1383087	RPLP2	0	ENCSR056HPM	1989	0.0	0.0			True
chr11	1383171	1383564	CD151	0	ENCSR056HPM	1989	0.0	0.0			True
chr11	1383171	1383564	CD81	0	ENCSR056HPM	1989	0.0	0.0			True
chr11	1383171	1383564	RNH1	0	ENCSR056HPM	1989	0.0	0.0			True
chr11	1383171	1383564	RPLP2	0	ENCSR056HPM	1989	0.0	0.0			True
chr11	1412533	1412645	CD151	0	ENCSR056HPM	1989	0.0	0.0			True
chr11	1412533	1412645	CD81	0	ENCSR056HPM	1989	0.0	0.0			True
chr11	1412533	1412645	CTSD	0	ENCSR056HPM	1989	0.0	0.0			True
chr11	1412533	1412645	POLR2L	0	ENCSR056HPM	1989	0.0	0.0			True
chr11	1412533	1412645	RNH1	0	ENCSR056HPM	1989	0.0	0.0			True
chr11	1412533	1412645	RPLP2	0	ENCSR056HPM	1989	0.0	0.0			True
chr11	1512518	1512795	CD151	0	ENCSR056HPM	1989	0.0	0.0			True
chr11	1512518	1512795	CD81	0	ENCSR056HPM	1989	0.0	0.0			True
chr11	1512518	1512795	CTSD	0	ENCSR056HPM	1989	0.0	0.0			True
chr11	1512518	1512795	DEAF1	0	ENCSR056HPM	1989	0.0	0.0			True
chr11	1512518	1512795	RPLP2	0	ENCSR056HPM	1989	0.0	0.0			True
chr11	1520523	1520939	CD151	0	ENCSR056HPM	1989	0.0	0.0			True
chr11	1520523	1520939	CTSD	0	ENCSR056HPM	1989	0.0	0.0			True
chr11	1520523	1520939	POLR2L	0	ENCSR056HPM	1989	0.0	0.0			True
chr11	1520523	1520939	RPLP2	0	ENCSR056HPM	1989	0.0	0.0			True
chr11	1540187	1540289	CD151	0	ENCSR056HPM	1989	0.0	0.0			True
chr11	1540187	1540289	CD81	0	ENCSR056HPM	1989	0.0	0.0			True
chr11	1540187	1540289	CTSD	0	ENCSR056HPM	1989	0.0	0.0			True
chr11	1540187	1540289	POLR2L	0	ENCSR056HPM	1989	0.0	0.0			True
chr11	1540187	1540289	RPLP2	0	ENCSR056HPM	1989	0.0	0.0			True
chr11	1547101	1547191	CD151	0	ENCSR056HPM	1989	0.0	0.0			True
chr11	1547101	1547191	CD81	0	ENCSR056HPM	1989	0.0	0.0			True
chr11	1547101	1547191	CHID1	0	ENCSR056HPM	1989	0.0	0.0			True
chr11	1547101	1547191	CTSD	0	ENCSR056HPM	1989	0.0	0.0			True
chr11	1547101	1547191	DEAF1	0	ENCSR056HPM	1989	0.0	0.0			True
chr11	1547101	1547191	POLR2L	0	ENCSR056HPM	1989	0.0	0.0			True
chr11	1547101	1547191	RPLP2	0	ENCSR056HPM	1989	0.0	0.0			True
chr11	1548508	1548658	CD151	0	ENCSR056HPM	1989	0.0	0.0			True
chr11	1548508	1548658	CD81	0	ENCSR056HPM	1989	0.0	0.0			True
chr11	1548508	1548658	POLR2L	0	ENCSR056HPM	1989	0.0	0.0			True
chr11	1574600	1574957	CD151	0	ENCSR056HPM	1989	0.0	0.0			True
chr11	1574600	1574957	CD81	0	ENCSR056HPM	1989	0.0	0.0			True
chr11	1574600	1574957	POLR2L	0	ENCSR056HPM	1989	0.0	0.0			True
chr11	1769316	1769488	RPLP2	0	ENCSR056HPM	1989	0.0	0.0			True
chr11	1769489	1769686	CD151	0	ENCSR056HPM	1989	0.0	0.0			True
chr11	1772159	1772971	CD151	0	ENCSR056HPM	1989	0.0	0.0			True
chr11	1772159	1772971	CD81	0	ENCSR056HPM	1989	0.0	0.0			True
chr11	1772159	1772971	POLR2L	0	ENCSR056HPM	1989	0.0	0.0			True
chr11	1772159	1772971	RPLP2	0	ENCSR056HPM	1989	0.0	0.0			True
chr11	1782876	1783330	CD151	0	ENCSR056HPM	1989	0.0	0.0			True
chr11	1782876	1783330	CD81	0	ENCSR056HPM	1989	0.0	0.0			True
chr11	1782876	1783330	POLR2L	0	ENCSR056HPM	1989	0.0	0.0			True
chr11	1782876	1783330	RPLP2	0	ENCSR056HPM	1989	0.0	0.0			True
chr11	1844457	1845003	CD81	0	ENCSR056HPM	1989	0.0	0.0			True
chr11	1968605	1968960	CD81	0	ENCSR056HPM	1989	0.0	0.0			True
chr11	1968605	1968960	CTSD	0	ENCSR056HPM	1989	0.0	0.0			True
chr11	1969914	1970164	CD81	0	ENCSR056HPM	1989	0.0	0.0			True
chr11	1969914	1970164	CTSD	0	ENCSR056HPM	1989	0.0	0.0			True
chr11	1988428	1988924	CD81	0	ENCSR056HPM	1989	0.0	0.0			True
chr11	1988428	1988924	CTSD	0	ENCSR056HPM	1989	0.0	0.0			True
chr11	2268904	2269616	CD81	0	ENCSR056HPM	1989	0.0	0.0			True
chr11	2268904	2269616	NAP1L4	0	ENCSR056HPM	1989	0.0	0.0			True
chr11	2269981	2270201	CD81	0	ENCSR056HPM	1989	0.0	0.0			True
chr11	2269981	2270201	NAP1L4	0	ENCSR056HPM	1989	0.0	0.0			True
chr11	2270601	2270710	CD81	0	ENCSR056HPM	1989	0.0	0.0			True
chr11	2270601	2270710	NAP1L4	0	ENCSR056HPM	1989	0.0	0.0			True
chr11	2305373	2305649	CTSD	0	ENCSR056HPM	1989	0.0	0.0			True
chr11	2305373	2305649	NAP1L4	0	ENCSR056HPM	1989	0.0	0.0			True
chr11	2419658	2420006	NAP1L4	0	ENCSR056HPM	1989	0.0	0.0			True
chr11	2532665	2534165	CD81	0	ENCSR056HPM	1989	0.0	0.0			True
chr11	2532665	2534165	CTSD	0	ENCSR056HPM	1989	0.0	0.0			True
chr11	2681445	2681778	CD81	0	ENCSR056HPM	1989	0.0	0.0			True
chr11	2709478	2709760	CD81	0	ENCSR056HPM	1989	0.0	0.0			True
chr11	2709478	2709760	NAP1L4	0	ENCSR056HPM	1989	0.0	0.0			True
chr11	2739163	2739634	CD81	0	ENCSR056HPM	1989	0.0	0.0			True
chr11	2739163	2739634	NAP1L4	0	ENCSR056HPM	1989	0.0	0.0			True
chr11	2740175	2740782	CD81	0	ENCSR056HPM	1989	0.0	0.0			True
chr11	2740175	2740782	CTSD	0	ENCSR056HPM	1989	0.0	0.0			True
chr11	2740175	2740782	NAP1L4	0	ENCSR056HPM	1989	0.0	0.0			True
chr11	2740175	2740782	TSSC4	0	ENCSR056HPM	1989	0.0	0.0			True
chr11	2747613	2748145	NAP1L4	0	ENCSR056HPM	1989	0.0	0.0			True
chr11	2750745	2750882	CD81	0	ENCSR056HPM	1989	0.0	0.0			True
chr11	2750745	2750882	NAP1L4	0	ENCSR056HPM	1989	0.0	0.0			True
chr11	2769076	2769417	CD81	0	ENCSR056HPM	1989	0.0	0.0			True
chr11	2769076	2769417	NAP1L4	0	ENCSR056HPM	1989	0.0	0.0			True
chr11	2769076	2769417	TSSC4	0	ENCSR056HPM	1989	0.0	0.0			True
chr11	2777932	2779869	CD81	0	ENCSR056HPM	1989	0.0	0.0			True
chr11	2777932	2779869	NAP1L4	0	ENCSR056HPM	1989	0.0	0.0			True
chr11	2781507	2782742	CD81	0	ENCSR056HPM	1989	0.0	0.0			True
chr11	2783299	2783656	CD81	0	ENCSR056HPM	1989	0.0	0.0			True
chr11	2783299	2783656	NAP1L4	0	ENCSR056HPM	1989	0.0	0.0			True
chr11	2788563	2788915	CD81	0	ENCSR056HPM	1989	0.0	0.0			True
chr11	2788563	2788915	NAP1L4	0	ENCSR056HPM	1989	0.0	0.0			True
chr11	2799862	2800446	CD81	0	ENCSR056HPM	1989	0.0	0.0			True
chr11	2799862	2800446	NAP1L4	0	ENCSR056HPM	1989	0.0	0.0			True
chr11	2846075	2846561	CD81	0	ENCSR056HPM	1989	0.0	0.0			True
chr11	2846075	2846561	NUP98	0	ENCSR056HPM	1989	0.0	0.0			True
chr11	2846075	2846561	RHOG	0	ENCSR056HPM	1989	0.0	0.0			True
chr11	2867150	2868525	CD81	0	ENCSR056HPM	1989	0.0	0.0			True
chr11	2867150	2868525	NAP1L4	0	ENCSR056HPM	1989	0.0	0.0			True
chr11	2867150	2868525	NUP98	0	ENCSR056HPM	1989	0.0	0.0			True
chr11	2867150	2868525	RHOG	0	ENCSR056HPM	1989	0.0	0.0			True
chr11	2888322	2888766	RHOG	0	ENCSR056HPM	1989	0.0	0.0			True
chr11	2890517	2891614	CD81	0	ENCSR056HPM	1989	0.0	0.0			True
chr11	2890517	2891614	NUP98	0	ENCSR056HPM	1989	0.0	0.0			True
chr11	2890517	2891614	RHOG	0	ENCSR056HPM	1989	0.0	0.0			True
chr11	2892013	2893170	CD81	0	ENCSR056HPM	1989	0.0	0.0			True
chr11	2892013	2893170	RHOG	0	ENCSR056HPM	1989	0.0	0.0			True
chr11	2912576	2912939	CD81	0	ENCSR056HPM	1989	0.0	0.0			True
chr11	2912576	2912939	NAP1L4	0	ENCSR056HPM	1989	0.0	0.0			True
chr11	2912576	2912939	NUP98	0	ENCSR056HPM	1989	0.0	0.0			True
chr11	2912576	2912939	RHOG	0	ENCSR056HPM	1989	0.0	0.0			True
chr11	2967682	2967993	CD81	0	ENCSR056HPM	1989	0.0	0.0			True
chr11	2967682	2967993	RHOG	0	ENCSR056HPM	1989	0.0	0.0			True
chr11	3014423	3014722	CD81	0	ENCSR056HPM	1989	0.0	0.0			True
chr11	3014423	3014722	NUP98	0	ENCSR056HPM	1989	0.0	0.0			True
chr11	3014423	3014722	RHOG	0	ENCSR056HPM	1989	0.0	0.0			True
chr11	3051520	3052182	CD81	0	ENCSR056HPM	1989	0.0	0.0			True
chr11	3051520	3052182	NUP98	0	ENCSR056HPM	1989	0.0	0.0			True
chr11	3051520	3052182	RHOG	0	ENCSR056HPM	1989	0.0	0.0			True
chr11	3069623	3069895	CD81	0	ENCSR056HPM	1989	0.0	0.0			True
chr11	3069623	3069895	NAP1L4	0	ENCSR056HPM	1989	0.0	0.0			True
chr11	3091739	3092205	CD81	0	ENCSR056HPM	1989	0.0	0.0			True
chr11	3091739	3092205	RHOG	0	ENCSR056HPM	1989	0.0	0.0			True
chr11	3110187	3110626	CD81	0	ENCSR056HPM	1989	0.0	0.0			True
chr11	3110187	3110626	NAP1L4	0	ENCSR056HPM	1989	0.0	0.0			True
chr11	3110187	3110626	RHOG	0	ENCSR056HPM	1989	0.0	0.0			True
chr11	3110187	3110626	RRM1	0	ENCSR056HPM	1989	0.0	0.0			True
chr11	3115396	3115674	CD81	0	ENCSR056HPM	1989	0.0	0.0			True
chr11	3115396	3115674	NAP1L4	0	ENCSR056HPM	1989	0.0	0.0			True
chr11	3168445	3168747	NUP98	0	ENCSR056HPM	1989	0.0	0.0			True
chr11	3168445	3168747	RHOG	0	ENCSR056HPM	1989	0.0	0.0			True
chr11	3185020	3185280	CD81	0	ENCSR056HPM	1989	0.0	0.0			True
chr11	3185020	3185280	NAP1L4	0	ENCSR056HPM	1989	0.0	0.0			True
chr11	3185020	3185280	NUP98	0	ENCSR056HPM	1989	0.0	0.0			True
chr11	3185020	3185280	RHOG	0	ENCSR056HPM	1989	0.0	0.0			True
chr11	3231538	3231688	CD81	0	ENCSR056HPM	1989	0.0	0.0			True
chr11	3231538	3231688	NAP1L4	0	ENCSR056HPM	1989	0.0	0.0			True
chr11	3231715	3232162	CD81	0	ENCSR056HPM	1989	0.0	0.0			True
chr11	3231715	3232162	NAP1L4	0	ENCSR056HPM	1989	0.0	0.0			True
chr11	3339894	3340510	CD81	0	ENCSR056HPM	1989	0.0	0.0			True
chr11	3339894	3340510	NAP1L4	0	ENCSR056HPM	1989	0.0	0.0			True
chr11	3341337	3341637	CD81	0	ENCSR056HPM	1989	0.0	0.0			True
chr11	3341337	3341637	NAP1L4	0	ENCSR056HPM	1989	0.0	0.0			True
chr11	3341337	3341637	RHOG	0	ENCSR056HPM	1989	0.0	0.0			True
chr11	3345651	3346117	CD81	0	ENCSR056HPM	1989	0.0	0.0			True
chr11	3345651	3346117	NAP1L4	0	ENCSR056HPM	1989	0.0	0.0			True
chr11	3345651	3346117	RHOG	0	ENCSR056HPM	1989	0.0	0.0			True
chr11	3404236	3404361	NAP1L4	0	ENCSR056HPM	1989	0.0	0.0			True
chr11	3404236	3404361	RHOG	0	ENCSR056HPM	1989	0.0	0.0			True
chr11	3404542	3404974	NAP1L4	0	ENCSR056HPM	1989	0.0	0.0			True
chr11	3404542	3404974	NUP98	0	ENCSR056HPM	1989	0.0	0.0			True
chr11	3408358	3408538	NAP1L4	0	ENCSR056HPM	1989	0.0	0.0			True
chr11	3408358	3408538	RHOG	0	ENCSR056HPM	1989	0.0	0.0			True
chr11	3408580	3408648	NAP1L4	0	ENCSR056HPM	1989	0.0	0.0			True
chr11	3408580	3408648	NUP98	0	ENCSR056HPM	1989	0.0	0.0			True
chr11	3408580	3408648	RHOG	0	ENCSR056HPM	1989	0.0	0.0			True
chr11	3437358	3437756	NAP1L4	0	ENCSR056HPM	1989	0.0	0.0			True
chr11	3437833	3438042	NAP1L4	0	ENCSR056HPM	1989	0.0	0.0			True
chr11	3444049	3444199	NAP1L4	0	ENCSR056HPM	1989	0.0	0.0			True
chr11	3444049	3444199	RHOG	0	ENCSR056HPM	1989	0.0	0.0			True
chr11	3444501	3444644	NAP1L4	0	ENCSR056HPM	1989	0.0	0.0			True
chr11	3508473	3508533	NAP1L4	0	ENCSR056HPM	1989	0.0	0.0			True
chr11	3508473	3508533	RHOG	0	ENCSR056HPM	1989	0.0	0.0			True
chr11	3508562	3508619	NAP1L4	0	ENCSR056HPM	1989	0.0	0.0			True
chr11	3508562	3508619	RHOG	0	ENCSR056HPM	1989	0.0	0.0			True
chr11	3509276	3509390	NAP1L4	0	ENCSR056HPM	1989	0.0	0.0			True
chr11	3509276	3509390	RHOG	0	ENCSR056HPM	1989	0.0	0.0			True
chr11	3509392	3509511	NAP1L4	0	ENCSR056HPM	1989	0.0	0.0			True
chr11	3509392	3509511	RHOG	0	ENCSR056HPM	1989	0.0	0.0			True
chr11	3511470	3511732	NAP1L4	0	ENCSR056HPM	1989	0.0	0.0			True
chr11	3511470	3511732	RHOG	0	ENCSR056HPM	1989	0.0	0.0			True
chr11	3517035	3517215	NAP1L4	0	ENCSR056HPM	1989	0.0	0.0			True
chr11	3517035	3517215	RHOG	0	ENCSR056HPM	1989	0.0	0.0			True
chr11	3517218	3517333	NAP1L4	0	ENCSR056HPM	1989	0.0	0.0			True
chr11	3517343	3517451	NAP1L4	0	ENCSR056HPM	1989	0.0	0.0			True
chr11	3517343	3517451	RHOG	0	ENCSR056HPM	1989	0.0	0.0			True
chr11	3614245	3614977	NAP1L4	0	ENCSR056HPM	1989	0.0	0.0			True
chr11	3614245	3614977	RHOG	0	ENCSR056HPM	1989	0.0	0.0			True
chr11	3643328	3643480	NAP1L4	0	ENCSR056HPM	1989	0.0	0.0			True
chr11	3643328	3643480	RHOG	0	ENCSR056HPM	1989	0.0	0.0			True
chr11	3684745	3685368	NAP1L4	0	ENCSR056HPM	1989	0.0	0.0			True
chr11	3802087	3802730	NAP1L4	0	ENCSR056HPM	1989	0.0	0.0			True
chr11	3802087	3802730	RHOG	0	ENCSR056HPM	1989	0.0	0.0			True
chr11	3808972	3809616	NAP1L4	0	ENCSR056HPM	1989	0.0	0.0			True
chr11	3825422	3825575	NAP1L4	0	ENCSR056HPM	1989	0.0	0.0			True
chr11	3849256	3849547	NAP1L4	0	ENCSR056HPM	1989	0.0	0.0			True
chr11	3859523	3859907	NAP1L4	0	ENCSR056HPM	1989	0.0	0.0			True
chr11	3860907	3861151	NAP1L4	0	ENCSR056HPM	1989	0.0	0.0			True
chr11	3871156	3871627	NAP1L4	0	ENCSR056HPM	1989	0.0	0.0			True
chr11	3878621	3878996	NAP1L4	0	ENCSR056HPM	1989	0.0	0.0			True
chr11	3891711	3892080	NAP1L4	0	ENCSR056HPM	1989	0.0	0.0			True
chr11	3892138	3892490	NAP1L4	0	ENCSR056HPM	1989	0.0	0.0			True
chr11	3892138	3892490	RHOG	0	ENCSR056HPM	1989	0.0	0.0			True
chr11	3895118	3895469	NAP1L4	0	ENCSR056HPM	1989	0.0	0.0			True
chr11	3895118	3895469	NUP98	0	ENCSR056HPM	1989	0.0	0.0			True
chr11	3920089	3920467	NAP1L4	0	ENCSR056HPM	1989	0.0	0.0			True
chr11	3920597	3920670	NAP1L4	0	ENCSR056HPM	1989	0.0	0.0			True
chr11	3949260	3949425	NAP1L4	0	ENCSR056HPM	1989	0.0	0.0			True
chr11	3954389	3954835	NAP1L4	0	ENCSR056HPM	1989	0.0	0.0			True
chr11	3965539	3965758	NAP1L4	0	ENCSR056HPM	1989	0.0	0.0			True
chr11	3965539	3965758	RHOG	0	ENCSR056HPM	1989	0.0	0.0			True
chr11	3977021	3977467	NAP1L4	0	ENCSR056HPM	1989	0.0	0.0			True
chr11	3984927	3985334	NAP1L4	0	ENCSR056HPM	1989	0.0	0.0			True
chr11	3995877	3996382	RHOG	0	ENCSR056HPM	1989	0.0	0.0			True
chr11	4044055	4044533	RHOG	0	ENCSR056HPM	1989	0.0	0.0			True
chr11	4102833	4103011	RHOG	0	ENCSR056HPM	1989	0.0	0.0			True
chr11	4144728	4145103	RHOG	0	ENCSR056HPM	1989	0.0	0.0			True
chr11	4659098	4659729	RHOG	0	ENCSR056HPM	1989	0.0	0.0			True
chr11	4659884	4660019	RHOG	0	ENCSR056HPM	1989	0.0	0.0			True
chr11	5246872	5248014	HBB	0	ENCSR056HPM	1989	1.1860340938404033	2.3480119125451893e-05	1.9787170458585024e-05	7.266809940338135	False
chr11	5246872	5248014	HBD	0	ENCSR056HPM	1989	2.466393338555358	0.0025218739174306393	0.0010224846191704273	8.890472412109375	False
chr11	5272749	5272943	HBE1	1	ENCSR056HPM	1989	0.0	0.0			True
chr11	5277927	5278054	HBE1	1	ENCSR056HPM	1989	0.0	0.0			True
chr11	5591627	5592103	ARFIP2	0	ENCSR056HPM	1989	0.0	0.0			True
chr11	5620582	5621594	TAF10	0	ENCSR056HPM	1989	0.0	0.0			True
chr11	5809905	5810962	ARFIP2	0	ENCSR056HPM	1989	0.0	0.0			True
chr11	5809905	5810962	RRP8	0	ENCSR056HPM	1989	0.0	0.0			True
chr11	6225010	6225400	TAF10	0	ENCSR056HPM	1989	0.0	0.0			True
chr11	6228814	6228876	TAF10	0	ENCSR056HPM	1989	0.0	0.0			True
chr11	6229344	6229611	TAF10	0	ENCSR056HPM	1989	0.0	0.0			True
chr11	6249869	6250153	TAF10	0	ENCSR056HPM	1989	0.0	0.0			True
chr11	6251204	6251457	RRP8	0	ENCSR056HPM	1989	0.0	0.0			True
chr11	6251204	6251457	TAF10	0	ENCSR056HPM	1989	0.0	0.0			True
chr11	6252023	6252452	ILK	0	ENCSR056HPM	1989	0.0	0.0			True
chr11	6252023	6252452	RRP8	0	ENCSR056HPM	1989	0.0	0.0			True
chr11	6252023	6252452	TAF10	0	ENCSR056HPM	1989	0.0	0.0			True
chr11	6357196	6357607	TAF10	0	ENCSR056HPM	1989	0.0	0.0			True
chr11	6371957	6372122	TAF10	0	ENCSR056HPM	1989	0.0	0.0			True
chr11	6469049	6469603	TAF10	0	ENCSR056HPM	1989	0.0	0.0			True
chr11	6501942	6502301	TAF10	0	ENCSR056HPM	1989	0.0	0.0			True
chr11	6531271	6531794	TAF10	0	ENCSR056HPM	1989	0.0	0.0			True
chr11	6637971	6638297	TAF10	0	ENCSR056HPM	1989	0.20199796547075444	4.88732366648037e-05	0.00024193915305659175	10.708605766296387	False
chr11	6638506	6638708	TAF10	0	ENCSR056HPM	1989	0.15586215812385784	3.771071715163998e-05	0.00024193915305659175	10.708605766296387	False
chr11	6639162	6639518	ARFIP2	0	ENCSR056HPM	1989	0.0	0.0			True
chr11	6639162	6639518	TAF10	0	ENCSR056HPM	1989	0.1845576039274252	4.465355596039444e-05	0.00024193915305659175	10.708605766296387	False
chr11	6690392	6690548	ILK	0	ENCSR056HPM	1989	0.0	0.0			True
chr11	6690392	6690548	TAF10	0	ENCSR056HPM	1989	0.0	0.0			True
chr11	6692290	6692379	ILK	0	ENCSR056HPM	1989	0.0	0.0			True
chr11	6693926	6694150	ILK	0	ENCSR056HPM	1989	0.0	0.0			True
chr11	6694153	6694335	RRP8	0	ENCSR056HPM	1989	0.0	0.0			True
chr11	6694153	6694335	TAF10	0	ENCSR056HPM	1989	0.0	0.0			True
chr11	6728104	6728830	ARFIP2	0	ENCSR056HPM	1989	0.0	0.0			True
chr11	6728104	6728830	ILK	0	ENCSR056HPM	1989	0.0	0.0			True
chr11	6728104	6728830	RRP8	0	ENCSR056HPM	1989	0.0	0.0			True
chr11	6728104	6728830	TAF10	0	ENCSR056HPM	1989	0.0	0.0			True
chr11	7072498	7073149	MRPL17	0	ENCSR056HPM	1989	0.0	0.0			True
chr11	7079704	7080031	TAF10	0	ENCSR056HPM	1989	0.0	0.0			True
chr11	7600598	7600830	TAF10	0	ENCSR056HPM	1989	0.0	0.0			True
chr11	8638258	8638671	RPL27A	0	ENCSR056HPM	1989	0.0	0.0			True
chr11	8701401	8701613	IPO7	0	ENCSR056HPM	1989	0.0	0.0			True
chr11	8733896	8734286	IPO7	0	ENCSR056HPM	1989	0.0	0.0			True
chr11	8813596	8814085	IPO7	0	ENCSR056HPM	1989	0.0	0.0			True
chr11	8829535	8829840	RPL27A	0	ENCSR056HPM	1989	0.0	0.0			True
chr11	8934880	8935196	RPL27A	0	ENCSR056HPM	1989	0.0	0.0			True
chr11	8935215	8935341	IPO7	0	ENCSR056HPM	1989	0.0	0.0			True
chr11	8935215	8935341	RPL27A	0	ENCSR056HPM	1989	0.0	0.0			True
chr11	8959515	8959966	IPO7	0	ENCSR056HPM	1989	0.0	0.0			True
chr11	8971931	8972339	RPL27A	0	ENCSR056HPM	1989	0.0	0.0			True
chr11	8994055	8994436	IPO7	0	ENCSR056HPM	1989	0.0	0.0			True
chr11	8994055	8994436	RPL27A	0	ENCSR056HPM	1989	0.0	0.0			True
chr11	9099596	9100266	IPO7	0	ENCSR056HPM	1989	0.0	0.0			True
chr11	9099596	9100266	RPL27A	0	ENCSR056HPM	1989	0.0	0.0			True
chr11	9120925	9121260	RPL27A	0	ENCSR056HPM	1989	0.0	0.0			True
chr11	9123754	9123911	RPL27A	0	ENCSR056HPM	1989	0.0	0.0			True
chr11	9123911	9124642	IPO7	0	ENCSR056HPM	1989	0.0	0.0			True
chr11	9155559	9156335	RPL27A	0	ENCSR056HPM	1989	0.0	0.0			True
chr11	9169620	9170247	RPL27A	0	ENCSR056HPM	1989	0.0	0.0			True
chr11	9229691	9229883	RPL27A	0	ENCSR056HPM	1989	0.0	0.0			True
chr11	9244636	9244966	RPL27A	0	ENCSR056HPM	1989	0.0	0.0			True
chr11	9320075	9320358	RPL27A	0	ENCSR056HPM	1989	0.0	0.0			True
chr11	9347075	9347536	RPL27A	0	ENCSR056HPM	1989	0.0	0.0			True
chr11	9358030	9358106	RPL27A	0	ENCSR056HPM	1989	0.0	0.0			True
chr11	9358110	9358281	RPL27A	0	ENCSR056HPM	1989	0.0	0.0			True
chr11	9367384	9367549	RPL27A	0	ENCSR056HPM	1989	0.0	0.0			True
chr11	9506581	9507118	IPO7	0	ENCSR056HPM	1989	0.0	0.0			True
chr11	9529114	9529652	RPL27A	0	ENCSR056HPM	1989	0.0	0.0			True
chr11	9529822	9530724	IPO7	0	ENCSR056HPM	1989	0.0	0.0			True
chr11	9529822	9530724	RPL27A	0	ENCSR056HPM	1989	0.0	0.0			True
chr11	9535026	9535097	RPL27A	0	ENCSR056HPM	1989	0.0	0.0			True
chr11	9535103	9535593	IPO7	0	ENCSR056HPM	1989	0.0	0.0			True
chr11	9535103	9535593	RPL27A	0	ENCSR056HPM	1989	0.0	0.0			True
chr11	9549979	9550564	RPL27A	0	ENCSR056HPM	1989	0.0	0.0			True
chr11	9551758	9552463	RPL27A	0	ENCSR056HPM	1989	0.0	0.0			True
chr11	9568897	9569184	IPO7	0	ENCSR056HPM	1989	0.0	0.0			True
chr11	9569354	9569487	IPO7	0	ENCSR056HPM	1989	0.0	0.0			True
chr11	9601481	9601738	IPO7	0	ENCSR056HPM	1989	0.0	0.0			True
chr11	9601481	9601738	RPL27A	0	ENCSR056HPM	1989	0.0	0.0			True
chr11	9604146	9604445	IPO7	0	ENCSR056HPM	1989	0.0	0.0			True
chr11	9604146	9604445	RPL27A	0	ENCSR056HPM	1989	0.0	0.0			True
chr11	9613887	9614530	IPO7	0	ENCSR056HPM	1989	0.0	0.0			True
chr11	9613887	9614530	RPL27A	0	ENCSR056HPM	1989	0.0	0.0			True
chr11	9618157	9618278	RPL27A	0	ENCSR056HPM	1989	0.0	0.0			True
chr11	9626974	9627300	AKIP1	0	ENCSR056HPM	1989	0.0	0.0			True
chr11	9626974	9627300	RPL27A	0	ENCSR056HPM	1989	0.0	0.0			True
chr11	9669990	9670391	IPO7	0	ENCSR056HPM	1989	0.0	0.0			True
chr11	9669990	9670391	RPL27A	0	ENCSR056HPM	1989	0.0	0.0			True
chr11	9716660	9717272	IPO7	0	ENCSR056HPM	1989	0.0	0.0			True
chr11	9858779	9859237	EIF4G2	0	ENCSR056HPM	1989	0.0	0.0			True
chr11	9876192	9876814	EIF4G2	0	ENCSR056HPM	1989	0.0	0.0			True
chr11	9876192	9876814	IPO7	0	ENCSR056HPM	1989	0.0	0.0			True
chr11	9983212	9983292	IPO7	0	ENCSR056HPM	1989	0.0	0.0			True
chr11	10309354	10309913	EIF4G2	0	ENCSR056HPM	1989	0.0	0.0			True
chr11	10322967	10323359	EIF4G2	0	ENCSR056HPM	1989	0.0	0.0			True
chr11	10322967	10323359	IPO7	0	ENCSR056HPM	1989	0.0	0.0			True
chr11	10351373	10351982	EIF4G2	0	ENCSR056HPM	1989	0.0	0.0			True
chr11	10366448	10367012	EIF4G2	0	ENCSR056HPM	1989	0.0	0.0			True
chr11	10382514	10382948	EIF4G2	0	ENCSR056HPM	1989	0.0	0.0			True
chr11	10382514	10382948	IPO7	0	ENCSR056HPM	1989	0.0	0.0			True
chr11	10406162	10406637	EIF4G2	0	ENCSR056HPM	1989	0.0	0.0			True
chr11	10413386	10413697	EIF4G2	0	ENCSR056HPM	1989	0.0	0.0			True
chr11	10414689	10414988	EIF4G2	0	ENCSR056HPM	1989	0.0	0.0			True
chr11	10444725	10445109	EIF4G2	0	ENCSR056HPM	1989	0.0	0.0			True
chr11	10490191	10490278	EIF4G2	0	ENCSR056HPM	1989	0.0	0.0			True
chr11	10490303	10491047	EIF4G2	0	ENCSR056HPM	1989	0.0	0.0			True
chr11	10581738	10581989	EIF4G2	0	ENCSR056HPM	1989	0.0	0.0			True
chr11	10582940	10583200	EIF4G2	0	ENCSR056HPM	1989	0.0	0.0			True
chr11	10584120	10584580	EIF4G2	0	ENCSR056HPM	1989	0.0	0.0			True
chr11	10586759	10586911	EIF4G2	0	ENCSR056HPM	1989	0.0	0.0			True
chr11	10606043	10606334	EIF4G2	0	ENCSR056HPM	1989	0.0	0.0			True
chr11	10641799	10641956	EIF4G2	0	ENCSR056HPM	1989	0.0	0.0			True
chr11	10645321	10645723	EIF4G2	0	ENCSR056HPM	1989	0.0	0.0			True
chr11	10647642	10647795	EIF4G2	0	ENCSR056HPM	1989	0.0	0.0			True
chr11	10654273	10654605	EIF4G2	0	ENCSR056HPM	1989	0.0	0.0			True
chr11	10657413	10657796	EIF4G2	0	ENCSR056HPM	1989	0.0	0.0			True
chr11	10659665	10660178	EIF4G2	0	ENCSR056HPM	1989	0.0	0.0			True
chr11	10665815	10665928	EIF4G2	0	ENCSR056HPM	1989	0.0	0.0			True
chr11	10666510	10666829	EIF4G2	0	ENCSR056HPM	1989	0.0	0.0			True
chr11	10708223	10708426	EIF4G2	0	ENCSR056HPM	1989	0.0	0.0			True
chr11	10716018	10716735	EIF4G2	0	ENCSR056HPM	1989	0.0	0.0			True
chr11	10735495	10736183	EIF4G2	0	ENCSR056HPM	1989	0.0	0.0			True
chr11	10736192	10736354	EIF4G2	0	ENCSR056HPM	1989	0.0	0.0			True
chr11	10744215	10744587	CTR9	1	ENCSR056HPM	1989	1.0384699659719367	0.0003245409461669624	0.00031250837491825223	8.87296199798584	False
chr11	10744215	10744587	EIF4G2	0	ENCSR056HPM	1989	0.0	0.0			True
chr11	10786545	10786727	EIF4G2	0	ENCSR056HPM	1989	0.21024559234371043	4.0819355490384623e-05	0.00019414082635194063	9.522073745727539	False
chr11	10823174	10823692	EIF4G2	0	ENCSR056HPM	1989	1.1109156877397757	0.00021568519878201187	0.00019414082635194063	9.522073745727539	False
chr11	10878665	10879175	EIF4G2	0	ENCSR056HPM	1989	0.0	0.0			True
chr11	10990151	10990527	EIF4G2	0	ENCSR056HPM	1989	0.0	0.0			True
chr11	11798842	11799156	EIF4G2	0	ENCSR056HPM	1989	0.0	0.0			True
chr11	12088211	12088534	USP47	0	ENCSR056HPM	1989	0.0	0.0			True
chr11	12172681	12172959	USP47	0	ENCSR056HPM	1989	0.0	0.0			True
chr11	12418371	12418740	USP47	0	ENCSR056HPM	1989	0.0	0.0			True
chr11	13697577	13698557	PSMA1	0	ENCSR056HPM	1989	0.0	0.0			True
chr11	13699988	13700134	PSMA1	0	ENCSR056HPM	1989	0.0	0.0			True
chr11	13872775	13872933	PSMA1	0	ENCSR056HPM	1989	0.0	0.0			True
chr11	13872949	13873977	PSMA1	0	ENCSR056HPM	1989	0.0	0.0			True
chr11	13874649	13875052	COPB1	0	ENCSR056HPM	1989	0.0	0.0			True
chr11	13874649	13875052	PSMA1	0	ENCSR056HPM	1989	0.0	0.0			True
chr11	13876219	13876939	PSMA1	0	ENCSR056HPM	1989	0.0	0.0			True
chr11	13928701	13929129	PSMA1	0	ENCSR056HPM	1989	0.0	0.0			True
chr11	14422208	14422698	PSMA1	0	ENCSR056HPM	1989	0.0	0.0			True
chr11	14541271	14541729	COPB1	0	ENCSR056HPM	1989	0.0	0.0			True
chr11	14668662	14669266	PSMA1	0	ENCSR056HPM	1989	0.4120857709393189	0.00028560010832734406	0.0006930498639121652	9.660234451293945	False
chr11	15579884	15580568	PSMA1	0	ENCSR056HPM	1989	0.0	0.0			True
chr11	16093912	16094852	RPS13	0	ENCSR056HPM	1989	0.0	0.0			True
chr11	16172835	16172925	RPS13	0	ENCSR056HPM	1989	0.0	0.0			True
chr11	16177767	16178184	RPS13	0	ENCSR056HPM	1989	0.0	0.0			True
chr11	16191403	16191920	RPS13	0	ENCSR056HPM	1989	0.0	0.0			True
chr11	16193801	16194521	RPS13	0	ENCSR056HPM	1989	0.0	0.0			True
chr11	16226440	16226561	RPS13	0	ENCSR056HPM	1989	0.0	0.0			True
chr11	16280147	16280873	RPS13	0	ENCSR056HPM	1989	0.0	0.0			True
chr11	16291879	16292121	RPS13	0	ENCSR056HPM	1989	0.0	0.0			True
chr11	16292204	16292580	RPS13	0	ENCSR056HPM	1989	0.0	0.0			True
chr11	16293128	16293959	RPS13	0	ENCSR056HPM	1989	0.0	0.0			True
chr11	16296373	16296487	RPS13	0	ENCSR056HPM	1989	0.0	0.0			True
chr11	16297308	16297829	RPS13	0	ENCSR056HPM	1989	0.0	0.0			True
chr11	16300473	16300657	RPS13	0	ENCSR056HPM	1989	0.0	0.0			True
chr11	16326626	16327226	RPS13	0	ENCSR056HPM	1989	0.0	0.0			True
chr11	16337783	16338593	RPS13	0	ENCSR056HPM	1989	0.0	0.0			True
chr11	16346860	16347288	RPS13	0	ENCSR056HPM	1989	0.0	0.0			True
chr11	16350272	16350327	RPS13	0	ENCSR056HPM	1989	0.0	0.0			True
chr11	16352855	16353291	RPS13	0	ENCSR056HPM	1989	0.0	0.0			True
chr11	16356344	16356641	RPS13	0	ENCSR056HPM	1989	0.0	0.0			True
chr11	16359172	16359874	RPS13	0	ENCSR056HPM	1989	0.0	0.0			True
chr11	16363745	16364036	RPS13	0	ENCSR056HPM	1989	0.0	0.0			True
chr11	16372437	16372672	RPS13	0	ENCSR056HPM	1989	0.0	0.0			True
chr11	16381276	16381451	RPS13	0	ENCSR056HPM	1989	0.0	0.0			True
chr11	16383510	16383574	RPS13	0	ENCSR056HPM	1989	0.0	0.0			True
chr11	16383784	16384032	RPS13	0	ENCSR056HPM	1989	0.0	0.0			True
chr11	16393524	16393621	RPS13	0	ENCSR056HPM	1989	0.0	0.0			True
chr11	16424329	16424701	RPS13	0	ENCSR056HPM	1989	0.0	0.0			True
chr11	16483571	16483698	RPS13	0	ENCSR056HPM	1989	0.0	0.0			True
chr11	16553294	16553477	RPS13	0	ENCSR056HPM	1989	0.0	0.0			True
chr11	16596079	16596729	RPS13	0	ENCSR056HPM	1989	0.0	0.0			True
chr11	16603104	16603770	RPS13	0	ENCSR056HPM	1989	0.0	0.0			True
chr11	16779336	16779783	RPS13	0	ENCSR056HPM	1989	0.0	0.0			True
chr11	16843360	16843676	RPS13	0	ENCSR056HPM	1989	0.0	0.0			True
chr11	16853225	16853648	RPS13	0	ENCSR056HPM	1989	0.0	0.0			True
chr11	16853798	16854654	RPS13	0	ENCSR056HPM	1989	0.0	0.0			True
chr11	16856991	16857712	RPS13	0	ENCSR056HPM	1989	0.0	0.0			True
chr11	16860662	16861004	RPS13	0	ENCSR056HPM	1989	0.0	0.0			True
chr11	16861869	16862206	RPS13	0	ENCSR056HPM	1989	0.0	0.0			True
chr11	16883181	16883714	NCR3LG1	0	ENCSR056HPM	1989	0.0	0.0			True
chr11	16883181	16883714	RPS13	0	ENCSR056HPM	1989	0.0	0.0			True
chr11	17156323	17156541	RPS13	0	ENCSR056HPM	1989	0.0	0.0			True
chr11	17164874	17165167	NCR3LG1	0	ENCSR056HPM	1989	0.0	0.0			True
chr11	17164874	17165167	RPS13	0	ENCSR056HPM	1989	0.0	0.0			True
chr11	17186007	17186314	RPS13	0	ENCSR056HPM	1989	0.0	0.0			True
chr11	17186950	17187381	RPS13	0	ENCSR056HPM	1989	0.0	0.0			True
chr11	17217558	17217688	RPS13	0	ENCSR056HPM	1989	0.0	0.0			True
chr11	17230200	17230410	RPS13	0	ENCSR056HPM	1989	0.0	0.0			True
chr11	17257296	17257610	RPS13	0	ENCSR056HPM	1989	0.0	0.0			True
chr11	17258614	17259128	RPS13	0	ENCSR056HPM	1989	0.0	0.0			True
chr11	17383983	17384261	RPS13	0	ENCSR056HPM	1989	0.0	0.0			True
chr11	17699566	17699816	LDHA	0	ENCSR056HPM	1989	0.0	0.0			True
chr11	17699566	17699816	RPS13	0	ENCSR056HPM	1989	0.0	0.0			True
chr11	17846839	17847251	LDHA	0	ENCSR056HPM	1989	0.0	0.0			True
chr11	17846839	17847251	RPS13	0	ENCSR056HPM	1989	0.0	0.0			True
chr11	17898862	17899180	RPS13	0	ENCSR056HPM	1989	0.0	0.0			True
chr11	17921727	17922409	RPS13	0	ENCSR056HPM	1989	0.0	0.0			True
chr8	85191941	85192588	RBIS	0	ENCSR056HPM	1989	0.15766116527740232	6.879703141748905e-05	0.0004363500338513404	8.498655319213867	False
chr8	85835910	85836303	CPNE3	0	ENCSR056HPM	1989	0.0	0.0			True
chr8	85866529	85867040	CPNE3	0	ENCSR056HPM	1989	0.0	0.0			True
chr8	85958914	85959725	CPNE3	0	ENCSR056HPM	1989	0.0	0.0			True
chr8	86367625	86368176	CPNE3	0	ENCSR056HPM	1989	0.0	0.0			True
chr8	89650188	89650782	DECR1	0	ENCSR056HPM	1989	0.0	0.0			True
chr8	90177545	90177805	DECR1	0	ENCSR056HPM	1989	0.0	0.0			True
chr8	90187638	90188125	RIPK2	0	ENCSR056HPM	1989	0.0	0.0			True
chr8	90192682	90193081	DECR1	0	ENCSR056HPM	1989	0.0	0.0			True
chr8	90226541	90226826	DECR1	0	ENCSR056HPM	1989	0.0	0.0			True
chr8	90803611	90804140	DECR1	0	ENCSR056HPM	1989	0.0	0.0			True
chr8	95168750	95169325	NDUFAF6	0	ENCSR056HPM	1989	0.0	0.0			True
chr8	95214734	95215051	NDUFAF6	0	ENCSR056HPM	1989	0.0	0.0			True
chr8	95927030	95927478	PTDSS1	0	ENCSR056HPM	1989	0.0	0.0			True
chr8	95936967	95937108	PTDSS1	0	ENCSR056HPM	1989	0.0	0.0			True
chr8	96211781	96212604	PTDSS1	0	ENCSR056HPM	1989	0.0	0.0			True
chr8	96339216	96339925	PTDSS1	0	ENCSR056HPM	1989	0.0	0.0			True
chr8	96398425	96398784	PTDSS1	0	ENCSR056HPM	1989	0.0	0.0			True
chr8	96525751	96526253	PTDSS1	0	ENCSR056HPM	1989	0.0	0.0			True
chr8	96620630	96621929	PTDSS1	0	ENCSR056HPM	1989	0.0	0.0			True
chr8	96633053	96633141	PTDSS1	0	ENCSR056HPM	1989	0.0	0.0			True
chr8	96812497	96813033	MTDH	0	ENCSR056HPM	1989	0.0	0.0			True
chr8	96812497	96813033	PTDSS1	0	ENCSR056HPM	1989	0.0	0.0			True
chr8	96827968	96828465	MTDH	0	ENCSR056HPM	1989	0.0	0.0			True
chr8	96827968	96828465	PTDSS1	0	ENCSR056HPM	1989	0.0	0.0			True
chr8	96828612	96828788	LAPTM4B	0	ENCSR056HPM	1989	0.0	0.0			True
chr8	96828612	96828788	MTDH	0	ENCSR056HPM	1989	0.0	0.0			True
chr8	96828612	96828788	PTDSS1	0	ENCSR056HPM	1989	0.0	0.0			True
chr8	96829185	96829433	LAPTM4B	0	ENCSR056HPM	1989	0.0	0.0			True
chr8	96829185	96829433	MTDH	0	ENCSR056HPM	1989	0.0	0.0			True
chr8	96829185	96829433	PTDSS1	0	ENCSR056HPM	1989	0.0	0.0			True
chr8	96829825	96830301	LAPTM4B	0	ENCSR056HPM	1989	0.0	0.0			True
chr8	96829825	96830301	MTDH	0	ENCSR056HPM	1989	0.0	0.0			True
chr8	96829825	96830301	PTDSS1	0	ENCSR056HPM	1989	0.0	0.0			True
chr8	96878490	96879005	MTDH	0	ENCSR056HPM	1989	0.0	0.0			True
chr8	96878490	96879005	PTDSS1	0	ENCSR056HPM	1989	0.0	0.0			True
chr8	96893832	96894571	PTDSS1	0	ENCSR056HPM	1989	0.0	0.0			True
chr8	96949321	96950160	PTDSS1	0	ENCSR056HPM	1989	0.0	0.0			True
chr8	96988925	96989379	MTDH	0	ENCSR056HPM	1989	0.0	0.0			True
chr8	96988925	96989379	PTDSS1	0	ENCSR056HPM	1989	0.0	0.0			True
chr8	97045955	97046658	LAPTM4B	0	ENCSR056HPM	1989	0.0	0.0			True
chr8	97045955	97046658	MTDH	0	ENCSR056HPM	1989	0.0	0.0			True
chr8	97045955	97046658	PTDSS1	0	ENCSR056HPM	1989	0.0	0.0			True
chr8	97053457	97054202	MTDH	0	ENCSR056HPM	1989	0.0	0.0			True
chr8	97053457	97054202	RPL30	0	ENCSR056HPM	1989	0.0	0.0			True
chr8	97207659	97208762	LAPTM4B	0	ENCSR056HPM	1989	0.0	0.0			True
chr8	97207659	97208762	MTDH	0	ENCSR056HPM	1989	0.0	0.0			True
chr8	97207659	97208762	PTDSS1	0	ENCSR056HPM	1989	0.0	0.0			True
chr8	97207659	97208762	RPL30	0	ENCSR056HPM	1989	0.0	0.0			True
chr8	97214000	97215639	MTDH	0	ENCSR056HPM	1989	0.0	0.0			True
chr8	97214000	97215639	PTDSS1	0	ENCSR056HPM	1989	0.0	0.0			True
chr8	97214000	97215639	RPL30	0	ENCSR056HPM	1989	0.0	0.0			True
chr8	97215642	97216411	PTDSS1	0	ENCSR056HPM	1989	0.0	0.0			True
chr8	97215642	97216411	RPL30	0	ENCSR056HPM	1989	0.0	0.0			True
chr8	97293738	97294155	LAPTM4B	0	ENCSR056HPM	1989	0.0	0.0			True
chr8	97293738	97294155	MTDH	0	ENCSR056HPM	1989	0.0	0.0			True
chr8	97293738	97294155	RPL30	0	ENCSR056HPM	1989	0.0	0.0			True
chr8	97325344	97325804	MTDH	0	ENCSR056HPM	1989	0.0	0.0			True
chr8	97325804	97326322	LAPTM4B	0	ENCSR056HPM	1989	0.0	0.0			True
chr8	97655247	97655461	RPL30	0	ENCSR056HPM	1989	0.0	0.0			True
chr8	97762799	97763104	RPL30	0	ENCSR056HPM	1989	0.0	0.0			True
chr8	97763612	97763946	MTDH	0	ENCSR056HPM	1989	0.0	0.0			True
chr8	97763612	97763946	RPL30	0	ENCSR056HPM	1989	0.0	0.0			True
chr8	97783591	97783687	MTDH	0	ENCSR056HPM	1989	0.0	0.0			True
chr8	97783591	97783687	RPL30	0	ENCSR056HPM	1989	0.0	0.0			True
chr8	97783753	97784368	MTDH	0	ENCSR056HPM	1989	0.0	0.0			True
chr8	97783753	97784368	RPL30	0	ENCSR056HPM	1989	0.0	0.0			True
chr8	97798618	97799167	RPL30	0	ENCSR056HPM	1989	0.0	0.0			True
chr8	97865717	97866013	MTDH	0	ENCSR056HPM	1989	0.0	0.0			True
chr8	97890795	97891270	MTDH	0	ENCSR056HPM	1989	0.0	0.0			True
chr8	97890795	97891270	RPL30	0	ENCSR056HPM	1989	0.0	0.0			True
chr8	97893300	97893499	MTDH	0	ENCSR056HPM	1989	0.0	0.0			True
chr8	97893300	97893499	RPL30	0	ENCSR056HPM	1989	0.0	0.0			True
chr8	98093145	98093675	MTDH	0	ENCSR056HPM	1989	0.0	0.0			True
chr8	98093145	98093675	RPL30	0	ENCSR056HPM	1989	0.0	0.0			True
chr8	98132385	98132830	MTDH	0	ENCSR056HPM	1989	0.0	0.0			True
chr8	98132385	98132830	RPL30	0	ENCSR056HPM	1989	0.0	0.0			True
chr8	98165829	98166323	MTDH	0	ENCSR056HPM	1989	0.0	0.0			True
chr8	98165829	98166323	RPL30	0	ENCSR056HPM	1989	0.0	0.0			True
chr8	98170046	98170332	LAPTM4B	0	ENCSR056HPM	1989	0.0	0.0			True
chr8	98170046	98170332	MTDH	0	ENCSR056HPM	1989	0.0	0.0			True
chr8	98170046	98170332	RPL30	0	ENCSR056HPM	1989	0.0	0.0			True
chr8	98179110	98179594	LAPTM4B	0	ENCSR056HPM	1989	0.0	0.0			True
chr8	98179110	98179594	MTDH	0	ENCSR056HPM	1989	0.0	0.0			True
chr8	98179110	98179594	RPL30	0	ENCSR056HPM	1989	0.0	0.0			True
chr8	98300477	98301112	MTDH	0	ENCSR056HPM	1989	0.0	0.0			True
chr8	98300477	98301112	RPL30	0	ENCSR056HPM	1989	0.0	0.0			True
chr8	98304673	98306993	MTDH	0	ENCSR056HPM	1989	0.0	0.0			True
chr8	98304673	98306993	RPL30	0	ENCSR056HPM	1989	0.0	0.0			True
chr8	98377782	98378007	MTDH	0	ENCSR056HPM	1989	0.0	0.0			True
chr8	98377782	98378007	RPL30	0	ENCSR056HPM	1989	0.0	0.0			True
chr8	98382054	98383459	LAPTM4B	0	ENCSR056HPM	1989	0.0	0.0			True
chr8	98382054	98383459	MTDH	0	ENCSR056HPM	1989	0.0	0.0			True
chr8	98382054	98383459	RPL30	0	ENCSR056HPM	1989	0.0	0.0			True
chr8	98454061	98454843	RPL30	0	ENCSR056HPM	1989	0.0	0.0			True
chr8	98540572	98541431	RPL30	0	ENCSR056HPM	1989	0.0	0.0			True
chr8	98605441	98606037	LAPTM4B	0	ENCSR056HPM	1989	0.0	0.0			True
chr8	98605441	98606037	MTDH	0	ENCSR056HPM	1989	0.0	0.0			True
chr8	98605441	98606037	RPL30	0	ENCSR056HPM	1989	0.0	0.0			True
chr8	98612764	98613320	MTDH	0	ENCSR056HPM	1989	0.0	0.0			True
chr8	98612764	98613320	RPL30	0	ENCSR056HPM	1989	0.0	0.0			True
chr8	98751301	98751378	RPL30	0	ENCSR056HPM	1989	0.0	0.0			True
chr8	98751380	98751491	RPL30	0	ENCSR056HPM	1989	0.0	0.0			True
chr8	98755534	98755887	RPL30	0	ENCSR056HPM	1989	0.0	0.0			True
chr8	98761904	98762182	RPL30	0	ENCSR056HPM	1989	0.0	0.0			True
chr8	98768474	98769227	RPL30	0	ENCSR056HPM	1989	0.0	0.0			True
chr8	98775329	98775916	RPL30	0	ENCSR056HPM	1989	0.0	0.0			True
chr8	98776103	98776239	RPL30	0	ENCSR056HPM	1989	0.0	0.0			True
chr8	98776474	98776840	RPL30	0	ENCSR056HPM	1989	0.0	0.0			True
chr8	98790942	98791147	RPL30	0	ENCSR056HPM	1989	0.0	0.0			True
chr8	98807574	98808451	RPL30	0	ENCSR056HPM	1989	0.0	0.0			True
chr8	98808491	98808883	RPL30	0	ENCSR056HPM	1989	0.0	0.0			True
chr8	98851007	98851646	RPL30	0	ENCSR056HPM	1989	0.0	0.0			True
chr8	98853262	98854026	RPL30	0	ENCSR056HPM	1989	0.0	0.0			True
chr8	98888812	98889784	RPL30	0	ENCSR056HPM	1989	0.0	0.0			True
chr8	98910586	98911185	RPL30	0	ENCSR056HPM	1989	0.0	0.0			True
chr8	98931413	98931791	RPL30	0	ENCSR056HPM	1989	0.0	0.0			True
chr8	99034282	99034889	RPL30	0	ENCSR056HPM	1989	0.0	0.0			True
chr8	99635962	99636201	POLR2K	0	ENCSR056HPM	1989	0.0	0.0			True
chr8	99637309	99637769	POLR2K	0	ENCSR056HPM	1989	0.0	0.0			True
chr8	99682406	99682767	POLR2K	0	ENCSR056HPM	1989	0.0	0.0			True
chr8	99682770	99682881	POLR2K	0	ENCSR056HPM	1989	0.0	0.0			True
chr8	99682895	99683039	POLR2K	0	ENCSR056HPM	1989	0.0	0.0			True
chr8	99686109	99686386	POLR2K	0	ENCSR056HPM	1989	0.0	0.0			True
chr8	99770135	99770918	POLR2K	0	ENCSR056HPM	1989	0.0	0.0			True
chr8	99837529	99837759	POLR2K	0	ENCSR056HPM	1989	0.0	0.0			True
chr8	99859655	99860435	POLR2K	0	ENCSR056HPM	1989	0.0	0.0			True
chr8	100238192	100238718	YWHAZ	0	ENCSR056HPM	1989	0.0	0.0			True
chr8	100238192	100238718	ZNF706	0	ENCSR056HPM	1989	0.0	0.0			True
chr8	100242945	100243312	POLR2K	0	ENCSR056HPM	1989	0.0	0.0			True
chr8	100242945	100243312	YWHAZ	0	ENCSR056HPM	1989	0.0	0.0			True
chr8	100242945	100243312	ZNF706	0	ENCSR056HPM	1989	0.0	0.0			True
chr8	100373086	100373296	YWHAZ	0	ENCSR056HPM	1989	0.0	0.0			True
chr8	100395272	100395928	POLR2K	0	ENCSR056HPM	1989	0.0	0.0			True
chr8	100395272	100395928	YWHAZ	0	ENCSR056HPM	1989	0.0	0.0			True
chr8	100398298	100398569	POLR2K	0	ENCSR056HPM	1989	0.0	0.0			True
chr8	100398298	100398569	YWHAZ	0	ENCSR056HPM	1989	0.0	0.0			True
chr8	100398573	100398832	POLR2K	0	ENCSR056HPM	1989	0.0	0.0			True
chr8	100398573	100398832	YWHAZ	0	ENCSR056HPM	1989	0.0	0.0			True
chr8	100398573	100398832	ZNF706	0	ENCSR056HPM	1989	0.0	0.0			True
chr8	100409709	100409969	YWHAZ	0	ENCSR056HPM	1989	0.0	0.0			True
chr8	100409709	100409969	ZNF706	0	ENCSR056HPM	1989	0.0	0.0			True
chr8	100410131	100410263	ZNF706	0	ENCSR056HPM	1989	0.0	0.0			True
chr8	100410507	100410868	ZNF706	0	ENCSR056HPM	1989	0.0	0.0			True
chr8	100415516	100416528	ZNF706	0	ENCSR056HPM	1989	0.0	0.0			True
chr8	100419152	100419545	ZNF706	0	ENCSR056HPM	1989	0.0	0.0			True
chr8	100438072	100438504	YWHAZ	0	ENCSR056HPM	1989	0.0	0.0			True
chr8	100458674	100459019	ZNF706	0	ENCSR056HPM	1989	0.0	0.0			True
chr8	100463365	100464044	YWHAZ	0	ENCSR056HPM	1989	0.0	0.0			True
chr8	100463365	100464044	ZNF706	0	ENCSR056HPM	1989	0.0	0.0			True
chr8	100471901	100472670	YWHAZ	0	ENCSR056HPM	1989	0.0	0.0			True
chr8	100499221	100499700	POLR2K	0	ENCSR056HPM	1989	0.0	0.0			True
chr8	100499221	100499700	YWHAZ	0	ENCSR056HPM	1989	0.0	0.0			True
chr8	100499221	100499700	ZNF706	0	ENCSR056HPM	1989	0.0	0.0			True
chr8	100500106	100500492	POLR2K	0	ENCSR056HPM	1989	0.0	0.0			True
chr8	100500106	100500492	YWHAZ	0	ENCSR056HPM	1989	0.0	0.0			True
chr8	100500106	100500492	ZNF706	0	ENCSR056HPM	1989	0.0	0.0			True
chr8	100501567	100502011	POLR2K	0	ENCSR056HPM	1989	0.0	0.0			True
chr8	100501567	100502011	YWHAZ	0	ENCSR056HPM	1989	0.0	0.0			True
chr8	100501567	100502011	ZNF706	0	ENCSR056HPM	1989	0.0	0.0			True
chr8	100680901	100681197	ZNF706	0	ENCSR056HPM	1989	0.0	0.0			True
chr8	100754230	100754394	YWHAZ	0	ENCSR056HPM	1989	0.0	0.0			True
chr8	100761704	100762052	YWHAZ	0	ENCSR056HPM	1989	0.0	0.0			True
chr8	100763868	100764487	ZNF706	0	ENCSR056HPM	1989	0.0	0.0			True
chr8	100847117	100847841	POLR2K	0	ENCSR056HPM	1989	0.0	0.0			True
chr8	100868484	100868705	POLR2K	0	ENCSR056HPM	1989	0.0	0.0			True
chr8	100883878	100884222	POLR2K	0	ENCSR056HPM	1989	0.0	0.0			True
chr8	100900342	100900805	POLR2K	0	ENCSR056HPM	1989	0.0	0.0			True
chr8	100900342	100900805	RNF19A	0	ENCSR056HPM	1989	0.0	0.0			True
chr8	100900342	100900805	ZNF706	0	ENCSR056HPM	1989	0.0	0.0			True
chr8	100985717	100986907	POLR2K	0	ENCSR056HPM	1989	0.0	0.0			True
chr8	100985717	100986907	ZNF706	0	ENCSR056HPM	1989	0.0	0.0			True
chr8	101009824	101010085	POLR2K	0	ENCSR056HPM	1989	0.0	0.0			True
chr8	101009824	101010085	ZNF706	0	ENCSR056HPM	1989	0.0	0.0			True
chr8	101026163	101026605	POLR2K	0	ENCSR056HPM	1989	0.0	0.0			True
chr8	101027359	101027697	POLR2K	0	ENCSR056HPM	1989	0.0	0.0			True
chr8	101036935	101037450	ZNF706	0	ENCSR056HPM	1989	0.0	0.0			True
chr8	101048600	101049180	POLR2K	0	ENCSR056HPM	1989	0.0	0.0			True
chr8	101048600	101049180	YWHAZ	0	ENCSR056HPM	1989	0.0	0.0			True
chr8	101080370	101081174	POLR2K	0	ENCSR056HPM	1989	0.0	0.0			True
chr8	101090859	101091353	POLR2K	0	ENCSR056HPM	1989	0.0	0.0			True
chr8	101090859	101091353	YWHAZ	0	ENCSR056HPM	1989	0.0	0.0			True
chr8	101097776	101098095	POLR2K	0	ENCSR056HPM	1989	0.0	0.0			True
chr8	101098529	101098879	POLR2K	0	ENCSR056HPM	1989	0.0	0.0			True
chr8	101109486	101109834	POLR2K	0	ENCSR056HPM	1989	0.0	0.0			True
chr8	101117931	101118073	POLR2K	0	ENCSR056HPM	1989	0.0	0.0			True
chr8	101117931	101118073	ZNF706	0	ENCSR056HPM	1989	0.0	0.0			True
chr8	101222405	101223342	YWHAZ	0	ENCSR056HPM	1989	0.0	0.0			True
chr8	101245377	101245860	YWHAZ	0	ENCSR056HPM	1989	0.0	0.0			True
chr8	101245377	101245860	ZNF706	0	ENCSR056HPM	1989	0.0	0.0			True
chr8	101332915	101333286	YWHAZ	0	ENCSR056HPM	1989	0.0	0.0			True
chr8	101332915	101333286	ZNF706	0	ENCSR056HPM	1989	0.0	0.0			True
chr8	101373870	101374527	YWHAZ	0	ENCSR056HPM	1989	0.0	0.0			True
chr8	101373870	101374527	ZNF706	0	ENCSR056HPM	1989	0.0	0.0			True
chr8	101375874	101376802	ZNF706	0	ENCSR056HPM	1989	0.0	0.0			True
chr8	101759841	101760659	YWHAZ	0	ENCSR056HPM	1989	0.0	0.0			True
chr8	101902242	101903034	AZIN1	0	ENCSR056HPM	1989	0.0	0.0			True
chr8	101902242	101903034	YWHAZ	0	ENCSR056HPM	1989	0.0	0.0			True
chr8	101902242	101903034	ZNF706	0	ENCSR056HPM	1989	0.0	0.0			True
chr8	101947790	101948495	AZIN1	0	ENCSR056HPM	1989	0.0	0.0			True
chr8	101947790	101948495	YWHAZ	0	ENCSR056HPM	1989	0.0	0.0			True
chr8	102007578	102007984	AZIN1	0	ENCSR056HPM	1989	0.0	0.0			True
chr8	102007578	102007984	ZNF706	0	ENCSR056HPM	1989	0.0	0.0			True
chr8	102009717	102010299	AZIN1	0	ENCSR056HPM	1989	0.0	0.0			True
chr8	102011313	102011437	AZIN1	0	ENCSR056HPM	1989	0.0	0.0			True
chr8	102011313	102011437	ZNF706	0	ENCSR056HPM	1989	0.0	0.0			True
chr8	102067792	102068241	AZIN1	0	ENCSR056HPM	1989	0.0	0.0			True
chr8	102067792	102068241	ZNF706	0	ENCSR056HPM	1989	0.0	0.0			True
chr8	102380913	102381177	ATP6V1C1	0	ENCSR056HPM	1989	0.0	0.0			True
chr8	102381181	102381419	AZIN1	0	ENCSR056HPM	1989	0.0	0.0			True
chr8	102381428	102381724	AZIN1	0	ENCSR056HPM	1989	0.0	0.0			True
chr8	102443891	102444580	AZIN1	0	ENCSR056HPM	1989	0.0	0.0			True
chr8	102537503	102537809	SLC25A32	0	ENCSR056HPM	1989	0.0	0.0			True
chr8	102541069	102541205	AZIN1	0	ENCSR056HPM	1989	0.0	0.0			True
chr8	102541217	102542107	AZIN1	0	ENCSR056HPM	1989	0.0	0.0			True
chr8	102553691	102554174	AZIN1	0	ENCSR056HPM	1989	0.0	0.0			True
chr8	102579106	102579452	AZIN1	0	ENCSR056HPM	1989	0.0	0.0			True
chr8	102584159	102584361	AZIN1	0	ENCSR056HPM	1989	0.0	0.0			True
chr8	102584404	102584989	AZIN1	0	ENCSR056HPM	1989	0.0	0.0			True
chr8	102584993	102586256	AZIN1	0	ENCSR056HPM	1989	0.0	0.0			True
chr8	102589609	102591751	AZIN1	0	ENCSR056HPM	1989	0.0	0.0			True
chr8	102598672	102599048	ATP6V1C1	0	ENCSR056HPM	1989	0.0	0.0			True
chr8	102598672	102599048	AZIN1	0	ENCSR056HPM	1989	0.0	0.0			True
chr8	102600830	102601871	ATP6V1C1	0	ENCSR056HPM	1989	0.0	0.0			True
chr8	102600830	102601871	AZIN1	0	ENCSR056HPM	1989	0.0	0.0			True
chr8	102603513	102603663	AZIN1	0	ENCSR056HPM	1989	0.0	0.0			True
chr8	102614168	102614247	AZIN1	0	ENCSR056HPM	1989	0.0	0.0			True
chr8	102614270	102614361	AZIN1	0	ENCSR056HPM	1989	0.0	0.0			True
chr8	102627424	102627489	ATP6V1C1	0	ENCSR056HPM	1989	0.0	0.0			True
chr8	102627424	102627489	AZIN1	0	ENCSR056HPM	1989	0.0	0.0			True
chr8	102628494	102628722	AZIN1	0	ENCSR056HPM	1989	0.0	0.0			True
chr8	102667600	102667802	AZIN1	0	ENCSR056HPM	1989	0.0	0.0			True
chr8	102685695	102686357	ATP6V1C1	0	ENCSR056HPM	1989	0.0	0.0			True
chr8	102685695	102686357	AZIN1	0	ENCSR056HPM	1989	0.0	0.0			True
chr8	102701977	102702250	ATP6V1C1	0	ENCSR056HPM	1989	0.0	0.0			True
chr8	102701977	102702250	AZIN1	0	ENCSR056HPM	1989	0.0	0.0			True
chr8	102738663	102738854	AZIN1	0	ENCSR056HPM	1989	0.0	0.0			True
chr8	102745362	102745769	ATP6V1C1	0	ENCSR056HPM	1989	0.0	0.0			True
chr8	102745362	102745769	AZIN1	0	ENCSR056HPM	1989	0.0	0.0			True
chr8	102746812	102747223	AZIN1	0	ENCSR056HPM	1989	0.0	0.0			True
chr8	102788927	102790018	ATP6V1C1	0	ENCSR056HPM	1989	0.0	0.0			True
chr8	102788927	102790018	AZIN1	0	ENCSR056HPM	1989	0.0	0.0			True
chr8	102813658	102814258	ATP6V1C1	0	ENCSR056HPM	1989	0.0	0.0			True
chr8	109065783	109066120	ENY2	0	ENCSR056HPM	1989	0.0	0.0			True
chr8	109133698	109133843	ENY2	0	ENCSR056HPM	1989	0.0	0.0			True
chr8	109362905	109363498	ENY2	0	ENCSR056HPM	1989	0.4089013272345226	0.0002076993405353278	0.0005079348920844495	8.9835786819458	False
chr8	109366216	109366605	EIF3E	0	ENCSR056HPM	1989	0.0	0.0			True
chr8	109411565	109412454	ENY2	0	ENCSR056HPM	1989	0.0	0.0			True
chr8	109450723	109451356	ENY2	0	ENCSR056HPM	1989	0.0	0.0			True
chr8	109520993	109521228	ENY2	0	ENCSR056HPM	1989	0.0	0.0			True
chr8	109546372	109546620	ENY2	0	ENCSR056HPM	1989	0.0	0.0			True
chr8	115774095	115774382	EIF3H	0	ENCSR056HPM	1989	0.0	0.0			True
chr8	115774557	115775164	EIF3H	0	ENCSR056HPM	1989	0.0	0.0			True
chr8	115778303	115778563	EIF3H	0	ENCSR056HPM	1989	0.0	0.0			True
chr8	116366299	116366543	EIF3H	0	ENCSR056HPM	1989	0.0	0.0			True
chr8	116444535	116444765	EIF3H	0	ENCSR056HPM	1989	0.0	0.0			True
chr8	116528462	116528603	EIF3H	0	ENCSR056HPM	1989	0.0	0.0			True
chr8	116544988	116545435	EIF3H	0	ENCSR056HPM	1989	0.0	0.0			True
chr8	116627817	116628191	EIF3H	0	ENCSR056HPM	1989	0.0	0.0			True
chr8	116730126	116730396	RAD21	0	ENCSR056HPM	1989	0.0	0.0			True
chr8	122638864	122639380	DERL1	0	ENCSR056HPM	1989	0.0	0.0			True
chr8	122683252	122683718	ZHX1	0	ENCSR056HPM	1989	0.0	0.0			True
chr8	122921411	122921509	ZHX1	0	ENCSR056HPM	1989	0.0	0.0			True
chr8	123014836	123015351	ZHX1	0	ENCSR056HPM	1989	0.0	0.0			True
chr8	123057792	123058060	ZHX1	0	ENCSR056HPM	1989	0.0	0.0			True
chr8	123060893	123061164	DERL1	0	ENCSR056HPM	1989	0.4003490957877836	0.0001464793604100123	0.0003658690839074552	9.336928367614746	False
chr8	123060893	123061164	ZHX1	0	ENCSR056HPM	1989	0.0	0.0			True
chr8	123065470	123066085	ZHX1	0	ENCSR056HPM	1989	0.0	0.0			True
chr8	123149022	123149416	ZHX1	0	ENCSR056HPM	1989	0.0	0.0			True
chr8	123171804	123172060	ZHX1	0	ENCSR056HPM	1989	0.0	0.0			True
chr8	123198179	123198436	ZHX1	0	ENCSR056HPM	1989	0.0	0.0			True
chr8	123286299	123286494	ZHX1	0	ENCSR056HPM	1989	0.5230885043241871	0.0002652655530255288	0.0005071040941402316	7.681154251098633	False
chr8	123446478	123447157	ZHX1	0	ENCSR056HPM	1989	0.0	0.0			True
chr8	123450816	123451413	TRMT12	0	ENCSR056HPM	1989	0.0	0.0			True
chr8	123450816	123451413	ZHX1	0	ENCSR056HPM	1989	0.0	0.0			True
chr8	123589318	123589600	NDUFB9	0	ENCSR056HPM	1989	0.0	0.0			True
chr8	123592506	123592735	NDUFB9	0	ENCSR056HPM	1989	0.0	0.0			True
chr8	123592506	123592735	ZHX1	0	ENCSR056HPM	1989	0.0	0.0			True
chr8	123606397	123606639	NDUFB9	0	ENCSR056HPM	1989	0.0	0.0			True
chr8	123616425	123616516	NDUFB9	0	ENCSR056HPM	1989	0.0	0.0			True
chr8	123616425	123616516	RNF139	0	ENCSR056HPM	1989	0.0	0.0			True
chr8	123616425	123616516	ZHX1	0	ENCSR056HPM	1989	0.0	0.0			True
chr8	123622859	123623014	NDUFB9	0	ENCSR056HPM	1989	0.0	0.0			True
chr8	123622859	123623014	RNF139	0	ENCSR056HPM	1989	0.0	0.0			True
chr8	123630310	123630825	NDUFB9	0	ENCSR056HPM	1989	0.0	0.0			True
chr8	123630310	123630825	RNF139	0	ENCSR056HPM	1989	0.0	0.0			True
chr8	123630310	123630825	ZHX1	0	ENCSR056HPM	1989	0.0	0.0			True
chr8	123760676	123761206	NDUFB9	0	ENCSR056HPM	1989	0.0	0.0			True
chr8	123766149	123766605	NDUFB9	0	ENCSR056HPM	1989	0.0	0.0			True
chr8	123766149	123766605	RNF139	0	ENCSR056HPM	1989	0.0	0.0			True
chr8	123858353	123858875	NDUFB9	0	ENCSR056HPM	1989	0.0	0.0			True
chr8	123858353	123858875	ZHX1	0	ENCSR056HPM	1989	0.0	0.0			True
chr8	123877778	123878964	NDUFB9	0	ENCSR056HPM	1989	0.0	0.0			True
chr8	123921922	123922774	NDUFB9	0	ENCSR056HPM	1989	0.0	0.0			True
chr8	123921922	123922774	RNF139	0	ENCSR056HPM	1989	0.0	0.0			True
chr8	123921922	123922774	ZHX1	0	ENCSR056HPM	1989	0.0	0.0			True
chr8	123923016	123923228	NDUFB9	0	ENCSR056HPM	1989	0.0	0.0			True
chr8	123936483	123936894	NDUFB9	0	ENCSR056HPM	1989	0.0	0.0			True
chr8	123962107	123962701	NDUFB9	0	ENCSR056HPM	1989	0.0	0.0			True
chr8	123962107	123962701	ZHX1	0	ENCSR056HPM	1989	0.0	0.0			True
chr8	123985295	123985365	NDUFB9	0	ENCSR056HPM	1989	0.0	0.0			True
chr8	123985295	123985365	RNF139	0	ENCSR056HPM	1989	0.0	0.0			True
chr8	123985295	123985365	ZHX1	0	ENCSR056HPM	1989	0.0	0.0			True
chr8	124006559	124007997	NDUFB9	0	ENCSR056HPM	1989	0.0	0.0			True
chr8	124012173	124012442	NDUFB9	0	ENCSR056HPM	1989	0.0	0.0			True
chr8	124012173	124012442	RNF139	0	ENCSR056HPM	1989	0.0	0.0			True
chr8	124012173	124012442	SQLE	0	ENCSR056HPM	1989	0.0	0.0			True
chr8	124012173	124012442	ZHX1	0	ENCSR056HPM	1989	0.0	0.0			True
chr8	124015052	124015422	NDUFB9	0	ENCSR056HPM	1989	0.0	0.0			True
chr8	124015052	124015422	ZHX1	0	ENCSR056HPM	1989	0.0	0.0			True
chr8	124031544	124031866	NDUFB9	0	ENCSR056HPM	1989	0.0	0.0			True
chr8	124031544	124031866	RNF139	0	ENCSR056HPM	1989	0.0	0.0			True
chr8	124036103	124036222	NDUFB9	0	ENCSR056HPM	1989	0.0	0.0			True
chr8	124036103	124036222	ZHX1	0	ENCSR056HPM	1989	0.0	0.0			True
chr8	124037753	124038225	NDUFB9	0	ENCSR056HPM	1989	0.0	0.0			True
chr8	124071666	124072453	NDUFB9	0	ENCSR056HPM	1989	0.0	0.0			True
chr8	124071666	124072453	ZHX1	0	ENCSR056HPM	1989	0.0	0.0			True
chr8	124109039	124109236	NDUFB9	0	ENCSR056HPM	1989	0.0	0.0			True
chr8	124109238	124109566	NDUFB9	0	ENCSR056HPM	1989	0.0	0.0			True
chr8	124162559	124162955	NDUFB9	0	ENCSR056HPM	1989	0.0	0.0			True
chr8	124194693	124194895	NDUFB9	0	ENCSR056HPM	1989	0.0	0.0			True
chr8	124194693	124194895	ZHX1	0	ENCSR056HPM	1989	0.0	0.0			True
chr8	124195914	124196626	NDUFB9	0	ENCSR056HPM	1989	0.0	0.0			True
chr8	124197721	124198489	NDUFB9	0	ENCSR056HPM	1989	0.0	0.0			True
chr8	124199472	124199658	NDUFB9	0	ENCSR056HPM	1989	0.0	0.0			True
chr8	124199472	124199658	NSMCE2	0	ENCSR056HPM	1989	0.0	0.0			True
chr8	124199472	124199658	ZHX1	0	ENCSR056HPM	1989	0.0	0.0			True
chr8	124199819	124200404	NDUFB9	0	ENCSR056HPM	1989	0.0	0.0			True
chr8	124199819	124200404	ZHX1	0	ENCSR056HPM	1989	0.0	0.0			True
chr8	124228336	124229349	NDUFB9	0	ENCSR056HPM	1989	0.0	0.0			True
chr8	124228336	124229349	ZHX1	0	ENCSR056HPM	1989	0.0	0.0			True
chr8	124280348	124280605	NDUFB9	0	ENCSR056HPM	1989	0.0	0.0			True
chr8	124287967	124288402	NDUFB9	0	ENCSR056HPM	1989	0.0	0.0			True
chr8	124287967	124288402	NSMCE2	0	ENCSR056HPM	1989	0.0	0.0			True
chr8	124290990	124291491	NDUFB9	0	ENCSR056HPM	1989	0.0	0.0			True
chr8	124290990	124291491	SQLE	0	ENCSR056HPM	1989	0.0	0.0			True
chr8	124307723	124308411	NDUFB9	0	ENCSR056HPM	1989	0.0	0.0			True
chr8	124380484	124380571	NDUFB9	0	ENCSR056HPM	1989	0.0	0.0			True
chr8	124425826	124426357	NDUFB9	0	ENCSR056HPM	1989	0.0	0.0			True
chr8	124425826	124426357	NSMCE2	0	ENCSR056HPM	1989	0.0	0.0			True
chr8	124425826	124426357	SQLE	0	ENCSR056HPM	1989	0.0	0.0			True
chr8	124440427	124440951	NDUFB9	0	ENCSR056HPM	1989	0.0	0.0			True
chr8	124440427	124440951	RNF139	0	ENCSR056HPM	1989	0.0	0.0			True
chr8	124465700	124465990	NDUFB9	0	ENCSR056HPM	1989	0.0	0.0			True
chr8	124465700	124465990	RNF139	0	ENCSR056HPM	1989	0.5275819382679371	0.00024249865964520723	0.00045963170123286545	9.515495300292969	False
chr8	124527176	124527667	NDUFB9	0	ENCSR056HPM	1989	1.1410126222983754	0.0003353996144142002	0.0002939390833489597	9.058450698852539	False
chr8	124530505	124530795	NDUFB9	0	ENCSR056HPM	1989	0.25449418708365285	7.480833301087841e-05	0.0002939390833489597	9.058450698852539	False
chr8	124530505	124530795	NSMCE2	0	ENCSR056HPM	1989	0.0	0.0			True
chr8	124530505	124530795	SQLE	0	ENCSR056HPM	1989	0.0	0.0			True
chr8	124530505	124530795	TRMT12	0	ENCSR056HPM	1989	0.0	0.0			True
chr8	124574287	124575062	RNF139	0	ENCSR056HPM	1989	0.0	0.0			True
chr8	124583141	124583764	RNF139	0	ENCSR056HPM	1989	0.0	0.0			True
chr8	124583141	124583764	SQLE	0	ENCSR056HPM	1989	0.0	0.0			True
chr8	124583789	124584022	SQLE	0	ENCSR056HPM	1989	0.0	0.0			True
chr8	124610229	124610637	NDUFB9	0	ENCSR056HPM	1989	0.0	0.0			True
chr8	124620991	124621262	NDUFB9	0	ENCSR056HPM	1989	0.0	0.0			True
chr8	124626550	124627024	NDUFB9	0	ENCSR056HPM	1989	0.0	0.0			True
chr8	124628148	124628501	NDUFB9	0	ENCSR056HPM	1989	0.0	0.0			True
chr8	124628148	124628501	RNF139	0	ENCSR056HPM	1989	0.0	0.0			True
chr8	124629522	124630171	NDUFB9	0	ENCSR056HPM	1989	0.0	0.0			True
chr8	124630227	124630285	NDUFB9	0	ENCSR056HPM	1989	0.0	0.0			True
chr8	124630227	124630285	NSMCE2	0	ENCSR056HPM	1989	0.0	0.0			True
chr8	124630227	124630285	RNF139	0	ENCSR056HPM	1989	0.0	0.0			True
chr8	124630301	124630652	NSMCE2	0	ENCSR056HPM	1989	0.0	0.0			True
chr8	124635310	124635815	NDUFB9	0	ENCSR056HPM	1989	0.0	0.0			True
chr8	124635310	124635815	NSMCE2	0	ENCSR056HPM	1989	0.0	0.0			True
chr8	124637449	124637892	NSMCE2	1	ENCSR056HPM	1989	0.0	0.0			True
chr8	124649001	124649543	NDUFB9	0	ENCSR056HPM	1989	0.0	0.0			True
chr8	124649599	124649959	NDUFB9	0	ENCSR056HPM	1989	0.0	0.0			True
chr8	124651086	124651884	NDUFB9	0	ENCSR056HPM	1989	0.0	0.0			True
chr8	124655279	124655889	NDUFB9	0	ENCSR056HPM	1989	0.0	0.0			True
chr8	124660032	124660796	NDUFB9	0	ENCSR056HPM	1989	0.0	0.0			True
chr8	124666049	124666304	NDUFB9	0	ENCSR056HPM	1989	0.0	0.0			True
chr8	124684412	124685038	NDUFB9	0	ENCSR056HPM	1989	0.0	0.0			True
chr8	124687629	124688169	NSMCE2	0	ENCSR056HPM	1989	0.0	0.0			True
chr8	124687629	124688169	RNF139	0	ENCSR056HPM	1989	0.0	0.0			True
chr8	124720542	124721057	NDUFB9	0	ENCSR056HPM	1989	0.0	0.0			True
chr8	124731205	124731540	NDUFB9	0	ENCSR056HPM	1989	0.0	0.0			True
chr8	124731205	124731540	NSMCE2	0	ENCSR056HPM	1989	0.0	0.0			True
chr8	124731205	124731540	RNF139	0	ENCSR056HPM	1989	0.0	0.0			True
chr8	124735760	124736511	RNF139	0	ENCSR056HPM	1989	0.0	0.0			True
chr8	124748985	124749623	NDUFB9	0	ENCSR056HPM	1989	0.0	0.0			True
chr8	124748985	124749623	SQLE	0	ENCSR056HPM	1989	0.0	0.0			True
chr8	124751703	124752225	NDUFB9	0	ENCSR056HPM	1989	0.0	0.0			True
chr8	124772015	124772482	NDUFB9	0	ENCSR056HPM	1989	0.0	0.0			True
chr8	124782673	124783214	NDUFB9	0	ENCSR056HPM	1989	0.0	0.0			True
chr8	124803979	124804202	NDUFB9	0	ENCSR056HPM	1989	0.0	0.0			True
chr8	124803979	124804202	RNF139	0	ENCSR056HPM	1989	0.0	0.0			True
chr8	124808563	124808924	NDUFB9	0	ENCSR056HPM	1989	0.0	0.0			True
chr8	124817157	124817362	NDUFB9	0	ENCSR056HPM	1989	0.0	0.0			True
chr8	124842663	124843294	NDUFB9	0	ENCSR056HPM	1989	0.0	0.0			True
chr8	124853700	124854116	NDUFB9	0	ENCSR056HPM	1989	0.0	0.0			True
chr8	124853700	124854116	NSMCE2	0	ENCSR056HPM	1989	0.0	0.0			True
chr8	124853700	124854116	RNF139	0	ENCSR056HPM	1989	0.0	0.0			True
chr8	124866502	124866934	NDUFB9	0	ENCSR056HPM	1989	0.0	0.0			True
chr8	124887829	124889105	RNF139	0	ENCSR056HPM	1989	0.0	0.0			True
chr8	124895454	124897384	NDUFB9	0	ENCSR056HPM	1989	0.0	0.0			True
chr8	124897521	124897597	NDUFB9	0	ENCSR056HPM	1989	0.0	0.0			True
chr8	124897598	124897808	NSMCE2	0	ENCSR056HPM	1989	0.0	0.0			True
chr8	124916128	124916779	NDUFB9	0	ENCSR056HPM	1989	0.0	0.0			True
chr8	124921324	124921799	NSMCE2	0	ENCSR056HPM	1989	0.0	0.0			True
chr8	124921324	124921799	RNF139	0	ENCSR056HPM	1989	0.0	0.0			True
chr8	124967087	124967359	NDUFB9	0	ENCSR056HPM	1989	0.0	0.0			True
chr8	124967087	124967359	NSMCE2	0	ENCSR056HPM	1989	0.0	0.0			True
chr8	124967087	124967359	RNF139	0	ENCSR056HPM	1989	0.0	0.0			True
chr8	124968117	124968497	NDUFB9	0	ENCSR056HPM	1989	0.0	0.0			True
chr8	124968117	124968497	NSMCE2	0	ENCSR056HPM	1989	0.0	0.0			True
chr8	125110844	125111178	NDUFB9	0	ENCSR056HPM	1989	0.0	0.0			True
chr8	125110844	125111178	RNF139	0	ENCSR056HPM	1989	0.0	0.0			True
chr8	125110844	125111178	TRMT12	0	ENCSR056HPM	1989	0.0	0.0			True
chr8	125163276	125163911	NDUFB9	0	ENCSR056HPM	1989	0.0	0.0			True
chr8	125175391	125175700	RNF139	0	ENCSR056HPM	1989	0.0	0.0			True
chr8	125180875	125181389	NDUFB9	0	ENCSR056HPM	1989	0.0	0.0			True
chr8	125191408	125192312	NDUFB9	0	ENCSR056HPM	1989	0.0	0.0			True
chr8	125192530	125193007	NDUFB9	0	ENCSR056HPM	1989	0.0	0.0			True
chr8	125219252	125219690	NDUFB9	0	ENCSR056HPM	1989	0.0	0.0			True
chr8	125219867	125220231	NDUFB9	0	ENCSR056HPM	1989	0.0	0.0			True
chr8	125228587	125229293	NDUFB9	0	ENCSR056HPM	1989	0.0	0.0			True
chr8	125258608	125258823	NDUFB9	0	ENCSR056HPM	1989	0.0	0.0			True
chr8	125260024	125260365	NDUFB9	0	ENCSR056HPM	1989	0.0	0.0			True
chr8	125260024	125260365	RNF139	0	ENCSR056HPM	1989	0.0	0.0			True
chr8	125271321	125271787	NDUFB9	0	ENCSR056HPM	1989	0.0	0.0			True
chr8	125273975	125274194	NDUFB9	0	ENCSR056HPM	1989	0.0	0.0			True
chr8	125278475	125278706	NDUFB9	0	ENCSR056HPM	1989	0.0	0.0			True
chr8	125279102	125279463	NDUFB9	0	ENCSR056HPM	1989	0.0	0.0			True
chr8	125289417	125289626	NDUFB9	0	ENCSR056HPM	1989	0.0	0.0			True
chr8	125294791	125295040	NDUFB9	0	ENCSR056HPM	1989	0.0	0.0			True
chr8	125307166	125307752	NDUFB9	0	ENCSR056HPM	1989	0.0	0.0			True
chr8	125312566	125313039	NDUFB9	0	ENCSR056HPM	1989	0.0	0.0			True
chr8	125333884	125334839	NDUFB9	0	ENCSR056HPM	1989	0.0	0.0			True
chr8	125333884	125334839	RNF139	0	ENCSR056HPM	1989	0.0	0.0			True
chr8	125342264	125342586	NDUFB9	0	ENCSR056HPM	1989	0.0	0.0			True
chr8	125352943	125353219	NDUFB9	0	ENCSR056HPM	1989	0.0	0.0			True
chr8	125357340	125357756	NDUFB9	0	ENCSR056HPM	1989	0.0	0.0			True
chr8	125357340	125357756	RNF139	0	ENCSR056HPM	1989	0.0	0.0			True
chr8	125360011	125360320	NDUFB9	0	ENCSR056HPM	1989	0.0	0.0			True
chr8	125382534	125383180	NDUFB9	0	ENCSR056HPM	1989	0.0	0.0			True
chr8	125422830	125423012	NDUFB9	0	ENCSR056HPM	1989	0.0	0.0			True
chr8	125445132	125445374	NDUFB9	0	ENCSR056HPM	1989	0.0	0.0			True
chr8	125445132	125445374	RNF139	0	ENCSR056HPM	1989	0.0	0.0			True
chr8	125445132	125445374	SQLE	0	ENCSR056HPM	1989	0.0	0.0			True
chr8	125446786	125447524	NDUFB9	0	ENCSR056HPM	1989	0.0	0.0			True
chr8	125528738	125529164	NDUFB9	0	ENCSR056HPM	1989	0.0	0.0			True
chr8	125544507	125545059	NSMCE2	0	ENCSR056HPM	1989	0.0	0.0			True
chr8	125664274	125664878	NSMCE2	0	ENCSR056HPM	1989	0.0	0.0			True
chr8	125694248	125694539	NSMCE2	0	ENCSR056HPM	1989	0.0	0.0			True
chr8	125971910	125972281	NSMCE2	0	ENCSR056HPM	1989	0.0	0.0			True
